system,label,step,restricted_error_mha
n2_ccpvdz,N$_2$/cc-pVDZ,1,71.97649952064467
n2_ccpvdz,N$_2$/cc-pVDZ,10,69.5430262095158
n2_ccpvdz,N$_2$/cc-pVDZ,20,68.22883567019744
n2_ccpvdz,N$_2$/cc-pVDZ,30,67.26519880076864
n2_ccpvdz,N$_2$/cc-pVDZ,40,66.97605991379874
n2_ccpvdz,N$_2$/cc-pVDZ,50,66.22193317224401
n2_ccpvdz,N$_2$/cc-pVDZ,60,66.02520127638911
n2_ccpvdz,N$_2$/cc-pVDZ,70,65.40385488084155
n2_ccpvdz,N$_2$/cc-pVDZ,80,65.8434789640836
n2_ccpvdz,N$_2$/cc-pVDZ,90,65.31650912206999
n2_ccpvdz,N$_2$/cc-pVDZ,100,64.6967154593483
n2_ccpvdz,N$_2$/cc-pVDZ,110,66.86226194396738
n2_ccpvdz,N$_2$/cc-pVDZ,120,66.92616328705014
n2_ccpvdz,N$_2$/cc-pVDZ,130,65.57010738340807
n2_ccpvdz,N$_2$/cc-pVDZ,140,63.98218252242316
n2_ccpvdz,N$_2$/cc-pVDZ,150,67.06808144815568
n2_ccpvdz,N$_2$/cc-pVDZ,160,64.86604490855541
n2_ccpvdz,N$_2$/cc-pVDZ,170,63.348371258356906
n2_ccpvdz,N$_2$/cc-pVDZ,180,62.80470028472962
n2_ccpvdz,N$_2$/cc-pVDZ,190,62.762887187517435
n2_ccpvdz,N$_2$/cc-pVDZ,200,62.637903815343066
n2_ccpvdz,N$_2$/cc-pVDZ,210,63.91248212220546
n2_ccpvdz,N$_2$/cc-pVDZ,220,62.849111997422824
n2_ccpvdz,N$_2$/cc-pVDZ,230,61.75454045930451
n2_ccpvdz,N$_2$/cc-pVDZ,240,63.21302936217421
n2_ccpvdz,N$_2$/cc-pVDZ,250,62.56952913783209
n2_ccpvdz,N$_2$/cc-pVDZ,260,62.32487600566117
n2_ccpvdz,N$_2$/cc-pVDZ,270,62.68379907879762
n2_ccpvdz,N$_2$/cc-pVDZ,280,61.47751168055038
n2_ccpvdz,N$_2$/cc-pVDZ,290,62.985416721289766
n2_ccpvdz,N$_2$/cc-pVDZ,300,62.27559899764401
n2_ccpvdz,N$_2$/cc-pVDZ,310,61.07921403931016
n2_ccpvdz,N$_2$/cc-pVDZ,320,62.44823093884122
n2_ccpvdz,N$_2$/cc-pVDZ,330,61.46692766735384
n2_ccpvdz,N$_2$/cc-pVDZ,340,60.785463768340264
n2_ccpvdz,N$_2$/cc-pVDZ,350,60.61204637566675
n2_ccpvdz,N$_2$/cc-pVDZ,360,61.06786521895913
n2_ccpvdz,N$_2$/cc-pVDZ,370,60.179149480759975
n2_ccpvdz,N$_2$/cc-pVDZ,380,61.039033906865825
n2_ccpvdz,N$_2$/cc-pVDZ,390,61.283463727008325
n2_ccpvdz,N$_2$/cc-pVDZ,400,59.89616629742045
n2_ccpvdz,N$_2$/cc-pVDZ,410,59.94286118676939
n2_ccpvdz,N$_2$/cc-pVDZ,420,59.805414022036985
n2_ccpvdz,N$_2$/cc-pVDZ,430,60.64772252062767
n2_ccpvdz,N$_2$/cc-pVDZ,440,60.63549886019359
n2_ccpvdz,N$_2$/cc-pVDZ,450,59.72640184690192
n2_ccpvdz,N$_2$/cc-pVDZ,460,59.55252702936775
n2_ccpvdz,N$_2$/cc-pVDZ,470,59.5771744385587
n2_ccpvdz,N$_2$/cc-pVDZ,480,60.65021038436669
n2_ccpvdz,N$_2$/cc-pVDZ,490,59.286982696860946
n2_ccpvdz,N$_2$/cc-pVDZ,500,59.15753660504208
n2_ccpvdz,N$_2$/cc-pVDZ,510,59.27154707087823
n2_ccpvdz,N$_2$/cc-pVDZ,520,59.337369876985235
n2_ccpvdz,N$_2$/cc-pVDZ,530,59.868511507900735
n2_ccpvdz,N$_2$/cc-pVDZ,540,58.792349619864126
n2_ccpvdz,N$_2$/cc-pVDZ,550,60.447887562574465
n2_ccpvdz,N$_2$/cc-pVDZ,560,58.95451672276408
n2_ccpvdz,N$_2$/cc-pVDZ,570,60.219783542692085
n2_ccpvdz,N$_2$/cc-pVDZ,580,59.9020613846335
n2_ccpvdz,N$_2$/cc-pVDZ,590,58.35197837495798
n2_ccpvdz,N$_2$/cc-pVDZ,600,59.54119131227742
n2_ccpvdz,N$_2$/cc-pVDZ,610,58.94994853048274
n2_ccpvdz,N$_2$/cc-pVDZ,620,58.99527874669275
n2_ccpvdz,N$_2$/cc-pVDZ,630,58.794623454474504
n2_ccpvdz,N$_2$/cc-pVDZ,640,59.15540561410637
n2_ccpvdz,N$_2$/cc-pVDZ,650,59.982277278464835
n2_ccpvdz,N$_2$/cc-pVDZ,660,60.45544759140853
n2_ccpvdz,N$_2$/cc-pVDZ,670,60.77484068421768
n2_ccpvdz,N$_2$/cc-pVDZ,680,59.319628898464316
n2_ccpvdz,N$_2$/cc-pVDZ,690,58.76801239907081
n2_ccpvdz,N$_2$/cc-pVDZ,700,58.079480026108854
n2_ccpvdz,N$_2$/cc-pVDZ,710,58.901127523299124
n2_ccpvdz,N$_2$/cc-pVDZ,720,59.213885977186465
n2_ccpvdz,N$_2$/cc-pVDZ,730,57.74341041021103
n2_ccpvdz,N$_2$/cc-pVDZ,740,58.7271963804028
n2_ccpvdz,N$_2$/cc-pVDZ,750,57.3134696468145
n2_ccpvdz,N$_2$/cc-pVDZ,760,58.04865693232841
n2_ccpvdz,N$_2$/cc-pVDZ,770,61.18717614187119
n2_ccpvdz,N$_2$/cc-pVDZ,780,58.4012952760844
n2_ccpvdz,N$_2$/cc-pVDZ,790,57.92629263693527
n2_ccpvdz,N$_2$/cc-pVDZ,800,58.312385583306536
n2_ccpvdz,N$_2$/cc-pVDZ,810,57.42866163015492
n2_ccpvdz,N$_2$/cc-pVDZ,820,57.46710958923984
n2_ccpvdz,N$_2$/cc-pVDZ,830,57.80249943799731
n2_ccpvdz,N$_2$/cc-pVDZ,840,60.02921013968887
n2_ccpvdz,N$_2$/cc-pVDZ,850,59.35060363982814
n2_ccpvdz,N$_2$/cc-pVDZ,860,61.33199789930188
n2_ccpvdz,N$_2$/cc-pVDZ,870,57.980735066536226
n2_ccpvdz,N$_2$/cc-pVDZ,880,57.20467592242073
n2_ccpvdz,N$_2$/cc-pVDZ,890,56.92727688148125
n2_ccpvdz,N$_2$/cc-pVDZ,900,56.6792482241425
n2_ccpvdz,N$_2$/cc-pVDZ,910,57.16819015813712
n2_ccpvdz,N$_2$/cc-pVDZ,920,57.65673490944323
n2_ccpvdz,N$_2$/cc-pVDZ,930,56.62477512906605
n2_ccpvdz,N$_2$/cc-pVDZ,940,57.62525217627967
n2_ccpvdz,N$_2$/cc-pVDZ,950,56.95975782829521
n2_ccpvdz,N$_2$/cc-pVDZ,960,57.35754961006023
n2_ccpvdz,N$_2$/cc-pVDZ,970,56.70324286298012
n2_ccpvdz,N$_2$/cc-pVDZ,980,57.905435888457646
n2_ccpvdz,N$_2$/cc-pVDZ,990,57.64415478941487
n2_ccpvdz,N$_2$/cc-pVDZ,1000,57.91403085866875
n2_ccpvdz,N$_2$/cc-pVDZ,1010,56.412981686037256
n2_ccpvdz,N$_2$/cc-pVDZ,1020,57.6701854041346
n2_ccpvdz,N$_2$/cc-pVDZ,1030,57.25150277552871
n2_ccpvdz,N$_2$/cc-pVDZ,1040,57.50670199780927
n2_ccpvdz,N$_2$/cc-pVDZ,1050,57.67778047305683
n2_ccpvdz,N$_2$/cc-pVDZ,1060,56.39587558972892
n2_ccpvdz,N$_2$/cc-pVDZ,1070,56.5975209610059
n2_ccpvdz,N$_2$/cc-pVDZ,1080,57.335366216648254
n2_ccpvdz,N$_2$/cc-pVDZ,1090,56.87362740138724
n2_ccpvdz,N$_2$/cc-pVDZ,1100,56.052129275244056
n2_ccpvdz,N$_2$/cc-pVDZ,1110,57.95448485164911
n2_ccpvdz,N$_2$/cc-pVDZ,1120,56.79305488456521
n2_ccpvdz,N$_2$/cc-pVDZ,1130,56.60675604947585
n2_ccpvdz,N$_2$/cc-pVDZ,1140,56.16668730850449
n2_ccpvdz,N$_2$/cc-pVDZ,1150,57.37862300586016
n2_ccpvdz,N$_2$/cc-pVDZ,1160,56.63535572445255
n2_ccpvdz,N$_2$/cc-pVDZ,1170,56.62499896668294
n2_ccpvdz,N$_2$/cc-pVDZ,1180,55.833860936374435
n2_ccpvdz,N$_2$/cc-pVDZ,1190,55.870921086295766
n2_ccpvdz,N$_2$/cc-pVDZ,1200,56.49939481358501
n2_ccpvdz,N$_2$/cc-pVDZ,1210,56.48201309851686
n2_ccpvdz,N$_2$/cc-pVDZ,1220,56.91544615207533
n2_ccpvdz,N$_2$/cc-pVDZ,1230,55.713370420491515
n2_ccpvdz,N$_2$/cc-pVDZ,1240,56.958046492823655
n2_ccpvdz,N$_2$/cc-pVDZ,1250,55.47657253498528
n2_ccpvdz,N$_2$/cc-pVDZ,1260,58.00615791868324
n2_ccpvdz,N$_2$/cc-pVDZ,1270,56.333843120029314
n2_ccpvdz,N$_2$/cc-pVDZ,1280,56.105832641051734
n2_ccpvdz,N$_2$/cc-pVDZ,1290,56.29586934651343
n2_ccpvdz,N$_2$/cc-pVDZ,1300,55.55352758298682
n2_ccpvdz,N$_2$/cc-pVDZ,1310,55.837891832041464
n2_ccpvdz,N$_2$/cc-pVDZ,1320,55.32100913032423
n2_ccpvdz,N$_2$/cc-pVDZ,1330,55.33572180021906
n2_ccpvdz,N$_2$/cc-pVDZ,1340,55.791698029153736
n2_ccpvdz,N$_2$/cc-pVDZ,1350,56.156710749860395
n2_ccpvdz,N$_2$/cc-pVDZ,1360,55.508663946426395
n2_ccpvdz,N$_2$/cc-pVDZ,1370,56.49877718111895
n2_ccpvdz,N$_2$/cc-pVDZ,1380,55.666648222938875
n2_ccpvdz,N$_2$/cc-pVDZ,1390,55.74695931893814
n2_ccpvdz,N$_2$/cc-pVDZ,1400,55.24763539956723
n2_ccpvdz,N$_2$/cc-pVDZ,1410,56.28140704936868
n2_ccpvdz,N$_2$/cc-pVDZ,1420,55.482288934499024
n2_ccpvdz,N$_2$/cc-pVDZ,1430,55.84041999253486
n2_ccpvdz,N$_2$/cc-pVDZ,1440,55.63370013317126
n2_ccpvdz,N$_2$/cc-pVDZ,1450,55.206808247589834
n2_ccpvdz,N$_2$/cc-pVDZ,1460,54.74876002045903
n2_ccpvdz,N$_2$/cc-pVDZ,1470,56.223872593577084
n2_ccpvdz,N$_2$/cc-pVDZ,1480,54.92301643612052
n2_ccpvdz,N$_2$/cc-pVDZ,1490,54.59457259651401
n2_ccpvdz,N$_2$/cc-pVDZ,1500,55.275882891578476
n2_ccpvdz,N$_2$/cc-pVDZ,1510,54.601221774774444
n2_ccpvdz,N$_2$/cc-pVDZ,1520,54.6908471413019
n2_ccpvdz,N$_2$/cc-pVDZ,1530,56.09993788426948
n2_ccpvdz,N$_2$/cc-pVDZ,1540,55.03090441357017
n2_ccpvdz,N$_2$/cc-pVDZ,1550,56.58080755183903
n2_ccpvdz,N$_2$/cc-pVDZ,1560,55.562192906435826
n2_ccpvdz,N$_2$/cc-pVDZ,1570,54.420112576721635
n2_ccpvdz,N$_2$/cc-pVDZ,1580,57.40572683505718
n2_ccpvdz,N$_2$/cc-pVDZ,1590,55.9750166629982
n2_ccpvdz,N$_2$/cc-pVDZ,1600,54.874396426640715
n2_ccpvdz,N$_2$/cc-pVDZ,1610,54.59438187052967
n2_ccpvdz,N$_2$/cc-pVDZ,1620,54.75651003486348
n2_ccpvdz,N$_2$/cc-pVDZ,1630,54.05317329729087
n2_ccpvdz,N$_2$/cc-pVDZ,1640,54.18672593714291
n2_ccpvdz,N$_2$/cc-pVDZ,1650,54.68545217694043
n2_ccpvdz,N$_2$/cc-pVDZ,1660,54.032902102491676
n2_ccpvdz,N$_2$/cc-pVDZ,1670,57.52914716542534
n2_ccpvdz,N$_2$/cc-pVDZ,1680,55.77992499637219
n2_ccpvdz,N$_2$/cc-pVDZ,1690,54.268066600656084
n2_ccpvdz,N$_2$/cc-pVDZ,1700,55.336507891311726
n2_ccpvdz,N$_2$/cc-pVDZ,1710,54.6315068837373
n2_ccpvdz,N$_2$/cc-pVDZ,1720,54.49287487149945
n2_ccpvdz,N$_2$/cc-pVDZ,1730,53.997544258166386
n2_ccpvdz,N$_2$/cc-pVDZ,1740,55.252371638474074
n2_ccpvdz,N$_2$/cc-pVDZ,1750,55.04808651724602
n2_ccpvdz,N$_2$/cc-pVDZ,1760,54.21939903068562
n2_ccpvdz,N$_2$/cc-pVDZ,1770,54.083087447352796
n2_ccpvdz,N$_2$/cc-pVDZ,1780,56.75737404574477
n2_ccpvdz,N$_2$/cc-pVDZ,1790,54.290836977614276
n2_ccpvdz,N$_2$/cc-pVDZ,1800,53.8578094010802
n2_ccpvdz,N$_2$/cc-pVDZ,1810,54.14340562484199
n2_ccpvdz,N$_2$/cc-pVDZ,1820,55.31090790057647
n2_ccpvdz,N$_2$/cc-pVDZ,1830,53.67929038945363
n2_ccpvdz,N$_2$/cc-pVDZ,1840,55.11234746164462
n2_ccpvdz,N$_2$/cc-pVDZ,1850,53.80517790213446
n2_ccpvdz,N$_2$/cc-pVDZ,1860,53.68824468547473
n2_ccpvdz,N$_2$/cc-pVDZ,1870,55.933913092445664
n2_ccpvdz,N$_2$/cc-pVDZ,1880,54.367662224194646
n2_ccpvdz,N$_2$/cc-pVDZ,1890,53.37389471480947
n2_ccpvdz,N$_2$/cc-pVDZ,1900,53.65285691982535
n2_ccpvdz,N$_2$/cc-pVDZ,1910,54.78722666148883
n2_ccpvdz,N$_2$/cc-pVDZ,1920,53.443962627753194
n2_ccpvdz,N$_2$/cc-pVDZ,1930,54.172446260636775
n2_ccpvdz,N$_2$/cc-pVDZ,1940,54.91886526479561
n2_ccpvdz,N$_2$/cc-pVDZ,1950,54.47827447601128
n2_ccpvdz,N$_2$/cc-pVDZ,1960,53.517032109368756
n2_ccpvdz,N$_2$/cc-pVDZ,1970,55.22232802513827
n2_ccpvdz,N$_2$/cc-pVDZ,1980,54.19538756251541
n2_ccpvdz,N$_2$/cc-pVDZ,1990,53.344883901900175
n2_ccpvdz,N$_2$/cc-pVDZ,2000,57.43348246501512
n2_ccpvdz,N$_2$/cc-pVDZ,2010,55.06666257012682
n2_ccpvdz,N$_2$/cc-pVDZ,2020,53.15744997396621
n2_ccpvdz,N$_2$/cc-pVDZ,2030,53.50207256773842
n2_ccpvdz,N$_2$/cc-pVDZ,2040,53.61201515221126
n2_ccpvdz,N$_2$/cc-pVDZ,2050,58.246155973535
n2_ccpvdz,N$_2$/cc-pVDZ,2060,57.19058255101572
n2_ccpvdz,N$_2$/cc-pVDZ,2070,54.79101032324252
n2_ccpvdz,N$_2$/cc-pVDZ,2080,53.016253333225904
n2_ccpvdz,N$_2$/cc-pVDZ,2090,52.91951103241388
n2_ccpvdz,N$_2$/cc-pVDZ,2100,52.705160451012034
n2_ccpvdz,N$_2$/cc-pVDZ,2110,52.662437399490614
n2_ccpvdz,N$_2$/cc-pVDZ,2120,53.13403242655568
n2_ccpvdz,N$_2$/cc-pVDZ,2130,53.921672061306936
n2_ccpvdz,N$_2$/cc-pVDZ,2140,56.42300065865413
n2_ccpvdz,N$_2$/cc-pVDZ,2150,53.31688829714665
n2_ccpvdz,N$_2$/cc-pVDZ,2160,52.917784386025346
n2_ccpvdz,N$_2$/cc-pVDZ,2170,53.03317223277304
n2_ccpvdz,N$_2$/cc-pVDZ,2180,52.715525751906966
n2_ccpvdz,N$_2$/cc-pVDZ,2190,53.02572710603215
n2_ccpvdz,N$_2$/cc-pVDZ,2200,53.53331635681968
n2_ccpvdz,N$_2$/cc-pVDZ,2210,53.17119687192928
n2_ccpvdz,N$_2$/cc-pVDZ,2220,52.841937377493764
n2_ccpvdz,N$_2$/cc-pVDZ,2230,52.492040465295986
n2_ccpvdz,N$_2$/cc-pVDZ,2240,53.65395077529911
n2_ccpvdz,N$_2$/cc-pVDZ,2250,54.4883302856789
n2_ccpvdz,N$_2$/cc-pVDZ,2260,53.63374278825006
n2_ccpvdz,N$_2$/cc-pVDZ,2270,52.96097898207108
n2_ccpvdz,N$_2$/cc-pVDZ,2280,52.62351711583335
n2_ccpvdz,N$_2$/cc-pVDZ,2290,55.658122004729194
n2_ccpvdz,N$_2$/cc-pVDZ,2300,54.52743465960452
n2_ccpvdz,N$_2$/cc-pVDZ,2310,53.36676852527944
n2_ccpvdz,N$_2$/cc-pVDZ,2320,53.02832298595206
n2_ccpvdz,N$_2$/cc-pVDZ,2330,52.30269235768503
n2_ccpvdz,N$_2$/cc-pVDZ,2340,52.798642163125464
n2_ccpvdz,N$_2$/cc-pVDZ,2350,53.568753625953036
n2_ccpvdz,N$_2$/cc-pVDZ,2360,52.38603534979802
n2_ccpvdz,N$_2$/cc-pVDZ,2370,52.43178816563443
n2_ccpvdz,N$_2$/cc-pVDZ,2380,53.926808243048185
n2_ccpvdz,N$_2$/cc-pVDZ,2390,52.513245251702756
n2_ccpvdz,N$_2$/cc-pVDZ,2400,52.0059530044108
n2_ccpvdz,N$_2$/cc-pVDZ,2410,52.5812388106317
n2_ccpvdz,N$_2$/cc-pVDZ,2420,53.532714743610654
n2_ccpvdz,N$_2$/cc-pVDZ,2430,52.880195260385676
n2_ccpvdz,N$_2$/cc-pVDZ,2440,53.186571260567916
n2_ccpvdz,N$_2$/cc-pVDZ,2450,52.763069821864406
n2_ccpvdz,N$_2$/cc-pVDZ,2460,52.89838601107988
n2_ccpvdz,N$_2$/cc-pVDZ,2470,52.28909638572077
n2_ccpvdz,N$_2$/cc-pVDZ,2480,52.81017681852518
n2_ccpvdz,N$_2$/cc-pVDZ,2490,52.810470197002246
n2_ccpvdz,N$_2$/cc-pVDZ,2500,52.476292082332066
n2_ccpvdz,N$_2$/cc-pVDZ,2510,52.27924613561186
n2_ccpvdz,N$_2$/cc-pVDZ,2520,55.228002402927245
n2_ccpvdz,N$_2$/cc-pVDZ,2530,53.45420561445735
n2_ccpvdz,N$_2$/cc-pVDZ,2540,52.71413804021563
n2_ccpvdz,N$_2$/cc-pVDZ,2550,51.80401022353465
n2_ccpvdz,N$_2$/cc-pVDZ,2560,51.964131082385734
n2_ccpvdz,N$_2$/cc-pVDZ,2570,52.38704513232051
n2_ccpvdz,N$_2$/cc-pVDZ,2580,52.20696909735523
n2_ccpvdz,N$_2$/cc-pVDZ,2590,52.174711480802216
n2_ccpvdz,N$_2$/cc-pVDZ,2600,52.16811037510638
n2_ccpvdz,N$_2$/cc-pVDZ,2610,51.84108511434715
n2_ccpvdz,N$_2$/cc-pVDZ,2620,52.227757897171045
n2_ccpvdz,N$_2$/cc-pVDZ,2630,51.69596891116157
n2_ccpvdz,N$_2$/cc-pVDZ,2640,53.121252457088985
n2_ccpvdz,N$_2$/cc-pVDZ,2650,52.262629999248134
n2_ccpvdz,N$_2$/cc-pVDZ,2660,52.15752243515226
n2_ccpvdz,N$_2$/cc-pVDZ,2670,53.04222606932285
n2_ccpvdz,N$_2$/cc-pVDZ,2680,52.029953462422895
n2_ccpvdz,N$_2$/cc-pVDZ,2690,51.58851689576238
n2_ccpvdz,N$_2$/cc-pVDZ,2700,51.863431882551936
n2_ccpvdz,N$_2$/cc-pVDZ,2710,53.61125715224091
n2_ccpvdz,N$_2$/cc-pVDZ,2720,52.81510954307578
n2_ccpvdz,N$_2$/cc-pVDZ,2730,52.00051436483477
n2_ccpvdz,N$_2$/cc-pVDZ,2740,52.422982282053
n2_ccpvdz,N$_2$/cc-pVDZ,2750,51.37852279095512
n2_ccpvdz,N$_2$/cc-pVDZ,2760,51.27967393467259
n2_ccpvdz,N$_2$/cc-pVDZ,2770,54.677511774002596
n2_ccpvdz,N$_2$/cc-pVDZ,2780,52.36459028310492
n2_ccpvdz,N$_2$/cc-pVDZ,2790,51.32974459954198
n2_ccpvdz,N$_2$/cc-pVDZ,2800,51.418595044594895
n2_ccpvdz,N$_2$/cc-pVDZ,2810,52.29612019064689
n2_ccpvdz,N$_2$/cc-pVDZ,2820,52.77023238311074
n2_ccpvdz,N$_2$/cc-pVDZ,2830,51.854066802377474
n2_ccpvdz,N$_2$/cc-pVDZ,2840,51.220938684409134
n2_ccpvdz,N$_2$/cc-pVDZ,2850,51.00984480233706
n2_ccpvdz,N$_2$/cc-pVDZ,2860,54.744078761757464
n2_ccpvdz,N$_2$/cc-pVDZ,2870,51.94082053456839
n2_ccpvdz,N$_2$/cc-pVDZ,2880,52.02627191287945
n2_ccpvdz,N$_2$/cc-pVDZ,2890,51.916953022953294
n2_ccpvdz,N$_2$/cc-pVDZ,2900,51.292211829050416
n2_ccpvdz,N$_2$/cc-pVDZ,2910,50.99098872760521
n2_ccpvdz,N$_2$/cc-pVDZ,2920,51.000463603699586
n2_ccpvdz,N$_2$/cc-pVDZ,2930,51.405649691488975
n2_ccpvdz,N$_2$/cc-pVDZ,2940,51.62028833727561
n2_ccpvdz,N$_2$/cc-pVDZ,2950,51.32656005281433
n2_ccpvdz,N$_2$/cc-pVDZ,2960,51.67494849564491
n2_ccpvdz,N$_2$/cc-pVDZ,2970,50.9620735100782
n2_ccpvdz,N$_2$/cc-pVDZ,2980,52.25494264227848
n2_ccpvdz,N$_2$/cc-pVDZ,2990,50.840942907683484
n2_ccpvdz,N$_2$/cc-pVDZ,3000,51.84660375425665
n2_ccpvdz,N$_2$/cc-pVDZ,3010,51.75184812917166
n2_ccpvdz,N$_2$/cc-pVDZ,3020,51.072381397347044
n2_ccpvdz,N$_2$/cc-pVDZ,3030,50.656010287212894
n2_ccpvdz,N$_2$/cc-pVDZ,3040,51.96070646925932
n2_ccpvdz,N$_2$/cc-pVDZ,3050,51.38522579764526
n2_ccpvdz,N$_2$/cc-pVDZ,3060,51.92403534412904
n2_ccpvdz,N$_2$/cc-pVDZ,3070,51.10452675839383
n2_ccpvdz,N$_2$/cc-pVDZ,3080,50.596321303459035
n2_ccpvdz,N$_2$/cc-pVDZ,3090,50.57653184981348
n2_ccpvdz,N$_2$/cc-pVDZ,3100,50.51590356906388
n2_ccpvdz,N$_2$/cc-pVDZ,3110,51.53947336879128
n2_ccpvdz,N$_2$/cc-pVDZ,3120,51.47602655938499
n2_ccpvdz,N$_2$/cc-pVDZ,3130,51.36923572331398
n2_ccpvdz,N$_2$/cc-pVDZ,3140,50.75540239960219
n2_ccpvdz,N$_2$/cc-pVDZ,3150,51.9865527472092
n2_ccpvdz,N$_2$/cc-pVDZ,3160,50.755114225552234
n2_ccpvdz,N$_2$/cc-pVDZ,3170,50.612319875810385
n2_ccpvdz,N$_2$/cc-pVDZ,3180,52.03912715094816
n2_ccpvdz,N$_2$/cc-pVDZ,3190,51.248433053388
n2_ccpvdz,N$_2$/cc-pVDZ,3200,50.62702721755841
n2_ccpvdz,N$_2$/cc-pVDZ,3210,50.62809557669823
n2_ccpvdz,N$_2$/cc-pVDZ,3220,51.465040862510136
n2_ccpvdz,N$_2$/cc-pVDZ,3230,50.996935545825295
n2_ccpvdz,N$_2$/cc-pVDZ,3240,50.43051320109271
n2_ccpvdz,N$_2$/cc-pVDZ,3250,51.15529660754703
n2_ccpvdz,N$_2$/cc-pVDZ,3260,50.358588829595874
n2_ccpvdz,N$_2$/cc-pVDZ,3270,50.23226441807083
n2_ccpvdz,N$_2$/cc-pVDZ,3280,52.46710850921943
n2_ccpvdz,N$_2$/cc-pVDZ,3290,50.66985082289932
n2_ccpvdz,N$_2$/cc-pVDZ,3300,51.71011942333337
n2_ccpvdz,N$_2$/cc-pVDZ,3310,51.527080254544444
n2_ccpvdz,N$_2$/cc-pVDZ,3320,50.52495281385916
n2_ccpvdz,N$_2$/cc-pVDZ,3330,50.58259060214709
n2_ccpvdz,N$_2$/cc-pVDZ,3340,51.02010213913388
n2_ccpvdz,N$_2$/cc-pVDZ,3350,50.46249053606289
n2_ccpvdz,N$_2$/cc-pVDZ,3360,49.949610190537896
n2_ccpvdz,N$_2$/cc-pVDZ,3370,49.82378779446606
n2_ccpvdz,N$_2$/cc-pVDZ,3380,50.454333677791396
n2_ccpvdz,N$_2$/cc-pVDZ,3390,53.55460599108142
n2_ccpvdz,N$_2$/cc-pVDZ,3400,51.77752407321634
n2_ccpvdz,N$_2$/cc-pVDZ,3410,51.44043265643461
n2_ccpvdz,N$_2$/cc-pVDZ,3420,50.195807205355436
n2_ccpvdz,N$_2$/cc-pVDZ,3430,50.674376539248556
n2_ccpvdz,N$_2$/cc-pVDZ,3440,49.86444321804129
n2_ccpvdz,N$_2$/cc-pVDZ,3450,52.45588155239034
n2_ccpvdz,N$_2$/cc-pVDZ,3460,49.979096662525535
n2_ccpvdz,N$_2$/cc-pVDZ,3470,49.9111892550701
n2_ccpvdz,N$_2$/cc-pVDZ,3480,49.647687952770525
n2_ccpvdz,N$_2$/cc-pVDZ,3490,50.72626824050985
n2_ccpvdz,N$_2$/cc-pVDZ,3500,50.85506345474755
n2_ccpvdz,N$_2$/cc-pVDZ,3510,49.995711667889964
n2_ccpvdz,N$_2$/cc-pVDZ,3520,50.101496150730895
n2_ccpvdz,N$_2$/cc-pVDZ,3530,51.76019440933999
n2_ccpvdz,N$_2$/cc-pVDZ,3540,49.8735219633204
n2_ccpvdz,N$_2$/cc-pVDZ,3550,49.75507884553565
n2_ccpvdz,N$_2$/cc-pVDZ,3560,52.53699303342785
n2_ccpvdz,N$_2$/cc-pVDZ,3570,50.39727441588582
n2_ccpvdz,N$_2$/cc-pVDZ,3580,49.74999181678186
n2_ccpvdz,N$_2$/cc-pVDZ,3590,50.1534352706301
n2_ccpvdz,N$_2$/cc-pVDZ,3600,50.721554298718274
n2_ccpvdz,N$_2$/cc-pVDZ,3610,50.153761394980734
n2_ccpvdz,N$_2$/cc-pVDZ,3620,50.79864793489719
n2_ccpvdz,N$_2$/cc-pVDZ,3630,50.21633112325219
n2_ccpvdz,N$_2$/cc-pVDZ,3640,50.30394160110063
n2_ccpvdz,N$_2$/cc-pVDZ,3650,49.75953589850235
n2_ccpvdz,N$_2$/cc-pVDZ,3660,49.54094961540534
n2_ccpvdz,N$_2$/cc-pVDZ,3670,51.35987651431151
n2_ccpvdz,N$_2$/cc-pVDZ,3680,49.693234260487884
n2_ccpvdz,N$_2$/cc-pVDZ,3690,49.9867120828128
n2_ccpvdz,N$_2$/cc-pVDZ,3700,49.96287722549653
n2_ccpvdz,N$_2$/cc-pVDZ,3710,50.3770383388229
n2_ccpvdz,N$_2$/cc-pVDZ,3720,50.05345520891069
n2_ccpvdz,N$_2$/cc-pVDZ,3730,50.24692130908193
n2_ccpvdz,N$_2$/cc-pVDZ,3740,51.37923287298918
n2_ccpvdz,N$_2$/cc-pVDZ,3750,50.47367707845751
n2_ccpvdz,N$_2$/cc-pVDZ,3760,49.51671972257543
n2_ccpvdz,N$_2$/cc-pVDZ,3770,49.667649834262306
n2_ccpvdz,N$_2$/cc-pVDZ,3780,49.30558604246471
n2_ccpvdz,N$_2$/cc-pVDZ,3790,50.76040839576024
n2_ccpvdz,N$_2$/cc-pVDZ,3800,50.24368885396768
n2_ccpvdz,N$_2$/cc-pVDZ,3810,49.595950229090136
n2_ccpvdz,N$_2$/cc-pVDZ,3820,52.206600685110516
n2_ccpvdz,N$_2$/cc-pVDZ,3830,51.150097015408846
n2_ccpvdz,N$_2$/cc-pVDZ,3840,50.39714853509736
n2_ccpvdz,N$_2$/cc-pVDZ,3850,49.252512468541454
n2_ccpvdz,N$_2$/cc-pVDZ,3860,49.13822931460743
n2_ccpvdz,N$_2$/cc-pVDZ,3870,51.27084389209813
n2_ccpvdz,N$_2$/cc-pVDZ,3880,49.697004761668495
n2_ccpvdz,N$_2$/cc-pVDZ,3890,49.11298378006279
n2_ccpvdz,N$_2$/cc-pVDZ,3900,50.273144720932805
n2_ccpvdz,N$_2$/cc-pVDZ,3910,49.858459951693135
n2_ccpvdz,N$_2$/cc-pVDZ,3920,49.997764026329605
n2_ccpvdz,N$_2$/cc-pVDZ,3930,49.60942328759188
n2_ccpvdz,N$_2$/cc-pVDZ,3940,49.63953941314969
n2_ccpvdz,N$_2$/cc-pVDZ,3950,49.5061785928641
n2_ccpvdz,N$_2$/cc-pVDZ,3960,49.293084285679356
n2_ccpvdz,N$_2$/cc-pVDZ,3970,49.15477894857645
n2_ccpvdz,N$_2$/cc-pVDZ,3980,50.113044053262
n2_ccpvdz,N$_2$/cc-pVDZ,3990,49.118922948821364
n2_ccpvdz,N$_2$/cc-pVDZ,4000,49.447913836999646
n2_ccpvdz,N$_2$/cc-pVDZ,4010,49.894025473832926
n2_ccpvdz,N$_2$/cc-pVDZ,4020,49.461883573982846
n2_ccpvdz,N$_2$/cc-pVDZ,4030,48.77595314037819
n2_ccpvdz,N$_2$/cc-pVDZ,4040,50.49252870972509
n2_ccpvdz,N$_2$/cc-pVDZ,4050,49.672904254620676
n2_ccpvdz,N$_2$/cc-pVDZ,4060,49.79283744778229
n2_ccpvdz,N$_2$/cc-pVDZ,4070,49.99468409845065
n2_ccpvdz,N$_2$/cc-pVDZ,4080,49.16796499037446
n2_ccpvdz,N$_2$/cc-pVDZ,4090,49.150646883049376
n2_ccpvdz,N$_2$/cc-pVDZ,4100,48.89134697502584
n2_ccpvdz,N$_2$/cc-pVDZ,4110,49.62445349514155
n2_ccpvdz,N$_2$/cc-pVDZ,4120,49.67214045291257
n2_ccpvdz,N$_2$/cc-pVDZ,4130,49.150282887467256
n2_ccpvdz,N$_2$/cc-pVDZ,4140,49.02462609763347
n2_ccpvdz,N$_2$/cc-pVDZ,4150,50.061069086055454
n2_ccpvdz,N$_2$/cc-pVDZ,4160,49.131547757355065
n2_ccpvdz,N$_2$/cc-pVDZ,4170,49.2513522114848
n2_ccpvdz,N$_2$/cc-pVDZ,4180,49.26085609683639
n2_ccpvdz,N$_2$/cc-pVDZ,4190,49.35531442446006
n2_ccpvdz,N$_2$/cc-pVDZ,4200,49.06784620094129
n2_ccpvdz,N$_2$/cc-pVDZ,4210,48.85531398515752
n2_ccpvdz,N$_2$/cc-pVDZ,4220,49.537103180838926
n2_ccpvdz,N$_2$/cc-pVDZ,4230,49.747408214400934
n2_ccpvdz,N$_2$/cc-pVDZ,4240,48.98718072129782
n2_ccpvdz,N$_2$/cc-pVDZ,4250,48.85347079600422
n2_ccpvdz,N$_2$/cc-pVDZ,4260,50.04902004807832
n2_ccpvdz,N$_2$/cc-pVDZ,4270,50.64330713562981
n2_ccpvdz,N$_2$/cc-pVDZ,4280,51.4663611703412
n2_ccpvdz,N$_2$/cc-pVDZ,4290,49.66416010206842
n2_ccpvdz,N$_2$/cc-pVDZ,4300,49.067795000965475
n2_ccpvdz,N$_2$/cc-pVDZ,4310,48.483752737453756
n2_ccpvdz,N$_2$/cc-pVDZ,4320,48.81452719349966
n2_ccpvdz,N$_2$/cc-pVDZ,4330,50.82268507854337
n2_ccpvdz,N$_2$/cc-pVDZ,4340,48.75152159063134
n2_ccpvdz,N$_2$/cc-pVDZ,4350,48.346154108784845
n2_ccpvdz,N$_2$/cc-pVDZ,4360,48.248099593735105
n2_ccpvdz,N$_2$/cc-pVDZ,4370,50.02782152300256
n2_ccpvdz,N$_2$/cc-pVDZ,4380,49.22709845418183
n2_ccpvdz,N$_2$/cc-pVDZ,4390,48.404643534539105
n2_ccpvdz,N$_2$/cc-pVDZ,4400,49.312142682254034
n2_ccpvdz,N$_2$/cc-pVDZ,4410,48.67488950898746
n2_ccpvdz,N$_2$/cc-pVDZ,4420,48.61565829544645
n2_ccpvdz,N$_2$/cc-pVDZ,4430,49.45672024807379
n2_ccpvdz,N$_2$/cc-pVDZ,4440,49.37133052536069
n2_ccpvdz,N$_2$/cc-pVDZ,4450,48.64735503245754
n2_ccpvdz,N$_2$/cc-pVDZ,4460,49.739311842245115
n2_ccpvdz,N$_2$/cc-pVDZ,4470,49.149902692917635
n2_ccpvdz,N$_2$/cc-pVDZ,4480,48.60451257317777
n2_ccpvdz,N$_2$/cc-pVDZ,4490,48.66782616046805
n2_ccpvdz,N$_2$/cc-pVDZ,4500,49.564938925740876
n2_ccpvdz,N$_2$/cc-pVDZ,4510,48.49627380586696
n2_ccpvdz,N$_2$/cc-pVDZ,4520,48.24747618653191
n2_ccpvdz,N$_2$/cc-pVDZ,4530,51.54779698460743
n2_ccpvdz,N$_2$/cc-pVDZ,4540,49.28152206701952
n2_ccpvdz,N$_2$/cc-pVDZ,4550,48.81998694406775
n2_ccpvdz,N$_2$/cc-pVDZ,4560,49.62253932120575
n2_ccpvdz,N$_2$/cc-pVDZ,4570,50.04539885685233
n2_ccpvdz,N$_2$/cc-pVDZ,4580,48.68456988934611
n2_ccpvdz,N$_2$/cc-pVDZ,4590,48.92514476657084
n2_ccpvdz,N$_2$/cc-pVDZ,4600,48.13577291061222
n2_ccpvdz,N$_2$/cc-pVDZ,4610,48.03239696911987
n2_ccpvdz,N$_2$/cc-pVDZ,4620,49.368276819535595
n2_ccpvdz,N$_2$/cc-pVDZ,4630,48.59447456020405
n2_ccpvdz,N$_2$/cc-pVDZ,4640,48.481744657692616
n2_ccpvdz,N$_2$/cc-pVDZ,4650,49.61969477685102
n2_ccpvdz,N$_2$/cc-pVDZ,4660,48.48701024243951
n2_ccpvdz,N$_2$/cc-pVDZ,4670,48.63305703524645
n2_ccpvdz,N$_2$/cc-pVDZ,4680,48.39465306677937
n2_ccpvdz,N$_2$/cc-pVDZ,4690,48.54358607236975
n2_ccpvdz,N$_2$/cc-pVDZ,4700,48.27652999559007
n2_ccpvdz,N$_2$/cc-pVDZ,4710,48.56295719601178
n2_ccpvdz,N$_2$/cc-pVDZ,4720,48.6944121253714
n2_ccpvdz,N$_2$/cc-pVDZ,4730,48.60097675437203
n2_ccpvdz,N$_2$/cc-pVDZ,4740,48.37230522038283
n2_ccpvdz,N$_2$/cc-pVDZ,4750,48.32519142659919
n2_ccpvdz,N$_2$/cc-pVDZ,4760,49.11124565933278
n2_ccpvdz,N$_2$/cc-pVDZ,4770,48.8612453960684
n2_ccpvdz,N$_2$/cc-pVDZ,4780,47.77819862668764
n2_ccpvdz,N$_2$/cc-pVDZ,4790,47.91642589744072
n2_ccpvdz,N$_2$/cc-pVDZ,4800,48.83361115555829
n2_ccpvdz,N$_2$/cc-pVDZ,4810,49.271057509443494
n2_ccpvdz,N$_2$/cc-pVDZ,4820,48.37807075824685
n2_ccpvdz,N$_2$/cc-pVDZ,4830,47.959618572662066
n2_ccpvdz,N$_2$/cc-pVDZ,4840,47.63340181585818
n2_ccpvdz,N$_2$/cc-pVDZ,4850,48.056456246342805
n2_ccpvdz,N$_2$/cc-pVDZ,4860,49.64568594421337
n2_ccpvdz,N$_2$/cc-pVDZ,4870,48.035658532910475
n2_ccpvdz,N$_2$/cc-pVDZ,4880,47.82835676834907
n2_ccpvdz,N$_2$/cc-pVDZ,4890,47.57753589682068
n2_ccpvdz,N$_2$/cc-pVDZ,4900,47.93752567329079
n2_ccpvdz,N$_2$/cc-pVDZ,4910,48.68382488484713
n2_ccpvdz,N$_2$/cc-pVDZ,4920,48.637462677206145
n2_ccpvdz,N$_2$/cc-pVDZ,4930,48.52048034173606
n2_ccpvdz,N$_2$/cc-pVDZ,4940,48.02389252252226
n2_ccpvdz,N$_2$/cc-pVDZ,4950,47.926732410886075
n2_ccpvdz,N$_2$/cc-pVDZ,4960,47.53852176868634
n2_ccpvdz,N$_2$/cc-pVDZ,4970,47.73300065792796
n2_ccpvdz,N$_2$/cc-pVDZ,4980,47.90292466975643
n2_ccpvdz,N$_2$/cc-pVDZ,4990,48.52137577638871
n2_ccpvdz,N$_2$/cc-pVDZ,5000,49.04983174968436
n2_ccpvdz,N$_2$/cc-pVDZ,5010,47.53570872958335
n2_ccpvdz,N$_2$/cc-pVDZ,5020,47.581252376375005
n2_ccpvdz,N$_2$/cc-pVDZ,5030,48.82019346581501
n2_ccpvdz,N$_2$/cc-pVDZ,5040,47.82472957320749
n2_ccpvdz,N$_2$/cc-pVDZ,5050,47.81140341249568
n2_ccpvdz,N$_2$/cc-pVDZ,5060,48.05045903523819
n2_ccpvdz,N$_2$/cc-pVDZ,5070,48.49167243837371
n2_ccpvdz,N$_2$/cc-pVDZ,5080,47.43716131400788
n2_ccpvdz,N$_2$/cc-pVDZ,5090,47.346630226371644
n2_ccpvdz,N$_2$/cc-pVDZ,5100,52.49683856733611
n2_ccpvdz,N$_2$/cc-pVDZ,5110,47.830263138919804
n2_ccpvdz,N$_2$/cc-pVDZ,5120,47.63461423149806
n2_ccpvdz,N$_2$/cc-pVDZ,5130,47.3709069355408
n2_ccpvdz,N$_2$/cc-pVDZ,5140,48.87424528475037
n2_ccpvdz,N$_2$/cc-pVDZ,5150,49.23124594053263
n2_ccpvdz,N$_2$/cc-pVDZ,5160,47.82398094347684
n2_ccpvdz,N$_2$/cc-pVDZ,5170,47.448962843589015
n2_ccpvdz,N$_2$/cc-pVDZ,5180,48.500676522081676
n2_ccpvdz,N$_2$/cc-pVDZ,5190,47.74699345689726
n2_ccpvdz,N$_2$/cc-pVDZ,5200,47.18867079978395
n2_ccpvdz,N$_2$/cc-pVDZ,5210,47.388468585893406
n2_ccpvdz,N$_2$/cc-pVDZ,5220,49.7443181036914
n2_ccpvdz,N$_2$/cc-pVDZ,5230,47.66070865360916
n2_ccpvdz,N$_2$/cc-pVDZ,5240,47.280787750352715
n2_ccpvdz,N$_2$/cc-pVDZ,5250,47.270298994476434
n2_ccpvdz,N$_2$/cc-pVDZ,5260,50.34537219145818
n2_ccpvdz,N$_2$/cc-pVDZ,5270,47.94199558854473
n2_ccpvdz,N$_2$/cc-pVDZ,5280,47.244715334358034
n2_ccpvdz,N$_2$/cc-pVDZ,5290,47.556603675758424
n2_ccpvdz,N$_2$/cc-pVDZ,5300,47.39809675012907
n2_ccpvdz,N$_2$/cc-pVDZ,5310,49.892432861696534
n2_ccpvdz,N$_2$/cc-pVDZ,5320,48.49894949488487
n2_ccpvdz,N$_2$/cc-pVDZ,5330,47.42797912133767
n2_ccpvdz,N$_2$/cc-pVDZ,5340,47.10695140907717
n2_ccpvdz,N$_2$/cc-pVDZ,5350,47.602812757361335
n2_ccpvdz,N$_2$/cc-pVDZ,5360,47.80424190892063
n2_ccpvdz,N$_2$/cc-pVDZ,5370,47.31756840986634
n2_ccpvdz,N$_2$/cc-pVDZ,5380,48.29881570503858
n2_ccpvdz,N$_2$/cc-pVDZ,5390,47.42396723796105
n2_ccpvdz,N$_2$/cc-pVDZ,5400,47.22656849885709
n2_ccpvdz,N$_2$/cc-pVDZ,5410,47.58195754885719
n2_ccpvdz,N$_2$/cc-pVDZ,5420,47.61601690329087
n2_ccpvdz,N$_2$/cc-pVDZ,5430,47.72832312768571
n2_ccpvdz,N$_2$/cc-pVDZ,5440,47.02495566053244
n2_ccpvdz,N$_2$/cc-pVDZ,5450,47.519691127902774
n2_ccpvdz,N$_2$/cc-pVDZ,5460,47.513459571803196
n2_ccpvdz,N$_2$/cc-pVDZ,5470,47.73427587069534
n2_ccpvdz,N$_2$/cc-pVDZ,5480,47.350567971065516
n2_ccpvdz,N$_2$/cc-pVDZ,5490,48.08464751647534
n2_ccpvdz,N$_2$/cc-pVDZ,5500,47.51676241998837
n2_ccpvdz,N$_2$/cc-pVDZ,5510,47.15884205508303
n2_ccpvdz,N$_2$/cc-pVDZ,5520,47.21368136857507
n2_ccpvdz,N$_2$/cc-pVDZ,5530,46.74035370166507
n2_ccpvdz,N$_2$/cc-pVDZ,5540,47.697601759566055
n2_ccpvdz,N$_2$/cc-pVDZ,5550,47.163914691935815
n2_ccpvdz,N$_2$/cc-pVDZ,5560,47.04558110130108
n2_ccpvdz,N$_2$/cc-pVDZ,5570,47.265247893648166
n2_ccpvdz,N$_2$/cc-pVDZ,5580,47.39030637453823
n2_ccpvdz,N$_2$/cc-pVDZ,5590,46.9313100898745
n2_ccpvdz,N$_2$/cc-pVDZ,5600,46.71112971605851
n2_ccpvdz,N$_2$/cc-pVDZ,5610,48.64413538692247
n2_ccpvdz,N$_2$/cc-pVDZ,5620,47.18611165904463
n2_ccpvdz,N$_2$/cc-pVDZ,5630,47.563222749531064
n2_ccpvdz,N$_2$/cc-pVDZ,5640,47.47008713677303
n2_ccpvdz,N$_2$/cc-pVDZ,5650,47.00220164592395
n2_ccpvdz,N$_2$/cc-pVDZ,5660,46.8302722110252
n2_ccpvdz,N$_2$/cc-pVDZ,5670,46.47706379489591
n2_ccpvdz,N$_2$/cc-pVDZ,5680,47.954722466258204
n2_ccpvdz,N$_2$/cc-pVDZ,5690,46.7795834500464
n2_ccpvdz,N$_2$/cc-pVDZ,5700,47.05955465487932
n2_ccpvdz,N$_2$/cc-pVDZ,5710,46.53242850861261
n2_ccpvdz,N$_2$/cc-pVDZ,5720,46.95664828111035
n2_ccpvdz,N$_2$/cc-pVDZ,5730,46.814177495093645
n2_ccpvdz,N$_2$/cc-pVDZ,5740,47.395418729280436
n2_ccpvdz,N$_2$/cc-pVDZ,5750,47.54169361318361
n2_ccpvdz,N$_2$/cc-pVDZ,5760,47.744919970895694
n2_ccpvdz,N$_2$/cc-pVDZ,5770,46.57488136452059
n2_ccpvdz,N$_2$/cc-pVDZ,5780,46.54034427457532
n2_ccpvdz,N$_2$/cc-pVDZ,5790,49.01463100333103
n2_ccpvdz,N$_2$/cc-pVDZ,5800,47.46032562758273
n2_ccpvdz,N$_2$/cc-pVDZ,5810,46.57043711520714
n2_ccpvdz,N$_2$/cc-pVDZ,5820,46.59472033262091
n2_ccpvdz,N$_2$/cc-pVDZ,5830,47.385931494318356
n2_ccpvdz,N$_2$/cc-pVDZ,5840,46.59871814511973
n2_ccpvdz,N$_2$/cc-pVDZ,5850,46.56601763171864
n2_ccpvdz,N$_2$/cc-pVDZ,5860,46.257457731144314
n2_ccpvdz,N$_2$/cc-pVDZ,5870,47.94925924994686
n2_ccpvdz,N$_2$/cc-pVDZ,5880,48.33024856678492
n2_ccpvdz,N$_2$/cc-pVDZ,5890,47.00660970240733
n2_ccpvdz,N$_2$/cc-pVDZ,5900,46.32142460322086
n2_ccpvdz,N$_2$/cc-pVDZ,5910,46.48022963199594
n2_ccpvdz,N$_2$/cc-pVDZ,5920,47.35493778495936
n2_ccpvdz,N$_2$/cc-pVDZ,5930,46.80258948879157
n2_ccpvdz,N$_2$/cc-pVDZ,5940,46.08738005782698
n2_ccpvdz,N$_2$/cc-pVDZ,5950,47.6932346767569
n2_ccpvdz,N$_2$/cc-pVDZ,5960,46.22359864852399
n2_ccpvdz,N$_2$/cc-pVDZ,5970,46.547247344179254
n2_ccpvdz,N$_2$/cc-pVDZ,5980,47.17051841529951
n2_ccpvdz,N$_2$/cc-pVDZ,5990,46.54189800811537
n2_ccpvdz,N$_2$/cc-pVDZ,6000,45.96479565259415
n2_ccpvdz,N$_2$/cc-pVDZ,6010,49.80494060910701
n2_ccpvdz,N$_2$/cc-pVDZ,6020,47.38543372772597
n2_ccpvdz,N$_2$/cc-pVDZ,6030,50.14987117083081
n2_ccpvdz,N$_2$/cc-pVDZ,6040,49.84506691634749
n2_ccpvdz,N$_2$/cc-pVDZ,6050,47.00432972546764
n2_ccpvdz,N$_2$/cc-pVDZ,6060,46.08673671963004
n2_ccpvdz,N$_2$/cc-pVDZ,6070,46.00340263343128
n2_ccpvdz,N$_2$/cc-pVDZ,6080,46.130470877443486
n2_ccpvdz,N$_2$/cc-pVDZ,6090,46.7227269572561
n2_ccpvdz,N$_2$/cc-pVDZ,6100,46.01960737331012
n2_ccpvdz,N$_2$/cc-pVDZ,6110,46.86055896235075
n2_ccpvdz,N$_2$/cc-pVDZ,6120,46.37910663461753
n2_ccpvdz,N$_2$/cc-pVDZ,6130,47.16610521730047
n2_ccpvdz,N$_2$/cc-pVDZ,6140,46.22479897101073
n2_ccpvdz,N$_2$/cc-pVDZ,6150,45.948995624286226
n2_ccpvdz,N$_2$/cc-pVDZ,6160,45.773965353959056
n2_ccpvdz,N$_2$/cc-pVDZ,6170,46.667128249012535
n2_ccpvdz,N$_2$/cc-pVDZ,6180,47.282147390049545
n2_ccpvdz,N$_2$/cc-pVDZ,6190,46.09824992721201
n2_ccpvdz,N$_2$/cc-pVDZ,6200,46.792304143181696
n2_ccpvdz,N$_2$/cc-pVDZ,6210,48.12290385370943
n2_ccpvdz,N$_2$/cc-pVDZ,6220,46.48455019987807
n2_ccpvdz,N$_2$/cc-pVDZ,6230,46.153350306738616
n2_ccpvdz,N$_2$/cc-pVDZ,6240,45.82906867908321
n2_ccpvdz,N$_2$/cc-pVDZ,6250,46.223781946451936
n2_ccpvdz,N$_2$/cc-pVDZ,6260,46.603680520263424
n2_ccpvdz,N$_2$/cc-pVDZ,6270,46.874885817132395
n2_ccpvdz,N$_2$/cc-pVDZ,6280,46.37569608534875
n2_ccpvdz,N$_2$/cc-pVDZ,6290,45.95595288317611
n2_ccpvdz,N$_2$/cc-pVDZ,6300,46.005307565792464
n2_ccpvdz,N$_2$/cc-pVDZ,6310,46.980572613762206
n2_ccpvdz,N$_2$/cc-pVDZ,6320,45.81305615558051
n2_ccpvdz,N$_2$/cc-pVDZ,6330,46.00559471595034
n2_ccpvdz,N$_2$/cc-pVDZ,6340,49.149965816951635
n2_ccpvdz,N$_2$/cc-pVDZ,6350,46.57985070096515
n2_ccpvdz,N$_2$/cc-pVDZ,6360,46.24760626333568
n2_ccpvdz,N$_2$/cc-pVDZ,6370,46.16112489250668
n2_ccpvdz,N$_2$/cc-pVDZ,6380,45.56384768009991
n2_ccpvdz,N$_2$/cc-pVDZ,6390,45.69369903718723
n2_ccpvdz,N$_2$/cc-pVDZ,6400,47.29211002806721
n2_ccpvdz,N$_2$/cc-pVDZ,6410,45.885592264610864
n2_ccpvdz,N$_2$/cc-pVDZ,6420,46.91557801764645
n2_ccpvdz,N$_2$/cc-pVDZ,6430,46.08082973265937
n2_ccpvdz,N$_2$/cc-pVDZ,6440,46.44350599272684
n2_ccpvdz,N$_2$/cc-pVDZ,6450,46.101792565025335
n2_ccpvdz,N$_2$/cc-pVDZ,6460,45.47380919400723
n2_ccpvdz,N$_2$/cc-pVDZ,6470,45.9092351135979
n2_ccpvdz,N$_2$/cc-pVDZ,6480,46.18813459046578
n2_ccpvdz,N$_2$/cc-pVDZ,6490,45.626705005517465
n2_ccpvdz,N$_2$/cc-pVDZ,6500,46.41962994602977
n2_ccpvdz,N$_2$/cc-pVDZ,6510,46.26371726077139
n2_ccpvdz,N$_2$/cc-pVDZ,6520,46.0865357453315
n2_ccpvdz,N$_2$/cc-pVDZ,6530,45.75544541069121
n2_ccpvdz,N$_2$/cc-pVDZ,6540,46.15576792805598
n2_ccpvdz,N$_2$/cc-pVDZ,6550,46.14462056986213
n2_ccpvdz,N$_2$/cc-pVDZ,6560,46.277792500703185
n2_ccpvdz,N$_2$/cc-pVDZ,6570,45.883831877816306
n2_ccpvdz,N$_2$/cc-pVDZ,6580,45.63966404244013
n2_ccpvdz,N$_2$/cc-pVDZ,6590,47.68467459032877
n2_ccpvdz,N$_2$/cc-pVDZ,6600,45.663226060540296
n2_ccpvdz,N$_2$/cc-pVDZ,6610,45.774161230639265
n2_ccpvdz,N$_2$/cc-pVDZ,6620,46.87420930200403
n2_ccpvdz,N$_2$/cc-pVDZ,6630,46.524147483197
n2_ccpvdz,N$_2$/cc-pVDZ,6640,46.096606175979105
n2_ccpvdz,N$_2$/cc-pVDZ,6650,45.23138181828301
n2_ccpvdz,N$_2$/cc-pVDZ,6660,45.930872186531246
n2_ccpvdz,N$_2$/cc-pVDZ,6670,45.7871186138874
n2_ccpvdz,N$_2$/cc-pVDZ,6680,46.411453035673844
n2_ccpvdz,N$_2$/cc-pVDZ,6690,46.36514652263202
n2_ccpvdz,N$_2$/cc-pVDZ,6700,45.650294813768255
n2_ccpvdz,N$_2$/cc-pVDZ,6710,46.03719873414036
n2_ccpvdz,N$_2$/cc-pVDZ,6720,46.446763371676525
n2_ccpvdz,N$_2$/cc-pVDZ,6730,45.55998575754927
n2_ccpvdz,N$_2$/cc-pVDZ,6740,45.26115418342158
n2_ccpvdz,N$_2$/cc-pVDZ,6750,46.14895879652181
n2_ccpvdz,N$_2$/cc-pVDZ,6760,45.17998719119021
n2_ccpvdz,N$_2$/cc-pVDZ,6770,45.10044868845853
n2_ccpvdz,N$_2$/cc-pVDZ,6780,45.155626396123694
n2_ccpvdz,N$_2$/cc-pVDZ,6790,47.193816853564385
n2_ccpvdz,N$_2$/cc-pVDZ,6800,46.42474921296014
n2_ccpvdz,N$_2$/cc-pVDZ,6810,45.64184313873909
n2_ccpvdz,N$_2$/cc-pVDZ,6820,45.424527611260146
n2_ccpvdz,N$_2$/cc-pVDZ,6830,46.74684350820257
n2_ccpvdz,N$_2$/cc-pVDZ,6840,46.58306412640911
n2_ccpvdz,N$_2$/cc-pVDZ,6850,45.28955267149115
n2_ccpvdz,N$_2$/cc-pVDZ,6860,45.07838816762444
n2_ccpvdz,N$_2$/cc-pVDZ,6870,47.486399482153274
n2_ccpvdz,N$_2$/cc-pVDZ,6880,45.569293356223284
n2_ccpvdz,N$_2$/cc-pVDZ,6890,45.676484987097865
n2_ccpvdz,N$_2$/cc-pVDZ,6900,45.24937216547187
n2_ccpvdz,N$_2$/cc-pVDZ,6910,46.105433181608646
n2_ccpvdz,N$_2$/cc-pVDZ,6920,44.87808143045413
n2_ccpvdz,N$_2$/cc-pVDZ,6930,45.59424148484936
n2_ccpvdz,N$_2$/cc-pVDZ,6940,46.10357570106771
n2_ccpvdz,N$_2$/cc-pVDZ,6950,45.234206731691984
n2_ccpvdz,N$_2$/cc-pVDZ,6960,45.09060515039209
n2_ccpvdz,N$_2$/cc-pVDZ,6970,45.35730868489907
n2_ccpvdz,N$_2$/cc-pVDZ,6980,45.39351920766421
n2_ccpvdz,N$_2$/cc-pVDZ,6990,45.9442238226444
n2_ccpvdz,N$_2$/cc-pVDZ,7000,44.97709797202276
n2_ccpvdz,N$_2$/cc-pVDZ,7010,45.7026623131469
n2_ccpvdz,N$_2$/cc-pVDZ,7020,44.93526021191485
n2_ccpvdz,N$_2$/cc-pVDZ,7030,44.77254767357408
n2_ccpvdz,N$_2$/cc-pVDZ,7040,44.93570645399814
n2_ccpvdz,N$_2$/cc-pVDZ,7050,46.40884701639436
n2_ccpvdz,N$_2$/cc-pVDZ,7060,45.80520424559609
n2_ccpvdz,N$_2$/cc-pVDZ,7070,45.08654895684572
n2_ccpvdz,N$_2$/cc-pVDZ,7080,45.4052442189834
n2_ccpvdz,N$_2$/cc-pVDZ,7090,45.14543754095257
n2_ccpvdz,N$_2$/cc-pVDZ,7100,44.80865060904193
n2_ccpvdz,N$_2$/cc-pVDZ,7110,45.242825552890054
n2_ccpvdz,N$_2$/cc-pVDZ,7120,45.61342274979552
n2_ccpvdz,N$_2$/cc-pVDZ,7130,44.68315910048659
n2_ccpvdz,N$_2$/cc-pVDZ,7140,44.67301065331242
n2_ccpvdz,N$_2$/cc-pVDZ,7150,45.76804124633327
n2_ccpvdz,N$_2$/cc-pVDZ,7160,44.997167597060184
n2_ccpvdz,N$_2$/cc-pVDZ,7170,45.12815463475306
n2_ccpvdz,N$_2$/cc-pVDZ,7180,45.08910636525343
n2_ccpvdz,N$_2$/cc-pVDZ,7190,44.920656943659765
n2_ccpvdz,N$_2$/cc-pVDZ,7200,45.60307420452148
n2_ccpvdz,N$_2$/cc-pVDZ,7210,46.715937243959615
n2_ccpvdz,N$_2$/cc-pVDZ,7220,45.59462096392508
n2_ccpvdz,N$_2$/cc-pVDZ,7230,46.111744568833046
n2_ccpvdz,N$_2$/cc-pVDZ,7240,45.16568434317492
n2_ccpvdz,N$_2$/cc-pVDZ,7250,44.6181951839435
n2_ccpvdz,N$_2$/cc-pVDZ,7260,44.983710341568894
n2_ccpvdz,N$_2$/cc-pVDZ,7270,45.129554507497005
n2_ccpvdz,N$_2$/cc-pVDZ,7280,45.12748004965772
n2_ccpvdz,N$_2$/cc-pVDZ,7290,44.75511023845513
n2_ccpvdz,N$_2$/cc-pVDZ,7300,45.03894842163447
n2_ccpvdz,N$_2$/cc-pVDZ,7310,44.99962099563959
n2_ccpvdz,N$_2$/cc-pVDZ,7320,45.18112268189611
n2_ccpvdz,N$_2$/cc-pVDZ,7330,44.90394338043302
n2_ccpvdz,N$_2$/cc-pVDZ,7340,46.42559098078891
n2_ccpvdz,N$_2$/cc-pVDZ,7350,44.87101215059397
n2_ccpvdz,N$_2$/cc-pVDZ,7360,45.11153299721116
n2_ccpvdz,N$_2$/cc-pVDZ,7370,44.335834272004604
n2_ccpvdz,N$_2$/cc-pVDZ,7380,45.688811961042575
n2_ccpvdz,N$_2$/cc-pVDZ,7390,47.431225577582836
n2_ccpvdz,N$_2$/cc-pVDZ,7400,45.07413465117338
n2_ccpvdz,N$_2$/cc-pVDZ,7410,44.633708741088185
n2_ccpvdz,N$_2$/cc-pVDZ,7420,44.46246181286995
n2_ccpvdz,N$_2$/cc-pVDZ,7430,46.06690895558074
n2_ccpvdz,N$_2$/cc-pVDZ,7440,45.23646284016536
n2_ccpvdz,N$_2$/cc-pVDZ,7450,44.82907797326163
n2_ccpvdz,N$_2$/cc-pVDZ,7460,44.87749896141224
n2_ccpvdz,N$_2$/cc-pVDZ,7470,45.736026808739894
n2_ccpvdz,N$_2$/cc-pVDZ,7480,44.51830852725891
n2_ccpvdz,N$_2$/cc-pVDZ,7490,44.38953681508906
n2_ccpvdz,N$_2$/cc-pVDZ,7500,44.36083208516095
n2_ccpvdz,N$_2$/cc-pVDZ,7510,45.62263226691243
n2_ccpvdz,N$_2$/cc-pVDZ,7520,45.74053482163265
n2_ccpvdz,N$_2$/cc-pVDZ,7530,44.693451646836024
n2_ccpvdz,N$_2$/cc-pVDZ,7540,44.58096338788664
n2_ccpvdz,N$_2$/cc-pVDZ,7550,45.55489058205353
n2_ccpvdz,N$_2$/cc-pVDZ,7560,44.342013544891756
n2_ccpvdz,N$_2$/cc-pVDZ,7570,44.79565392914253
n2_ccpvdz,N$_2$/cc-pVDZ,7580,44.081281908091796
n2_ccpvdz,N$_2$/cc-pVDZ,7590,44.66717281766819
n2_ccpvdz,N$_2$/cc-pVDZ,7600,44.42552527542887
n2_ccpvdz,N$_2$/cc-pVDZ,7610,45.02986396951769
n2_ccpvdz,N$_2$/cc-pVDZ,7620,45.74267922473041
n2_ccpvdz,N$_2$/cc-pVDZ,7630,44.88903189007942
n2_ccpvdz,N$_2$/cc-pVDZ,7640,44.27457620023745
n2_ccpvdz,N$_2$/cc-pVDZ,7650,44.98272083253596
n2_ccpvdz,N$_2$/cc-pVDZ,7660,44.26732529053368
n2_ccpvdz,N$_2$/cc-pVDZ,7670,44.37113502245893
n2_ccpvdz,N$_2$/cc-pVDZ,7680,44.24259151937804
n2_ccpvdz,N$_2$/cc-pVDZ,7690,45.32870444108994
n2_ccpvdz,N$_2$/cc-pVDZ,7700,44.7250784535953
n2_ccpvdz,N$_2$/cc-pVDZ,7710,44.39117991535113
n2_ccpvdz,N$_2$/cc-pVDZ,7720,44.23469552536119
n2_ccpvdz,N$_2$/cc-pVDZ,7730,44.505776949165465
n2_ccpvdz,N$_2$/cc-pVDZ,7740,44.26638005060113
n2_ccpvdz,N$_2$/cc-pVDZ,7750,45.97470508379331
n2_ccpvdz,N$_2$/cc-pVDZ,7760,44.25846945606793
n2_ccpvdz,N$_2$/cc-pVDZ,7770,44.63750458663185
n2_ccpvdz,N$_2$/cc-pVDZ,7780,44.42998334116055
n2_ccpvdz,N$_2$/cc-pVDZ,7790,44.912861232532464
n2_ccpvdz,N$_2$/cc-pVDZ,7800,44.124102734556914
n2_ccpvdz,N$_2$/cc-pVDZ,7810,44.88695538803711
n2_ccpvdz,N$_2$/cc-pVDZ,7820,44.29268051367785
n2_ccpvdz,N$_2$/cc-pVDZ,7830,44.36186719760826
n2_ccpvdz,N$_2$/cc-pVDZ,7840,44.769066750532716
n2_ccpvdz,N$_2$/cc-pVDZ,7850,44.48377902716061
n2_ccpvdz,N$_2$/cc-pVDZ,7860,44.137142179693
n2_ccpvdz,N$_2$/cc-pVDZ,7870,44.66568907560031
n2_ccpvdz,N$_2$/cc-pVDZ,7880,44.66498042835099
n2_ccpvdz,N$_2$/cc-pVDZ,7890,44.55569014066896
n2_ccpvdz,N$_2$/cc-pVDZ,7900,44.38742834324216
n2_ccpvdz,N$_2$/cc-pVDZ,7910,43.80846277919659
n2_ccpvdz,N$_2$/cc-pVDZ,7920,46.46468421003647
n2_ccpvdz,N$_2$/cc-pVDZ,7930,44.50326716937525
n2_ccpvdz,N$_2$/cc-pVDZ,7940,44.45403155567362
n2_ccpvdz,N$_2$/cc-pVDZ,7950,44.052183753592544
n2_ccpvdz,N$_2$/cc-pVDZ,7960,43.952076960096065
n2_ccpvdz,N$_2$/cc-pVDZ,7970,43.986601658275504
n2_ccpvdz,N$_2$/cc-pVDZ,7980,44.729023746043595
n2_ccpvdz,N$_2$/cc-pVDZ,7990,44.88501396525635
n2_ccpvdz,N$_2$/cc-pVDZ,8000,44.22650550566232
n2_ccpvdz,N$_2$/cc-pVDZ,8010,43.98037572751434
n2_ccpvdz,N$_2$/cc-pVDZ,8020,44.45494844554787
n2_ccpvdz,N$_2$/cc-pVDZ,8030,44.281027173369125
n2_ccpvdz,N$_2$/cc-pVDZ,8040,44.53716910880701
n2_ccpvdz,N$_2$/cc-pVDZ,8050,45.38535362461005
n2_ccpvdz,N$_2$/cc-pVDZ,8060,44.668635971419235
n2_ccpvdz,N$_2$/cc-pVDZ,8070,45.03742584624604
n2_ccpvdz,N$_2$/cc-pVDZ,8080,44.60246221437103
n2_ccpvdz,N$_2$/cc-pVDZ,8090,43.884414552195494
n2_ccpvdz,N$_2$/cc-pVDZ,8100,43.94930883287884
n2_ccpvdz,N$_2$/cc-pVDZ,8110,43.86249550130117
n2_ccpvdz,N$_2$/cc-pVDZ,8120,44.87332824044188
n2_ccpvdz,N$_2$/cc-pVDZ,8130,43.763540034674975
n2_ccpvdz,N$_2$/cc-pVDZ,8140,43.7481390003569
n2_ccpvdz,N$_2$/cc-pVDZ,8150,43.83785706399124
n2_ccpvdz,N$_2$/cc-pVDZ,8160,44.45509207737075
n2_ccpvdz,N$_2$/cc-pVDZ,8170,44.171953153693266
n2_ccpvdz,N$_2$/cc-pVDZ,8180,43.68989428675718
n2_ccpvdz,N$_2$/cc-pVDZ,8190,45.09995928043509
n2_ccpvdz,N$_2$/cc-pVDZ,8200,43.57107584593223
n2_ccpvdz,N$_2$/cc-pVDZ,8210,43.953871361608776
n2_ccpvdz,N$_2$/cc-pVDZ,8220,43.8098572583101
n2_ccpvdz,N$_2$/cc-pVDZ,8230,43.88702712779491
n2_ccpvdz,N$_2$/cc-pVDZ,8240,44.14501799259085
n2_ccpvdz,N$_2$/cc-pVDZ,8250,43.478581143773454
n2_ccpvdz,N$_2$/cc-pVDZ,8260,43.82542202698403
n2_ccpvdz,N$_2$/cc-pVDZ,8270,43.68001259881282
n2_ccpvdz,N$_2$/cc-pVDZ,8280,44.32351218129327
n2_ccpvdz,N$_2$/cc-pVDZ,8290,44.18623371986996
n2_ccpvdz,N$_2$/cc-pVDZ,8300,43.54433787796097
n2_ccpvdz,N$_2$/cc-pVDZ,8310,44.08667726255544
n2_ccpvdz,N$_2$/cc-pVDZ,8320,44.1197981632655
n2_ccpvdz,N$_2$/cc-pVDZ,8330,44.32865609481951
n2_ccpvdz,N$_2$/cc-pVDZ,8340,44.419088752235325
n2_ccpvdz,N$_2$/cc-pVDZ,8350,43.90851475652369
n2_ccpvdz,N$_2$/cc-pVDZ,8360,43.52651352594705
n2_ccpvdz,N$_2$/cc-pVDZ,8370,43.50353024697995
n2_ccpvdz,N$_2$/cc-pVDZ,8380,43.838995763152866
n2_ccpvdz,N$_2$/cc-pVDZ,8390,44.50408818087226
n2_ccpvdz,N$_2$/cc-pVDZ,8400,43.822674242008475
n2_ccpvdz,N$_2$/cc-pVDZ,8410,45.11371546878706
n2_ccpvdz,N$_2$/cc-pVDZ,8420,44.081303343517675
n2_ccpvdz,N$_2$/cc-pVDZ,8430,43.72222932940417
n2_ccpvdz,N$_2$/cc-pVDZ,8440,43.646902092817186
n2_ccpvdz,N$_2$/cc-pVDZ,8450,44.36658378330094
n2_ccpvdz,N$_2$/cc-pVDZ,8460,44.53138299216164
n2_ccpvdz,N$_2$/cc-pVDZ,8470,43.341890389541504
n2_ccpvdz,N$_2$/cc-pVDZ,8480,43.58833619862423
n2_ccpvdz,N$_2$/cc-pVDZ,8490,44.569282127511656
n2_ccpvdz,N$_2$/cc-pVDZ,8500,44.01802387538112
n2_ccpvdz,N$_2$/cc-pVDZ,8510,43.63326474319251
n2_ccpvdz,N$_2$/cc-pVDZ,8520,43.33875510991447
n2_ccpvdz,N$_2$/cc-pVDZ,8530,43.97161383440107
n2_ccpvdz,N$_2$/cc-pVDZ,8540,43.938788375001536
n2_ccpvdz,N$_2$/cc-pVDZ,8550,43.48850289261463
n2_ccpvdz,N$_2$/cc-pVDZ,8560,43.24886634715597
n2_ccpvdz,N$_2$/cc-pVDZ,8570,47.023942541272845
n2_ccpvdz,N$_2$/cc-pVDZ,8580,43.66662901638563
n2_ccpvdz,N$_2$/cc-pVDZ,8590,45.43181880505642
n2_ccpvdz,N$_2$/cc-pVDZ,8600,44.09676139414387
n2_ccpvdz,N$_2$/cc-pVDZ,8610,43.58822961452802
n2_ccpvdz,N$_2$/cc-pVDZ,8620,43.22741157737653
n2_ccpvdz,N$_2$/cc-pVDZ,8630,43.53277414232082
n2_ccpvdz,N$_2$/cc-pVDZ,8640,43.674731425227264
n2_ccpvdz,N$_2$/cc-pVDZ,8650,43.1515701793046
n2_ccpvdz,N$_2$/cc-pVDZ,8660,43.35344580120193
n2_ccpvdz,N$_2$/cc-pVDZ,8670,43.087915738553306
n2_ccpvdz,N$_2$/cc-pVDZ,8680,43.46125297777803
n2_ccpvdz,N$_2$/cc-pVDZ,8690,43.2079826614995
n2_ccpvdz,N$_2$/cc-pVDZ,8700,43.35298523402287
n2_ccpvdz,N$_2$/cc-pVDZ,8710,46.319882688436564
n2_ccpvdz,N$_2$/cc-pVDZ,8720,44.11522872166529
n2_ccpvdz,N$_2$/cc-pVDZ,8730,43.71458800061134
n2_ccpvdz,N$_2$/cc-pVDZ,8740,43.16910855978051
n2_ccpvdz,N$_2$/cc-pVDZ,8750,43.34079047502826
n2_ccpvdz,N$_2$/cc-pVDZ,8760,43.82651636188939
n2_ccpvdz,N$_2$/cc-pVDZ,8770,43.074726563773424
n2_ccpvdz,N$_2$/cc-pVDZ,8780,43.32730388594541
n2_ccpvdz,N$_2$/cc-pVDZ,8790,45.817084539905295
n2_ccpvdz,N$_2$/cc-pVDZ,8800,43.23750336628507
n2_ccpvdz,N$_2$/cc-pVDZ,8810,43.02790285065328
n2_ccpvdz,N$_2$/cc-pVDZ,8820,43.35347415863566
n2_ccpvdz,N$_2$/cc-pVDZ,8830,44.00406443288318
n2_ccpvdz,N$_2$/cc-pVDZ,8840,43.43545020813622
n2_ccpvdz,N$_2$/cc-pVDZ,8850,43.01032011530026
n2_ccpvdz,N$_2$/cc-pVDZ,8860,44.087578328174004
n2_ccpvdz,N$_2$/cc-pVDZ,8870,43.02384723669661
n2_ccpvdz,N$_2$/cc-pVDZ,8880,43.76350818530739
n2_ccpvdz,N$_2$/cc-pVDZ,8890,43.34907901490226
n2_ccpvdz,N$_2$/cc-pVDZ,8900,43.243608580326054
n2_ccpvdz,N$_2$/cc-pVDZ,8910,43.1944980352057
n2_ccpvdz,N$_2$/cc-pVDZ,8920,43.39977588080046
n2_ccpvdz,N$_2$/cc-pVDZ,8930,43.66080153438645
n2_ccpvdz,N$_2$/cc-pVDZ,8940,42.85035298789808
n2_ccpvdz,N$_2$/cc-pVDZ,8950,44.163158965119464
n2_ccpvdz,N$_2$/cc-pVDZ,8960,43.06590682233491
n2_ccpvdz,N$_2$/cc-pVDZ,8970,42.873940851009706
n2_ccpvdz,N$_2$/cc-pVDZ,8980,43.27646317129563
n2_ccpvdz,N$_2$/cc-pVDZ,8990,43.93346757120753
n2_ccpvdz,N$_2$/cc-pVDZ,9000,43.05682375624542
n2_ccpvdz,N$_2$/cc-pVDZ,9010,43.078736662465644
n2_ccpvdz,N$_2$/cc-pVDZ,9020,42.85285673741157
n2_ccpvdz,N$_2$/cc-pVDZ,9030,43.61932511909572
n2_ccpvdz,N$_2$/cc-pVDZ,9040,42.84262123233873
n2_ccpvdz,N$_2$/cc-pVDZ,9050,44.428894390989626
n2_ccpvdz,N$_2$/cc-pVDZ,9060,43.694096879249855
n2_ccpvdz,N$_2$/cc-pVDZ,9070,42.834249273681735
n2_ccpvdz,N$_2$/cc-pVDZ,9080,43.4245712904584
n2_ccpvdz,N$_2$/cc-pVDZ,9090,43.651758106875604
n2_ccpvdz,N$_2$/cc-pVDZ,9100,43.490399274290326
n2_ccpvdz,N$_2$/cc-pVDZ,9110,43.1761444564529
n2_ccpvdz,N$_2$/cc-pVDZ,9120,43.0870453273684
n2_ccpvdz,N$_2$/cc-pVDZ,9130,43.15038683169803
n2_ccpvdz,N$_2$/cc-pVDZ,9140,43.14070373098389
n2_ccpvdz,N$_2$/cc-pVDZ,9150,42.78992094776868
n2_ccpvdz,N$_2$/cc-pVDZ,9160,43.25769226139187
n2_ccpvdz,N$_2$/cc-pVDZ,9170,43.17880457496415
n2_ccpvdz,N$_2$/cc-pVDZ,9180,42.91465100627079
n2_ccpvdz,N$_2$/cc-pVDZ,9190,43.74605240499818
n2_ccpvdz,N$_2$/cc-pVDZ,9200,43.606207305359135
n2_ccpvdz,N$_2$/cc-pVDZ,9210,42.662490675624554
n2_ccpvdz,N$_2$/cc-pVDZ,9220,42.65898930042056
n2_ccpvdz,N$_2$/cc-pVDZ,9230,45.17210093491997
n2_ccpvdz,N$_2$/cc-pVDZ,9240,43.81303549241977
n2_ccpvdz,N$_2$/cc-pVDZ,9250,43.14646966754765
n2_ccpvdz,N$_2$/cc-pVDZ,9260,42.5228256037542
n2_ccpvdz,N$_2$/cc-pVDZ,9270,44.14523087758937
n2_ccpvdz,N$_2$/cc-pVDZ,9280,42.62668878787679
n2_ccpvdz,N$_2$/cc-pVDZ,9290,42.72657957663739
n2_ccpvdz,N$_2$/cc-pVDZ,9300,42.696904910215494
n2_ccpvdz,N$_2$/cc-pVDZ,9310,43.8204199743808
n2_ccpvdz,N$_2$/cc-pVDZ,9320,43.81135527951585
n2_ccpvdz,N$_2$/cc-pVDZ,9330,44.64727318770656
n2_ccpvdz,N$_2$/cc-pVDZ,9340,43.60706602901132
n2_ccpvdz,N$_2$/cc-pVDZ,9350,42.90487977597479
n2_ccpvdz,N$_2$/cc-pVDZ,9360,43.67151543070236
n2_ccpvdz,N$_2$/cc-pVDZ,9370,42.60216800122407
n2_ccpvdz,N$_2$/cc-pVDZ,9380,42.78832053164194
n2_ccpvdz,N$_2$/cc-pVDZ,9390,42.99916139314064
n2_ccpvdz,N$_2$/cc-pVDZ,9400,43.08676108568932
n2_ccpvdz,N$_2$/cc-pVDZ,9410,42.7367093595592
n2_ccpvdz,N$_2$/cc-pVDZ,9420,42.907510340498334
n2_ccpvdz,N$_2$/cc-pVDZ,9430,42.68081848748295
n2_ccpvdz,N$_2$/cc-pVDZ,9440,42.8439216716896
n2_ccpvdz,N$_2$/cc-pVDZ,9450,42.53060710622947
n2_ccpvdz,N$_2$/cc-pVDZ,9460,42.425204333383704
n2_ccpvdz,N$_2$/cc-pVDZ,9470,43.48168798827601
n2_ccpvdz,N$_2$/cc-pVDZ,9480,43.55477462173951
n2_ccpvdz,N$_2$/cc-pVDZ,9490,42.702868968376606
n2_ccpvdz,N$_2$/cc-pVDZ,9500,42.96802170375713
n2_ccpvdz,N$_2$/cc-pVDZ,9510,42.55570184318458
n2_ccpvdz,N$_2$/cc-pVDZ,9520,42.60354787210474
n2_ccpvdz,N$_2$/cc-pVDZ,9530,42.44044266602032
n2_ccpvdz,N$_2$/cc-pVDZ,9540,42.366389263250426
n2_ccpvdz,N$_2$/cc-pVDZ,9550,44.65527623996479
n2_ccpvdz,N$_2$/cc-pVDZ,9560,43.620271349723794
n2_ccpvdz,N$_2$/cc-pVDZ,9570,43.15583976321591
n2_ccpvdz,N$_2$/cc-pVDZ,9580,42.329682929860724
n2_ccpvdz,N$_2$/cc-pVDZ,9590,42.35750156807683
n2_ccpvdz,N$_2$/cc-pVDZ,9600,43.92487305888437
n2_ccpvdz,N$_2$/cc-pVDZ,9610,43.14427563488721
n2_ccpvdz,N$_2$/cc-pVDZ,9620,42.82605448943855
n2_ccpvdz,N$_2$/cc-pVDZ,9630,42.73031399409888
n2_ccpvdz,N$_2$/cc-pVDZ,9640,43.60226316113369
n2_ccpvdz,N$_2$/cc-pVDZ,9650,43.43063195781838
n2_ccpvdz,N$_2$/cc-pVDZ,9660,43.04574389288973
n2_ccpvdz,N$_2$/cc-pVDZ,9670,42.38056561253245
n2_ccpvdz,N$_2$/cc-pVDZ,9680,42.286682978115664
n2_ccpvdz,N$_2$/cc-pVDZ,9690,42.46138581760306
n2_ccpvdz,N$_2$/cc-pVDZ,9700,42.695817830590954
n2_ccpvdz,N$_2$/cc-pVDZ,9710,42.67468146431952
n2_ccpvdz,N$_2$/cc-pVDZ,9720,42.26328800734791
n2_ccpvdz,N$_2$/cc-pVDZ,9730,42.509313071974475
n2_ccpvdz,N$_2$/cc-pVDZ,9740,42.35558910838222
n2_ccpvdz,N$_2$/cc-pVDZ,9750,44.13986180937002
n2_ccpvdz,N$_2$/cc-pVDZ,9760,42.78893165835029
n2_ccpvdz,N$_2$/cc-pVDZ,9770,42.45988620438368
n2_ccpvdz,N$_2$/cc-pVDZ,9780,43.28154263363615
n2_ccpvdz,N$_2$/cc-pVDZ,9790,42.52368390035599
n2_ccpvdz,N$_2$/cc-pVDZ,9800,42.53419259576674
n2_ccpvdz,N$_2$/cc-pVDZ,9810,42.37241431466998
n2_ccpvdz,N$_2$/cc-pVDZ,9820,42.268220980702154
n2_ccpvdz,N$_2$/cc-pVDZ,9830,42.484386195241086
n2_ccpvdz,N$_2$/cc-pVDZ,9840,42.477101220967484
n2_ccpvdz,N$_2$/cc-pVDZ,9850,42.630740324582916
n2_ccpvdz,N$_2$/cc-pVDZ,9860,42.56965441130944
n2_ccpvdz,N$_2$/cc-pVDZ,9870,42.43380045468825
n2_ccpvdz,N$_2$/cc-pVDZ,9880,42.12134932880929
n2_ccpvdz,N$_2$/cc-pVDZ,9890,42.317518169113555
n2_ccpvdz,N$_2$/cc-pVDZ,9900,42.97909086004381
n2_ccpvdz,N$_2$/cc-pVDZ,9910,42.99402432808108
n2_ccpvdz,N$_2$/cc-pVDZ,9920,42.54765651286618
n2_ccpvdz,N$_2$/cc-pVDZ,9930,42.34832352423723
n2_ccpvdz,N$_2$/cc-pVDZ,9940,42.39703129120187
n2_ccpvdz,N$_2$/cc-pVDZ,9950,42.09417338719845
n2_ccpvdz,N$_2$/cc-pVDZ,9960,42.807456817229195
n2_ccpvdz,N$_2$/cc-pVDZ,9970,42.15558995001345
n2_ccpvdz,N$_2$/cc-pVDZ,9980,42.07197126152096
n2_ccpvdz,N$_2$/cc-pVDZ,9990,42.75396989987712
n2_ccpvdz,N$_2$/cc-pVDZ,10000,42.467615279718984
n2_ccpvdz,N$_2$/cc-pVDZ,10010,42.486820112188184
n2_ccpvdz,N$_2$/cc-pVDZ,10020,42.01163342490588
n2_ccpvdz,N$_2$/cc-pVDZ,10030,42.40784648003171
n2_ccpvdz,N$_2$/cc-pVDZ,10040,42.58594522799797
n2_ccpvdz,N$_2$/cc-pVDZ,10050,42.06446080236503
n2_ccpvdz,N$_2$/cc-pVDZ,10060,42.34383006023279
n2_ccpvdz,N$_2$/cc-pVDZ,10070,42.06502829812564
n2_ccpvdz,N$_2$/cc-pVDZ,10080,42.11406892393654
n2_ccpvdz,N$_2$/cc-pVDZ,10090,42.17683083848556
n2_ccpvdz,N$_2$/cc-pVDZ,10100,41.987638858657306
n2_ccpvdz,N$_2$/cc-pVDZ,10110,41.844626351931424
n2_ccpvdz,N$_2$/cc-pVDZ,10120,42.478419120399735
n2_ccpvdz,N$_2$/cc-pVDZ,10130,43.143181686360776
n2_ccpvdz,N$_2$/cc-pVDZ,10140,41.9276166911402
n2_ccpvdz,N$_2$/cc-pVDZ,10150,42.00170072971332
n2_ccpvdz,N$_2$/cc-pVDZ,10160,42.157199956420754
n2_ccpvdz,N$_2$/cc-pVDZ,10170,41.9672964070088
n2_ccpvdz,N$_2$/cc-pVDZ,10180,42.09149318710104
n2_ccpvdz,N$_2$/cc-pVDZ,10190,42.04752785585697
n2_ccpvdz,N$_2$/cc-pVDZ,10200,42.12559071514477
n2_ccpvdz,N$_2$/cc-pVDZ,10210,42.02394691286315
n2_ccpvdz,N$_2$/cc-pVDZ,10220,42.282596033473396
n2_ccpvdz,N$_2$/cc-pVDZ,10230,42.06322018133335
n2_ccpvdz,N$_2$/cc-pVDZ,10240,42.197006610820154
n2_ccpvdz,N$_2$/cc-pVDZ,10250,42.504213074977315
n2_ccpvdz,N$_2$/cc-pVDZ,10260,41.88622369527195
n2_ccpvdz,N$_2$/cc-pVDZ,10270,42.616408276060724
n2_ccpvdz,N$_2$/cc-pVDZ,10280,42.15099160101943
n2_ccpvdz,N$_2$/cc-pVDZ,10290,41.80920399053889
n2_ccpvdz,N$_2$/cc-pVDZ,10300,42.74745384705625
n2_ccpvdz,N$_2$/cc-pVDZ,10310,42.537210693595284
n2_ccpvdz,N$_2$/cc-pVDZ,10320,42.0961770569761
n2_ccpvdz,N$_2$/cc-pVDZ,10330,41.732600501063644
n2_ccpvdz,N$_2$/cc-pVDZ,10340,41.55988337450367
n2_ccpvdz,N$_2$/cc-pVDZ,10350,41.80164103266293
n2_ccpvdz,N$_2$/cc-pVDZ,10360,42.05922983544497
n2_ccpvdz,N$_2$/cc-pVDZ,10370,42.374846318196546
n2_ccpvdz,N$_2$/cc-pVDZ,10380,42.27731643794641
n2_ccpvdz,N$_2$/cc-pVDZ,10390,41.81567828929644
n2_ccpvdz,N$_2$/cc-pVDZ,10400,41.779128137903854
n2_ccpvdz,N$_2$/cc-pVDZ,10410,42.041104841601395
n2_ccpvdz,N$_2$/cc-pVDZ,10420,41.7363531008732
n2_ccpvdz,N$_2$/cc-pVDZ,10430,42.29443816910816
n2_ccpvdz,N$_2$/cc-pVDZ,10440,41.94594798374851
n2_ccpvdz,N$_2$/cc-pVDZ,10450,41.764828594594405
n2_ccpvdz,N$_2$/cc-pVDZ,10460,41.73693189478911
n2_ccpvdz,N$_2$/cc-pVDZ,10470,42.83425215341197
n2_ccpvdz,N$_2$/cc-pVDZ,10480,42.12043305908253
n2_ccpvdz,N$_2$/cc-pVDZ,10490,41.86257156752049
n2_ccpvdz,N$_2$/cc-pVDZ,10500,42.13246411163141
n2_ccpvdz,N$_2$/cc-pVDZ,10510,41.68825725736269
n2_ccpvdz,N$_2$/cc-pVDZ,10520,42.45279885878972
n2_ccpvdz,N$_2$/cc-pVDZ,10530,41.55050033564578
n2_ccpvdz,N$_2$/cc-pVDZ,10540,41.527377997283565
n2_ccpvdz,N$_2$/cc-pVDZ,10550,42.683251901564745
n2_ccpvdz,N$_2$/cc-pVDZ,10560,41.61821957437439
n2_ccpvdz,N$_2$/cc-pVDZ,10570,41.510282552692956
n2_ccpvdz,N$_2$/cc-pVDZ,10580,41.465090063994126
n2_ccpvdz,N$_2$/cc-pVDZ,10590,42.116438386301525
n2_ccpvdz,N$_2$/cc-pVDZ,10600,41.77238186582599
n2_ccpvdz,N$_2$/cc-pVDZ,10610,41.836606758607786
n2_ccpvdz,N$_2$/cc-pVDZ,10620,42.04864833543809
n2_ccpvdz,N$_2$/cc-pVDZ,10630,41.376172771805386
n2_ccpvdz,N$_2$/cc-pVDZ,10640,41.30707318478244
n2_ccpvdz,N$_2$/cc-pVDZ,10650,42.04608239459162
n2_ccpvdz,N$_2$/cc-pVDZ,10660,41.64814370491854
n2_ccpvdz,N$_2$/cc-pVDZ,10670,41.8422520157975
n2_ccpvdz,N$_2$/cc-pVDZ,10680,41.238309632390724
n2_ccpvdz,N$_2$/cc-pVDZ,10690,42.98109854778431
n2_ccpvdz,N$_2$/cc-pVDZ,10700,41.719120439296375
n2_ccpvdz,N$_2$/cc-pVDZ,10710,41.916151274918434
n2_ccpvdz,N$_2$/cc-pVDZ,10720,41.92553975352098
n2_ccpvdz,N$_2$/cc-pVDZ,10730,41.43488064646306
n2_ccpvdz,N$_2$/cc-pVDZ,10740,41.33939092233163
n2_ccpvdz,N$_2$/cc-pVDZ,10750,41.699356001743126
n2_ccpvdz,N$_2$/cc-pVDZ,10760,41.35902615217901
n2_ccpvdz,N$_2$/cc-pVDZ,10770,41.50337503058665
n2_ccpvdz,N$_2$/cc-pVDZ,10780,42.13747367691667
n2_ccpvdz,N$_2$/cc-pVDZ,10790,42.39239429907116
n2_ccpvdz,N$_2$/cc-pVDZ,10800,41.46104881739632
n2_ccpvdz,N$_2$/cc-pVDZ,10810,41.50494625993417
n2_ccpvdz,N$_2$/cc-pVDZ,10820,41.703436402087846
n2_ccpvdz,N$_2$/cc-pVDZ,10830,41.06385610143093
n2_ccpvdz,N$_2$/cc-pVDZ,10840,41.42894617156401
n2_ccpvdz,N$_2$/cc-pVDZ,10850,41.7472997926609
n2_ccpvdz,N$_2$/cc-pVDZ,10860,42.58954854620356
n2_ccpvdz,N$_2$/cc-pVDZ,10870,42.55323725465132
n2_ccpvdz,N$_2$/cc-pVDZ,10880,41.85985285322147
n2_ccpvdz,N$_2$/cc-pVDZ,10890,41.55077926144202
n2_ccpvdz,N$_2$/cc-pVDZ,10900,41.15922334780464
n2_ccpvdz,N$_2$/cc-pVDZ,10910,41.74233886679701
n2_ccpvdz,N$_2$/cc-pVDZ,10920,41.32948993839136
n2_ccpvdz,N$_2$/cc-pVDZ,10930,41.19070799116287
n2_ccpvdz,N$_2$/cc-pVDZ,10940,43.406775965195266
n2_ccpvdz,N$_2$/cc-pVDZ,10950,41.19829755421733
n2_ccpvdz,N$_2$/cc-pVDZ,10960,41.07627648606638
n2_ccpvdz,N$_2$/cc-pVDZ,10970,41.11377473641653
n2_ccpvdz,N$_2$/cc-pVDZ,10980,41.265573236756836
n2_ccpvdz,N$_2$/cc-pVDZ,10990,41.01208434911996
n2_ccpvdz,N$_2$/cc-pVDZ,11000,40.906489448346406
n2_ccpvdz,N$_2$/cc-pVDZ,11010,41.54578090145833
n2_ccpvdz,N$_2$/cc-pVDZ,11020,41.32749705152605
n2_ccpvdz,N$_2$/cc-pVDZ,11030,41.18335369378201
n2_ccpvdz,N$_2$/cc-pVDZ,11040,40.88455476660613
n2_ccpvdz,N$_2$/cc-pVDZ,11050,41.53489695821122
n2_ccpvdz,N$_2$/cc-pVDZ,11060,41.39511792476469
n2_ccpvdz,N$_2$/cc-pVDZ,11070,40.932575003736815
n2_ccpvdz,N$_2$/cc-pVDZ,11080,41.427954336271
n2_ccpvdz,N$_2$/cc-pVDZ,11090,41.38699472834162
n2_ccpvdz,N$_2$/cc-pVDZ,11100,41.2561640216893
n2_ccpvdz,N$_2$/cc-pVDZ,11110,41.072105293622485
n2_ccpvdz,N$_2$/cc-pVDZ,11120,40.861594563452286
n2_ccpvdz,N$_2$/cc-pVDZ,11130,41.70987307180951
n2_ccpvdz,N$_2$/cc-pVDZ,11140,40.91256960685996
n2_ccpvdz,N$_2$/cc-pVDZ,11150,42.183547075538286
n2_ccpvdz,N$_2$/cc-pVDZ,11160,40.792025345837146
n2_ccpvdz,N$_2$/cc-pVDZ,11170,40.77065307936323
n2_ccpvdz,N$_2$/cc-pVDZ,11180,41.23121994791745
n2_ccpvdz,N$_2$/cc-pVDZ,11190,41.06284160283735
n2_ccpvdz,N$_2$/cc-pVDZ,11200,40.79158521857096
n2_ccpvdz,N$_2$/cc-pVDZ,11210,41.830136864888345
n2_ccpvdz,N$_2$/cc-pVDZ,11220,42.41829072529413
n2_ccpvdz,N$_2$/cc-pVDZ,11230,41.5123070918213
n2_ccpvdz,N$_2$/cc-pVDZ,11240,40.71202233758697
n2_ccpvdz,N$_2$/cc-pVDZ,11250,41.58730783417752
n2_ccpvdz,N$_2$/cc-pVDZ,11260,40.80313505870947
n2_ccpvdz,N$_2$/cc-pVDZ,11270,41.3994427925104
n2_ccpvdz,N$_2$/cc-pVDZ,11280,40.67467509254641
n2_ccpvdz,N$_2$/cc-pVDZ,11290,42.27054575528655
n2_ccpvdz,N$_2$/cc-pVDZ,11300,40.96312360074705
n2_ccpvdz,N$_2$/cc-pVDZ,11310,40.67314789961074
n2_ccpvdz,N$_2$/cc-pVDZ,11320,42.46128813625205
n2_ccpvdz,N$_2$/cc-pVDZ,11330,40.730822331227046
n2_ccpvdz,N$_2$/cc-pVDZ,11340,40.447452778821
n2_ccpvdz,N$_2$/cc-pVDZ,11350,40.21326614736154
n2_ccpvdz,N$_2$/cc-pVDZ,11360,40.88106389421853
n2_ccpvdz,N$_2$/cc-pVDZ,11370,41.12174208154329
n2_ccpvdz,N$_2$/cc-pVDZ,11380,40.61376044516862
n2_ccpvdz,N$_2$/cc-pVDZ,11390,40.51896487644058
n2_ccpvdz,N$_2$/cc-pVDZ,11400,40.10762721740946
n2_ccpvdz,N$_2$/cc-pVDZ,11410,41.86314516473999
n2_ccpvdz,N$_2$/cc-pVDZ,11420,41.72738168573176
n2_ccpvdz,N$_2$/cc-pVDZ,11430,41.11314150719636
n2_ccpvdz,N$_2$/cc-pVDZ,11440,40.61327381288038
n2_ccpvdz,N$_2$/cc-pVDZ,11450,40.358224473479254
n2_ccpvdz,N$_2$/cc-pVDZ,11460,39.981712720873475
n2_ccpvdz,N$_2$/cc-pVDZ,11470,40.37380162685622
n2_ccpvdz,N$_2$/cc-pVDZ,11480,40.06290930762191
n2_ccpvdz,N$_2$/cc-pVDZ,11490,40.48590883937209
n2_ccpvdz,N$_2$/cc-pVDZ,11500,40.486726198338374
n2_ccpvdz,N$_2$/cc-pVDZ,11510,40.100762702167
n2_ccpvdz,N$_2$/cc-pVDZ,11520,39.83033394570157
n2_ccpvdz,N$_2$/cc-pVDZ,11530,40.44487954531917
n2_ccpvdz,N$_2$/cc-pVDZ,11540,40.38784919725913
n2_ccpvdz,N$_2$/cc-pVDZ,11550,40.26991973084648
n2_ccpvdz,N$_2$/cc-pVDZ,11560,39.7653845063104
n2_ccpvdz,N$_2$/cc-pVDZ,11570,40.92178623768916
n2_ccpvdz,N$_2$/cc-pVDZ,11580,40.56270116984706
n2_ccpvdz,N$_2$/cc-pVDZ,11590,40.55135407298849
n2_ccpvdz,N$_2$/cc-pVDZ,11600,40.997009936518225
n2_ccpvdz,N$_2$/cc-pVDZ,11610,40.811021040212836
n2_ccpvdz,N$_2$/cc-pVDZ,11620,40.24113935409446
n2_ccpvdz,N$_2$/cc-pVDZ,11630,40.120085290311636
n2_ccpvdz,N$_2$/cc-pVDZ,11640,39.84842652484133
n2_ccpvdz,N$_2$/cc-pVDZ,11650,39.91384364020689
n2_ccpvdz,N$_2$/cc-pVDZ,11660,39.63684629813713
n2_ccpvdz,N$_2$/cc-pVDZ,11670,40.080497414791694
n2_ccpvdz,N$_2$/cc-pVDZ,11680,40.02632666261263
n2_ccpvdz,N$_2$/cc-pVDZ,11690,39.98925008093579
n2_ccpvdz,N$_2$/cc-pVDZ,11700,39.774343237837684
n2_ccpvdz,N$_2$/cc-pVDZ,11710,39.84373962104826
n2_ccpvdz,N$_2$/cc-pVDZ,11720,39.89585940877305
n2_ccpvdz,N$_2$/cc-pVDZ,11730,39.545424739159785
n2_ccpvdz,N$_2$/cc-pVDZ,11740,40.811334130822274
n2_ccpvdz,N$_2$/cc-pVDZ,11750,40.20257707480823
n2_ccpvdz,N$_2$/cc-pVDZ,11760,39.59196318787406
n2_ccpvdz,N$_2$/cc-pVDZ,11770,39.420554405523944
n2_ccpvdz,N$_2$/cc-pVDZ,11780,39.58128350335244
n2_ccpvdz,N$_2$/cc-pVDZ,11790,43.33683065472371
n2_ccpvdz,N$_2$/cc-pVDZ,11800,42.27082352477396
n2_ccpvdz,N$_2$/cc-pVDZ,11810,39.9944288623999
n2_ccpvdz,N$_2$/cc-pVDZ,11820,39.84729326866443
n2_ccpvdz,N$_2$/cc-pVDZ,11830,39.589081810319726
n2_ccpvdz,N$_2$/cc-pVDZ,11840,39.38573507954857
n2_ccpvdz,N$_2$/cc-pVDZ,11850,39.24083599864048
n2_ccpvdz,N$_2$/cc-pVDZ,11860,39.1978363186638
n2_ccpvdz,N$_2$/cc-pVDZ,11870,41.27913404317951
n2_ccpvdz,N$_2$/cc-pVDZ,11880,41.358981170787956
n2_ccpvdz,N$_2$/cc-pVDZ,11890,40.96776611146424
n2_ccpvdz,N$_2$/cc-pVDZ,11900,39.70112069153231
n2_ccpvdz,N$_2$/cc-pVDZ,11910,41.243316871259594
n2_ccpvdz,N$_2$/cc-pVDZ,11920,40.02939139692785
n2_ccpvdz,N$_2$/cc-pVDZ,11930,39.28041846322117
n2_ccpvdz,N$_2$/cc-pVDZ,11940,39.235837834084464
n2_ccpvdz,N$_2$/cc-pVDZ,11950,40.20436321786747
n2_ccpvdz,N$_2$/cc-pVDZ,11960,39.284705555559185
n2_ccpvdz,N$_2$/cc-pVDZ,11970,39.23493946149392
n2_ccpvdz,N$_2$/cc-pVDZ,11980,39.65797843076757
n2_ccpvdz,N$_2$/cc-pVDZ,11990,39.68742566995331
n2_ccpvdz,N$_2$/cc-pVDZ,12000,39.18035480384674
n2_ccpvdz,N$_2$/cc-pVDZ,12010,39.61979990515374
n2_ccpvdz,N$_2$/cc-pVDZ,12020,40.25302682707377
n2_ccpvdz,N$_2$/cc-pVDZ,12030,39.67055310143053
n2_ccpvdz,N$_2$/cc-pVDZ,12040,39.36437286490957
n2_ccpvdz,N$_2$/cc-pVDZ,12050,40.665797621727506
n2_ccpvdz,N$_2$/cc-pVDZ,12060,39.56276284618809
n2_ccpvdz,N$_2$/cc-pVDZ,12070,39.127364019378774
n2_ccpvdz,N$_2$/cc-pVDZ,12080,38.97609279444225
n2_ccpvdz,N$_2$/cc-pVDZ,12090,40.90365531118323
n2_ccpvdz,N$_2$/cc-pVDZ,12100,39.56691062269613
n2_ccpvdz,N$_2$/cc-pVDZ,12110,39.96715908819226
n2_ccpvdz,N$_2$/cc-pVDZ,12120,39.206182499668785
n2_ccpvdz,N$_2$/cc-pVDZ,12130,39.59616372442554
n2_ccpvdz,N$_2$/cc-pVDZ,12140,39.12072501162811
n2_ccpvdz,N$_2$/cc-pVDZ,12150,40.689272505815666
n2_ccpvdz,N$_2$/cc-pVDZ,12160,39.31230057339974
n2_ccpvdz,N$_2$/cc-pVDZ,12170,39.779946119566034
n2_ccpvdz,N$_2$/cc-pVDZ,12180,39.156376520537606
n2_ccpvdz,N$_2$/cc-pVDZ,12190,43.10851150201245
n2_ccpvdz,N$_2$/cc-pVDZ,12200,40.73714577197052
n2_ccpvdz,N$_2$/cc-pVDZ,12210,39.13065036778107
n2_ccpvdz,N$_2$/cc-pVDZ,12220,38.99608330459614
n2_ccpvdz,N$_2$/cc-pVDZ,12230,40.254201200284
n2_ccpvdz,N$_2$/cc-pVDZ,12240,39.0900688352076
n2_ccpvdz,N$_2$/cc-pVDZ,12250,39.4655343111765
n2_ccpvdz,N$_2$/cc-pVDZ,12260,39.498282732139955
n2_ccpvdz,N$_2$/cc-pVDZ,12270,39.66903051748716
n2_ccpvdz,N$_2$/cc-pVDZ,12280,39.038962679796896
n2_ccpvdz,N$_2$/cc-pVDZ,12290,38.93482262553505
n2_ccpvdz,N$_2$/cc-pVDZ,12300,39.55153864733063
n2_ccpvdz,N$_2$/cc-pVDZ,12310,40.38956234765578
n2_ccpvdz,N$_2$/cc-pVDZ,12320,39.21315438255135
n2_ccpvdz,N$_2$/cc-pVDZ,12330,39.0136186488661
n2_ccpvdz,N$_2$/cc-pVDZ,12340,39.355288981042236
n2_ccpvdz,N$_2$/cc-pVDZ,12350,39.32910272735057
n2_ccpvdz,N$_2$/cc-pVDZ,12360,38.94917080872062
n2_ccpvdz,N$_2$/cc-pVDZ,12370,40.00628825288288
n2_ccpvdz,N$_2$/cc-pVDZ,12380,39.17733168322002
n2_ccpvdz,N$_2$/cc-pVDZ,12390,40.0535506937274
n2_ccpvdz,N$_2$/cc-pVDZ,12400,39.221158108347254
n2_ccpvdz,N$_2$/cc-pVDZ,12410,39.230108402890096
n2_ccpvdz,N$_2$/cc-pVDZ,12420,39.30485392916694
n2_ccpvdz,N$_2$/cc-pVDZ,12430,38.94484533331877
n2_ccpvdz,N$_2$/cc-pVDZ,12440,38.738669904446965
n2_ccpvdz,N$_2$/cc-pVDZ,12450,39.15427745012323
n2_ccpvdz,N$_2$/cc-pVDZ,12460,40.459867621947865
n2_ccpvdz,N$_2$/cc-pVDZ,12470,39.2342710189979
n2_ccpvdz,N$_2$/cc-pVDZ,12480,43.199722367518234
n2_ccpvdz,N$_2$/cc-pVDZ,12490,39.64785150972716
n2_ccpvdz,N$_2$/cc-pVDZ,12500,38.87079298301899
n2_ccpvdz,N$_2$/cc-pVDZ,12510,38.792173872266744
n2_ccpvdz,N$_2$/cc-pVDZ,12520,38.67944708883897
n2_ccpvdz,N$_2$/cc-pVDZ,12530,38.71797884066552
n2_ccpvdz,N$_2$/cc-pVDZ,12540,38.92083747997788
n2_ccpvdz,N$_2$/cc-pVDZ,12550,39.1142122003032
n2_ccpvdz,N$_2$/cc-pVDZ,12560,38.874691618175916
n2_ccpvdz,N$_2$/cc-pVDZ,12570,38.99623152452136
n2_ccpvdz,N$_2$/cc-pVDZ,12580,39.036470102274734
n2_ccpvdz,N$_2$/cc-pVDZ,12590,39.25263996542583
n2_ccpvdz,N$_2$/cc-pVDZ,12600,39.25656351648854
n2_ccpvdz,N$_2$/cc-pVDZ,12610,39.64442135871593
n2_ccpvdz,N$_2$/cc-pVDZ,12620,38.800805937242444
n2_ccpvdz,N$_2$/cc-pVDZ,12630,39.477631728402685
n2_ccpvdz,N$_2$/cc-pVDZ,12640,38.933101953176674
n2_ccpvdz,N$_2$/cc-pVDZ,12650,38.507473431280914
n2_ccpvdz,N$_2$/cc-pVDZ,12660,38.74420284140001
n2_ccpvdz,N$_2$/cc-pVDZ,12670,39.584744474197464
n2_ccpvdz,N$_2$/cc-pVDZ,12680,38.824342955280144
n2_ccpvdz,N$_2$/cc-pVDZ,12690,38.71606422225682
n2_ccpvdz,N$_2$/cc-pVDZ,12700,38.64747345778596
n2_ccpvdz,N$_2$/cc-pVDZ,12710,38.54274857951623
n2_ccpvdz,N$_2$/cc-pVDZ,12720,38.53990536528329
n2_ccpvdz,N$_2$/cc-pVDZ,12730,39.37970647841382
n2_ccpvdz,N$_2$/cc-pVDZ,12740,39.01472396049144
n2_ccpvdz,N$_2$/cc-pVDZ,12750,39.300788334415415
n2_ccpvdz,N$_2$/cc-pVDZ,12760,38.64068369723839
n2_ccpvdz,N$_2$/cc-pVDZ,12770,38.568294582390195
n2_ccpvdz,N$_2$/cc-pVDZ,12780,40.24989639979992
n2_ccpvdz,N$_2$/cc-pVDZ,12790,38.54883333711712
n2_ccpvdz,N$_2$/cc-pVDZ,12800,38.967506946988806
n2_ccpvdz,N$_2$/cc-pVDZ,12810,38.53322750316579
n2_ccpvdz,N$_2$/cc-pVDZ,12820,38.439784322520154
n2_ccpvdz,N$_2$/cc-pVDZ,12830,38.95569625177586
n2_ccpvdz,N$_2$/cc-pVDZ,12840,39.720810633355086
n2_ccpvdz,N$_2$/cc-pVDZ,12850,42.46577810522467
n2_ccpvdz,N$_2$/cc-pVDZ,12860,40.770410483844444
n2_ccpvdz,N$_2$/cc-pVDZ,12870,38.979094812020776
n2_ccpvdz,N$_2$/cc-pVDZ,12880,38.49494748303073
n2_ccpvdz,N$_2$/cc-pVDZ,12890,38.22373642628918
n2_ccpvdz,N$_2$/cc-pVDZ,12900,38.18135543004075
n2_ccpvdz,N$_2$/cc-pVDZ,12910,38.172399360732356
n2_ccpvdz,N$_2$/cc-pVDZ,12920,38.619968110296554
n2_ccpvdz,N$_2$/cc-pVDZ,12930,38.507635884585056
n2_ccpvdz,N$_2$/cc-pVDZ,12940,38.36196973169592
n2_ccpvdz,N$_2$/cc-pVDZ,12950,38.31638900568635
n2_ccpvdz,N$_2$/cc-pVDZ,12960,38.69687670155031
n2_ccpvdz,N$_2$/cc-pVDZ,12970,38.463511415145035
n2_ccpvdz,N$_2$/cc-pVDZ,12980,38.49871620036538
n2_ccpvdz,N$_2$/cc-pVDZ,12990,38.01072647425485
n2_ccpvdz,N$_2$/cc-pVDZ,13000,38.15469571800634
n2_ccpvdz,N$_2$/cc-pVDZ,13010,38.4755216560535
n2_ccpvdz,N$_2$/cc-pVDZ,13020,39.343901423492866
n2_ccpvdz,N$_2$/cc-pVDZ,13030,38.317615430656815
n2_ccpvdz,N$_2$/cc-pVDZ,13040,37.99906846533929
n2_ccpvdz,N$_2$/cc-pVDZ,13050,38.84812328061571
n2_ccpvdz,N$_2$/cc-pVDZ,13060,38.306008829991356
n2_ccpvdz,N$_2$/cc-pVDZ,13070,38.0580639196495
n2_ccpvdz,N$_2$/cc-pVDZ,13080,38.042616831987175
n2_ccpvdz,N$_2$/cc-pVDZ,13090,39.455229176624584
n2_ccpvdz,N$_2$/cc-pVDZ,13100,38.075027791521165
n2_ccpvdz,N$_2$/cc-pVDZ,13110,38.08925691856757
n2_ccpvdz,N$_2$/cc-pVDZ,13120,38.67892793267913
n2_ccpvdz,N$_2$/cc-pVDZ,13130,38.48676064386325
n2_ccpvdz,N$_2$/cc-pVDZ,13140,38.03663201857432
n2_ccpvdz,N$_2$/cc-pVDZ,13150,40.48627296555196
n2_ccpvdz,N$_2$/cc-pVDZ,13160,38.58941602911159
n2_ccpvdz,N$_2$/cc-pVDZ,13170,37.95959368767399
n2_ccpvdz,N$_2$/cc-pVDZ,13180,37.99918262248525
n2_ccpvdz,N$_2$/cc-pVDZ,13190,37.88387648815217
n2_ccpvdz,N$_2$/cc-pVDZ,13200,37.86775100321904
n2_ccpvdz,N$_2$/cc-pVDZ,13210,39.15880959984008
n2_ccpvdz,N$_2$/cc-pVDZ,13220,37.98950414980595
n2_ccpvdz,N$_2$/cc-pVDZ,13230,37.7777117007696
n2_ccpvdz,N$_2$/cc-pVDZ,13240,38.150360467355426
n2_ccpvdz,N$_2$/cc-pVDZ,13250,39.18416960580373
n2_ccpvdz,N$_2$/cc-pVDZ,13260,38.38766948079808
n2_ccpvdz,N$_2$/cc-pVDZ,13270,37.99331647316251
n2_ccpvdz,N$_2$/cc-pVDZ,13280,38.700490744858485
n2_ccpvdz,N$_2$/cc-pVDZ,13290,37.75716946124419
n2_ccpvdz,N$_2$/cc-pVDZ,13300,37.573480478556576
n2_ccpvdz,N$_2$/cc-pVDZ,13310,39.50909059513208
n2_ccpvdz,N$_2$/cc-pVDZ,13320,38.01521106200312
n2_ccpvdz,N$_2$/cc-pVDZ,13330,39.65245154179797
n2_ccpvdz,N$_2$/cc-pVDZ,13340,38.42114547013864
n2_ccpvdz,N$_2$/cc-pVDZ,13350,37.87016999064008
n2_ccpvdz,N$_2$/cc-pVDZ,13360,37.38188522302721
n2_ccpvdz,N$_2$/cc-pVDZ,13370,37.460544712544674
n2_ccpvdz,N$_2$/cc-pVDZ,13380,37.56470571391901
n2_ccpvdz,N$_2$/cc-pVDZ,13390,37.26250678113274
n2_ccpvdz,N$_2$/cc-pVDZ,13400,37.858616359187636
n2_ccpvdz,N$_2$/cc-pVDZ,13410,37.592232641600276
n2_ccpvdz,N$_2$/cc-pVDZ,13420,37.67136750497002
n2_ccpvdz,N$_2$/cc-pVDZ,13430,37.682082215937385
n2_ccpvdz,N$_2$/cc-pVDZ,13440,37.076063608779464
n2_ccpvdz,N$_2$/cc-pVDZ,13450,37.54247472130601
n2_ccpvdz,N$_2$/cc-pVDZ,13460,36.962877415845696
n2_ccpvdz,N$_2$/cc-pVDZ,13470,37.17983300371941
n2_ccpvdz,N$_2$/cc-pVDZ,13480,37.37032239224902
n2_ccpvdz,N$_2$/cc-pVDZ,13490,37.962831941158015
n2_ccpvdz,N$_2$/cc-pVDZ,13500,36.880328672495466
n2_ccpvdz,N$_2$/cc-pVDZ,13510,40.17483102180108
n2_ccpvdz,N$_2$/cc-pVDZ,13520,37.99189405067693
n2_ccpvdz,N$_2$/cc-pVDZ,13530,37.729564968486784
n2_ccpvdz,N$_2$/cc-pVDZ,13540,36.6584190354331
n2_ccpvdz,N$_2$/cc-pVDZ,13550,37.49645895528886
n2_ccpvdz,N$_2$/cc-pVDZ,13560,36.52071982030236
n2_ccpvdz,N$_2$/cc-pVDZ,13570,37.667249237998135
n2_ccpvdz,N$_2$/cc-pVDZ,13580,37.322293443338594
n2_ccpvdz,N$_2$/cc-pVDZ,13590,36.643670172665566
n2_ccpvdz,N$_2$/cc-pVDZ,13600,36.72874168665885
n2_ccpvdz,N$_2$/cc-pVDZ,13610,36.747513088698724
n2_ccpvdz,N$_2$/cc-pVDZ,13620,36.794833106668534
n2_ccpvdz,N$_2$/cc-pVDZ,13630,36.67867114685919
n2_ccpvdz,N$_2$/cc-pVDZ,13640,36.467271895674
n2_ccpvdz,N$_2$/cc-pVDZ,13650,36.763336406934854
n2_ccpvdz,N$_2$/cc-pVDZ,13660,36.814405497622715
n2_ccpvdz,N$_2$/cc-pVDZ,13670,36.66849189600896
n2_ccpvdz,N$_2$/cc-pVDZ,13680,36.99636440848053
n2_ccpvdz,N$_2$/cc-pVDZ,13690,37.014330004041085
n2_ccpvdz,N$_2$/cc-pVDZ,13700,36.714445017111075
n2_ccpvdz,N$_2$/cc-pVDZ,13710,36.3966169011718
n2_ccpvdz,N$_2$/cc-pVDZ,13720,36.28617508491061
n2_ccpvdz,N$_2$/cc-pVDZ,13730,36.63750264514931
n2_ccpvdz,N$_2$/cc-pVDZ,13740,36.062811377576054
n2_ccpvdz,N$_2$/cc-pVDZ,13750,36.32891352830825
n2_ccpvdz,N$_2$/cc-pVDZ,13760,37.02594662858871
n2_ccpvdz,N$_2$/cc-pVDZ,13770,36.47428191894164
n2_ccpvdz,N$_2$/cc-pVDZ,13780,36.112468548637366
n2_ccpvdz,N$_2$/cc-pVDZ,13790,36.11708535319735
n2_ccpvdz,N$_2$/cc-pVDZ,13800,36.58778030397514
n2_ccpvdz,N$_2$/cc-pVDZ,13810,37.35012883552713
n2_ccpvdz,N$_2$/cc-pVDZ,13820,36.3432335445566
n2_ccpvdz,N$_2$/cc-pVDZ,13830,36.315486256484064
n2_ccpvdz,N$_2$/cc-pVDZ,13840,35.92973102712449
n2_ccpvdz,N$_2$/cc-pVDZ,13850,35.946422065038064
n2_ccpvdz,N$_2$/cc-pVDZ,13860,36.50479794085015
n2_ccpvdz,N$_2$/cc-pVDZ,13870,36.572981469504384
n2_ccpvdz,N$_2$/cc-pVDZ,13880,36.28596947073959
n2_ccpvdz,N$_2$/cc-pVDZ,13890,36.67654520481278
n2_ccpvdz,N$_2$/cc-pVDZ,13900,36.156028325734724
n2_ccpvdz,N$_2$/cc-pVDZ,13910,35.94471222234574
n2_ccpvdz,N$_2$/cc-pVDZ,13920,36.01199564077717
n2_ccpvdz,N$_2$/cc-pVDZ,13930,36.63550932564874
n2_ccpvdz,N$_2$/cc-pVDZ,13940,36.23306306798213
n2_ccpvdz,N$_2$/cc-pVDZ,13950,37.22260715491643
n2_ccpvdz,N$_2$/cc-pVDZ,13960,36.2323759440244
n2_ccpvdz,N$_2$/cc-pVDZ,13970,35.96904195261175
n2_ccpvdz,N$_2$/cc-pVDZ,13980,36.696558032502935
n2_ccpvdz,N$_2$/cc-pVDZ,13990,35.98029162087357
n2_ccpvdz,N$_2$/cc-pVDZ,14000,35.66162241151005
n2_ccpvdz,N$_2$/cc-pVDZ,14010,35.76188032819516
n2_ccpvdz,N$_2$/cc-pVDZ,14020,38.52597450133999
n2_ccpvdz,N$_2$/cc-pVDZ,14030,36.16139535429852
n2_ccpvdz,N$_2$/cc-pVDZ,14040,35.6162898764012
n2_ccpvdz,N$_2$/cc-pVDZ,14050,35.96187020450259
n2_ccpvdz,N$_2$/cc-pVDZ,14060,36.02623885279854
n2_ccpvdz,N$_2$/cc-pVDZ,14070,35.806623699258466
n2_ccpvdz,N$_2$/cc-pVDZ,14080,35.8110864107033
n2_ccpvdz,N$_2$/cc-pVDZ,14090,35.54640404452414
n2_ccpvdz,N$_2$/cc-pVDZ,14100,36.11602919728796
n2_ccpvdz,N$_2$/cc-pVDZ,14110,35.92489480375605
n2_ccpvdz,N$_2$/cc-pVDZ,14120,35.75675048180926
n2_ccpvdz,N$_2$/cc-pVDZ,14130,37.4203471927359
n2_ccpvdz,N$_2$/cc-pVDZ,14140,36.24863011258128
n2_ccpvdz,N$_2$/cc-pVDZ,14150,35.7213554931235
n2_ccpvdz,N$_2$/cc-pVDZ,14160,35.65307164592468
n2_ccpvdz,N$_2$/cc-pVDZ,14170,37.60682823501327
n2_ccpvdz,N$_2$/cc-pVDZ,14180,38.28936725253129
n2_ccpvdz,N$_2$/cc-pVDZ,14190,37.12863333744565
n2_ccpvdz,N$_2$/cc-pVDZ,14200,35.85017514484434
n2_ccpvdz,N$_2$/cc-pVDZ,14210,35.47738748113716
n2_ccpvdz,N$_2$/cc-pVDZ,14220,35.33422805523401
n2_ccpvdz,N$_2$/cc-pVDZ,14230,35.301841668513134
n2_ccpvdz,N$_2$/cc-pVDZ,14240,35.63924191983858
n2_ccpvdz,N$_2$/cc-pVDZ,14250,36.16383027573988
n2_ccpvdz,N$_2$/cc-pVDZ,14260,35.78604619035275
n2_ccpvdz,N$_2$/cc-pVDZ,14270,35.357347710970544
n2_ccpvdz,N$_2$/cc-pVDZ,14280,35.842923630966084
n2_ccpvdz,N$_2$/cc-pVDZ,14290,35.519039973479494
n2_ccpvdz,N$_2$/cc-pVDZ,14300,35.30485413065776
n2_ccpvdz,N$_2$/cc-pVDZ,14310,36.14398566786292
n2_ccpvdz,N$_2$/cc-pVDZ,14320,35.61345721084308
n2_ccpvdz,N$_2$/cc-pVDZ,14330,35.57916158510466
n2_ccpvdz,N$_2$/cc-pVDZ,14340,35.484169382243635
n2_ccpvdz,N$_2$/cc-pVDZ,14350,35.91219378843391
n2_ccpvdz,N$_2$/cc-pVDZ,14360,35.53860844556311
n2_ccpvdz,N$_2$/cc-pVDZ,14370,35.78038520315374
n2_ccpvdz,N$_2$/cc-pVDZ,14380,35.50173005410784
n2_ccpvdz,N$_2$/cc-pVDZ,14390,35.45292378990439
n2_ccpvdz,N$_2$/cc-pVDZ,14400,35.66767270254445
n2_ccpvdz,N$_2$/cc-pVDZ,14410,35.31186256319074
n2_ccpvdz,N$_2$/cc-pVDZ,14420,36.02843248168597
n2_ccpvdz,N$_2$/cc-pVDZ,14430,35.39094822964728
n2_ccpvdz,N$_2$/cc-pVDZ,14440,35.67681936905842
n2_ccpvdz,N$_2$/cc-pVDZ,14450,36.35305221999374
n2_ccpvdz,N$_2$/cc-pVDZ,14460,35.586002508352976
n2_ccpvdz,N$_2$/cc-pVDZ,14470,35.12463254824638
n2_ccpvdz,N$_2$/cc-pVDZ,14480,36.72708936828428
n2_ccpvdz,N$_2$/cc-pVDZ,14490,35.78548189977937
n2_ccpvdz,N$_2$/cc-pVDZ,14500,35.39866445447615
n2_ccpvdz,N$_2$/cc-pVDZ,14510,35.14860467268477
n2_ccpvdz,N$_2$/cc-pVDZ,14520,36.65411505184579
n2_ccpvdz,N$_2$/cc-pVDZ,14530,35.93714510451207
n2_ccpvdz,N$_2$/cc-pVDZ,14540,35.28658660087558
n2_ccpvdz,N$_2$/cc-pVDZ,14550,35.322526718175595
n2_ccpvdz,N$_2$/cc-pVDZ,14560,35.91515032636039
n2_ccpvdz,N$_2$/cc-pVDZ,14570,35.80176885054698
n2_ccpvdz,N$_2$/cc-pVDZ,14580,35.145879510096734
n2_ccpvdz,N$_2$/cc-pVDZ,14590,34.9926839773218
n2_ccpvdz,N$_2$/cc-pVDZ,14600,35.58960218386176
n2_ccpvdz,N$_2$/cc-pVDZ,14610,35.178274536718845
n2_ccpvdz,N$_2$/cc-pVDZ,14620,35.66040231535794
n2_ccpvdz,N$_2$/cc-pVDZ,14630,36.11106284999721
n2_ccpvdz,N$_2$/cc-pVDZ,14640,35.37962380411841
n2_ccpvdz,N$_2$/cc-pVDZ,14650,35.14971020862845
n2_ccpvdz,N$_2$/cc-pVDZ,14660,36.0235434910976
n2_ccpvdz,N$_2$/cc-pVDZ,14670,35.269307893472046
n2_ccpvdz,N$_2$/cc-pVDZ,14680,34.90467519814899
n2_ccpvdz,N$_2$/cc-pVDZ,14690,35.77000052007406
n2_ccpvdz,N$_2$/cc-pVDZ,14700,35.448055695326275
n2_ccpvdz,N$_2$/cc-pVDZ,14710,35.38846325990619
n2_ccpvdz,N$_2$/cc-pVDZ,14720,34.79943815170827
n2_ccpvdz,N$_2$/cc-pVDZ,14730,36.73876224399919
n2_ccpvdz,N$_2$/cc-pVDZ,14740,35.55639741590255
n2_ccpvdz,N$_2$/cc-pVDZ,14750,34.99168452420065
n2_ccpvdz,N$_2$/cc-pVDZ,14760,35.29077614754783
n2_ccpvdz,N$_2$/cc-pVDZ,14770,34.92457463659093
n2_ccpvdz,N$_2$/cc-pVDZ,14780,36.51611847969605
n2_ccpvdz,N$_2$/cc-pVDZ,14790,35.11755518306359
n2_ccpvdz,N$_2$/cc-pVDZ,14800,34.94704919435776
n2_ccpvdz,N$_2$/cc-pVDZ,14810,34.966463311320695
n2_ccpvdz,N$_2$/cc-pVDZ,14820,35.41239699931964
n2_ccpvdz,N$_2$/cc-pVDZ,14830,35.214208772174516
n2_ccpvdz,N$_2$/cc-pVDZ,14840,35.24621012221019
n2_ccpvdz,N$_2$/cc-pVDZ,14850,35.28056163770543
n2_ccpvdz,N$_2$/cc-pVDZ,14860,35.37248050832886
n2_ccpvdz,N$_2$/cc-pVDZ,14870,35.27322378214137
n2_ccpvdz,N$_2$/cc-pVDZ,14880,35.22176118043774
n2_ccpvdz,N$_2$/cc-pVDZ,14890,36.329584614676946
n2_ccpvdz,N$_2$/cc-pVDZ,14900,35.20733798396236
n2_ccpvdz,N$_2$/cc-pVDZ,14910,34.78256656714507
n2_ccpvdz,N$_2$/cc-pVDZ,14920,36.68992801951276
n2_ccpvdz,N$_2$/cc-pVDZ,14930,35.73559322168762
n2_ccpvdz,N$_2$/cc-pVDZ,14940,34.57884988456783
n2_ccpvdz,N$_2$/cc-pVDZ,14950,34.98895862968254
n2_ccpvdz,N$_2$/cc-pVDZ,14960,34.656253235866075
n2_ccpvdz,N$_2$/cc-pVDZ,14970,35.184434642800966
n2_ccpvdz,N$_2$/cc-pVDZ,14980,35.203364864628384
n2_ccpvdz,N$_2$/cc-pVDZ,14990,34.578547570234264
n2_ccpvdz,N$_2$/cc-pVDZ,15000,34.50277970341631
n2_ccpvdz,N$_2$/cc-pVDZ,15010,35.86446276898414
n2_ccpvdz,N$_2$/cc-pVDZ,15020,35.52156967292319
n2_ccpvdz,N$_2$/cc-pVDZ,15030,34.82494971817118
n2_ccpvdz,N$_2$/cc-pVDZ,15040,34.53257614111749
n2_ccpvdz,N$_2$/cc-pVDZ,15050,34.70710219913542
n2_ccpvdz,N$_2$/cc-pVDZ,15060,35.47477404256938
n2_ccpvdz,N$_2$/cc-pVDZ,15070,35.15546527648894
n2_ccpvdz,N$_2$/cc-pVDZ,15080,34.49444954495107
n2_ccpvdz,N$_2$/cc-pVDZ,15090,34.428685255633695
n2_ccpvdz,N$_2$/cc-pVDZ,15100,34.67515200281923
n2_ccpvdz,N$_2$/cc-pVDZ,15110,34.54272047093809
n2_ccpvdz,N$_2$/cc-pVDZ,15120,34.70849034255252
n2_ccpvdz,N$_2$/cc-pVDZ,15130,34.95950351334898
n2_ccpvdz,N$_2$/cc-pVDZ,15140,34.67404594292134
n2_ccpvdz,N$_2$/cc-pVDZ,15150,34.970835942004896
n2_ccpvdz,N$_2$/cc-pVDZ,15160,34.44882719372799
n2_ccpvdz,N$_2$/cc-pVDZ,15170,35.892122604622045
n2_ccpvdz,N$_2$/cc-pVDZ,15180,35.11342171783838
n2_ccpvdz,N$_2$/cc-pVDZ,15190,34.32557525991342
n2_ccpvdz,N$_2$/cc-pVDZ,15200,34.33933261680977
n2_ccpvdz,N$_2$/cc-pVDZ,15210,34.604139738590334
n2_ccpvdz,N$_2$/cc-pVDZ,15220,35.1421756563326
n2_ccpvdz,N$_2$/cc-pVDZ,15230,34.365395351699135
n2_ccpvdz,N$_2$/cc-pVDZ,15240,34.298855975066544
n2_ccpvdz,N$_2$/cc-pVDZ,15250,35.13189412620932
n2_ccpvdz,N$_2$/cc-pVDZ,15260,34.5783249668159
n2_ccpvdz,N$_2$/cc-pVDZ,15270,34.36003205140992
n2_ccpvdz,N$_2$/cc-pVDZ,15280,35.46432763140217
n2_ccpvdz,N$_2$/cc-pVDZ,15290,34.16258277916029
n2_ccpvdz,N$_2$/cc-pVDZ,15300,34.32316850798145
n2_ccpvdz,N$_2$/cc-pVDZ,15310,34.51552462969687
n2_ccpvdz,N$_2$/cc-pVDZ,15320,34.61990368481338
n2_ccpvdz,N$_2$/cc-pVDZ,15330,34.92978427021853
n2_ccpvdz,N$_2$/cc-pVDZ,15340,34.26615961396351
n2_ccpvdz,N$_2$/cc-pVDZ,15350,34.25572975923785
n2_ccpvdz,N$_2$/cc-pVDZ,15360,34.30881840920108
n2_ccpvdz,N$_2$/cc-pVDZ,15370,34.11422915530693
n2_ccpvdz,N$_2$/cc-pVDZ,15380,34.150743778141646
n2_ccpvdz,N$_2$/cc-pVDZ,15390,35.26558082157294
n2_ccpvdz,N$_2$/cc-pVDZ,15400,34.454344742343324
n2_ccpvdz,N$_2$/cc-pVDZ,15410,34.134197904222674
n2_ccpvdz,N$_2$/cc-pVDZ,15420,34.86334654546397
n2_ccpvdz,N$_2$/cc-pVDZ,15430,34.765647600636385
n2_ccpvdz,N$_2$/cc-pVDZ,15440,34.77069662250187
n2_ccpvdz,N$_2$/cc-pVDZ,15450,34.15631849276224
n2_ccpvdz,N$_2$/cc-pVDZ,15460,34.03488137460897
n2_ccpvdz,N$_2$/cc-pVDZ,15470,34.20850633975192
n2_ccpvdz,N$_2$/cc-pVDZ,15480,34.77215174557102
n2_ccpvdz,N$_2$/cc-pVDZ,15490,34.59332917796587
n2_ccpvdz,N$_2$/cc-pVDZ,15500,34.115172041865094
n2_ccpvdz,N$_2$/cc-pVDZ,15510,34.22058507759118
n2_ccpvdz,N$_2$/cc-pVDZ,15520,34.86762506092589
n2_ccpvdz,N$_2$/cc-pVDZ,15530,33.89764468484202
n2_ccpvdz,N$_2$/cc-pVDZ,15540,34.32511287901718
n2_ccpvdz,N$_2$/cc-pVDZ,15550,34.53225362332546
n2_ccpvdz,N$_2$/cc-pVDZ,15560,34.504184765921764
n2_ccpvdz,N$_2$/cc-pVDZ,15570,33.82644787814115
n2_ccpvdz,N$_2$/cc-pVDZ,15580,34.040361135055264
n2_ccpvdz,N$_2$/cc-pVDZ,15590,34.37186901635414
n2_ccpvdz,N$_2$/cc-pVDZ,15600,34.043004998054016
n2_ccpvdz,N$_2$/cc-pVDZ,15610,34.694356013005745
n2_ccpvdz,N$_2$/cc-pVDZ,15620,34.86982743561384
n2_ccpvdz,N$_2$/cc-pVDZ,15630,34.140926126454474
n2_ccpvdz,N$_2$/cc-pVDZ,15640,33.748094371745196
n2_ccpvdz,N$_2$/cc-pVDZ,15650,35.848166338368515
n2_ccpvdz,N$_2$/cc-pVDZ,15660,34.542502040039835
n2_ccpvdz,N$_2$/cc-pVDZ,15670,33.967106584483986
n2_ccpvdz,N$_2$/cc-pVDZ,15680,35.43283084087534
n2_ccpvdz,N$_2$/cc-pVDZ,15690,35.42471338340647
n2_ccpvdz,N$_2$/cc-pVDZ,15700,34.654023163142256
n2_ccpvdz,N$_2$/cc-pVDZ,15710,33.99984285034918
n2_ccpvdz,N$_2$/cc-pVDZ,15720,33.824707802708076
n2_ccpvdz,N$_2$/cc-pVDZ,15730,33.65413082968871
n2_ccpvdz,N$_2$/cc-pVDZ,15740,33.78078950582619
n2_ccpvdz,N$_2$/cc-pVDZ,15750,33.54416966975293
n2_ccpvdz,N$_2$/cc-pVDZ,15760,34.19579540349105
n2_ccpvdz,N$_2$/cc-pVDZ,15770,35.891279283944755
n2_ccpvdz,N$_2$/cc-pVDZ,15780,35.31232233665094
n2_ccpvdz,N$_2$/cc-pVDZ,15790,33.93304403256536
n2_ccpvdz,N$_2$/cc-pVDZ,15800,33.66567382852281
n2_ccpvdz,N$_2$/cc-pVDZ,15810,33.59039895892124
n2_ccpvdz,N$_2$/cc-pVDZ,15820,34.395316958423905
n2_ccpvdz,N$_2$/cc-pVDZ,15830,34.069215254803
n2_ccpvdz,N$_2$/cc-pVDZ,15840,33.63704257071731
n2_ccpvdz,N$_2$/cc-pVDZ,15850,34.68757122101351
n2_ccpvdz,N$_2$/cc-pVDZ,15860,33.78945002755529
n2_ccpvdz,N$_2$/cc-pVDZ,15870,33.67114696736451
n2_ccpvdz,N$_2$/cc-pVDZ,15880,33.74216181737211
n2_ccpvdz,N$_2$/cc-pVDZ,15890,34.085378570821945
n2_ccpvdz,N$_2$/cc-pVDZ,15900,33.815330263351484
n2_ccpvdz,N$_2$/cc-pVDZ,15910,33.793848369057855
n2_ccpvdz,N$_2$/cc-pVDZ,15920,33.99492510865798
n2_ccpvdz,N$_2$/cc-pVDZ,15930,34.401422815975025
n2_ccpvdz,N$_2$/cc-pVDZ,15940,33.647660046540295
n2_ccpvdz,N$_2$/cc-pVDZ,15950,33.73497354709798
n2_ccpvdz,N$_2$/cc-pVDZ,15960,33.46470225625353
n2_ccpvdz,N$_2$/cc-pVDZ,15970,33.71687920795807
n2_ccpvdz,N$_2$/cc-pVDZ,15980,33.75333951942139
n2_ccpvdz,N$_2$/cc-pVDZ,15990,33.65167621727494
n2_ccpvdz,N$_2$/cc-pVDZ,16000,33.80310482357629
n2_ccpvdz,N$_2$/cc-pVDZ,16010,33.59817124076869
n2_ccpvdz,N$_2$/cc-pVDZ,16020,33.610080560237066
n2_ccpvdz,N$_2$/cc-pVDZ,16030,33.71877742277718
n2_ccpvdz,N$_2$/cc-pVDZ,16040,33.65987535107706
n2_ccpvdz,N$_2$/cc-pVDZ,16050,33.37731840682068
n2_ccpvdz,N$_2$/cc-pVDZ,16060,35.17341444509725
n2_ccpvdz,N$_2$/cc-pVDZ,16070,33.840794203783275
n2_ccpvdz,N$_2$/cc-pVDZ,16080,33.44770804706343
n2_ccpvdz,N$_2$/cc-pVDZ,16090,33.44264553614096
n2_ccpvdz,N$_2$/cc-pVDZ,16100,34.9543482835486
n2_ccpvdz,N$_2$/cc-pVDZ,16110,34.466465288147674
n2_ccpvdz,N$_2$/cc-pVDZ,16120,33.4527147672361
n2_ccpvdz,N$_2$/cc-pVDZ,16130,33.28338820632837
n2_ccpvdz,N$_2$/cc-pVDZ,16140,35.096968709794396
n2_ccpvdz,N$_2$/cc-pVDZ,16150,34.95775641579257
n2_ccpvdz,N$_2$/cc-pVDZ,16160,37.403344503673
n2_ccpvdz,N$_2$/cc-pVDZ,16170,34.29483001497147
n2_ccpvdz,N$_2$/cc-pVDZ,16180,34.23176397592442
n2_ccpvdz,N$_2$/cc-pVDZ,16190,33.59778375288158
n2_ccpvdz,N$_2$/cc-pVDZ,16200,33.34665223331967
n2_ccpvdz,N$_2$/cc-pVDZ,16210,33.212619353804484
n2_ccpvdz,N$_2$/cc-pVDZ,16220,33.15266653871163
n2_ccpvdz,N$_2$/cc-pVDZ,16230,34.85222156079715
n2_ccpvdz,N$_2$/cc-pVDZ,16240,33.53377582264727
n2_ccpvdz,N$_2$/cc-pVDZ,16250,33.18703839602222
n2_ccpvdz,N$_2$/cc-pVDZ,16260,34.97139590398035
n2_ccpvdz,N$_2$/cc-pVDZ,16270,33.97243160172536
n2_ccpvdz,N$_2$/cc-pVDZ,16280,33.542177698720366
n2_ccpvdz,N$_2$/cc-pVDZ,16290,33.32154786531305
n2_ccpvdz,N$_2$/cc-pVDZ,16300,34.67630952179945
n2_ccpvdz,N$_2$/cc-pVDZ,16310,33.49667321859329
n2_ccpvdz,N$_2$/cc-pVDZ,16320,33.20669674960186
n2_ccpvdz,N$_2$/cc-pVDZ,16330,33.241329236446404
n2_ccpvdz,N$_2$/cc-pVDZ,16340,33.809781627496704
n2_ccpvdz,N$_2$/cc-pVDZ,16350,34.12571125015518
n2_ccpvdz,N$_2$/cc-pVDZ,16360,33.265268272884896
n2_ccpvdz,N$_2$/cc-pVDZ,16370,33.64196802850472
n2_ccpvdz,N$_2$/cc-pVDZ,16380,33.725637426115895
n2_ccpvdz,N$_2$/cc-pVDZ,16390,33.73743590258016
n2_ccpvdz,N$_2$/cc-pVDZ,16400,33.97939550541196
n2_ccpvdz,N$_2$/cc-pVDZ,16410,33.3382429470106
n2_ccpvdz,N$_2$/cc-pVDZ,16420,33.201794160817144
n2_ccpvdz,N$_2$/cc-pVDZ,16430,33.30356866611339
n2_ccpvdz,N$_2$/cc-pVDZ,16440,33.90660176775384
n2_ccpvdz,N$_2$/cc-pVDZ,16450,33.6567721694081
n2_ccpvdz,N$_2$/cc-pVDZ,16460,33.59501019313882
n2_ccpvdz,N$_2$/cc-pVDZ,16470,33.3917367047718
n2_ccpvdz,N$_2$/cc-pVDZ,16480,33.317371650468885
n2_ccpvdz,N$_2$/cc-pVDZ,16490,33.453860385861844
n2_ccpvdz,N$_2$/cc-pVDZ,16500,34.09717235960841
n2_ccpvdz,N$_2$/cc-pVDZ,16510,34.02866790567316
n2_ccpvdz,N$_2$/cc-pVDZ,16520,33.88976312363923
n2_ccpvdz,N$_2$/cc-pVDZ,16530,33.04639872405346
n2_ccpvdz,N$_2$/cc-pVDZ,16540,33.076082613760605
n2_ccpvdz,N$_2$/cc-pVDZ,16550,34.1331733064294
n2_ccpvdz,N$_2$/cc-pVDZ,16560,33.58849363411309
n2_ccpvdz,N$_2$/cc-pVDZ,16570,33.097030762036184
n2_ccpvdz,N$_2$/cc-pVDZ,16580,33.77145138041726
n2_ccpvdz,N$_2$/cc-pVDZ,16590,33.569151632732996
n2_ccpvdz,N$_2$/cc-pVDZ,16600,32.97920023771894
n2_ccpvdz,N$_2$/cc-pVDZ,16610,35.65819624736832
n2_ccpvdz,N$_2$/cc-pVDZ,16620,34.240962204464154
n2_ccpvdz,N$_2$/cc-pVDZ,16630,33.50008904200763
n2_ccpvdz,N$_2$/cc-pVDZ,16640,33.45308882924769
n2_ccpvdz,N$_2$/cc-pVDZ,16650,33.53336134701124
n2_ccpvdz,N$_2$/cc-pVDZ,16660,32.99273175613848
n2_ccpvdz,N$_2$/cc-pVDZ,16670,34.94980649666957
n2_ccpvdz,N$_2$/cc-pVDZ,16680,33.055301896197875
n2_ccpvdz,N$_2$/cc-pVDZ,16690,33.11666281796022
n2_ccpvdz,N$_2$/cc-pVDZ,16700,34.893848178626286
n2_ccpvdz,N$_2$/cc-pVDZ,16710,34.89429990975168
n2_ccpvdz,N$_2$/cc-pVDZ,16720,34.70865871315709
n2_ccpvdz,N$_2$/cc-pVDZ,16730,33.726837787014574
n2_ccpvdz,N$_2$/cc-pVDZ,16740,33.13080190521589
n2_ccpvdz,N$_2$/cc-pVDZ,16750,33.10073351794074
n2_ccpvdz,N$_2$/cc-pVDZ,16760,33.03979178006955
n2_ccpvdz,N$_2$/cc-pVDZ,16770,32.82586558486855
n2_ccpvdz,N$_2$/cc-pVDZ,16780,34.06800511227459
n2_ccpvdz,N$_2$/cc-pVDZ,16790,33.04369541879737
n2_ccpvdz,N$_2$/cc-pVDZ,16800,33.123454580845646
n2_ccpvdz,N$_2$/cc-pVDZ,16810,33.727565084376465
n2_ccpvdz,N$_2$/cc-pVDZ,16820,33.41277079617555
n2_ccpvdz,N$_2$/cc-pVDZ,16830,33.74604221552602
n2_ccpvdz,N$_2$/cc-pVDZ,16840,33.917838851593274
n2_ccpvdz,N$_2$/cc-pVDZ,16850,33.13511962367954
n2_ccpvdz,N$_2$/cc-pVDZ,16860,32.783785974231705
n2_ccpvdz,N$_2$/cc-pVDZ,16870,32.89844541467346
n2_ccpvdz,N$_2$/cc-pVDZ,16880,33.86116282732132
n2_ccpvdz,N$_2$/cc-pVDZ,16890,33.46529465541437
n2_ccpvdz,N$_2$/cc-pVDZ,16900,32.94075258872908
n2_ccpvdz,N$_2$/cc-pVDZ,16910,32.84588281046297
n2_ccpvdz,N$_2$/cc-pVDZ,16920,35.899378751281574
n2_ccpvdz,N$_2$/cc-pVDZ,16930,33.064850333019535
n2_ccpvdz,N$_2$/cc-pVDZ,16940,32.94776758126261
n2_ccpvdz,N$_2$/cc-pVDZ,16950,33.38928674453712
n2_ccpvdz,N$_2$/cc-pVDZ,16960,33.772063729585966
n2_ccpvdz,N$_2$/cc-pVDZ,16970,32.838648963078754
n2_ccpvdz,N$_2$/cc-pVDZ,16980,33.25087594618026
n2_ccpvdz,N$_2$/cc-pVDZ,16990,33.01286588722974
n2_ccpvdz,N$_2$/cc-pVDZ,17000,33.00211006526865
n2_ccpvdz,N$_2$/cc-pVDZ,17010,33.21136787376133
n2_ccpvdz,N$_2$/cc-pVDZ,17020,32.874068032882064
n2_ccpvdz,N$_2$/cc-pVDZ,17030,33.197020306360514
n2_ccpvdz,N$_2$/cc-pVDZ,17040,33.01316944936161
n2_ccpvdz,N$_2$/cc-pVDZ,17050,33.4372352281207
n2_ccpvdz,N$_2$/cc-pVDZ,17060,33.13927749579193
n2_ccpvdz,N$_2$/cc-pVDZ,17070,36.75192154393869
n2_ccpvdz,N$_2$/cc-pVDZ,17080,34.368376444191995
n2_ccpvdz,N$_2$/cc-pVDZ,17090,33.255783254233506
n2_ccpvdz,N$_2$/cc-pVDZ,17100,32.9333516238961
n2_ccpvdz,N$_2$/cc-pVDZ,17110,32.63262134319689
n2_ccpvdz,N$_2$/cc-pVDZ,17120,32.57068200827007
n2_ccpvdz,N$_2$/cc-pVDZ,17130,32.519052172716556
n2_ccpvdz,N$_2$/cc-pVDZ,17140,34.07872391890976
n2_ccpvdz,N$_2$/cc-pVDZ,17150,33.99305172040101
n2_ccpvdz,N$_2$/cc-pVDZ,17160,33.43023563890313
n2_ccpvdz,N$_2$/cc-pVDZ,17170,33.24737939324507
n2_ccpvdz,N$_2$/cc-pVDZ,17180,32.557381556486575
n2_ccpvdz,N$_2$/cc-pVDZ,17190,32.92889752054862
n2_ccpvdz,N$_2$/cc-pVDZ,17200,33.03808644078288
n2_ccpvdz,N$_2$/cc-pVDZ,17210,32.577987984268475
n2_ccpvdz,N$_2$/cc-pVDZ,17220,33.43275606138718
n2_ccpvdz,N$_2$/cc-pVDZ,17230,33.27458197678368
n2_ccpvdz,N$_2$/cc-pVDZ,17240,32.65432115408373
n2_ccpvdz,N$_2$/cc-pVDZ,17250,32.70620351950981
n2_ccpvdz,N$_2$/cc-pVDZ,17260,32.956729416099506
n2_ccpvdz,N$_2$/cc-pVDZ,17270,32.78849171832121
n2_ccpvdz,N$_2$/cc-pVDZ,17280,33.266546117403095
n2_ccpvdz,N$_2$/cc-pVDZ,17290,33.29353895485099
n2_ccpvdz,N$_2$/cc-pVDZ,17300,33.15830269447417
n2_ccpvdz,N$_2$/cc-pVDZ,17310,33.03750621620338
n2_ccpvdz,N$_2$/cc-pVDZ,17320,32.52724143695218
n2_ccpvdz,N$_2$/cc-pVDZ,17330,32.66869763463376
n2_ccpvdz,N$_2$/cc-pVDZ,17340,32.753591940291926
n2_ccpvdz,N$_2$/cc-pVDZ,17350,33.643046075582106
n2_ccpvdz,N$_2$/cc-pVDZ,17360,33.333102615927146
n2_ccpvdz,N$_2$/cc-pVDZ,17370,32.550643122618794
n2_ccpvdz,N$_2$/cc-pVDZ,17380,32.80349114595538
n2_ccpvdz,N$_2$/cc-pVDZ,17390,33.57729720650582
n2_ccpvdz,N$_2$/cc-pVDZ,17400,32.74775112745942
n2_ccpvdz,N$_2$/cc-pVDZ,17410,33.045122877609856
n2_ccpvdz,N$_2$/cc-pVDZ,17420,33.24280143277747
n2_ccpvdz,N$_2$/cc-pVDZ,17430,32.64293409078789
n2_ccpvdz,N$_2$/cc-pVDZ,17440,33.17465534298947
n2_ccpvdz,N$_2$/cc-pVDZ,17450,32.878473043851386
n2_ccpvdz,N$_2$/cc-pVDZ,17460,32.497158436143536
n2_ccpvdz,N$_2$/cc-pVDZ,17470,32.974973118214734
n2_ccpvdz,N$_2$/cc-pVDZ,17480,32.88560041509925
n2_ccpvdz,N$_2$/cc-pVDZ,17490,32.44171050735645
n2_ccpvdz,N$_2$/cc-pVDZ,17500,32.79533886914976
n2_ccpvdz,N$_2$/cc-pVDZ,17510,33.20607481241211
n2_ccpvdz,N$_2$/cc-pVDZ,17520,32.560703557763304
n2_ccpvdz,N$_2$/cc-pVDZ,17530,32.88580343955516
n2_ccpvdz,N$_2$/cc-pVDZ,17540,32.44531558961228
n2_ccpvdz,N$_2$/cc-pVDZ,17550,33.08908554987511
n2_ccpvdz,N$_2$/cc-pVDZ,17560,33.043348769652425
n2_ccpvdz,N$_2$/cc-pVDZ,17570,32.99169636929378
n2_ccpvdz,N$_2$/cc-pVDZ,17580,32.284222736947754
n2_ccpvdz,N$_2$/cc-pVDZ,17590,32.74711658654894
n2_ccpvdz,N$_2$/cc-pVDZ,17600,32.80313910335053
n2_ccpvdz,N$_2$/cc-pVDZ,17610,33.00481847958281
n2_ccpvdz,N$_2$/cc-pVDZ,17620,33.18995859295626
n2_ccpvdz,N$_2$/cc-pVDZ,17630,32.90665391307357
n2_ccpvdz,N$_2$/cc-pVDZ,17640,32.30958971016662
n2_ccpvdz,N$_2$/cc-pVDZ,17650,32.379985523050436
n2_ccpvdz,N$_2$/cc-pVDZ,17660,33.26260452361396
n2_ccpvdz,N$_2$/cc-pVDZ,17670,32.752687618113896
n2_ccpvdz,N$_2$/cc-pVDZ,17680,32.780163630945935
n2_ccpvdz,N$_2$/cc-pVDZ,17690,32.17543523818733
n2_ccpvdz,N$_2$/cc-pVDZ,17700,33.190672668894194
n2_ccpvdz,N$_2$/cc-pVDZ,17710,33.02416920544715
n2_ccpvdz,N$_2$/cc-pVDZ,17720,32.864311679844604
n2_ccpvdz,N$_2$/cc-pVDZ,17730,32.46075204053511
n2_ccpvdz,N$_2$/cc-pVDZ,17740,32.68086048325358
n2_ccpvdz,N$_2$/cc-pVDZ,17750,32.54792512598215
n2_ccpvdz,N$_2$/cc-pVDZ,17760,32.59443329378087
n2_ccpvdz,N$_2$/cc-pVDZ,17770,32.86595472130216
n2_ccpvdz,N$_2$/cc-pVDZ,17780,32.763793002203556
n2_ccpvdz,N$_2$/cc-pVDZ,17790,32.42296594142147
n2_ccpvdz,N$_2$/cc-pVDZ,17800,32.21973139994816
n2_ccpvdz,N$_2$/cc-pVDZ,17810,32.21913325629089
n2_ccpvdz,N$_2$/cc-pVDZ,17820,32.48805167014268
n2_ccpvdz,N$_2$/cc-pVDZ,17830,32.68478329455604
n2_ccpvdz,N$_2$/cc-pVDZ,17840,33.433058222030354
n2_ccpvdz,N$_2$/cc-pVDZ,17850,32.530881115491184
n2_ccpvdz,N$_2$/cc-pVDZ,17860,32.28965695569741
n2_ccpvdz,N$_2$/cc-pVDZ,17870,32.23296034975931
n2_ccpvdz,N$_2$/cc-pVDZ,17880,32.8625046488753
n2_ccpvdz,N$_2$/cc-pVDZ,17890,32.92610638052906
n2_ccpvdz,N$_2$/cc-pVDZ,17900,32.27668146755036
n2_ccpvdz,N$_2$/cc-pVDZ,17910,32.2781025169121
n2_ccpvdz,N$_2$/cc-pVDZ,17920,32.71048460187842
n2_ccpvdz,N$_2$/cc-pVDZ,17930,32.54840939466419
n2_ccpvdz,N$_2$/cc-pVDZ,17940,32.2698834951467
n2_ccpvdz,N$_2$/cc-pVDZ,17950,33.911981175620554
n2_ccpvdz,N$_2$/cc-pVDZ,17960,32.42128768282271
n2_ccpvdz,N$_2$/cc-pVDZ,17970,32.13162898455835
n2_ccpvdz,N$_2$/cc-pVDZ,17980,32.76711226632756
n2_ccpvdz,N$_2$/cc-pVDZ,17990,32.429948952895415
n2_ccpvdz,N$_2$/cc-pVDZ,18000,32.340656429141745
n2_ccpvdz,N$_2$/cc-pVDZ,18010,31.99864852558676
n2_ccpvdz,N$_2$/cc-pVDZ,18020,33.61798904379043
n2_ccpvdz,N$_2$/cc-pVDZ,18030,33.183506415298325
n2_ccpvdz,N$_2$/cc-pVDZ,18040,32.14386961343507
n2_ccpvdz,N$_2$/cc-pVDZ,18050,32.49622773356009
n2_ccpvdz,N$_2$/cc-pVDZ,18060,32.539272891810356
n2_ccpvdz,N$_2$/cc-pVDZ,18070,32.036801416182925
n2_ccpvdz,N$_2$/cc-pVDZ,18080,32.06897241918227
n2_ccpvdz,N$_2$/cc-pVDZ,18090,32.70779255089451
n2_ccpvdz,N$_2$/cc-pVDZ,18100,32.59695847353328
n2_ccpvdz,N$_2$/cc-pVDZ,18110,32.12792973867806
n2_ccpvdz,N$_2$/cc-pVDZ,18120,32.67047273848789
n2_ccpvdz,N$_2$/cc-pVDZ,18130,32.607693736309784
n2_ccpvdz,N$_2$/cc-pVDZ,18140,32.069023913052774
n2_ccpvdz,N$_2$/cc-pVDZ,18150,32.88414321177413
n2_ccpvdz,N$_2$/cc-pVDZ,18160,32.04096416747859
n2_ccpvdz,N$_2$/cc-pVDZ,18170,31.98185820323829
n2_ccpvdz,N$_2$/cc-pVDZ,18180,32.676050294440984
n2_ccpvdz,N$_2$/cc-pVDZ,18190,32.45417005857121
n2_ccpvdz,N$_2$/cc-pVDZ,18200,32.22112309634895
n2_ccpvdz,N$_2$/cc-pVDZ,18210,32.104568821765156
n2_ccpvdz,N$_2$/cc-pVDZ,18220,32.04205640109592
n2_ccpvdz,N$_2$/cc-pVDZ,18230,32.26783245436593
n2_ccpvdz,N$_2$/cc-pVDZ,18240,32.36236052420338
n2_ccpvdz,N$_2$/cc-pVDZ,18250,32.55697008738423
n2_ccpvdz,N$_2$/cc-pVDZ,18260,33.65627364999568
n2_ccpvdz,N$_2$/cc-pVDZ,18270,32.073137107872185
n2_ccpvdz,N$_2$/cc-pVDZ,18280,32.1433145475396
n2_ccpvdz,N$_2$/cc-pVDZ,18290,31.92290360399852
n2_ccpvdz,N$_2$/cc-pVDZ,18300,31.969048359201224
n2_ccpvdz,N$_2$/cc-pVDZ,18310,31.795716556288767
n2_ccpvdz,N$_2$/cc-pVDZ,18320,32.94729144323583
n2_ccpvdz,N$_2$/cc-pVDZ,18330,32.04964431789392
n2_ccpvdz,N$_2$/cc-pVDZ,18340,31.92662438232219
n2_ccpvdz,N$_2$/cc-pVDZ,18350,32.0751094249232
n2_ccpvdz,N$_2$/cc-pVDZ,18360,32.18750797449843
n2_ccpvdz,N$_2$/cc-pVDZ,18370,32.14088704177698
n2_ccpvdz,N$_2$/cc-pVDZ,18380,31.735214900805886
n2_ccpvdz,N$_2$/cc-pVDZ,18390,32.55787086702355
n2_ccpvdz,N$_2$/cc-pVDZ,18400,33.07251214218354
n2_ccpvdz,N$_2$/cc-pVDZ,18410,32.10707845407512
n2_ccpvdz,N$_2$/cc-pVDZ,18420,33.25101241691186
n2_ccpvdz,N$_2$/cc-pVDZ,18430,31.913636955820834
n2_ccpvdz,N$_2$/cc-pVDZ,18440,32.15542345246547
n2_ccpvdz,N$_2$/cc-pVDZ,18450,31.97124068242374
n2_ccpvdz,N$_2$/cc-pVDZ,18460,32.0901055834355
n2_ccpvdz,N$_2$/cc-pVDZ,18470,32.70442503936977
n2_ccpvdz,N$_2$/cc-pVDZ,18480,31.98267741561267
n2_ccpvdz,N$_2$/cc-pVDZ,18490,32.20542032664753
n2_ccpvdz,N$_2$/cc-pVDZ,18500,31.789292673522596
n2_ccpvdz,N$_2$/cc-pVDZ,18510,31.738146400968503
n2_ccpvdz,N$_2$/cc-pVDZ,18520,32.262398335078046
n2_ccpvdz,N$_2$/cc-pVDZ,18530,32.29827116771844
n2_ccpvdz,N$_2$/cc-pVDZ,18540,32.214137902954576
n2_ccpvdz,N$_2$/cc-pVDZ,18550,31.740291161938217
n2_ccpvdz,N$_2$/cc-pVDZ,18560,32.97071662105111
n2_ccpvdz,N$_2$/cc-pVDZ,18570,32.384722210125005
n2_ccpvdz,N$_2$/cc-pVDZ,18580,31.7419960036176
n2_ccpvdz,N$_2$/cc-pVDZ,18590,32.55854985130213
n2_ccpvdz,N$_2$/cc-pVDZ,18600,32.160318694522516
n2_ccpvdz,N$_2$/cc-pVDZ,18610,32.21123394679637
n2_ccpvdz,N$_2$/cc-pVDZ,18620,31.87634325168176
n2_ccpvdz,N$_2$/cc-pVDZ,18630,32.32493485465682
n2_ccpvdz,N$_2$/cc-pVDZ,18640,31.97202132693633
n2_ccpvdz,N$_2$/cc-pVDZ,18650,32.16784537985973
n2_ccpvdz,N$_2$/cc-pVDZ,18660,31.921730856623753
n2_ccpvdz,N$_2$/cc-pVDZ,18670,32.37840828657568
n2_ccpvdz,N$_2$/cc-pVDZ,18680,32.213548525390934
n2_ccpvdz,N$_2$/cc-pVDZ,18690,32.270595402977165
n2_ccpvdz,N$_2$/cc-pVDZ,18700,32.01812355193567
n2_ccpvdz,N$_2$/cc-pVDZ,18710,31.94544093901186
n2_ccpvdz,N$_2$/cc-pVDZ,18720,31.67116267536585
n2_ccpvdz,N$_2$/cc-pVDZ,18730,31.59071645536926
n2_ccpvdz,N$_2$/cc-pVDZ,18740,32.51058660498529
n2_ccpvdz,N$_2$/cc-pVDZ,18750,31.92871284639409
n2_ccpvdz,N$_2$/cc-pVDZ,18760,31.613572746238106
n2_ccpvdz,N$_2$/cc-pVDZ,18770,31.829949688429338
n2_ccpvdz,N$_2$/cc-pVDZ,18780,31.881056125996565
n2_ccpvdz,N$_2$/cc-pVDZ,18790,32.77883006916227
n2_ccpvdz,N$_2$/cc-pVDZ,18800,32.02626236911499
n2_ccpvdz,N$_2$/cc-pVDZ,18810,31.810437980283268
n2_ccpvdz,N$_2$/cc-pVDZ,18820,31.51787677052198
n2_ccpvdz,N$_2$/cc-pVDZ,18830,31.590330038412162
n2_ccpvdz,N$_2$/cc-pVDZ,18840,34.422372018198644
n2_ccpvdz,N$_2$/cc-pVDZ,18850,35.66137973174932
n2_ccpvdz,N$_2$/cc-pVDZ,18860,34.280160271222826
n2_ccpvdz,N$_2$/cc-pVDZ,18870,31.998214422827687
n2_ccpvdz,N$_2$/cc-pVDZ,18880,32.48935101964889
n2_ccpvdz,N$_2$/cc-pVDZ,18890,31.664409320924847
n2_ccpvdz,N$_2$/cc-pVDZ,18900,31.53594680722449
n2_ccpvdz,N$_2$/cc-pVDZ,18910,31.46947796186339
n2_ccpvdz,N$_2$/cc-pVDZ,18920,31.40736606893313
n2_ccpvdz,N$_2$/cc-pVDZ,18930,32.28765933364741
n2_ccpvdz,N$_2$/cc-pVDZ,18940,33.697258751061554
n2_ccpvdz,N$_2$/cc-pVDZ,18950,32.551476178824146
n2_ccpvdz,N$_2$/cc-pVDZ,18960,32.02906820054352
n2_ccpvdz,N$_2$/cc-pVDZ,18970,31.841677484180764
n2_ccpvdz,N$_2$/cc-pVDZ,18980,31.626200570798346
n2_ccpvdz,N$_2$/cc-pVDZ,18990,31.89480700132208
n2_ccpvdz,N$_2$/cc-pVDZ,19000,31.95540082356274
n2_ccpvdz,N$_2$/cc-pVDZ,19010,32.03790356607783
n2_ccpvdz,N$_2$/cc-pVDZ,19020,31.611576390375262
n2_ccpvdz,N$_2$/cc-pVDZ,19030,32.08685168819159
n2_ccpvdz,N$_2$/cc-pVDZ,19040,31.9779069296402
n2_ccpvdz,N$_2$/cc-pVDZ,19050,31.526247209868075
n2_ccpvdz,N$_2$/cc-pVDZ,19060,31.54503083084137
n2_ccpvdz,N$_2$/cc-pVDZ,19070,32.27092053708702
n2_ccpvdz,N$_2$/cc-pVDZ,19080,31.729380390615347
n2_ccpvdz,N$_2$/cc-pVDZ,19090,31.71929436244625
n2_ccpvdz,N$_2$/cc-pVDZ,19100,31.468659011622435
n2_ccpvdz,N$_2$/cc-pVDZ,19110,33.45760932562314
n2_ccpvdz,N$_2$/cc-pVDZ,19120,32.533292253646096
n2_ccpvdz,N$_2$/cc-pVDZ,19130,31.46195310310418
n2_ccpvdz,N$_2$/cc-pVDZ,19140,31.691986122055482
n2_ccpvdz,N$_2$/cc-pVDZ,19150,31.815003212358306
n2_ccpvdz,N$_2$/cc-pVDZ,19160,31.69529738882204
n2_ccpvdz,N$_2$/cc-pVDZ,19170,31.82349904933801
n2_ccpvdz,N$_2$/cc-pVDZ,19180,31.910565849528894
n2_ccpvdz,N$_2$/cc-pVDZ,19190,31.452816130737915
n2_ccpvdz,N$_2$/cc-pVDZ,19200,32.037915101398085
n2_ccpvdz,N$_2$/cc-pVDZ,19210,31.734902822236677
n2_ccpvdz,N$_2$/cc-pVDZ,19220,31.42879915588992
n2_ccpvdz,N$_2$/cc-pVDZ,19230,31.42021833372155
n2_ccpvdz,N$_2$/cc-pVDZ,19240,32.63981525506665
n2_ccpvdz,N$_2$/cc-pVDZ,19250,31.56841715716041
n2_ccpvdz,N$_2$/cc-pVDZ,19260,31.951192543445472
n2_ccpvdz,N$_2$/cc-pVDZ,19270,31.92500187824976
n2_ccpvdz,N$_2$/cc-pVDZ,19280,31.42871599821717
n2_ccpvdz,N$_2$/cc-pVDZ,19290,31.708924188365017
n2_ccpvdz,N$_2$/cc-pVDZ,19300,32.277247190720004
n2_ccpvdz,N$_2$/cc-pVDZ,19310,31.72628628971097
n2_ccpvdz,N$_2$/cc-pVDZ,19320,31.60698756184388
n2_ccpvdz,N$_2$/cc-pVDZ,19330,31.807983863615164
n2_ccpvdz,N$_2$/cc-pVDZ,19340,31.87771674565454
n2_ccpvdz,N$_2$/cc-pVDZ,19350,31.636125019062433
n2_ccpvdz,N$_2$/cc-pVDZ,19360,31.510938597733684
n2_ccpvdz,N$_2$/cc-pVDZ,19370,31.48399087589837
n2_ccpvdz,N$_2$/cc-pVDZ,19380,31.400877616377443
n2_ccpvdz,N$_2$/cc-pVDZ,19390,31.77516700836236
n2_ccpvdz,N$_2$/cc-pVDZ,19400,31.817448462859943
n2_ccpvdz,N$_2$/cc-pVDZ,19410,31.339445287869694
n2_ccpvdz,N$_2$/cc-pVDZ,19420,32.20401128047001
n2_ccpvdz,N$_2$/cc-pVDZ,19430,32.02691116013057
n2_ccpvdz,N$_2$/cc-pVDZ,19440,31.630814067554525
n2_ccpvdz,N$_2$/cc-pVDZ,19450,31.43627192025633
n2_ccpvdz,N$_2$/cc-pVDZ,19460,32.086986318802246
n2_ccpvdz,N$_2$/cc-pVDZ,19470,31.593099662714508
n2_ccpvdz,N$_2$/cc-pVDZ,19480,31.322564584328916
n2_ccpvdz,N$_2$/cc-pVDZ,19490,34.52969709046272
n2_ccpvdz,N$_2$/cc-pVDZ,19500,32.405586900779326
n2_ccpvdz,N$_2$/cc-pVDZ,19510,31.67935119003573
n2_ccpvdz,N$_2$/cc-pVDZ,19520,31.21962897945707
n2_ccpvdz,N$_2$/cc-pVDZ,19530,31.17338297857941
n2_ccpvdz,N$_2$/cc-pVDZ,19540,31.098416447420618
n2_ccpvdz,N$_2$/cc-pVDZ,19550,32.29848414805758
n2_ccpvdz,N$_2$/cc-pVDZ,19560,31.770698399114394
n2_ccpvdz,N$_2$/cc-pVDZ,19570,31.5622354248859
n2_ccpvdz,N$_2$/cc-pVDZ,19580,31.180171989760197
n2_ccpvdz,N$_2$/cc-pVDZ,19590,32.638391503454045
n2_ccpvdz,N$_2$/cc-pVDZ,19600,32.163760399384955
n2_ccpvdz,N$_2$/cc-pVDZ,19610,31.739113252115203
n2_ccpvdz,N$_2$/cc-pVDZ,19620,31.354962357596605
n2_ccpvdz,N$_2$/cc-pVDZ,19630,31.609499210588865
n2_ccpvdz,N$_2$/cc-pVDZ,19640,31.582735257018157
n2_ccpvdz,N$_2$/cc-pVDZ,19650,31.415318520359392
n2_ccpvdz,N$_2$/cc-pVDZ,19660,31.11151371268761
n2_ccpvdz,N$_2$/cc-pVDZ,19670,31.258405460533822
n2_ccpvdz,N$_2$/cc-pVDZ,19680,31.60995096648378
n2_ccpvdz,N$_2$/cc-pVDZ,19690,31.52661058520323
n2_ccpvdz,N$_2$/cc-pVDZ,19700,31.25532853613322
n2_ccpvdz,N$_2$/cc-pVDZ,19710,31.346857357149815
n2_ccpvdz,N$_2$/cc-pVDZ,19720,31.928917802673595
n2_ccpvdz,N$_2$/cc-pVDZ,19730,31.390642601024865
n2_ccpvdz,N$_2$/cc-pVDZ,19740,31.096332901796586
n2_ccpvdz,N$_2$/cc-pVDZ,19750,31.844670818713894
n2_ccpvdz,N$_2$/cc-pVDZ,19760,31.988520234833118
n2_ccpvdz,N$_2$/cc-pVDZ,19770,31.640651714113233
n2_ccpvdz,N$_2$/cc-pVDZ,19780,31.402928068928304
n2_ccpvdz,N$_2$/cc-pVDZ,19790,31.59834740246481
n2_ccpvdz,N$_2$/cc-pVDZ,19800,31.222676135655547
n2_ccpvdz,N$_2$/cc-pVDZ,19810,31.436990773570983
n2_ccpvdz,N$_2$/cc-pVDZ,19820,31.78900909237825
n2_ccpvdz,N$_2$/cc-pVDZ,19830,31.724825431567183
n2_ccpvdz,N$_2$/cc-pVDZ,19840,31.313179927508372
n2_ccpvdz,N$_2$/cc-pVDZ,19850,31.015155203860445
n2_ccpvdz,N$_2$/cc-pVDZ,19860,32.26717057432893
n2_ccpvdz,N$_2$/cc-pVDZ,19870,31.928339470610467
n2_ccpvdz,N$_2$/cc-pVDZ,19880,31.306090864902103
n2_ccpvdz,N$_2$/cc-pVDZ,19890,32.13563959373289
n2_ccpvdz,N$_2$/cc-pVDZ,19900,31.156185484547905
n2_ccpvdz,N$_2$/cc-pVDZ,19910,31.2831664225115
n2_ccpvdz,N$_2$/cc-pVDZ,19920,31.338135973328463
n2_ccpvdz,N$_2$/cc-pVDZ,19930,31.388340215954713
n2_ccpvdz,N$_2$/cc-pVDZ,19940,30.98005552486427
n2_ccpvdz,N$_2$/cc-pVDZ,19950,31.231364393789818
n2_ccpvdz,N$_2$/cc-pVDZ,19960,31.409691465512424
n2_ccpvdz,N$_2$/cc-pVDZ,19970,31.015768936612176
n2_ccpvdz,N$_2$/cc-pVDZ,19980,32.62352867180596
n2_ccpvdz,N$_2$/cc-pVDZ,19990,32.2911710252356
n2_ccpvdz,N$_2$/cc-pVDZ,20000,35.37307681533264
n2_ccpvdz,N$_2$/cc-pVDZ,20010,32.67313795632276
n2_ccpvdz,N$_2$/cc-pVDZ,20020,31.993236561689287
n2_ccpvdz,N$_2$/cc-pVDZ,20030,31.29394155486409
n2_ccpvdz,N$_2$/cc-pVDZ,20040,30.975314835700374
n2_ccpvdz,N$_2$/cc-pVDZ,20050,30.881327405253955
n2_ccpvdz,N$_2$/cc-pVDZ,20060,30.799232408398325
n2_ccpvdz,N$_2$/cc-pVDZ,20070,30.83264440689959
n2_ccpvdz,N$_2$/cc-pVDZ,20080,31.781016097539805
n2_ccpvdz,N$_2$/cc-pVDZ,20090,31.006191646611114
n2_ccpvdz,N$_2$/cc-pVDZ,20100,31.23075175294332
n2_ccpvdz,N$_2$/cc-pVDZ,20110,30.99272790326779
n2_ccpvdz,N$_2$/cc-pVDZ,20120,31.552382529497436
n2_ccpvdz,N$_2$/cc-pVDZ,20130,31.305153921891815
n2_ccpvdz,N$_2$/cc-pVDZ,20140,31.235326526882545
n2_ccpvdz,N$_2$/cc-pVDZ,20150,31.023674744091068
n2_ccpvdz,N$_2$/cc-pVDZ,20160,30.962637367650814
n2_ccpvdz,N$_2$/cc-pVDZ,20170,33.219869563197335
n2_ccpvdz,N$_2$/cc-pVDZ,20180,31.66676653296463
n2_ccpvdz,N$_2$/cc-pVDZ,20190,31.734360003525808
n2_ccpvdz,N$_2$/cc-pVDZ,20200,31.29719140116549
n2_ccpvdz,N$_2$/cc-pVDZ,20210,31.043996338013358
n2_ccpvdz,N$_2$/cc-pVDZ,20220,30.859106091597255
n2_ccpvdz,N$_2$/cc-pVDZ,20230,31.063573574002135
n2_ccpvdz,N$_2$/cc-pVDZ,20240,31.508985145293877
n2_ccpvdz,N$_2$/cc-pVDZ,20250,30.988210483116063
n2_ccpvdz,N$_2$/cc-pVDZ,20260,31.13756347804042
n2_ccpvdz,N$_2$/cc-pVDZ,20270,31.174933222601453
n2_ccpvdz,N$_2$/cc-pVDZ,20280,30.865256444130296
n2_ccpvdz,N$_2$/cc-pVDZ,20290,31.434171338460715
n2_ccpvdz,N$_2$/cc-pVDZ,20300,31.094872356860037
n2_ccpvdz,N$_2$/cc-pVDZ,20310,30.84057501897064
n2_ccpvdz,N$_2$/cc-pVDZ,20320,30.991179531767443
n2_ccpvdz,N$_2$/cc-pVDZ,20330,31.310177490411206
n2_ccpvdz,N$_2$/cc-pVDZ,20340,31.840898229006598
n2_ccpvdz,N$_2$/cc-pVDZ,20350,31.30194788910501
n2_ccpvdz,N$_2$/cc-pVDZ,20360,30.932983731332797
n2_ccpvdz,N$_2$/cc-pVDZ,20370,30.857720368203445
n2_ccpvdz,N$_2$/cc-pVDZ,20380,30.85615413765197
n2_ccpvdz,N$_2$/cc-pVDZ,20390,31.335402354358166
n2_ccpvdz,N$_2$/cc-pVDZ,20400,30.730927618634496
n2_ccpvdz,N$_2$/cc-pVDZ,20410,30.81189983265631
n2_ccpvdz,N$_2$/cc-pVDZ,20420,31.9252380264885
n2_ccpvdz,N$_2$/cc-pVDZ,20430,31.100550888893963
n2_ccpvdz,N$_2$/cc-pVDZ,20440,30.84908671812059
n2_ccpvdz,N$_2$/cc-pVDZ,20450,31.826712639798416
n2_ccpvdz,N$_2$/cc-pVDZ,20460,31.50342452779853
n2_ccpvdz,N$_2$/cc-pVDZ,20470,31.734571936993916
n2_ccpvdz,N$_2$/cc-pVDZ,20480,30.862025713247476
n2_ccpvdz,N$_2$/cc-pVDZ,20490,32.42394378040103
n2_ccpvdz,N$_2$/cc-pVDZ,20500,31.684915299862837
n2_ccpvdz,N$_2$/cc-pVDZ,20510,30.837828262804123
n2_ccpvdz,N$_2$/cc-pVDZ,20520,30.6810900812593
n2_ccpvdz,N$_2$/cc-pVDZ,20530,31.854946793032468
n2_ccpvdz,N$_2$/cc-pVDZ,20540,31.091206022807683
n2_ccpvdz,N$_2$/cc-pVDZ,20550,30.935205637192098
n2_ccpvdz,N$_2$/cc-pVDZ,20560,30.75062027816955
n2_ccpvdz,N$_2$/cc-pVDZ,20570,31.71033502732712
n2_ccpvdz,N$_2$/cc-pVDZ,20580,31.306836378192315
n2_ccpvdz,N$_2$/cc-pVDZ,20590,30.999363946193625
n2_ccpvdz,N$_2$/cc-pVDZ,20600,30.981494919558372
n2_ccpvdz,N$_2$/cc-pVDZ,20610,31.17389664767245
n2_ccpvdz,N$_2$/cc-pVDZ,20620,30.890669254944214
n2_ccpvdz,N$_2$/cc-pVDZ,20630,31.978196512000068
n2_ccpvdz,N$_2$/cc-pVDZ,20640,31.527620705361414
n2_ccpvdz,N$_2$/cc-pVDZ,20650,31.2210041610399
n2_ccpvdz,N$_2$/cc-pVDZ,20660,30.634591294884217
n2_ccpvdz,N$_2$/cc-pVDZ,20670,31.37326345203917
n2_ccpvdz,N$_2$/cc-pVDZ,20680,31.452531357018643
n2_ccpvdz,N$_2$/cc-pVDZ,20690,31.528803235232772
n2_ccpvdz,N$_2$/cc-pVDZ,20700,30.897366641710278
n2_ccpvdz,N$_2$/cc-pVDZ,20710,30.70665099977532
n2_ccpvdz,N$_2$/cc-pVDZ,20720,31.43994262214278
n2_ccpvdz,N$_2$/cc-pVDZ,20730,31.449914441324722
n2_ccpvdz,N$_2$/cc-pVDZ,20740,30.920944697015784
n2_ccpvdz,N$_2$/cc-pVDZ,20750,31.789319954782513
n2_ccpvdz,N$_2$/cc-pVDZ,20760,31.216939116561093
n2_ccpvdz,N$_2$/cc-pVDZ,20770,30.79981971804102
n2_ccpvdz,N$_2$/cc-pVDZ,20780,30.93779745763925
n2_ccpvdz,N$_2$/cc-pVDZ,20790,30.792204081961927
n2_ccpvdz,N$_2$/cc-pVDZ,20800,31.4529173864031
n2_ccpvdz,N$_2$/cc-pVDZ,20810,30.834280136573966
n2_ccpvdz,N$_2$/cc-pVDZ,20820,30.721243835756695
n2_ccpvdz,N$_2$/cc-pVDZ,20830,31.413888171840654
n2_ccpvdz,N$_2$/cc-pVDZ,20840,30.849512455674244
n2_ccpvdz,N$_2$/cc-pVDZ,20850,31.037991427254497
n2_ccpvdz,N$_2$/cc-pVDZ,20860,30.66028399061338
n2_ccpvdz,N$_2$/cc-pVDZ,20870,30.749683133223016
n2_ccpvdz,N$_2$/cc-pVDZ,20880,31.52852145029783
n2_ccpvdz,N$_2$/cc-pVDZ,20890,31.160896662228765
n2_ccpvdz,N$_2$/cc-pVDZ,20900,30.859871300165764
n2_ccpvdz,N$_2$/cc-pVDZ,20910,30.515964917157135
n2_ccpvdz,N$_2$/cc-pVDZ,20920,31.707441233479017
n2_ccpvdz,N$_2$/cc-pVDZ,20930,31.0916819544218
n2_ccpvdz,N$_2$/cc-pVDZ,20940,30.740949237170412
n2_ccpvdz,N$_2$/cc-pVDZ,20950,30.664463735419645
n2_ccpvdz,N$_2$/cc-pVDZ,20960,30.59697972032893
n2_ccpvdz,N$_2$/cc-pVDZ,20970,31.311776697577898
n2_ccpvdz,N$_2$/cc-pVDZ,20980,31.274741075080215
n2_ccpvdz,N$_2$/cc-pVDZ,20990,30.594351619100735
n2_ccpvdz,N$_2$/cc-pVDZ,21000,31.89091600266636
n2_ccpvdz,N$_2$/cc-pVDZ,21010,30.916929877705
n2_ccpvdz,N$_2$/cc-pVDZ,21020,30.642600200096126
n2_ccpvdz,N$_2$/cc-pVDZ,21030,30.563792886212582
n2_ccpvdz,N$_2$/cc-pVDZ,21040,30.759632649818514
n2_ccpvdz,N$_2$/cc-pVDZ,21050,31.507117588972733
n2_ccpvdz,N$_2$/cc-pVDZ,21060,30.690712186967062
n2_ccpvdz,N$_2$/cc-pVDZ,21070,30.96254339436655
n2_ccpvdz,N$_2$/cc-pVDZ,21080,30.86979016043756
n2_ccpvdz,N$_2$/cc-pVDZ,21090,30.890084734139123
n2_ccpvdz,N$_2$/cc-pVDZ,21100,30.578998250163636
n2_ccpvdz,N$_2$/cc-pVDZ,21110,30.56644798341779
n2_ccpvdz,N$_2$/cc-pVDZ,21120,31.819947823180428
n2_ccpvdz,N$_2$/cc-pVDZ,21130,31.408082595731912
n2_ccpvdz,N$_2$/cc-pVDZ,21140,30.82277285855639
n2_ccpvdz,N$_2$/cc-pVDZ,21150,30.380157025419408
n2_ccpvdz,N$_2$/cc-pVDZ,21160,32.50908733186009
n2_ccpvdz,N$_2$/cc-pVDZ,21170,31.47597702813698
n2_ccpvdz,N$_2$/cc-pVDZ,21180,30.764030090324468
n2_ccpvdz,N$_2$/cc-pVDZ,21190,30.596427168575246
n2_ccpvdz,N$_2$/cc-pVDZ,21200,30.47240126596762
n2_ccpvdz,N$_2$/cc-pVDZ,21210,30.483341045339785
n2_ccpvdz,N$_2$/cc-pVDZ,21220,30.559685265487246
n2_ccpvdz,N$_2$/cc-pVDZ,21230,30.71774076563827
n2_ccpvdz,N$_2$/cc-pVDZ,21240,30.940308163863506
n2_ccpvdz,N$_2$/cc-pVDZ,21250,31.52671883685798
n2_ccpvdz,N$_2$/cc-pVDZ,21260,30.847977166644114
n2_ccpvdz,N$_2$/cc-pVDZ,21270,30.522602945438848
n2_ccpvdz,N$_2$/cc-pVDZ,21280,30.59428578934842
n2_ccpvdz,N$_2$/cc-pVDZ,21290,30.886887200637148
n2_ccpvdz,N$_2$/cc-pVDZ,21300,30.963833098752502
n2_ccpvdz,N$_2$/cc-pVDZ,21310,30.533838630944388
n2_ccpvdz,N$_2$/cc-pVDZ,21320,30.671004416589653
n2_ccpvdz,N$_2$/cc-pVDZ,21330,30.905638662488855
n2_ccpvdz,N$_2$/cc-pVDZ,21340,30.91307699126844
n2_ccpvdz,N$_2$/cc-pVDZ,21350,30.50945538929284
n2_ccpvdz,N$_2$/cc-pVDZ,21360,30.458944656970743
n2_ccpvdz,N$_2$/cc-pVDZ,21370,30.468950864204203
n2_ccpvdz,N$_2$/cc-pVDZ,21380,31.182245020957566
n2_ccpvdz,N$_2$/cc-pVDZ,21390,30.75000990664023
n2_ccpvdz,N$_2$/cc-pVDZ,21400,30.42903511429529
n2_ccpvdz,N$_2$/cc-pVDZ,21410,30.460283134956967
n2_ccpvdz,N$_2$/cc-pVDZ,21420,32.104399798228656
n2_ccpvdz,N$_2$/cc-pVDZ,21430,31.56670885509527
n2_ccpvdz,N$_2$/cc-pVDZ,21440,30.529967700175575
n2_ccpvdz,N$_2$/cc-pVDZ,21450,30.352720377436526
n2_ccpvdz,N$_2$/cc-pVDZ,21460,30.348663779307117
n2_ccpvdz,N$_2$/cc-pVDZ,21470,30.81350334640831
n2_ccpvdz,N$_2$/cc-pVDZ,21480,30.970120973151438
n2_ccpvdz,N$_2$/cc-pVDZ,21490,30.837068030862724
n2_ccpvdz,N$_2$/cc-pVDZ,21500,31.23532637249582
n2_ccpvdz,N$_2$/cc-pVDZ,21510,30.59278095427942
n2_ccpvdz,N$_2$/cc-pVDZ,21520,30.23799726612708
n2_ccpvdz,N$_2$/cc-pVDZ,21530,31.656751676777617
n2_ccpvdz,N$_2$/cc-pVDZ,21540,31.018388149547604
n2_ccpvdz,N$_2$/cc-pVDZ,21550,30.688490442244643
n2_ccpvdz,N$_2$/cc-pVDZ,21560,31.003847648321425
n2_ccpvdz,N$_2$/cc-pVDZ,21570,31.168207158387418
n2_ccpvdz,N$_2$/cc-pVDZ,21580,30.806589975611587
n2_ccpvdz,N$_2$/cc-pVDZ,21590,30.36365003791275
n2_ccpvdz,N$_2$/cc-pVDZ,21600,31.397418410691103
n2_ccpvdz,N$_2$/cc-pVDZ,21610,30.467095548729617
n2_ccpvdz,N$_2$/cc-pVDZ,21620,30.227668980430167
n2_ccpvdz,N$_2$/cc-pVDZ,21630,31.333540674083338
n2_ccpvdz,N$_2$/cc-pVDZ,21640,30.497304338808817
n2_ccpvdz,N$_2$/cc-pVDZ,21650,30.406108760672623
n2_ccpvdz,N$_2$/cc-pVDZ,21660,32.1659582437519
n2_ccpvdz,N$_2$/cc-pVDZ,21670,30.83927326184721
n2_ccpvdz,N$_2$/cc-pVDZ,21680,30.77648513350084
n2_ccpvdz,N$_2$/cc-pVDZ,21690,30.208085074932
n2_ccpvdz,N$_2$/cc-pVDZ,21700,31.08273785690585
n2_ccpvdz,N$_2$/cc-pVDZ,21710,30.79042512926833
n2_ccpvdz,N$_2$/cc-pVDZ,21720,30.507930509543257
n2_ccpvdz,N$_2$/cc-pVDZ,21730,30.62712790757871
n2_ccpvdz,N$_2$/cc-pVDZ,21740,30.247560357679504
n2_ccpvdz,N$_2$/cc-pVDZ,21750,30.66907847411926
n2_ccpvdz,N$_2$/cc-pVDZ,21760,30.75302879113906
n2_ccpvdz,N$_2$/cc-pVDZ,21770,31.11673838338902
n2_ccpvdz,N$_2$/cc-pVDZ,21780,30.726107620878906
n2_ccpvdz,N$_2$/cc-pVDZ,21790,30.227760930969794
n2_ccpvdz,N$_2$/cc-pVDZ,21800,31.566089230992134
n2_ccpvdz,N$_2$/cc-pVDZ,21810,30.531100550135193
n2_ccpvdz,N$_2$/cc-pVDZ,21820,30.153982793891032
n2_ccpvdz,N$_2$/cc-pVDZ,21830,30.22887074135383
n2_ccpvdz,N$_2$/cc-pVDZ,21840,31.048843695131723
n2_ccpvdz,N$_2$/cc-pVDZ,21850,30.567385718029527
n2_ccpvdz,N$_2$/cc-pVDZ,21860,30.481901687068103
n2_ccpvdz,N$_2$/cc-pVDZ,21870,30.6021263124876
n2_ccpvdz,N$_2$/cc-pVDZ,21880,30.496909435981934
n2_ccpvdz,N$_2$/cc-pVDZ,21890,31.12296726514785
n2_ccpvdz,N$_2$/cc-pVDZ,21900,30.837428317283866
n2_ccpvdz,N$_2$/cc-pVDZ,21910,30.247662479027326
n2_ccpvdz,N$_2$/cc-pVDZ,21920,30.242145354250738
n2_ccpvdz,N$_2$/cc-pVDZ,21930,30.316738494491347
n2_ccpvdz,N$_2$/cc-pVDZ,21940,30.43176378648127
n2_ccpvdz,N$_2$/cc-pVDZ,21950,30.524642510243893
n2_ccpvdz,N$_2$/cc-pVDZ,21960,31.224096143191105
n2_ccpvdz,N$_2$/cc-pVDZ,21970,30.44270908725366
n2_ccpvdz,N$_2$/cc-pVDZ,21980,30.216195276835833
n2_ccpvdz,N$_2$/cc-pVDZ,21990,30.150905111256066
n2_ccpvdz,N$_2$/cc-pVDZ,22000,30.414131935501132
n2_ccpvdz,N$_2$/cc-pVDZ,22010,30.673350324661897
n2_ccpvdz,N$_2$/cc-pVDZ,22020,30.340370039169784
n2_ccpvdz,N$_2$/cc-pVDZ,22030,30.291180496874404
n2_ccpvdz,N$_2$/cc-pVDZ,22040,30.041481872402187
n2_ccpvdz,N$_2$/cc-pVDZ,22050,30.63186282209074
n2_ccpvdz,N$_2$/cc-pVDZ,22060,30.876513050699828
n2_ccpvdz,N$_2$/cc-pVDZ,22070,30.537211647924778
n2_ccpvdz,N$_2$/cc-pVDZ,22080,30.308640435734446
n2_ccpvdz,N$_2$/cc-pVDZ,22090,30.0354664500162
n2_ccpvdz,N$_2$/cc-pVDZ,22100,30.106235048975805
n2_ccpvdz,N$_2$/cc-pVDZ,22110,31.55231473783715
n2_ccpvdz,N$_2$/cc-pVDZ,22120,30.111627503231375
n2_ccpvdz,N$_2$/cc-pVDZ,22130,30.258510869614952
n2_ccpvdz,N$_2$/cc-pVDZ,22140,30.138805863273888
n2_ccpvdz,N$_2$/cc-pVDZ,22150,30.620403040273914
n2_ccpvdz,N$_2$/cc-pVDZ,22160,30.386369082208375
n2_ccpvdz,N$_2$/cc-pVDZ,22170,30.341318871933254
n2_ccpvdz,N$_2$/cc-pVDZ,22180,29.99663562349042
n2_ccpvdz,N$_2$/cc-pVDZ,22190,30.425540063617973
n2_ccpvdz,N$_2$/cc-pVDZ,22200,30.14829791065665
n2_ccpvdz,N$_2$/cc-pVDZ,22210,30.460244393879066
n2_ccpvdz,N$_2$/cc-pVDZ,22220,30.158321107975894
n2_ccpvdz,N$_2$/cc-pVDZ,22230,31.421268797060975
n2_ccpvdz,N$_2$/cc-pVDZ,22240,30.199053065317116
n2_ccpvdz,N$_2$/cc-pVDZ,22250,30.111901849949163
n2_ccpvdz,N$_2$/cc-pVDZ,22260,29.977221874844417
n2_ccpvdz,N$_2$/cc-pVDZ,22270,30.098361118191974
n2_ccpvdz,N$_2$/cc-pVDZ,22280,30.399272683567347
n2_ccpvdz,N$_2$/cc-pVDZ,22290,30.479251423614073
n2_ccpvdz,N$_2$/cc-pVDZ,22300,30.25804818740596
n2_ccpvdz,N$_2$/cc-pVDZ,22310,30.691734418937244
n2_ccpvdz,N$_2$/cc-pVDZ,22320,30.077487172519568
n2_ccpvdz,N$_2$/cc-pVDZ,22330,29.886377386432628
n2_ccpvdz,N$_2$/cc-pVDZ,22340,30.04870722149633
n2_ccpvdz,N$_2$/cc-pVDZ,22350,30.269201078169772
n2_ccpvdz,N$_2$/cc-pVDZ,22360,30.88218269267884
n2_ccpvdz,N$_2$/cc-pVDZ,22370,30.133483222840596
n2_ccpvdz,N$_2$/cc-pVDZ,22380,30.122818207956925
n2_ccpvdz,N$_2$/cc-pVDZ,22390,29.93993633724301
n2_ccpvdz,N$_2$/cc-pVDZ,22400,30.31921889483158
n2_ccpvdz,N$_2$/cc-pVDZ,22410,30.359456406571894
n2_ccpvdz,N$_2$/cc-pVDZ,22420,30.013771653116805
n2_ccpvdz,N$_2$/cc-pVDZ,22430,29.83295020790422
n2_ccpvdz,N$_2$/cc-pVDZ,22440,30.541084364273274
n2_ccpvdz,N$_2$/cc-pVDZ,22450,30.546065283218127
n2_ccpvdz,N$_2$/cc-pVDZ,22460,30.104414462414297
n2_ccpvdz,N$_2$/cc-pVDZ,22470,29.789458883215048
n2_ccpvdz,N$_2$/cc-pVDZ,22480,29.7675368307182
n2_ccpvdz,N$_2$/cc-pVDZ,22490,31.745783035958652
n2_ccpvdz,N$_2$/cc-pVDZ,22500,30.725971183898082
n2_ccpvdz,N$_2$/cc-pVDZ,22510,29.828181792211694
n2_ccpvdz,N$_2$/cc-pVDZ,22520,29.85696569362517
n2_ccpvdz,N$_2$/cc-pVDZ,22530,30.774282197469915
n2_ccpvdz,N$_2$/cc-pVDZ,22540,30.078731192659802
n2_ccpvdz,N$_2$/cc-pVDZ,22550,29.77280974418761
n2_ccpvdz,N$_2$/cc-pVDZ,22560,30.755091841939475
n2_ccpvdz,N$_2$/cc-pVDZ,22570,31.229371714530885
n2_ccpvdz,N$_2$/cc-pVDZ,22580,30.39408108651287
n2_ccpvdz,N$_2$/cc-pVDZ,22590,29.882327217364946
n2_ccpvdz,N$_2$/cc-pVDZ,22600,29.744083182919212
n2_ccpvdz,N$_2$/cc-pVDZ,22610,29.644537318517905
n2_ccpvdz,N$_2$/cc-pVDZ,22620,29.843769136860487
n2_ccpvdz,N$_2$/cc-pVDZ,22630,31.107407723169445
n2_ccpvdz,N$_2$/cc-pVDZ,22640,30.029865394283206
n2_ccpvdz,N$_2$/cc-pVDZ,22650,29.809379420527193
n2_ccpvdz,N$_2$/cc-pVDZ,22660,29.791004717978353
n2_ccpvdz,N$_2$/cc-pVDZ,22670,29.758154363946687
n2_ccpvdz,N$_2$/cc-pVDZ,22680,29.658033234653658
n2_ccpvdz,N$_2$/cc-pVDZ,22690,29.680908617308432
n2_ccpvdz,N$_2$/cc-pVDZ,22700,29.816121712016752
n2_ccpvdz,N$_2$/cc-pVDZ,22710,29.84180205241671
n2_ccpvdz,N$_2$/cc-pVDZ,22720,30.379681342836307
n2_ccpvdz,N$_2$/cc-pVDZ,22730,30.268533318761115
n2_ccpvdz,N$_2$/cc-pVDZ,22740,29.76635497817881
n2_ccpvdz,N$_2$/cc-pVDZ,22750,29.748473870085945
n2_ccpvdz,N$_2$/cc-pVDZ,22760,30.279789136329782
n2_ccpvdz,N$_2$/cc-pVDZ,22770,30.94756143391919
n2_ccpvdz,N$_2$/cc-pVDZ,22780,30.96854138290439
n2_ccpvdz,N$_2$/cc-pVDZ,22790,29.817443639885255
n2_ccpvdz,N$_2$/cc-pVDZ,22800,30.06384130992501
n2_ccpvdz,N$_2$/cc-pVDZ,22810,29.779121392621732
n2_ccpvdz,N$_2$/cc-pVDZ,22820,29.5874672551264
n2_ccpvdz,N$_2$/cc-pVDZ,22830,29.987849740294337
n2_ccpvdz,N$_2$/cc-pVDZ,22840,29.961108652102553
n2_ccpvdz,N$_2$/cc-pVDZ,22850,31.103358365498934
n2_ccpvdz,N$_2$/cc-pVDZ,22860,30.095825456129432
n2_ccpvdz,N$_2$/cc-pVDZ,22870,29.593171528148332
n2_ccpvdz,N$_2$/cc-pVDZ,22880,29.587222919190026
n2_ccpvdz,N$_2$/cc-pVDZ,22890,29.952739103421777
n2_ccpvdz,N$_2$/cc-pVDZ,22900,30.05809113324176
n2_ccpvdz,N$_2$/cc-pVDZ,22910,29.996651655096684
n2_ccpvdz,N$_2$/cc-pVDZ,22920,29.717575522326456
n2_ccpvdz,N$_2$/cc-pVDZ,22930,30.090196430592187
n2_ccpvdz,N$_2$/cc-pVDZ,22940,29.93686478718871
n2_ccpvdz,N$_2$/cc-pVDZ,22950,29.52605746740744
n2_ccpvdz,N$_2$/cc-pVDZ,22960,30.362405179005236
n2_ccpvdz,N$_2$/cc-pVDZ,22970,29.557252042906157
n2_ccpvdz,N$_2$/cc-pVDZ,22980,29.786883775614115
n2_ccpvdz,N$_2$/cc-pVDZ,22990,31.279420566747262
n2_ccpvdz,N$_2$/cc-pVDZ,23000,29.81707964089253
n2_ccpvdz,N$_2$/cc-pVDZ,23010,29.940589840251164
n2_ccpvdz,N$_2$/cc-pVDZ,23020,31.05540340736468
n2_ccpvdz,N$_2$/cc-pVDZ,23030,30.581088093796893
n2_ccpvdz,N$_2$/cc-pVDZ,23040,29.612771689542683
n2_ccpvdz,N$_2$/cc-pVDZ,23050,29.58456478154403
n2_ccpvdz,N$_2$/cc-pVDZ,23060,30.439132736489682
n2_ccpvdz,N$_2$/cc-pVDZ,23070,29.677975806109202
n2_ccpvdz,N$_2$/cc-pVDZ,23080,29.68406279228475
n2_ccpvdz,N$_2$/cc-pVDZ,23090,29.621081169921126
n2_ccpvdz,N$_2$/cc-pVDZ,23100,29.649679229365233
n2_ccpvdz,N$_2$/cc-pVDZ,23110,29.746329076346
n2_ccpvdz,N$_2$/cc-pVDZ,23120,29.640401438072672
n2_ccpvdz,N$_2$/cc-pVDZ,23130,30.206452707503217
n2_ccpvdz,N$_2$/cc-pVDZ,23140,30.058691752998357
n2_ccpvdz,N$_2$/cc-pVDZ,23150,29.821344367448432
n2_ccpvdz,N$_2$/cc-pVDZ,23160,30.522236238084588
n2_ccpvdz,N$_2$/cc-pVDZ,23170,29.64243832676061
n2_ccpvdz,N$_2$/cc-pVDZ,23180,29.480385514389695
n2_ccpvdz,N$_2$/cc-pVDZ,23190,29.970362968740005
n2_ccpvdz,N$_2$/cc-pVDZ,23200,29.692517626202175
n2_ccpvdz,N$_2$/cc-pVDZ,23210,29.571227275596357
n2_ccpvdz,N$_2$/cc-pVDZ,23220,29.627945287657553
n2_ccpvdz,N$_2$/cc-pVDZ,23230,29.688281094905733
n2_ccpvdz,N$_2$/cc-pVDZ,23240,31.511216548295806
n2_ccpvdz,N$_2$/cc-pVDZ,23250,30.825642123616603
n2_ccpvdz,N$_2$/cc-pVDZ,23260,29.770552927416816
n2_ccpvdz,N$_2$/cc-pVDZ,23270,29.53155243201877
n2_ccpvdz,N$_2$/cc-pVDZ,23280,29.34820173071273
n2_ccpvdz,N$_2$/cc-pVDZ,23290,29.30582910077817
n2_ccpvdz,N$_2$/cc-pVDZ,23300,30.29384454141848
n2_ccpvdz,N$_2$/cc-pVDZ,23310,31.130957685860494
n2_ccpvdz,N$_2$/cc-pVDZ,23320,30.110782719404483
n2_ccpvdz,N$_2$/cc-pVDZ,23330,30.847539390492784
n2_ccpvdz,N$_2$/cc-pVDZ,23340,29.473691957932147
n2_ccpvdz,N$_2$/cc-pVDZ,23350,29.331466205633205
n2_ccpvdz,N$_2$/cc-pVDZ,23360,30.18938019795314
n2_ccpvdz,N$_2$/cc-pVDZ,23370,29.914723623150508
n2_ccpvdz,N$_2$/cc-pVDZ,23380,29.539346946137357
n2_ccpvdz,N$_2$/cc-pVDZ,23390,29.331276304304765
n2_ccpvdz,N$_2$/cc-pVDZ,23400,29.344268461983347
n2_ccpvdz,N$_2$/cc-pVDZ,23410,29.551798882721414
n2_ccpvdz,N$_2$/cc-pVDZ,23420,29.735184553075555
n2_ccpvdz,N$_2$/cc-pVDZ,23430,29.574400445483207
n2_ccpvdz,N$_2$/cc-pVDZ,23440,29.790667462251008
n2_ccpvdz,N$_2$/cc-pVDZ,23450,29.768807934985375
n2_ccpvdz,N$_2$/cc-pVDZ,23460,29.768085486281848
n2_ccpvdz,N$_2$/cc-pVDZ,23470,29.440300584269607
n2_ccpvdz,N$_2$/cc-pVDZ,23480,30.418070409808706
n2_ccpvdz,N$_2$/cc-pVDZ,23490,29.81709369635155
n2_ccpvdz,N$_2$/cc-pVDZ,23500,29.645377089750014
n2_ccpvdz,N$_2$/cc-pVDZ,23510,29.472923182794375
n2_ccpvdz,N$_2$/cc-pVDZ,23520,29.360953145967983
n2_ccpvdz,N$_2$/cc-pVDZ,23530,29.444069470102363
n2_ccpvdz,N$_2$/cc-pVDZ,23540,30.320334157877937
n2_ccpvdz,N$_2$/cc-pVDZ,23550,30.152023213574353
n2_ccpvdz,N$_2$/cc-pVDZ,23560,29.46073725368592
n2_ccpvdz,N$_2$/cc-pVDZ,23570,29.385595863132608
n2_ccpvdz,N$_2$/cc-pVDZ,23580,29.950151212943865
n2_ccpvdz,N$_2$/cc-pVDZ,23590,29.217489882398695
n2_ccpvdz,N$_2$/cc-pVDZ,23600,29.702195521508656
n2_ccpvdz,N$_2$/cc-pVDZ,23610,30.24384861541307
n2_ccpvdz,N$_2$/cc-pVDZ,23620,29.476049515864133
n2_ccpvdz,N$_2$/cc-pVDZ,23630,29.276863799168495
n2_ccpvdz,N$_2$/cc-pVDZ,23640,30.316733687385522
n2_ccpvdz,N$_2$/cc-pVDZ,23650,29.86262944747864
n2_ccpvdz,N$_2$/cc-pVDZ,23660,29.34985133732937
n2_ccpvdz,N$_2$/cc-pVDZ,23670,29.50270306450875
n2_ccpvdz,N$_2$/cc-pVDZ,23680,30.582082238879593
n2_ccpvdz,N$_2$/cc-pVDZ,23690,30.826849671797163
n2_ccpvdz,N$_2$/cc-pVDZ,23700,29.461357947639044
n2_ccpvdz,N$_2$/cc-pVDZ,23710,29.22086912519717
n2_ccpvdz,N$_2$/cc-pVDZ,23720,29.56441896247952
n2_ccpvdz,N$_2$/cc-pVDZ,23730,29.593414335465695
n2_ccpvdz,N$_2$/cc-pVDZ,23740,29.407759401422595
n2_ccpvdz,N$_2$/cc-pVDZ,23750,29.51283020335893
n2_ccpvdz,N$_2$/cc-pVDZ,23760,29.280963305893692
n2_ccpvdz,N$_2$/cc-pVDZ,23770,29.39249980059344
n2_ccpvdz,N$_2$/cc-pVDZ,23780,30.02169253950626
n2_ccpvdz,N$_2$/cc-pVDZ,23790,29.639294701951258
n2_ccpvdz,N$_2$/cc-pVDZ,23800,30.18732544778402
n2_ccpvdz,N$_2$/cc-pVDZ,23810,29.26861564594674
n2_ccpvdz,N$_2$/cc-pVDZ,23820,29.537283869757402
n2_ccpvdz,N$_2$/cc-pVDZ,23830,29.383037319647087
n2_ccpvdz,N$_2$/cc-pVDZ,23840,29.315268570911712
n2_ccpvdz,N$_2$/cc-pVDZ,23850,29.328691572587218
n2_ccpvdz,N$_2$/cc-pVDZ,23860,30.407847960788104
n2_ccpvdz,N$_2$/cc-pVDZ,23870,29.729698921542536
n2_ccpvdz,N$_2$/cc-pVDZ,23880,29.752346867468304
n2_ccpvdz,N$_2$/cc-pVDZ,23890,29.44693112299035
n2_ccpvdz,N$_2$/cc-pVDZ,23900,29.698852447012314
n2_ccpvdz,N$_2$/cc-pVDZ,23910,29.42454985767995
n2_ccpvdz,N$_2$/cc-pVDZ,23920,29.363644123435506
n2_ccpvdz,N$_2$/cc-pVDZ,23930,29.706162136889702
n2_ccpvdz,N$_2$/cc-pVDZ,23940,29.17224341763358
n2_ccpvdz,N$_2$/cc-pVDZ,23950,29.203708106294357
n2_ccpvdz,N$_2$/cc-pVDZ,23960,29.385344069098096
n2_ccpvdz,N$_2$/cc-pVDZ,23970,29.66564402527183
n2_ccpvdz,N$_2$/cc-pVDZ,23980,31.152115831361016
n2_ccpvdz,N$_2$/cc-pVDZ,23990,30.18250741725126
n2_ccpvdz,N$_2$/cc-pVDZ,24000,29.445734260022505
n2_ccpvdz,N$_2$/cc-pVDZ,24010,29.24366686205815
n2_ccpvdz,N$_2$/cc-pVDZ,24020,29.04123849599216
n2_ccpvdz,N$_2$/cc-pVDZ,24030,29.39113048842046
n2_ccpvdz,N$_2$/cc-pVDZ,24040,30.681207780332898
n2_ccpvdz,N$_2$/cc-pVDZ,24050,29.50427030866365
n2_ccpvdz,N$_2$/cc-pVDZ,24060,29.14560686879497
n2_ccpvdz,N$_2$/cc-pVDZ,24070,29.74642737255806
n2_ccpvdz,N$_2$/cc-pVDZ,24080,29.476692813432237
n2_ccpvdz,N$_2$/cc-pVDZ,24090,29.01848963182374
n2_ccpvdz,N$_2$/cc-pVDZ,24100,30.458614617046464
n2_ccpvdz,N$_2$/cc-pVDZ,24110,29.4020090967706
n2_ccpvdz,N$_2$/cc-pVDZ,24120,29.038106503634253
n2_ccpvdz,N$_2$/cc-pVDZ,24130,30.561081432267656
n2_ccpvdz,N$_2$/cc-pVDZ,24140,29.893436052134348
n2_ccpvdz,N$_2$/cc-pVDZ,24150,29.117660098989973
n2_ccpvdz,N$_2$/cc-pVDZ,24160,30.542767238372903
n2_ccpvdz,N$_2$/cc-pVDZ,24170,30.62954521325878
n2_ccpvdz,N$_2$/cc-pVDZ,24180,29.917160607368487
n2_ccpvdz,N$_2$/cc-pVDZ,24190,29.496800553587832
n2_ccpvdz,N$_2$/cc-pVDZ,24200,29.451428283664427
n2_ccpvdz,N$_2$/cc-pVDZ,24210,29.020182164671837
n2_ccpvdz,N$_2$/cc-pVDZ,24220,29.006520046394257
n2_ccpvdz,N$_2$/cc-pVDZ,24230,30.3068260601691
n2_ccpvdz,N$_2$/cc-pVDZ,24240,29.26385590865266
n2_ccpvdz,N$_2$/cc-pVDZ,24250,29.03755186959245
n2_ccpvdz,N$_2$/cc-pVDZ,24260,28.99698954036012
n2_ccpvdz,N$_2$/cc-pVDZ,24270,29.79115800202692
n2_ccpvdz,N$_2$/cc-pVDZ,24280,29.309383435588643
n2_ccpvdz,N$_2$/cc-pVDZ,24290,29.586548941111346
n2_ccpvdz,N$_2$/cc-pVDZ,24300,29.10855225711373
n2_ccpvdz,N$_2$/cc-pVDZ,24310,28.9750757329017
n2_ccpvdz,N$_2$/cc-pVDZ,24320,32.24365752180347
n2_ccpvdz,N$_2$/cc-pVDZ,24330,33.8963669024821
n2_ccpvdz,N$_2$/cc-pVDZ,24340,30.970390961940097
n2_ccpvdz,N$_2$/cc-pVDZ,24350,29.53042211935042
n2_ccpvdz,N$_2$/cc-pVDZ,24360,29.23804702558641
n2_ccpvdz,N$_2$/cc-pVDZ,24370,28.957702920479278
n2_ccpvdz,N$_2$/cc-pVDZ,24380,28.900921864291718
n2_ccpvdz,N$_2$/cc-pVDZ,24390,28.939757562412183
n2_ccpvdz,N$_2$/cc-pVDZ,24400,28.925437576575064
n2_ccpvdz,N$_2$/cc-pVDZ,24410,29.735245893206752
n2_ccpvdz,N$_2$/cc-pVDZ,24420,29.481968734430097
n2_ccpvdz,N$_2$/cc-pVDZ,24430,28.936393691523676
n2_ccpvdz,N$_2$/cc-pVDZ,24440,29.584217900719523
n2_ccpvdz,N$_2$/cc-pVDZ,24450,30.03038325930163
n2_ccpvdz,N$_2$/cc-pVDZ,24460,29.444645491935262
n2_ccpvdz,N$_2$/cc-pVDZ,24470,29.050084306973645
n2_ccpvdz,N$_2$/cc-pVDZ,24480,28.938771966366517
n2_ccpvdz,N$_2$/cc-pVDZ,24490,30.33205135686501
n2_ccpvdz,N$_2$/cc-pVDZ,24500,29.891987439299328
n2_ccpvdz,N$_2$/cc-pVDZ,24510,29.926204353131425
n2_ccpvdz,N$_2$/cc-pVDZ,24520,29.77930158826325
n2_ccpvdz,N$_2$/cc-pVDZ,24530,29.023549447771302
n2_ccpvdz,N$_2$/cc-pVDZ,24540,29.119603043909592
n2_ccpvdz,N$_2$/cc-pVDZ,24550,28.927547855658986
n2_ccpvdz,N$_2$/cc-pVDZ,24560,29.206855237504215
n2_ccpvdz,N$_2$/cc-pVDZ,24570,28.93652525810353
n2_ccpvdz,N$_2$/cc-pVDZ,24580,30.14309044309016
n2_ccpvdz,N$_2$/cc-pVDZ,24590,29.163530949873007
n2_ccpvdz,N$_2$/cc-pVDZ,24600,28.955632302086087
n2_ccpvdz,N$_2$/cc-pVDZ,24610,28.937393205225703
n2_ccpvdz,N$_2$/cc-pVDZ,24620,28.893081536679688
n2_ccpvdz,N$_2$/cc-pVDZ,24630,30.958813953773756
n2_ccpvdz,N$_2$/cc-pVDZ,24640,33.62493592271676
n2_ccpvdz,N$_2$/cc-pVDZ,24650,30.563996829059192
n2_ccpvdz,N$_2$/cc-pVDZ,24660,29.640348286903873
n2_ccpvdz,N$_2$/cc-pVDZ,24670,29.01209550368833
n2_ccpvdz,N$_2$/cc-pVDZ,24680,28.81064272027345
n2_ccpvdz,N$_2$/cc-pVDZ,24690,28.72070471096322
n2_ccpvdz,N$_2$/cc-pVDZ,24700,28.743215702988323
n2_ccpvdz,N$_2$/cc-pVDZ,24710,30.368951936978306
n2_ccpvdz,N$_2$/cc-pVDZ,24720,29.84631621498579
n2_ccpvdz,N$_2$/cc-pVDZ,24730,28.88089265900362
n2_ccpvdz,N$_2$/cc-pVDZ,24740,28.737986496906842
n2_ccpvdz,N$_2$/cc-pVDZ,24750,30.323844796058097
n2_ccpvdz,N$_2$/cc-pVDZ,24760,28.979322476487823
n2_ccpvdz,N$_2$/cc-pVDZ,24770,29.340931888441446
n2_ccpvdz,N$_2$/cc-pVDZ,24780,29.283042186108332
n2_ccpvdz,N$_2$/cc-pVDZ,24790,29.019861316811557
n2_ccpvdz,N$_2$/cc-pVDZ,24800,28.916866492991744
n2_ccpvdz,N$_2$/cc-pVDZ,24810,29.110886089654286
n2_ccpvdz,N$_2$/cc-pVDZ,24820,29.23138480620935
n2_ccpvdz,N$_2$/cc-pVDZ,24830,28.998417333724547
n2_ccpvdz,N$_2$/cc-pVDZ,24840,29.004264522683343
n2_ccpvdz,N$_2$/cc-pVDZ,24850,28.808765557229776
n2_ccpvdz,N$_2$/cc-pVDZ,24860,29.505142767391135
n2_ccpvdz,N$_2$/cc-pVDZ,24870,29.580557812337815
n2_ccpvdz,N$_2$/cc-pVDZ,24880,29.306937228028573
n2_ccpvdz,N$_2$/cc-pVDZ,24890,28.868787225405868
n2_ccpvdz,N$_2$/cc-pVDZ,24900,28.750390083118305
n2_ccpvdz,N$_2$/cc-pVDZ,24910,29.66920951850227
n2_ccpvdz,N$_2$/cc-pVDZ,24920,29.50005938690481
n2_ccpvdz,N$_2$/cc-pVDZ,24930,29.430140184601328
n2_ccpvdz,N$_2$/cc-pVDZ,24940,29.065313067221155
n2_ccpvdz,N$_2$/cc-pVDZ,24950,28.89189932899683
n2_ccpvdz,N$_2$/cc-pVDZ,24960,28.991034252300096
n2_ccpvdz,N$_2$/cc-pVDZ,24970,28.776525081340765
n2_ccpvdz,N$_2$/cc-pVDZ,24980,29.044592018109938
n2_ccpvdz,N$_2$/cc-pVDZ,24990,30.12495434131779
n2_ccpvdz,N$_2$/cc-pVDZ,25000,29.533120178598438
n2_ccpvdz,N$_2$/cc-pVDZ,25010,29.238424949483033
n2_ccpvdz,N$_2$/cc-pVDZ,25020,28.90930760270294
n2_ccpvdz,N$_2$/cc-pVDZ,25030,29.14721164158607
n2_ccpvdz,N$_2$/cc-pVDZ,25040,28.997919201358968
n2_ccpvdz,N$_2$/cc-pVDZ,25050,28.68528817454319
n2_ccpvdz,N$_2$/cc-pVDZ,25060,28.917302370800257
n2_ccpvdz,N$_2$/cc-pVDZ,25070,28.861906827529538
n2_ccpvdz,N$_2$/cc-pVDZ,25080,28.83187875121962
n2_ccpvdz,N$_2$/cc-pVDZ,25090,29.314890674712046
n2_ccpvdz,N$_2$/cc-pVDZ,25100,28.97684043429649
n2_ccpvdz,N$_2$/cc-pVDZ,25110,28.796779564743247
n2_ccpvdz,N$_2$/cc-pVDZ,25120,28.92663639468651
n2_ccpvdz,N$_2$/cc-pVDZ,25130,29.222897041563556
n2_ccpvdz,N$_2$/cc-pVDZ,25140,28.95469973414322
n2_ccpvdz,N$_2$/cc-pVDZ,25150,29.182098256697486
n2_ccpvdz,N$_2$/cc-pVDZ,25160,29.03668095589751
n2_ccpvdz,N$_2$/cc-pVDZ,25170,29.12178194398507
n2_ccpvdz,N$_2$/cc-pVDZ,25180,29.85120111230799
n2_ccpvdz,N$_2$/cc-pVDZ,25190,29.305255137913377
n2_ccpvdz,N$_2$/cc-pVDZ,25200,29.108789957376757
n2_ccpvdz,N$_2$/cc-pVDZ,25210,28.773378885645684
n2_ccpvdz,N$_2$/cc-pVDZ,25220,29.60019902675981
n2_ccpvdz,N$_2$/cc-pVDZ,25230,29.023998239296134
n2_ccpvdz,N$_2$/cc-pVDZ,25240,28.82510739655686
n2_ccpvdz,N$_2$/cc-pVDZ,25250,28.850534261934513
n2_ccpvdz,N$_2$/cc-pVDZ,25260,29.534427147723363
n2_ccpvdz,N$_2$/cc-pVDZ,25270,29.039179085884825
n2_ccpvdz,N$_2$/cc-pVDZ,25280,28.96482111975729
n2_ccpvdz,N$_2$/cc-pVDZ,25290,29.241784225433776
n2_ccpvdz,N$_2$/cc-pVDZ,25300,28.891544253625057
n2_ccpvdz,N$_2$/cc-pVDZ,25310,28.68163009809166
n2_ccpvdz,N$_2$/cc-pVDZ,25320,28.584994989600432
n2_ccpvdz,N$_2$/cc-pVDZ,25330,29.95281353410917
n2_ccpvdz,N$_2$/cc-pVDZ,25340,29.242416114684033
n2_ccpvdz,N$_2$/cc-pVDZ,25350,28.92671422974047
n2_ccpvdz,N$_2$/cc-pVDZ,25360,28.740873183508597
n2_ccpvdz,N$_2$/cc-pVDZ,25370,28.665691183789477
n2_ccpvdz,N$_2$/cc-pVDZ,25380,28.540572662024033
n2_ccpvdz,N$_2$/cc-pVDZ,25390,29.48887894088159
n2_ccpvdz,N$_2$/cc-pVDZ,25400,29.322575682428464
n2_ccpvdz,N$_2$/cc-pVDZ,25410,28.76933766818013
n2_ccpvdz,N$_2$/cc-pVDZ,25420,28.616988023799195
n2_ccpvdz,N$_2$/cc-pVDZ,25430,28.73429949210049
n2_ccpvdz,N$_2$/cc-pVDZ,25440,28.87420984117739
n2_ccpvdz,N$_2$/cc-pVDZ,25450,28.521700677885065
n2_ccpvdz,N$_2$/cc-pVDZ,25460,28.774283556685987
n2_ccpvdz,N$_2$/cc-pVDZ,25470,29.705633650493724
n2_ccpvdz,N$_2$/cc-pVDZ,25480,29.509093289973976
n2_ccpvdz,N$_2$/cc-pVDZ,25490,28.86098987544017
n2_ccpvdz,N$_2$/cc-pVDZ,25500,28.63641731971711
n2_ccpvdz,N$_2$/cc-pVDZ,25510,28.469979792248523
n2_ccpvdz,N$_2$/cc-pVDZ,25520,28.81741131542981
n2_ccpvdz,N$_2$/cc-pVDZ,25530,28.519811380760984
n2_ccpvdz,N$_2$/cc-pVDZ,25540,29.262339055804887
n2_ccpvdz,N$_2$/cc-pVDZ,25550,28.867215303961302
n2_ccpvdz,N$_2$/cc-pVDZ,25560,28.785618392973333
n2_ccpvdz,N$_2$/cc-pVDZ,25570,28.994657528457424
n2_ccpvdz,N$_2$/cc-pVDZ,25580,28.745485511933566
n2_ccpvdz,N$_2$/cc-pVDZ,25590,28.948970290230136
n2_ccpvdz,N$_2$/cc-pVDZ,25600,29.10045302024855
n2_ccpvdz,N$_2$/cc-pVDZ,25610,29.804455144230246
n2_ccpvdz,N$_2$/cc-pVDZ,25620,29.76817539654064
n2_ccpvdz,N$_2$/cc-pVDZ,25630,28.681966596522557
n2_ccpvdz,N$_2$/cc-pVDZ,25640,28.888650796318416
n2_ccpvdz,N$_2$/cc-pVDZ,25650,29.2053104390817
n2_ccpvdz,N$_2$/cc-pVDZ,25660,28.50430582495278
n2_ccpvdz,N$_2$/cc-pVDZ,25670,28.754687592112305
n2_ccpvdz,N$_2$/cc-pVDZ,25680,28.90930201874653
n2_ccpvdz,N$_2$/cc-pVDZ,25690,28.617942504425287
n2_ccpvdz,N$_2$/cc-pVDZ,25700,29.2994678954841
n2_ccpvdz,N$_2$/cc-pVDZ,25710,28.685847947372167
n2_ccpvdz,N$_2$/cc-pVDZ,25720,28.721396009856903
n2_ccpvdz,N$_2$/cc-pVDZ,25730,29.036204531095677
n2_ccpvdz,N$_2$/cc-pVDZ,25740,28.686528074203466
n2_ccpvdz,N$_2$/cc-pVDZ,25750,28.4242780573436
n2_ccpvdz,N$_2$/cc-pVDZ,25760,29.12951749922854
n2_ccpvdz,N$_2$/cc-pVDZ,25770,28.60799321429397
n2_ccpvdz,N$_2$/cc-pVDZ,25780,28.547530565504076
n2_ccpvdz,N$_2$/cc-pVDZ,25790,29.49889243481607
n2_ccpvdz,N$_2$/cc-pVDZ,25800,28.431846156664164
n2_ccpvdz,N$_2$/cc-pVDZ,25810,28.573314280066597
n2_ccpvdz,N$_2$/cc-pVDZ,25820,28.517152839995674
n2_ccpvdz,N$_2$/cc-pVDZ,25830,29.428433268833487
n2_ccpvdz,N$_2$/cc-pVDZ,25840,29.161509130375407
n2_ccpvdz,N$_2$/cc-pVDZ,25850,28.585571391872122
n2_ccpvdz,N$_2$/cc-pVDZ,25860,28.453648544044086
n2_ccpvdz,N$_2$/cc-pVDZ,25870,28.699391576566313
n2_ccpvdz,N$_2$/cc-pVDZ,25880,28.817479164629844
n2_ccpvdz,N$_2$/cc-pVDZ,25890,28.538026495937174
n2_ccpvdz,N$_2$/cc-pVDZ,25900,28.397266902203455
n2_ccpvdz,N$_2$/cc-pVDZ,25910,28.816550439572097
n2_ccpvdz,N$_2$/cc-pVDZ,25920,28.808077081080796
n2_ccpvdz,N$_2$/cc-pVDZ,25930,28.582660624564937
n2_ccpvdz,N$_2$/cc-pVDZ,25940,28.53558725840344
n2_ccpvdz,N$_2$/cc-pVDZ,25950,28.455067549089108
n2_ccpvdz,N$_2$/cc-pVDZ,25960,29.11746961152062
n2_ccpvdz,N$_2$/cc-pVDZ,25970,28.67685417746202
n2_ccpvdz,N$_2$/cc-pVDZ,25980,28.56436549791397
n2_ccpvdz,N$_2$/cc-pVDZ,25990,29.986175097349133
n2_ccpvdz,N$_2$/cc-pVDZ,26000,29.12016210294155
n2_ccpvdz,N$_2$/cc-pVDZ,26010,28.54820917791301
n2_ccpvdz,N$_2$/cc-pVDZ,26020,28.308613100563207
n2_ccpvdz,N$_2$/cc-pVDZ,26030,28.264465530554617
n2_ccpvdz,N$_2$/cc-pVDZ,26040,29.481060053228703
n2_ccpvdz,N$_2$/cc-pVDZ,26050,29.118056345069476
n2_ccpvdz,N$_2$/cc-pVDZ,26060,28.821847753903285
n2_ccpvdz,N$_2$/cc-pVDZ,26070,28.583332115175608
n2_ccpvdz,N$_2$/cc-pVDZ,26080,28.48360906313019
n2_ccpvdz,N$_2$/cc-pVDZ,26090,28.45348203864262
n2_ccpvdz,N$_2$/cc-pVDZ,26100,28.38587403141446
n2_ccpvdz,N$_2$/cc-pVDZ,26110,28.67689328068934
n2_ccpvdz,N$_2$/cc-pVDZ,26120,28.900162206767277
n2_ccpvdz,N$_2$/cc-pVDZ,26130,28.621840919782926
n2_ccpvdz,N$_2$/cc-pVDZ,26140,28.48993891980456
n2_ccpvdz,N$_2$/cc-pVDZ,26150,28.51767372507652
n2_ccpvdz,N$_2$/cc-pVDZ,26160,28.400422082839327
n2_ccpvdz,N$_2$/cc-pVDZ,26170,28.531783376166686
n2_ccpvdz,N$_2$/cc-pVDZ,26180,28.70411951363394
n2_ccpvdz,N$_2$/cc-pVDZ,26190,28.396253112674685
n2_ccpvdz,N$_2$/cc-pVDZ,26200,28.295808767026642
n2_ccpvdz,N$_2$/cc-pVDZ,26210,28.25829096138932
n2_ccpvdz,N$_2$/cc-pVDZ,26220,28.33603796078421
n2_ccpvdz,N$_2$/cc-pVDZ,26230,28.391637036136785
n2_ccpvdz,N$_2$/cc-pVDZ,26240,30.08803736105392
n2_ccpvdz,N$_2$/cc-pVDZ,26250,29.093468092327157
n2_ccpvdz,N$_2$/cc-pVDZ,26260,28.65600460972928
n2_ccpvdz,N$_2$/cc-pVDZ,26270,28.314428562481453
n2_ccpvdz,N$_2$/cc-pVDZ,26280,28.809703921098162
n2_ccpvdz,N$_2$/cc-pVDZ,26290,29.880099420154238
n2_ccpvdz,N$_2$/cc-pVDZ,26300,28.412443188472025
n2_ccpvdz,N$_2$/cc-pVDZ,26310,28.527924909212743
n2_ccpvdz,N$_2$/cc-pVDZ,26320,28.24951380910079
n2_ccpvdz,N$_2$/cc-pVDZ,26330,28.335740006866672
n2_ccpvdz,N$_2$/cc-pVDZ,26340,28.61842740607301
n2_ccpvdz,N$_2$/cc-pVDZ,26350,28.954402598031947
n2_ccpvdz,N$_2$/cc-pVDZ,26360,28.387895824025122
n2_ccpvdz,N$_2$/cc-pVDZ,26370,28.316591588591677
n2_ccpvdz,N$_2$/cc-pVDZ,26380,28.238856842648374
n2_ccpvdz,N$_2$/cc-pVDZ,26390,28.38195388466147
n2_ccpvdz,N$_2$/cc-pVDZ,26400,28.21530084185042
n2_ccpvdz,N$_2$/cc-pVDZ,26410,28.41917969041674
n2_ccpvdz,N$_2$/cc-pVDZ,26420,28.84424246107642
n2_ccpvdz,N$_2$/cc-pVDZ,26430,28.272372820097758
n2_ccpvdz,N$_2$/cc-pVDZ,26440,28.38402134250373
n2_ccpvdz,N$_2$/cc-pVDZ,26450,28.27082004876047
n2_ccpvdz,N$_2$/cc-pVDZ,26460,28.516066986938426
n2_ccpvdz,N$_2$/cc-pVDZ,26470,29.010773528781897
n2_ccpvdz,N$_2$/cc-pVDZ,26480,28.34879647015498
n2_ccpvdz,N$_2$/cc-pVDZ,26490,28.288952478689566
n2_ccpvdz,N$_2$/cc-pVDZ,26500,28.28515143633581
n2_ccpvdz,N$_2$/cc-pVDZ,26510,29.600383535722585
n2_ccpvdz,N$_2$/cc-pVDZ,26520,29.263652509271765
n2_ccpvdz,N$_2$/cc-pVDZ,26530,28.44364922884779
n2_ccpvdz,N$_2$/cc-pVDZ,26540,28.164151865482268
n2_ccpvdz,N$_2$/cc-pVDZ,26550,28.126008998512475
n2_ccpvdz,N$_2$/cc-pVDZ,26560,28.32678437937375
n2_ccpvdz,N$_2$/cc-pVDZ,26570,28.698016936687054
n2_ccpvdz,N$_2$/cc-pVDZ,26580,28.377843561628424
n2_ccpvdz,N$_2$/cc-pVDZ,26590,28.503389268763613
n2_ccpvdz,N$_2$/cc-pVDZ,26600,28.435373940183695
n2_ccpvdz,N$_2$/cc-pVDZ,26610,28.40763069930574
n2_ccpvdz,N$_2$/cc-pVDZ,26620,28.63688963739719
n2_ccpvdz,N$_2$/cc-pVDZ,26630,28.55822496781002
n2_ccpvdz,N$_2$/cc-pVDZ,26640,28.244231415811782
n2_ccpvdz,N$_2$/cc-pVDZ,26650,28.247180593467647
n2_ccpvdz,N$_2$/cc-pVDZ,26660,28.459684155421883
n2_ccpvdz,N$_2$/cc-pVDZ,26670,28.642379044256927
n2_ccpvdz,N$_2$/cc-pVDZ,26680,28.617921684343628
n2_ccpvdz,N$_2$/cc-pVDZ,26690,28.26926911126293
n2_ccpvdz,N$_2$/cc-pVDZ,26700,28.524801899422414
n2_ccpvdz,N$_2$/cc-pVDZ,26710,28.531242409940205
n2_ccpvdz,N$_2$/cc-pVDZ,26720,28.178685651099045
n2_ccpvdz,N$_2$/cc-pVDZ,26730,30.039702314823558
n2_ccpvdz,N$_2$/cc-pVDZ,26740,29.369268623156586
n2_ccpvdz,N$_2$/cc-pVDZ,26750,28.162871904569897
n2_ccpvdz,N$_2$/cc-pVDZ,26760,28.115217476823773
n2_ccpvdz,N$_2$/cc-pVDZ,26770,28.46659277344088
n2_ccpvdz,N$_2$/cc-pVDZ,26780,28.614877585440013
n2_ccpvdz,N$_2$/cc-pVDZ,26790,28.068768654620158
n2_ccpvdz,N$_2$/cc-pVDZ,26800,28.419084401988925
n2_ccpvdz,N$_2$/cc-pVDZ,26810,28.4857165777197
n2_ccpvdz,N$_2$/cc-pVDZ,26820,28.10916297987376
n2_ccpvdz,N$_2$/cc-pVDZ,26830,28.458409131786766
n2_ccpvdz,N$_2$/cc-pVDZ,26840,28.092083467299744
n2_ccpvdz,N$_2$/cc-pVDZ,26850,29.011923607995982
n2_ccpvdz,N$_2$/cc-pVDZ,26860,29.119069178861423
n2_ccpvdz,N$_2$/cc-pVDZ,26870,28.22541515801902
n2_ccpvdz,N$_2$/cc-pVDZ,26880,28.06352297017156
n2_ccpvdz,N$_2$/cc-pVDZ,26890,28.855010177764484
n2_ccpvdz,N$_2$/cc-pVDZ,26900,28.84767070419514
n2_ccpvdz,N$_2$/cc-pVDZ,26910,28.198099725301518
n2_ccpvdz,N$_2$/cc-pVDZ,26920,28.062956255212157
n2_ccpvdz,N$_2$/cc-pVDZ,26930,29.27079512417663
n2_ccpvdz,N$_2$/cc-pVDZ,26940,28.99697363854159
n2_ccpvdz,N$_2$/cc-pVDZ,26950,28.32839440732471
n2_ccpvdz,N$_2$/cc-pVDZ,26960,28.043866119887184
n2_ccpvdz,N$_2$/cc-pVDZ,26970,28.6046784089109
n2_ccpvdz,N$_2$/cc-pVDZ,26980,28.79482271903555
n2_ccpvdz,N$_2$/cc-pVDZ,26990,28.18864527820608
n2_ccpvdz,N$_2$/cc-pVDZ,27000,28.105966830722195
n2_ccpvdz,N$_2$/cc-pVDZ,27010,27.994394842906445
n2_ccpvdz,N$_2$/cc-pVDZ,27020,30.185845074854
n2_ccpvdz,N$_2$/cc-pVDZ,27030,28.36273846298809
n2_ccpvdz,N$_2$/cc-pVDZ,27040,28.071860042786057
n2_ccpvdz,N$_2$/cc-pVDZ,27050,27.959147704947895
n2_ccpvdz,N$_2$/cc-pVDZ,27060,28.101327744209925
n2_ccpvdz,N$_2$/cc-pVDZ,27070,28.71543296690504
n2_ccpvdz,N$_2$/cc-pVDZ,27080,28.13600142505379
n2_ccpvdz,N$_2$/cc-pVDZ,27090,28.23442662383968
n2_ccpvdz,N$_2$/cc-pVDZ,27100,28.840733813993324
n2_ccpvdz,N$_2$/cc-pVDZ,27110,28.41647403320735
n2_ccpvdz,N$_2$/cc-pVDZ,27120,28.086974701182044
n2_ccpvdz,N$_2$/cc-pVDZ,27130,27.96164634020215
n2_ccpvdz,N$_2$/cc-pVDZ,27140,28.456347089274914
n2_ccpvdz,N$_2$/cc-pVDZ,27150,27.967009531565168
n2_ccpvdz,N$_2$/cc-pVDZ,27160,29.352469514691393
n2_ccpvdz,N$_2$/cc-pVDZ,27170,28.63878558662236
n2_ccpvdz,N$_2$/cc-pVDZ,27180,28.086604838364337
n2_ccpvdz,N$_2$/cc-pVDZ,27190,28.963121875520415
n2_ccpvdz,N$_2$/cc-pVDZ,27200,28.704069049567238
n2_ccpvdz,N$_2$/cc-pVDZ,27210,28.14401637992603
n2_ccpvdz,N$_2$/cc-pVDZ,27220,28.096625056932112
n2_ccpvdz,N$_2$/cc-pVDZ,27230,28.144878196044942
n2_ccpvdz,N$_2$/cc-pVDZ,27240,28.145465524104907
n2_ccpvdz,N$_2$/cc-pVDZ,27250,28.031032246985887
n2_ccpvdz,N$_2$/cc-pVDZ,27260,29.753429169716128
n2_ccpvdz,N$_2$/cc-pVDZ,27270,29.155997715037074
n2_ccpvdz,N$_2$/cc-pVDZ,27280,28.625760010868362
n2_ccpvdz,N$_2$/cc-pVDZ,27290,28.073339690621424
n2_ccpvdz,N$_2$/cc-pVDZ,27300,27.888381485794866
n2_ccpvdz,N$_2$/cc-pVDZ,27310,27.963536497694008
n2_ccpvdz,N$_2$/cc-pVDZ,27320,28.36500663399022
n2_ccpvdz,N$_2$/cc-pVDZ,27330,28.105186158541073
n2_ccpvdz,N$_2$/cc-pVDZ,27340,28.97825664933862
n2_ccpvdz,N$_2$/cc-pVDZ,27350,28.26968939962171
n2_ccpvdz,N$_2$/cc-pVDZ,27360,28.71362705792535
n2_ccpvdz,N$_2$/cc-pVDZ,27370,28.180764175885997
n2_ccpvdz,N$_2$/cc-pVDZ,27380,28.08183783868401
n2_ccpvdz,N$_2$/cc-pVDZ,27390,28.193554034061208
n2_ccpvdz,N$_2$/cc-pVDZ,27400,28.22952113299948
n2_ccpvdz,N$_2$/cc-pVDZ,27410,28.782060664667597
n2_ccpvdz,N$_2$/cc-pVDZ,27420,28.24971733076609
n2_ccpvdz,N$_2$/cc-pVDZ,27430,28.547610565055948
n2_ccpvdz,N$_2$/cc-pVDZ,27440,28.11995686781188
n2_ccpvdz,N$_2$/cc-pVDZ,27450,28.122307880380504
n2_ccpvdz,N$_2$/cc-pVDZ,27460,28.04674163718346
n2_ccpvdz,N$_2$/cc-pVDZ,27470,28.19404512653989
n2_ccpvdz,N$_2$/cc-pVDZ,27480,28.007181186708863
n2_ccpvdz,N$_2$/cc-pVDZ,27490,28.178658471901485
n2_ccpvdz,N$_2$/cc-pVDZ,27500,28.207657736189162
n2_ccpvdz,N$_2$/cc-pVDZ,27510,28.061340755940023
n2_ccpvdz,N$_2$/cc-pVDZ,27520,28.776535855911334
n2_ccpvdz,N$_2$/cc-pVDZ,27530,28.327917717689388
n2_ccpvdz,N$_2$/cc-pVDZ,27540,28.139102176510278
n2_ccpvdz,N$_2$/cc-pVDZ,27550,27.946279054447132
n2_ccpvdz,N$_2$/cc-pVDZ,27560,28.13442613366135
n2_ccpvdz,N$_2$/cc-pVDZ,27570,29.08506492266838
n2_ccpvdz,N$_2$/cc-pVDZ,27580,27.883755060472026
n2_ccpvdz,N$_2$/cc-pVDZ,27590,28.01382324861379
n2_ccpvdz,N$_2$/cc-pVDZ,27600,27.98693547904918
n2_ccpvdz,N$_2$/cc-pVDZ,27610,27.76902413073401
n2_ccpvdz,N$_2$/cc-pVDZ,27620,28.860624295802495
n2_ccpvdz,N$_2$/cc-pVDZ,27630,27.903598124979112
n2_ccpvdz,N$_2$/cc-pVDZ,27640,28.127296380148437
n2_ccpvdz,N$_2$/cc-pVDZ,27650,28.253141943650917
n2_ccpvdz,N$_2$/cc-pVDZ,27660,27.892966605278957
n2_ccpvdz,N$_2$/cc-pVDZ,27670,28.143928813662455
n2_ccpvdz,N$_2$/cc-pVDZ,27680,28.317623495041744
n2_ccpvdz,N$_2$/cc-pVDZ,27690,28.32297222421687
n2_ccpvdz,N$_2$/cc-pVDZ,27700,27.894427249805176
n2_ccpvdz,N$_2$/cc-pVDZ,27710,28.64603187012449
n2_ccpvdz,N$_2$/cc-pVDZ,27720,28.056551473568447
n2_ccpvdz,N$_2$/cc-pVDZ,27730,28.380532364536748
n2_ccpvdz,N$_2$/cc-pVDZ,27740,27.808586795174506
n2_ccpvdz,N$_2$/cc-pVDZ,27750,27.821750764104536
n2_ccpvdz,N$_2$/cc-pVDZ,27760,28.41442324347554
n2_ccpvdz,N$_2$/cc-pVDZ,27770,27.899167963624905
n2_ccpvdz,N$_2$/cc-pVDZ,27780,28.12093799325055
n2_ccpvdz,N$_2$/cc-pVDZ,27790,28.098396741640386
n2_ccpvdz,N$_2$/cc-pVDZ,27800,28.310511474032296
n2_ccpvdz,N$_2$/cc-pVDZ,27810,28.314849209294835
n2_ccpvdz,N$_2$/cc-pVDZ,27820,27.98222353538904
n2_ccpvdz,N$_2$/cc-pVDZ,27830,27.999430096926403
n2_ccpvdz,N$_2$/cc-pVDZ,27840,28.60709725888455
n2_ccpvdz,N$_2$/cc-pVDZ,27850,28.071466396283995
n2_ccpvdz,N$_2$/cc-pVDZ,27860,27.9827161514703
n2_ccpvdz,N$_2$/cc-pVDZ,27870,28.189322583770604
n2_ccpvdz,N$_2$/cc-pVDZ,27880,28.24862371301151
n2_ccpvdz,N$_2$/cc-pVDZ,27890,27.808697392458726
n2_ccpvdz,N$_2$/cc-pVDZ,27900,28.238012055055606
n2_ccpvdz,N$_2$/cc-pVDZ,27910,28.107777670570044
n2_ccpvdz,N$_2$/cc-pVDZ,27920,28.260123610706955
n2_ccpvdz,N$_2$/cc-pVDZ,27930,27.938164859932613
n2_ccpvdz,N$_2$/cc-pVDZ,27940,27.908796044684436
n2_ccpvdz,N$_2$/cc-pVDZ,27950,28.145673929145687
n2_ccpvdz,N$_2$/cc-pVDZ,27960,28.334784537207724
n2_ccpvdz,N$_2$/cc-pVDZ,27970,28.08567848985888
n2_ccpvdz,N$_2$/cc-pVDZ,27980,28.380588601478962
n2_ccpvdz,N$_2$/cc-pVDZ,27990,28.62949317074026
n2_ccpvdz,N$_2$/cc-pVDZ,28000,28.730931181172537
n2_ccpvdz,N$_2$/cc-pVDZ,28010,27.798939670518052
n2_ccpvdz,N$_2$/cc-pVDZ,28020,27.828936362823242
n2_ccpvdz,N$_2$/cc-pVDZ,28030,27.723379808620052
n2_ccpvdz,N$_2$/cc-pVDZ,28040,27.825795872658432
n2_ccpvdz,N$_2$/cc-pVDZ,28050,29.978202706971047
n2_ccpvdz,N$_2$/cc-pVDZ,28060,28.69791402920896
n2_ccpvdz,N$_2$/cc-pVDZ,28070,28.199213985871552
n2_ccpvdz,N$_2$/cc-pVDZ,28080,28.002544971428733
n2_ccpvdz,N$_2$/cc-pVDZ,28090,27.71809831975247
n2_ccpvdz,N$_2$/cc-pVDZ,28100,28.492005390305053
n2_ccpvdz,N$_2$/cc-pVDZ,28110,29.26708911442688
n2_ccpvdz,N$_2$/cc-pVDZ,28120,28.709873910983674
n2_ccpvdz,N$_2$/cc-pVDZ,28130,27.964130944852172
n2_ccpvdz,N$_2$/cc-pVDZ,28140,27.858520436424783
n2_ccpvdz,N$_2$/cc-pVDZ,28150,27.658791405229977
n2_ccpvdz,N$_2$/cc-pVDZ,28160,27.619754073754166
n2_ccpvdz,N$_2$/cc-pVDZ,28170,28.204033650027327
n2_ccpvdz,N$_2$/cc-pVDZ,28180,28.454341005712536
n2_ccpvdz,N$_2$/cc-pVDZ,28190,27.814424467933918
n2_ccpvdz,N$_2$/cc-pVDZ,28200,28.66707938574109
n2_ccpvdz,N$_2$/cc-pVDZ,28210,28.65152622972289
n2_ccpvdz,N$_2$/cc-pVDZ,28220,27.972462598711445
n2_ccpvdz,N$_2$/cc-pVDZ,28230,28.065865521384126
n2_ccpvdz,N$_2$/cc-pVDZ,28240,27.93488742388206
n2_ccpvdz,N$_2$/cc-pVDZ,28250,27.981547219766867
n2_ccpvdz,N$_2$/cc-pVDZ,28260,27.758256716651886
n2_ccpvdz,N$_2$/cc-pVDZ,28270,27.874883365569758
n2_ccpvdz,N$_2$/cc-pVDZ,28280,28.76263356225195
n2_ccpvdz,N$_2$/cc-pVDZ,28290,27.92382203347188
n2_ccpvdz,N$_2$/cc-pVDZ,28300,27.66781581222233
n2_ccpvdz,N$_2$/cc-pVDZ,28310,29.088651497986007
n2_ccpvdz,N$_2$/cc-pVDZ,28320,28.170624515794884
n2_ccpvdz,N$_2$/cc-pVDZ,28330,29.19637954143184
n2_ccpvdz,N$_2$/cc-pVDZ,28340,28.18119029001309
n2_ccpvdz,N$_2$/cc-pVDZ,28350,27.801384347867497
n2_ccpvdz,N$_2$/cc-pVDZ,28360,27.648039032797556
n2_ccpvdz,N$_2$/cc-pVDZ,28370,27.647472142945162
n2_ccpvdz,N$_2$/cc-pVDZ,28380,27.85095496113854
n2_ccpvdz,N$_2$/cc-pVDZ,28390,28.160793280335383
n2_ccpvdz,N$_2$/cc-pVDZ,28400,27.62106029734923
n2_ccpvdz,N$_2$/cc-pVDZ,28410,27.91473496786523
n2_ccpvdz,N$_2$/cc-pVDZ,28420,28.052411796110732
n2_ccpvdz,N$_2$/cc-pVDZ,28430,27.996117651369445
n2_ccpvdz,N$_2$/cc-pVDZ,28440,28.058096292014056
n2_ccpvdz,N$_2$/cc-pVDZ,28450,27.616282645638535
n2_ccpvdz,N$_2$/cc-pVDZ,28460,27.856658966172176
n2_ccpvdz,N$_2$/cc-pVDZ,28470,28.413685686373924
n2_ccpvdz,N$_2$/cc-pVDZ,28480,27.788644035851462
n2_ccpvdz,N$_2$/cc-pVDZ,28490,27.85300478899444
n2_ccpvdz,N$_2$/cc-pVDZ,28500,27.827658930291932
n2_ccpvdz,N$_2$/cc-pVDZ,28510,28.90202260024921
n2_ccpvdz,N$_2$/cc-pVDZ,28520,28.235475090625073
n2_ccpvdz,N$_2$/cc-pVDZ,28530,27.803593346632738
n2_ccpvdz,N$_2$/cc-pVDZ,28540,28.490084514203318
n2_ccpvdz,N$_2$/cc-pVDZ,28550,28.413681844341454
n2_ccpvdz,N$_2$/cc-pVDZ,28560,27.822874245416074
n2_ccpvdz,N$_2$/cc-pVDZ,28570,27.897778506584814
n2_ccpvdz,N$_2$/cc-pVDZ,28580,28.258333656793866
n2_ccpvdz,N$_2$/cc-pVDZ,28590,27.692188959761666
n2_ccpvdz,N$_2$/cc-pVDZ,28600,27.971096893551817
n2_ccpvdz,N$_2$/cc-pVDZ,28610,27.926289470897814
n2_ccpvdz,N$_2$/cc-pVDZ,28620,27.862394095436116
n2_ccpvdz,N$_2$/cc-pVDZ,28630,28.33612666988472
n2_ccpvdz,N$_2$/cc-pVDZ,28640,27.848347209371127
n2_ccpvdz,N$_2$/cc-pVDZ,28650,27.811882716051173
n2_ccpvdz,N$_2$/cc-pVDZ,28660,27.93635878697387
n2_ccpvdz,N$_2$/cc-pVDZ,28670,28.989953343256047
n2_ccpvdz,N$_2$/cc-pVDZ,28680,28.832681364889368
n2_ccpvdz,N$_2$/cc-pVDZ,28690,27.96407856726546
n2_ccpvdz,N$_2$/cc-pVDZ,28700,27.84383858777062
n2_ccpvdz,N$_2$/cc-pVDZ,28710,27.526585760540456
n2_ccpvdz,N$_2$/cc-pVDZ,28720,28.83468858841809
n2_ccpvdz,N$_2$/cc-pVDZ,28730,28.13551738552178
n2_ccpvdz,N$_2$/cc-pVDZ,28740,27.924072498294095
n2_ccpvdz,N$_2$/cc-pVDZ,28750,27.86574779557327
n2_ccpvdz,N$_2$/cc-pVDZ,28760,27.64451843047766
n2_ccpvdz,N$_2$/cc-pVDZ,28770,28.372807562547564
n2_ccpvdz,N$_2$/cc-pVDZ,28780,28.07824249356372
n2_ccpvdz,N$_2$/cc-pVDZ,28790,27.630875153022316
n2_ccpvdz,N$_2$/cc-pVDZ,28800,27.479063928055325
n2_ccpvdz,N$_2$/cc-pVDZ,28810,27.78493547154426
n2_ccpvdz,N$_2$/cc-pVDZ,28820,28.673140267542863
n2_ccpvdz,N$_2$/cc-pVDZ,28830,32.222467277790656
n2_ccpvdz,N$_2$/cc-pVDZ,28840,29.95865382803231
n2_ccpvdz,N$_2$/cc-pVDZ,28850,27.825909009138172
n2_ccpvdz,N$_2$/cc-pVDZ,28860,27.798454892391078
n2_ccpvdz,N$_2$/cc-pVDZ,28870,27.708246964920136
n2_ccpvdz,N$_2$/cc-pVDZ,28880,27.474155620083707
n2_ccpvdz,N$_2$/cc-pVDZ,28890,27.419174324776918
n2_ccpvdz,N$_2$/cc-pVDZ,28900,27.4535901982631
n2_ccpvdz,N$_2$/cc-pVDZ,28910,27.690381392844188
n2_ccpvdz,N$_2$/cc-pVDZ,28920,27.82278478224498
n2_ccpvdz,N$_2$/cc-pVDZ,28930,28.14849641545436
n2_ccpvdz,N$_2$/cc-pVDZ,28940,28.394672967380075
n2_ccpvdz,N$_2$/cc-pVDZ,28950,27.541691735962104
n2_ccpvdz,N$_2$/cc-pVDZ,28960,27.5637420494661
n2_ccpvdz,N$_2$/cc-pVDZ,28970,27.797311264066593
n2_ccpvdz,N$_2$/cc-pVDZ,28980,27.69995412754156
n2_ccpvdz,N$_2$/cc-pVDZ,28990,27.47984541068149
n2_ccpvdz,N$_2$/cc-pVDZ,29000,27.657620953334572
n2_ccpvdz,N$_2$/cc-pVDZ,29010,28.615910693574165
n2_ccpvdz,N$_2$/cc-pVDZ,29020,27.926864578986965
n2_ccpvdz,N$_2$/cc-pVDZ,29030,27.511375991807085
n2_ccpvdz,N$_2$/cc-pVDZ,29040,27.423305907831264
n2_ccpvdz,N$_2$/cc-pVDZ,29050,28.711154298363795
n2_ccpvdz,N$_2$/cc-pVDZ,29060,28.007169096852635
n2_ccpvdz,N$_2$/cc-pVDZ,29070,27.736002278984984
n2_ccpvdz,N$_2$/cc-pVDZ,29080,27.483944549445027
n2_ccpvdz,N$_2$/cc-pVDZ,29090,28.645192976554767
n2_ccpvdz,N$_2$/cc-pVDZ,29100,27.859868186467907
n2_ccpvdz,N$_2$/cc-pVDZ,29110,27.679694234976182
n2_ccpvdz,N$_2$/cc-pVDZ,29120,27.563274856390763
n2_ccpvdz,N$_2$/cc-pVDZ,29130,28.624046846800866
n2_ccpvdz,N$_2$/cc-pVDZ,29140,27.79742888546366
n2_ccpvdz,N$_2$/cc-pVDZ,29150,27.85497641215784
n2_ccpvdz,N$_2$/cc-pVDZ,29160,27.46764608470187
n2_ccpvdz,N$_2$/cc-pVDZ,29170,27.987397265206937
n2_ccpvdz,N$_2$/cc-pVDZ,29180,27.752254493947248
n2_ccpvdz,N$_2$/cc-pVDZ,29190,27.70381637644448
n2_ccpvdz,N$_2$/cc-pVDZ,29200,27.660697392605016
n2_ccpvdz,N$_2$/cc-pVDZ,29210,29.48548793740713
n2_ccpvdz,N$_2$/cc-pVDZ,29220,27.923582611578013
n2_ccpvdz,N$_2$/cc-pVDZ,29230,27.541857703596406
n2_ccpvdz,N$_2$/cc-pVDZ,29240,27.430181436571388
n2_ccpvdz,N$_2$/cc-pVDZ,29250,27.59089167687989
n2_ccpvdz,N$_2$/cc-pVDZ,29260,27.73077103131527
n2_ccpvdz,N$_2$/cc-pVDZ,29270,27.7527400461679
n2_ccpvdz,N$_2$/cc-pVDZ,29280,27.46701715291522
n2_ccpvdz,N$_2$/cc-pVDZ,29290,27.587877461314747
n2_ccpvdz,N$_2$/cc-pVDZ,29300,27.834187900253937
n2_ccpvdz,N$_2$/cc-pVDZ,29310,27.47676917294939
n2_ccpvdz,N$_2$/cc-pVDZ,29320,27.311335482465893
n2_ccpvdz,N$_2$/cc-pVDZ,29330,27.857341593417573
n2_ccpvdz,N$_2$/cc-pVDZ,29340,28.124097740601428
n2_ccpvdz,N$_2$/cc-pVDZ,29350,27.973898949767317
n2_ccpvdz,N$_2$/cc-pVDZ,29360,27.79578782181602
n2_ccpvdz,N$_2$/cc-pVDZ,29370,27.766408933686648
n2_ccpvdz,N$_2$/cc-pVDZ,29380,27.691952352824956
n2_ccpvdz,N$_2$/cc-pVDZ,29390,27.835905475882328
n2_ccpvdz,N$_2$/cc-pVDZ,29400,27.821501179857933
n2_ccpvdz,N$_2$/cc-pVDZ,29410,27.589745946087874
n2_ccpvdz,N$_2$/cc-pVDZ,29420,27.52611727861165
n2_ccpvdz,N$_2$/cc-pVDZ,29430,27.58721107156248
n2_ccpvdz,N$_2$/cc-pVDZ,29440,28.048117438487452
n2_ccpvdz,N$_2$/cc-pVDZ,29450,27.796127455459896
n2_ccpvdz,N$_2$/cc-pVDZ,29460,27.500913772016133
n2_ccpvdz,N$_2$/cc-pVDZ,29470,28.557744470830926
n2_ccpvdz,N$_2$/cc-pVDZ,29480,27.855073619122095
n2_ccpvdz,N$_2$/cc-pVDZ,29490,27.705147057645263
n2_ccpvdz,N$_2$/cc-pVDZ,29500,27.48108015386208
n2_ccpvdz,N$_2$/cc-pVDZ,29510,27.641844894461087
n2_ccpvdz,N$_2$/cc-pVDZ,29520,27.57689567728505
n2_ccpvdz,N$_2$/cc-pVDZ,29530,27.570178478583784
n2_ccpvdz,N$_2$/cc-pVDZ,29540,27.67720009337893
n2_ccpvdz,N$_2$/cc-pVDZ,29550,28.017809470370025
n2_ccpvdz,N$_2$/cc-pVDZ,29560,27.814043527286003
n2_ccpvdz,N$_2$/cc-pVDZ,29570,28.01274144091792
n2_ccpvdz,N$_2$/cc-pVDZ,29580,27.408481343570656
n2_ccpvdz,N$_2$/cc-pVDZ,29590,27.698545730245883
n2_ccpvdz,N$_2$/cc-pVDZ,29600,27.49545050212987
n2_ccpvdz,N$_2$/cc-pVDZ,29610,27.584568178070867
n2_ccpvdz,N$_2$/cc-pVDZ,29620,27.615489133282267
n2_ccpvdz,N$_2$/cc-pVDZ,29630,28.01494856305453
n2_ccpvdz,N$_2$/cc-pVDZ,29640,27.30737009314055
n2_ccpvdz,N$_2$/cc-pVDZ,29650,28.643029404094023
n2_ccpvdz,N$_2$/cc-pVDZ,29660,27.89907974444361
n2_ccpvdz,N$_2$/cc-pVDZ,29670,28.058937180844623
n2_ccpvdz,N$_2$/cc-pVDZ,29680,27.68159384027058
n2_ccpvdz,N$_2$/cc-pVDZ,29690,27.36509342251736
n2_ccpvdz,N$_2$/cc-pVDZ,29700,27.231965982636552
n2_ccpvdz,N$_2$/cc-pVDZ,29710,28.143327322766254
n2_ccpvdz,N$_2$/cc-pVDZ,29720,27.472413525487127
n2_ccpvdz,N$_2$/cc-pVDZ,29730,27.718364598555922
n2_ccpvdz,N$_2$/cc-pVDZ,29740,28.047667358478634
n2_ccpvdz,N$_2$/cc-pVDZ,29750,27.476531068515442
n2_ccpvdz,N$_2$/cc-pVDZ,29760,27.623085257133084
n2_ccpvdz,N$_2$/cc-pVDZ,29770,27.48529317517523
n2_ccpvdz,N$_2$/cc-pVDZ,29780,27.413897526656683
n2_ccpvdz,N$_2$/cc-pVDZ,29790,28.51115082499689
n2_ccpvdz,N$_2$/cc-pVDZ,29800,27.69039293676201
n2_ccpvdz,N$_2$/cc-pVDZ,29810,27.589277883407703
n2_ccpvdz,N$_2$/cc-pVDZ,29820,27.45879183872546
n2_ccpvdz,N$_2$/cc-pVDZ,29830,27.92420914047966
n2_ccpvdz,N$_2$/cc-pVDZ,29840,27.444045695148134
n2_ccpvdz,N$_2$/cc-pVDZ,29850,27.862305633831852
n2_ccpvdz,N$_2$/cc-pVDZ,29860,27.49379766994764
n2_ccpvdz,N$_2$/cc-pVDZ,29870,27.548645921896764
n2_ccpvdz,N$_2$/cc-pVDZ,29880,27.366464196376228
n2_ccpvdz,N$_2$/cc-pVDZ,29890,27.367093579300672
n2_ccpvdz,N$_2$/cc-pVDZ,29900,27.40864325667758
n2_ccpvdz,N$_2$/cc-pVDZ,29910,27.291315829899077
n2_ccpvdz,N$_2$/cc-pVDZ,29920,28.81168451668259
n2_ccpvdz,N$_2$/cc-pVDZ,29930,27.823379952778282
n2_ccpvdz,N$_2$/cc-pVDZ,29940,27.193950701047243
n2_ccpvdz,N$_2$/cc-pVDZ,29950,28.14618617757958
n2_ccpvdz,N$_2$/cc-pVDZ,29960,28.065572062757838
n2_ccpvdz,N$_2$/cc-pVDZ,29970,27.442178352188762
n2_ccpvdz,N$_2$/cc-pVDZ,29980,27.347058797531076
n2_ccpvdz,N$_2$/cc-pVDZ,29990,27.213520284007586
n2_ccpvdz,N$_2$/cc-pVDZ,30000,27.42661412042935
h2o_ccpvdz,H$_2$O/cc-pVDZ,1,40.655917971974986
h2o_ccpvdz,H$_2$O/cc-pVDZ,10,38.01013117171692
h2o_ccpvdz,H$_2$O/cc-pVDZ,20,36.57064563681445
h2o_ccpvdz,H$_2$O/cc-pVDZ,30,35.55365507341435
h2o_ccpvdz,H$_2$O/cc-pVDZ,40,34.83325655604119
h2o_ccpvdz,H$_2$O/cc-pVDZ,50,34.41832997131655
h2o_ccpvdz,H$_2$O/cc-pVDZ,60,34.0982263438292
h2o_ccpvdz,H$_2$O/cc-pVDZ,70,34.32912784737141
h2o_ccpvdz,H$_2$O/cc-pVDZ,80,34.776386457423314
h2o_ccpvdz,H$_2$O/cc-pVDZ,90,33.40528508373097
h2o_ccpvdz,H$_2$O/cc-pVDZ,100,34.284770011410615
h2o_ccpvdz,H$_2$O/cc-pVDZ,110,32.80624166994528
h2o_ccpvdz,H$_2$O/cc-pVDZ,120,33.6565526378223
h2o_ccpvdz,H$_2$O/cc-pVDZ,130,36.90522608366109
h2o_ccpvdz,H$_2$O/cc-pVDZ,140,38.21432924196699
h2o_ccpvdz,H$_2$O/cc-pVDZ,150,34.982714653182256
h2o_ccpvdz,H$_2$O/cc-pVDZ,160,32.08165398771712
h2o_ccpvdz,H$_2$O/cc-pVDZ,170,31.626695269935112
h2o_ccpvdz,H$_2$O/cc-pVDZ,180,31.20561759828888
h2o_ccpvdz,H$_2$O/cc-pVDZ,190,32.40610886554407
h2o_ccpvdz,H$_2$O/cc-pVDZ,200,32.40899597176394
h2o_ccpvdz,H$_2$O/cc-pVDZ,210,34.17773381620748
h2o_ccpvdz,H$_2$O/cc-pVDZ,220,35.39751221545373
h2o_ccpvdz,H$_2$O/cc-pVDZ,230,34.93133705786988
h2o_ccpvdz,H$_2$O/cc-pVDZ,240,38.54712452405806
h2o_ccpvdz,H$_2$O/cc-pVDZ,250,30.84861167950237
h2o_ccpvdz,H$_2$O/cc-pVDZ,260,30.95873492230794
h2o_ccpvdz,H$_2$O/cc-pVDZ,270,30.08572260945641
h2o_ccpvdz,H$_2$O/cc-pVDZ,280,30.65975941939314
h2o_ccpvdz,H$_2$O/cc-pVDZ,290,32.36694753178426
h2o_ccpvdz,H$_2$O/cc-pVDZ,300,29.847505114560136
h2o_ccpvdz,H$_2$O/cc-pVDZ,310,30.592019576374696
h2o_ccpvdz,H$_2$O/cc-pVDZ,320,31.41291362740617
h2o_ccpvdz,H$_2$O/cc-pVDZ,330,31.17347117041902
h2o_ccpvdz,H$_2$O/cc-pVDZ,340,29.31112787879897
h2o_ccpvdz,H$_2$O/cc-pVDZ,350,28.75539324558929
h2o_ccpvdz,H$_2$O/cc-pVDZ,360,29.334669948312353
h2o_ccpvdz,H$_2$O/cc-pVDZ,370,30.129691948602044
h2o_ccpvdz,H$_2$O/cc-pVDZ,380,29.48487636945174
h2o_ccpvdz,H$_2$O/cc-pVDZ,390,31.416442625257446
h2o_ccpvdz,H$_2$O/cc-pVDZ,400,29.72327506067529
h2o_ccpvdz,H$_2$O/cc-pVDZ,410,29.061773254014156
h2o_ccpvdz,H$_2$O/cc-pVDZ,420,28.944878827616094
h2o_ccpvdz,H$_2$O/cc-pVDZ,430,28.492019842644822
h2o_ccpvdz,H$_2$O/cc-pVDZ,440,30.811110756076232
h2o_ccpvdz,H$_2$O/cc-pVDZ,450,30.14032366502306
h2o_ccpvdz,H$_2$O/cc-pVDZ,460,28.79196490280833
h2o_ccpvdz,H$_2$O/cc-pVDZ,470,33.02107491812478
h2o_ccpvdz,H$_2$O/cc-pVDZ,480,30.33808988944031
h2o_ccpvdz,H$_2$O/cc-pVDZ,490,32.83234480662145
h2o_ccpvdz,H$_2$O/cc-pVDZ,500,28.279103953551044
h2o_ccpvdz,H$_2$O/cc-pVDZ,510,27.784205292121555
h2o_ccpvdz,H$_2$O/cc-pVDZ,520,28.19727711086273
h2o_ccpvdz,H$_2$O/cc-pVDZ,530,28.37177607894148
h2o_ccpvdz,H$_2$O/cc-pVDZ,540,27.717032630704352
h2o_ccpvdz,H$_2$O/cc-pVDZ,550,34.99548967249666
h2o_ccpvdz,H$_2$O/cc-pVDZ,560,27.474205844683297
h2o_ccpvdz,H$_2$O/cc-pVDZ,570,27.247697104613167
h2o_ccpvdz,H$_2$O/cc-pVDZ,580,28.7817207525336
h2o_ccpvdz,H$_2$O/cc-pVDZ,590,27.937432052254962
h2o_ccpvdz,H$_2$O/cc-pVDZ,600,26.47849384862866
h2o_ccpvdz,H$_2$O/cc-pVDZ,610,26.611340354961044
h2o_ccpvdz,H$_2$O/cc-pVDZ,620,26.199589795211864
h2o_ccpvdz,H$_2$O/cc-pVDZ,630,27.7075162934608
h2o_ccpvdz,H$_2$O/cc-pVDZ,640,27.955155868227166
h2o_ccpvdz,H$_2$O/cc-pVDZ,650,29.367636514962214
h2o_ccpvdz,H$_2$O/cc-pVDZ,660,29.992601037307054
h2o_ccpvdz,H$_2$O/cc-pVDZ,670,27.247357721421395
h2o_ccpvdz,H$_2$O/cc-pVDZ,680,26.330756091908825
h2o_ccpvdz,H$_2$O/cc-pVDZ,690,25.995430235340677
h2o_ccpvdz,H$_2$O/cc-pVDZ,700,26.95819879403416
h2o_ccpvdz,H$_2$O/cc-pVDZ,710,27.048334994319134
h2o_ccpvdz,H$_2$O/cc-pVDZ,720,25.825248356326824
h2o_ccpvdz,H$_2$O/cc-pVDZ,730,30.09514617167497
h2o_ccpvdz,H$_2$O/cc-pVDZ,740,27.117895192233732
h2o_ccpvdz,H$_2$O/cc-pVDZ,750,25.820596272652097
h2o_ccpvdz,H$_2$O/cc-pVDZ,760,26.82754371323881
h2o_ccpvdz,H$_2$O/cc-pVDZ,770,27.16403007039503
h2o_ccpvdz,H$_2$O/cc-pVDZ,780,26.374124963638224
h2o_ccpvdz,H$_2$O/cc-pVDZ,790,25.61544142014327
h2o_ccpvdz,H$_2$O/cc-pVDZ,800,26.788837214851924
h2o_ccpvdz,H$_2$O/cc-pVDZ,810,30.077745557221647
h2o_ccpvdz,H$_2$O/cc-pVDZ,820,25.86341869387354
h2o_ccpvdz,H$_2$O/cc-pVDZ,830,27.676109451860498
h2o_ccpvdz,H$_2$O/cc-pVDZ,840,27.29489361280457
h2o_ccpvdz,H$_2$O/cc-pVDZ,850,25.296800831611677
h2o_ccpvdz,H$_2$O/cc-pVDZ,860,25.8253495047569
h2o_ccpvdz,H$_2$O/cc-pVDZ,870,28.818936027889208
h2o_ccpvdz,H$_2$O/cc-pVDZ,880,26.451878213904934
h2o_ccpvdz,H$_2$O/cc-pVDZ,890,25.729550561507608
h2o_ccpvdz,H$_2$O/cc-pVDZ,900,25.151478006876005
h2o_ccpvdz,H$_2$O/cc-pVDZ,910,24.90962392619167
h2o_ccpvdz,H$_2$O/cc-pVDZ,920,28.1854681127669
h2o_ccpvdz,H$_2$O/cc-pVDZ,930,26.769117534456655
h2o_ccpvdz,H$_2$O/cc-pVDZ,940,28.615429740298737
h2o_ccpvdz,H$_2$O/cc-pVDZ,950,26.878769650039658
h2o_ccpvdz,H$_2$O/cc-pVDZ,960,25.484377767540423
h2o_ccpvdz,H$_2$O/cc-pVDZ,970,24.544951327271747
h2o_ccpvdz,H$_2$O/cc-pVDZ,980,28.96389077459105
h2o_ccpvdz,H$_2$O/cc-pVDZ,990,24.765790508368468
h2o_ccpvdz,H$_2$O/cc-pVDZ,1000,25.402508582999417
h2o_ccpvdz,H$_2$O/cc-pVDZ,1010,24.448614622542664
h2o_ccpvdz,H$_2$O/cc-pVDZ,1020,26.18735589841492
h2o_ccpvdz,H$_2$O/cc-pVDZ,1030,26.2037650060023
h2o_ccpvdz,H$_2$O/cc-pVDZ,1040,24.094690216031722
h2o_ccpvdz,H$_2$O/cc-pVDZ,1050,23.926705362029566
h2o_ccpvdz,H$_2$O/cc-pVDZ,1060,25.144322655862084
h2o_ccpvdz,H$_2$O/cc-pVDZ,1070,24.47014126795466
h2o_ccpvdz,H$_2$O/cc-pVDZ,1080,26.326572000385795
h2o_ccpvdz,H$_2$O/cc-pVDZ,1090,23.915450078987988
h2o_ccpvdz,H$_2$O/cc-pVDZ,1100,24.757173575181923
h2o_ccpvdz,H$_2$O/cc-pVDZ,1110,24.586366099541124
h2o_ccpvdz,H$_2$O/cc-pVDZ,1120,24.129129925384518
h2o_ccpvdz,H$_2$O/cc-pVDZ,1130,24.270790061933667
h2o_ccpvdz,H$_2$O/cc-pVDZ,1140,26.731665694697426
h2o_ccpvdz,H$_2$O/cc-pVDZ,1150,24.3290649256096
h2o_ccpvdz,H$_2$O/cc-pVDZ,1160,32.62218580584886
h2o_ccpvdz,H$_2$O/cc-pVDZ,1170,27.00597485461742
h2o_ccpvdz,H$_2$O/cc-pVDZ,1180,24.737785511575794
h2o_ccpvdz,H$_2$O/cc-pVDZ,1190,24.39364650392406
h2o_ccpvdz,H$_2$O/cc-pVDZ,1200,23.91270879587637
h2o_ccpvdz,H$_2$O/cc-pVDZ,1210,24.883974809114306
h2o_ccpvdz,H$_2$O/cc-pVDZ,1220,23.390209461879863
h2o_ccpvdz,H$_2$O/cc-pVDZ,1230,23.326909458717182
h2o_ccpvdz,H$_2$O/cc-pVDZ,1240,23.821444802010205
h2o_ccpvdz,H$_2$O/cc-pVDZ,1250,27.23596689418173
h2o_ccpvdz,H$_2$O/cc-pVDZ,1260,25.40254394263286
h2o_ccpvdz,H$_2$O/cc-pVDZ,1270,24.611465947245392
h2o_ccpvdz,H$_2$O/cc-pVDZ,1280,24.771097902913652
h2o_ccpvdz,H$_2$O/cc-pVDZ,1290,23.333299751953973
h2o_ccpvdz,H$_2$O/cc-pVDZ,1300,23.348787366941792
h2o_ccpvdz,H$_2$O/cc-pVDZ,1310,23.0180676331031
h2o_ccpvdz,H$_2$O/cc-pVDZ,1320,23.370598627494132
h2o_ccpvdz,H$_2$O/cc-pVDZ,1330,27.746373803609004
h2o_ccpvdz,H$_2$O/cc-pVDZ,1340,24.054595730703454
h2o_ccpvdz,H$_2$O/cc-pVDZ,1350,23.28375683933359
h2o_ccpvdz,H$_2$O/cc-pVDZ,1360,25.850845297185288
h2o_ccpvdz,H$_2$O/cc-pVDZ,1370,23.381731222940516
h2o_ccpvdz,H$_2$O/cc-pVDZ,1380,22.916548270401904
h2o_ccpvdz,H$_2$O/cc-pVDZ,1390,27.224753019254422
h2o_ccpvdz,H$_2$O/cc-pVDZ,1400,23.767526913957226
h2o_ccpvdz,H$_2$O/cc-pVDZ,1410,23.06257257768607
h2o_ccpvdz,H$_2$O/cc-pVDZ,1420,23.119131378649627
h2o_ccpvdz,H$_2$O/cc-pVDZ,1430,22.979862951530095
h2o_ccpvdz,H$_2$O/cc-pVDZ,1440,24.715393398565766
h2o_ccpvdz,H$_2$O/cc-pVDZ,1450,22.848652192450913
h2o_ccpvdz,H$_2$O/cc-pVDZ,1460,24.071394099252075
h2o_ccpvdz,H$_2$O/cc-pVDZ,1470,22.53105582730086
h2o_ccpvdz,H$_2$O/cc-pVDZ,1480,22.911261157162244
h2o_ccpvdz,H$_2$O/cc-pVDZ,1490,23.25004449055257
h2o_ccpvdz,H$_2$O/cc-pVDZ,1500,22.418830792645394
h2o_ccpvdz,H$_2$O/cc-pVDZ,1510,23.12958583709701
h2o_ccpvdz,H$_2$O/cc-pVDZ,1520,22.7146031706269
h2o_ccpvdz,H$_2$O/cc-pVDZ,1530,22.880877406748823
h2o_ccpvdz,H$_2$O/cc-pVDZ,1540,24.505638730573764
h2o_ccpvdz,H$_2$O/cc-pVDZ,1550,23.11684531549929
h2o_ccpvdz,H$_2$O/cc-pVDZ,1560,22.277638064480243
h2o_ccpvdz,H$_2$O/cc-pVDZ,1570,22.254064241380433
h2o_ccpvdz,H$_2$O/cc-pVDZ,1580,22.34670508597958
h2o_ccpvdz,H$_2$O/cc-pVDZ,1590,21.696480150367847
h2o_ccpvdz,H$_2$O/cc-pVDZ,1600,24.740970501227366
h2o_ccpvdz,H$_2$O/cc-pVDZ,1610,24.047865198099316
h2o_ccpvdz,H$_2$O/cc-pVDZ,1620,22.097741554048866
h2o_ccpvdz,H$_2$O/cc-pVDZ,1630,22.624762920557373
h2o_ccpvdz,H$_2$O/cc-pVDZ,1640,22.288629409274563
h2o_ccpvdz,H$_2$O/cc-pVDZ,1650,22.660649248294362
h2o_ccpvdz,H$_2$O/cc-pVDZ,1660,22.092049135665093
h2o_ccpvdz,H$_2$O/cc-pVDZ,1670,21.82298050793463
h2o_ccpvdz,H$_2$O/cc-pVDZ,1680,22.604113993210717
h2o_ccpvdz,H$_2$O/cc-pVDZ,1690,23.116800913271618
h2o_ccpvdz,H$_2$O/cc-pVDZ,1700,23.025302661679348
h2o_ccpvdz,H$_2$O/cc-pVDZ,1710,21.612325408611355
h2o_ccpvdz,H$_2$O/cc-pVDZ,1720,21.64381835670781
h2o_ccpvdz,H$_2$O/cc-pVDZ,1730,21.55812734665119
h2o_ccpvdz,H$_2$O/cc-pVDZ,1740,25.243160071227067
h2o_ccpvdz,H$_2$O/cc-pVDZ,1750,22.981932032777763
h2o_ccpvdz,H$_2$O/cc-pVDZ,1760,21.71539280365664
h2o_ccpvdz,H$_2$O/cc-pVDZ,1770,24.9642789753608
h2o_ccpvdz,H$_2$O/cc-pVDZ,1780,21.75966235118665
h2o_ccpvdz,H$_2$O/cc-pVDZ,1790,22.069027262588747
h2o_ccpvdz,H$_2$O/cc-pVDZ,1800,23.0013136013838
h2o_ccpvdz,H$_2$O/cc-pVDZ,1810,21.33347113871764
h2o_ccpvdz,H$_2$O/cc-pVDZ,1820,21.516618676173493
h2o_ccpvdz,H$_2$O/cc-pVDZ,1830,21.67494119009916
h2o_ccpvdz,H$_2$O/cc-pVDZ,1840,22.04406674715642
h2o_ccpvdz,H$_2$O/cc-pVDZ,1850,20.987327554664148
h2o_ccpvdz,H$_2$O/cc-pVDZ,1860,21.572635627506997
h2o_ccpvdz,H$_2$O/cc-pVDZ,1870,21.717184764781905
h2o_ccpvdz,H$_2$O/cc-pVDZ,1880,22.353685188818417
h2o_ccpvdz,H$_2$O/cc-pVDZ,1890,21.233445401890094
h2o_ccpvdz,H$_2$O/cc-pVDZ,1900,21.568081483692936
h2o_ccpvdz,H$_2$O/cc-pVDZ,1910,22.91057502874594
h2o_ccpvdz,H$_2$O/cc-pVDZ,1920,23.055937178028785
h2o_ccpvdz,H$_2$O/cc-pVDZ,1930,22.298147340464425
h2o_ccpvdz,H$_2$O/cc-pVDZ,1940,20.555412755598468
h2o_ccpvdz,H$_2$O/cc-pVDZ,1950,22.408656570249263
h2o_ccpvdz,H$_2$O/cc-pVDZ,1960,21.30421808885785
h2o_ccpvdz,H$_2$O/cc-pVDZ,1970,21.782332206925048
h2o_ccpvdz,H$_2$O/cc-pVDZ,1980,21.18211384348001
h2o_ccpvdz,H$_2$O/cc-pVDZ,1990,21.18546700317836
h2o_ccpvdz,H$_2$O/cc-pVDZ,2000,20.63828720243066
h2o_ccpvdz,H$_2$O/cc-pVDZ,2010,20.956570040326028
h2o_ccpvdz,H$_2$O/cc-pVDZ,2020,21.470956321891776
h2o_ccpvdz,H$_2$O/cc-pVDZ,2030,21.79855392884633
h2o_ccpvdz,H$_2$O/cc-pVDZ,2040,24.21820863389712
h2o_ccpvdz,H$_2$O/cc-pVDZ,2050,20.734587912102143
h2o_ccpvdz,H$_2$O/cc-pVDZ,2060,20.640673030356993
h2o_ccpvdz,H$_2$O/cc-pVDZ,2070,21.17731805411438
h2o_ccpvdz,H$_2$O/cc-pVDZ,2080,21.029961120277108
h2o_ccpvdz,H$_2$O/cc-pVDZ,2090,22.96720059180757
h2o_ccpvdz,H$_2$O/cc-pVDZ,2100,20.989242892170523
h2o_ccpvdz,H$_2$O/cc-pVDZ,2110,20.921100763672484
h2o_ccpvdz,H$_2$O/cc-pVDZ,2120,20.672430685621634
h2o_ccpvdz,H$_2$O/cc-pVDZ,2130,20.805543379012192
h2o_ccpvdz,H$_2$O/cc-pVDZ,2140,21.239731542934237
h2o_ccpvdz,H$_2$O/cc-pVDZ,2150,20.999294731524287
h2o_ccpvdz,H$_2$O/cc-pVDZ,2160,21.422558408360715
h2o_ccpvdz,H$_2$O/cc-pVDZ,2170,22.82282795361823
h2o_ccpvdz,H$_2$O/cc-pVDZ,2180,21.789452951352928
h2o_ccpvdz,H$_2$O/cc-pVDZ,2190,21.528748806318276
h2o_ccpvdz,H$_2$O/cc-pVDZ,2200,22.109579851246508
h2o_ccpvdz,H$_2$O/cc-pVDZ,2210,20.49039126880814
h2o_ccpvdz,H$_2$O/cc-pVDZ,2220,20.518669559777436
h2o_ccpvdz,H$_2$O/cc-pVDZ,2230,21.024854597698095
h2o_ccpvdz,H$_2$O/cc-pVDZ,2240,21.437433437668574
h2o_ccpvdz,H$_2$O/cc-pVDZ,2250,22.17264806834862
h2o_ccpvdz,H$_2$O/cc-pVDZ,2260,20.976031316720878
h2o_ccpvdz,H$_2$O/cc-pVDZ,2270,22.413057794835822
h2o_ccpvdz,H$_2$O/cc-pVDZ,2280,20.813153208422364
h2o_ccpvdz,H$_2$O/cc-pVDZ,2290,20.59775661952301
h2o_ccpvdz,H$_2$O/cc-pVDZ,2300,22.25590613400641
h2o_ccpvdz,H$_2$O/cc-pVDZ,2310,21.27186789537916
h2o_ccpvdz,H$_2$O/cc-pVDZ,2320,20.413103390467313
h2o_ccpvdz,H$_2$O/cc-pVDZ,2330,19.857088079589857
h2o_ccpvdz,H$_2$O/cc-pVDZ,2340,20.70812028867408
h2o_ccpvdz,H$_2$O/cc-pVDZ,2350,21.88225573924285
h2o_ccpvdz,H$_2$O/cc-pVDZ,2360,20.010872937959334
h2o_ccpvdz,H$_2$O/cc-pVDZ,2370,19.948743812790326
h2o_ccpvdz,H$_2$O/cc-pVDZ,2380,21.145263512252654
h2o_ccpvdz,H$_2$O/cc-pVDZ,2390,20.33271978780249
h2o_ccpvdz,H$_2$O/cc-pVDZ,2400,20.020184309117894
h2o_ccpvdz,H$_2$O/cc-pVDZ,2410,20.354308941222143
h2o_ccpvdz,H$_2$O/cc-pVDZ,2420,20.027744133841452
h2o_ccpvdz,H$_2$O/cc-pVDZ,2430,19.622284632589526
h2o_ccpvdz,H$_2$O/cc-pVDZ,2440,20.770869156422123
h2o_ccpvdz,H$_2$O/cc-pVDZ,2450,19.67718968137433
h2o_ccpvdz,H$_2$O/cc-pVDZ,2460,21.024806476731328
h2o_ccpvdz,H$_2$O/cc-pVDZ,2470,20.968169256192937
h2o_ccpvdz,H$_2$O/cc-pVDZ,2480,19.801614584324057
h2o_ccpvdz,H$_2$O/cc-pVDZ,2490,20.406798844575746
h2o_ccpvdz,H$_2$O/cc-pVDZ,2500,19.384192433165026
h2o_ccpvdz,H$_2$O/cc-pVDZ,2510,21.735657441467993
h2o_ccpvdz,H$_2$O/cc-pVDZ,2520,21.127515634475458
h2o_ccpvdz,H$_2$O/cc-pVDZ,2530,21.05966811139126
h2o_ccpvdz,H$_2$O/cc-pVDZ,2540,18.953264452193253
h2o_ccpvdz,H$_2$O/cc-pVDZ,2550,19.020147257506892
h2o_ccpvdz,H$_2$O/cc-pVDZ,2560,21.198579993907174
h2o_ccpvdz,H$_2$O/cc-pVDZ,2570,21.99479328999132
h2o_ccpvdz,H$_2$O/cc-pVDZ,2580,20.246338437090117
h2o_ccpvdz,H$_2$O/cc-pVDZ,2590,19.617754023812495
h2o_ccpvdz,H$_2$O/cc-pVDZ,2600,19.3905955743503
h2o_ccpvdz,H$_2$O/cc-pVDZ,2610,19.516066736755988
h2o_ccpvdz,H$_2$O/cc-pVDZ,2620,18.897023558338333
h2o_ccpvdz,H$_2$O/cc-pVDZ,2630,20.15540779542846
h2o_ccpvdz,H$_2$O/cc-pVDZ,2640,19.631176439659725
h2o_ccpvdz,H$_2$O/cc-pVDZ,2650,19.513664627211824
h2o_ccpvdz,H$_2$O/cc-pVDZ,2660,19.147266515176398
h2o_ccpvdz,H$_2$O/cc-pVDZ,2670,21.739274148117715
h2o_ccpvdz,H$_2$O/cc-pVDZ,2680,20.77530856902854
h2o_ccpvdz,H$_2$O/cc-pVDZ,2690,19.73261091146128
h2o_ccpvdz,H$_2$O/cc-pVDZ,2700,19.269886553189508
h2o_ccpvdz,H$_2$O/cc-pVDZ,2710,20.30248419180225
h2o_ccpvdz,H$_2$O/cc-pVDZ,2720,20.2167317800388
h2o_ccpvdz,H$_2$O/cc-pVDZ,2730,19.28797524126935
h2o_ccpvdz,H$_2$O/cc-pVDZ,2740,19.908564367739245
h2o_ccpvdz,H$_2$O/cc-pVDZ,2750,19.095824748873724
h2o_ccpvdz,H$_2$O/cc-pVDZ,2760,18.5399417939891
h2o_ccpvdz,H$_2$O/cc-pVDZ,2770,19.625710875232016
h2o_ccpvdz,H$_2$O/cc-pVDZ,2780,19.731408976426223
h2o_ccpvdz,H$_2$O/cc-pVDZ,2790,18.94862816885734
h2o_ccpvdz,H$_2$O/cc-pVDZ,2800,18.62817128724714
h2o_ccpvdz,H$_2$O/cc-pVDZ,2810,19.892316388606446
h2o_ccpvdz,H$_2$O/cc-pVDZ,2820,19.566847213965843
h2o_ccpvdz,H$_2$O/cc-pVDZ,2830,18.795122725038027
h2o_ccpvdz,H$_2$O/cc-pVDZ,2840,19.897395349133262
h2o_ccpvdz,H$_2$O/cc-pVDZ,2850,19.101419205640013
h2o_ccpvdz,H$_2$O/cc-pVDZ,2860,19.446725308398527
h2o_ccpvdz,H$_2$O/cc-pVDZ,2870,20.136445231287325
h2o_ccpvdz,H$_2$O/cc-pVDZ,2880,19.240528222823627
h2o_ccpvdz,H$_2$O/cc-pVDZ,2890,20.775441086655633
h2o_ccpvdz,H$_2$O/cc-pVDZ,2900,19.625203697557936
h2o_ccpvdz,H$_2$O/cc-pVDZ,2910,20.438374507179446
h2o_ccpvdz,H$_2$O/cc-pVDZ,2920,18.81617248044165
h2o_ccpvdz,H$_2$O/cc-pVDZ,2930,18.97421913930941
h2o_ccpvdz,H$_2$O/cc-pVDZ,2940,18.758656747394298
h2o_ccpvdz,H$_2$O/cc-pVDZ,2950,18.942706707008483
h2o_ccpvdz,H$_2$O/cc-pVDZ,2960,19.779880042193554
h2o_ccpvdz,H$_2$O/cc-pVDZ,2970,20.072245057420446
h2o_ccpvdz,H$_2$O/cc-pVDZ,2980,18.909699694461324
h2o_ccpvdz,H$_2$O/cc-pVDZ,2990,18.589169400826222
h2o_ccpvdz,H$_2$O/cc-pVDZ,3000,18.823967108914985
h2o_ccpvdz,H$_2$O/cc-pVDZ,3010,20.81359869734456
h2o_ccpvdz,H$_2$O/cc-pVDZ,3020,19.59064512591624
h2o_ccpvdz,H$_2$O/cc-pVDZ,3030,18.354615746048353
h2o_ccpvdz,H$_2$O/cc-pVDZ,3040,19.060986020463133
h2o_ccpvdz,H$_2$O/cc-pVDZ,3050,19.15565851993506
h2o_ccpvdz,H$_2$O/cc-pVDZ,3060,20.579326334271286
h2o_ccpvdz,H$_2$O/cc-pVDZ,3070,19.6089140060991
h2o_ccpvdz,H$_2$O/cc-pVDZ,3080,20.12160624363446
h2o_ccpvdz,H$_2$O/cc-pVDZ,3090,20.115495978004105
h2o_ccpvdz,H$_2$O/cc-pVDZ,3100,18.924455343594104
h2o_ccpvdz,H$_2$O/cc-pVDZ,3110,18.85510474322416
h2o_ccpvdz,H$_2$O/cc-pVDZ,3120,19.137659681717878
h2o_ccpvdz,H$_2$O/cc-pVDZ,3130,17.96598014074391
h2o_ccpvdz,H$_2$O/cc-pVDZ,3140,18.361707436795882
h2o_ccpvdz,H$_2$O/cc-pVDZ,3150,19.147962830487586
h2o_ccpvdz,H$_2$O/cc-pVDZ,3160,19.279840311142493
h2o_ccpvdz,H$_2$O/cc-pVDZ,3170,20.372182280709694
h2o_ccpvdz,H$_2$O/cc-pVDZ,3180,18.008779161846178
h2o_ccpvdz,H$_2$O/cc-pVDZ,3190,18.446311422167128
h2o_ccpvdz,H$_2$O/cc-pVDZ,3200,18.892964381976185
h2o_ccpvdz,H$_2$O/cc-pVDZ,3210,18.922770124376598
h2o_ccpvdz,H$_2$O/cc-pVDZ,3220,18.901852573009137
h2o_ccpvdz,H$_2$O/cc-pVDZ,3230,19.02061232159724
h2o_ccpvdz,H$_2$O/cc-pVDZ,3240,19.317802213606683
h2o_ccpvdz,H$_2$O/cc-pVDZ,3250,17.98160953239858
h2o_ccpvdz,H$_2$O/cc-pVDZ,3260,18.874058898404655
h2o_ccpvdz,H$_2$O/cc-pVDZ,3270,19.49764918427377
h2o_ccpvdz,H$_2$O/cc-pVDZ,3280,18.993910080467913
h2o_ccpvdz,H$_2$O/cc-pVDZ,3290,18.0558966853539
h2o_ccpvdz,H$_2$O/cc-pVDZ,3300,17.688358389804648
h2o_ccpvdz,H$_2$O/cc-pVDZ,3310,17.797316116300976
h2o_ccpvdz,H$_2$O/cc-pVDZ,3320,22.841363382823943
h2o_ccpvdz,H$_2$O/cc-pVDZ,3330,18.85666345685877
h2o_ccpvdz,H$_2$O/cc-pVDZ,3340,18.333486955526723
h2o_ccpvdz,H$_2$O/cc-pVDZ,3350,17.960490142087338
h2o_ccpvdz,H$_2$O/cc-pVDZ,3360,17.58008964971225
h2o_ccpvdz,H$_2$O/cc-pVDZ,3370,18.163570245050664
h2o_ccpvdz,H$_2$O/cc-pVDZ,3380,18.932054220201167
h2o_ccpvdz,H$_2$O/cc-pVDZ,3390,18.73060738462584
h2o_ccpvdz,H$_2$O/cc-pVDZ,3400,18.203624413175135
h2o_ccpvdz,H$_2$O/cc-pVDZ,3410,18.294683594433536
h2o_ccpvdz,H$_2$O/cc-pVDZ,3420,18.510212575307605
h2o_ccpvdz,H$_2$O/cc-pVDZ,3430,18.556594059745635
h2o_ccpvdz,H$_2$O/cc-pVDZ,3440,17.76750328032506
h2o_ccpvdz,H$_2$O/cc-pVDZ,3450,20.3298279898263
h2o_ccpvdz,H$_2$O/cc-pVDZ,3460,19.10044847865322
h2o_ccpvdz,H$_2$O/cc-pVDZ,3470,18.69265984784363
h2o_ccpvdz,H$_2$O/cc-pVDZ,3480,18.199517593444625
h2o_ccpvdz,H$_2$O/cc-pVDZ,3490,18.697371040389044
h2o_ccpvdz,H$_2$O/cc-pVDZ,3500,17.948069554350354
h2o_ccpvdz,H$_2$O/cc-pVDZ,3510,20.986937912937265
h2o_ccpvdz,H$_2$O/cc-pVDZ,3520,19.379708814525998
h2o_ccpvdz,H$_2$O/cc-pVDZ,3530,17.885871906131
h2o_ccpvdz,H$_2$O/cc-pVDZ,3540,17.650068945641806
h2o_ccpvdz,H$_2$O/cc-pVDZ,3550,17.151616887829846
h2o_ccpvdz,H$_2$O/cc-pVDZ,3560,20.744094870494223
h2o_ccpvdz,H$_2$O/cc-pVDZ,3570,17.936226683900713
h2o_ccpvdz,H$_2$O/cc-pVDZ,3580,19.59776268839164
h2o_ccpvdz,H$_2$O/cc-pVDZ,3590,17.86250763842645
h2o_ccpvdz,H$_2$O/cc-pVDZ,3600,17.619895279082698
h2o_ccpvdz,H$_2$O/cc-pVDZ,3610,17.187844131868246
h2o_ccpvdz,H$_2$O/cc-pVDZ,3620,17.101092225644265
h2o_ccpvdz,H$_2$O/cc-pVDZ,3630,18.156776580582346
h2o_ccpvdz,H$_2$O/cc-pVDZ,3640,18.699249958615383
h2o_ccpvdz,H$_2$O/cc-pVDZ,3650,18.294833339297156
h2o_ccpvdz,H$_2$O/cc-pVDZ,3660,19.46492354463203
h2o_ccpvdz,H$_2$O/cc-pVDZ,3670,18.107787169711287
h2o_ccpvdz,H$_2$O/cc-pVDZ,3680,17.790981390263028
h2o_ccpvdz,H$_2$O/cc-pVDZ,3690,18.313384336707372
h2o_ccpvdz,H$_2$O/cc-pVDZ,3700,18.1930434046933
h2o_ccpvdz,H$_2$O/cc-pVDZ,3710,17.723500401714887
h2o_ccpvdz,H$_2$O/cc-pVDZ,3720,17.955376615589103
h2o_ccpvdz,H$_2$O/cc-pVDZ,3730,18.256162524338038
h2o_ccpvdz,H$_2$O/cc-pVDZ,3740,17.98479065324443
h2o_ccpvdz,H$_2$O/cc-pVDZ,3750,17.56330558121988
h2o_ccpvdz,H$_2$O/cc-pVDZ,3760,17.5107025562653
h2o_ccpvdz,H$_2$O/cc-pVDZ,3770,17.411191457426867
h2o_ccpvdz,H$_2$O/cc-pVDZ,3780,18.734129493452656
h2o_ccpvdz,H$_2$O/cc-pVDZ,3790,18.10575322758723
h2o_ccpvdz,H$_2$O/cc-pVDZ,3800,18.0193467421077
h2o_ccpvdz,H$_2$O/cc-pVDZ,3810,17.51058635186098
h2o_ccpvdz,H$_2$O/cc-pVDZ,3820,18.524226545437728
h2o_ccpvdz,H$_2$O/cc-pVDZ,3830,17.938977439015957
h2o_ccpvdz,H$_2$O/cc-pVDZ,3840,17.36612553096961
h2o_ccpvdz,H$_2$O/cc-pVDZ,3850,17.221194505154358
h2o_ccpvdz,H$_2$O/cc-pVDZ,3860,17.180124327310864
h2o_ccpvdz,H$_2$O/cc-pVDZ,3870,18.10090197430725
h2o_ccpvdz,H$_2$O/cc-pVDZ,3880,17.3492815972196
h2o_ccpvdz,H$_2$O/cc-pVDZ,3890,17.237164409166894
h2o_ccpvdz,H$_2$O/cc-pVDZ,3900,17.025907263644058
h2o_ccpvdz,H$_2$O/cc-pVDZ,3910,17.978583078331667
h2o_ccpvdz,H$_2$O/cc-pVDZ,3920,19.938718781105536
h2o_ccpvdz,H$_2$O/cc-pVDZ,3930,16.82849858399038
h2o_ccpvdz,H$_2$O/cc-pVDZ,3940,17.094693853763943
h2o_ccpvdz,H$_2$O/cc-pVDZ,3950,18.977896434449804
h2o_ccpvdz,H$_2$O/cc-pVDZ,3960,17.218843247363225
h2o_ccpvdz,H$_2$O/cc-pVDZ,3970,16.60856211931616
h2o_ccpvdz,H$_2$O/cc-pVDZ,3980,16.565973567495007
h2o_ccpvdz,H$_2$O/cc-pVDZ,3990,18.655132599661783
h2o_ccpvdz,H$_2$O/cc-pVDZ,4000,19.333052717584565
h2o_ccpvdz,H$_2$O/cc-pVDZ,4010,18.675066302051846
h2o_ccpvdz,H$_2$O/cc-pVDZ,4020,17.719739300957826
h2o_ccpvdz,H$_2$O/cc-pVDZ,4030,17.060897861924218
h2o_ccpvdz,H$_2$O/cc-pVDZ,4040,16.734882244023197
h2o_ccpvdz,H$_2$O/cc-pVDZ,4050,16.879933259929203
h2o_ccpvdz,H$_2$O/cc-pVDZ,4060,16.966649317936344
h2o_ccpvdz,H$_2$O/cc-pVDZ,4070,19.08821576404307
h2o_ccpvdz,H$_2$O/cc-pVDZ,4080,18.730702051186654
h2o_ccpvdz,H$_2$O/cc-pVDZ,4090,17.197094541685942
h2o_ccpvdz,H$_2$O/cc-pVDZ,4100,17.38013741574207
h2o_ccpvdz,H$_2$O/cc-pVDZ,4110,16.452061056241973
h2o_ccpvdz,H$_2$O/cc-pVDZ,4120,20.56518906950089
h2o_ccpvdz,H$_2$O/cc-pVDZ,4130,17.30286102883838
h2o_ccpvdz,H$_2$O/cc-pVDZ,4140,16.947317168472864
h2o_ccpvdz,H$_2$O/cc-pVDZ,4150,16.585011699291385
h2o_ccpvdz,H$_2$O/cc-pVDZ,4160,19.111508231446805
h2o_ccpvdz,H$_2$O/cc-pVDZ,4170,17.429472772818144
h2o_ccpvdz,H$_2$O/cc-pVDZ,4180,16.5274436383811
h2o_ccpvdz,H$_2$O/cc-pVDZ,4190,17.54758580203486
h2o_ccpvdz,H$_2$O/cc-pVDZ,4200,16.3181637311709
h2o_ccpvdz,H$_2$O/cc-pVDZ,4210,17.839797461689955
h2o_ccpvdz,H$_2$O/cc-pVDZ,4220,17.70515449968002
h2o_ccpvdz,H$_2$O/cc-pVDZ,4230,18.849895823592533
h2o_ccpvdz,H$_2$O/cc-pVDZ,4240,17.896893239608858
h2o_ccpvdz,H$_2$O/cc-pVDZ,4250,17.363365271279463
h2o_ccpvdz,H$_2$O/cc-pVDZ,4260,16.34640755548844
h2o_ccpvdz,H$_2$O/cc-pVDZ,4270,16.399075251641193
h2o_ccpvdz,H$_2$O/cc-pVDZ,4280,17.23504048538871
h2o_ccpvdz,H$_2$O/cc-pVDZ,4290,18.629027526372965
h2o_ccpvdz,H$_2$O/cc-pVDZ,4300,19.388213656370112
h2o_ccpvdz,H$_2$O/cc-pVDZ,4310,17.210026728676553
h2o_ccpvdz,H$_2$O/cc-pVDZ,4320,16.852356644776023
h2o_ccpvdz,H$_2$O/cc-pVDZ,4330,17.421285471641568
h2o_ccpvdz,H$_2$O/cc-pVDZ,4340,17.049744348739182
h2o_ccpvdz,H$_2$O/cc-pVDZ,4350,16.120703727125374
h2o_ccpvdz,H$_2$O/cc-pVDZ,4360,16.65562790316244
h2o_ccpvdz,H$_2$O/cc-pVDZ,4370,19.049566294427223
h2o_ccpvdz,H$_2$O/cc-pVDZ,4380,17.744662942845935
h2o_ccpvdz,H$_2$O/cc-pVDZ,4390,17.107125369378196
h2o_ccpvdz,H$_2$O/cc-pVDZ,4400,17.039437655540723
h2o_ccpvdz,H$_2$O/cc-pVDZ,4410,16.33384021388906
h2o_ccpvdz,H$_2$O/cc-pVDZ,4420,16.098029436150796
h2o_ccpvdz,H$_2$O/cc-pVDZ,4430,17.728166485142083
h2o_ccpvdz,H$_2$O/cc-pVDZ,4440,19.769785728385614
h2o_ccpvdz,H$_2$O/cc-pVDZ,4450,16.956841905695796
h2o_ccpvdz,H$_2$O/cc-pVDZ,4460,16.91238706369802
h2o_ccpvdz,H$_2$O/cc-pVDZ,4470,17.00223660132849
h2o_ccpvdz,H$_2$O/cc-pVDZ,4480,16.471278311556148
h2o_ccpvdz,H$_2$O/cc-pVDZ,4490,16.138151142428114
h2o_ccpvdz,H$_2$O/cc-pVDZ,4500,17.32662475714619
h2o_ccpvdz,H$_2$O/cc-pVDZ,4510,18.673471959161247
h2o_ccpvdz,H$_2$O/cc-pVDZ,4520,19.137380108531943
h2o_ccpvdz,H$_2$O/cc-pVDZ,4530,17.126271686208838
h2o_ccpvdz,H$_2$O/cc-pVDZ,4540,16.41800541078453
h2o_ccpvdz,H$_2$O/cc-pVDZ,4550,16.29846348377839
h2o_ccpvdz,H$_2$O/cc-pVDZ,4560,18.99142263320641
h2o_ccpvdz,H$_2$O/cc-pVDZ,4570,17.025391310525606
h2o_ccpvdz,H$_2$O/cc-pVDZ,4580,16.732421637826178
h2o_ccpvdz,H$_2$O/cc-pVDZ,4590,17.538402874052395
h2o_ccpvdz,H$_2$O/cc-pVDZ,4600,18.941632942400588
h2o_ccpvdz,H$_2$O/cc-pVDZ,4610,17.79330107579824
h2o_ccpvdz,H$_2$O/cc-pVDZ,4620,16.90339689355369
h2o_ccpvdz,H$_2$O/cc-pVDZ,4630,17.470328329281415
h2o_ccpvdz,H$_2$O/cc-pVDZ,4640,16.155406601711775
h2o_ccpvdz,H$_2$O/cc-pVDZ,4650,16.578720205089326
h2o_ccpvdz,H$_2$O/cc-pVDZ,4660,17.099607829052843
h2o_ccpvdz,H$_2$O/cc-pVDZ,4670,16.646178098994824
h2o_ccpvdz,H$_2$O/cc-pVDZ,4680,16.488193470536316
h2o_ccpvdz,H$_2$O/cc-pVDZ,4690,18.92753693442728
h2o_ccpvdz,H$_2$O/cc-pVDZ,4700,19.75223124070169
h2o_ccpvdz,H$_2$O/cc-pVDZ,4710,17.747454059488632
h2o_ccpvdz,H$_2$O/cc-pVDZ,4720,17.549394329748225
h2o_ccpvdz,H$_2$O/cc-pVDZ,4730,16.486597783881507
h2o_ccpvdz,H$_2$O/cc-pVDZ,4740,16.227396761522073
h2o_ccpvdz,H$_2$O/cc-pVDZ,4750,15.61835915244103
h2o_ccpvdz,H$_2$O/cc-pVDZ,4760,16.282029332984393
h2o_ccpvdz,H$_2$O/cc-pVDZ,4770,17.948570242097617
h2o_ccpvdz,H$_2$O/cc-pVDZ,4780,16.326994093475378
h2o_ccpvdz,H$_2$O/cc-pVDZ,4790,16.775024550113926
h2o_ccpvdz,H$_2$O/cc-pVDZ,4800,16.33807186628644
h2o_ccpvdz,H$_2$O/cc-pVDZ,4810,16.078413638069833
h2o_ccpvdz,H$_2$O/cc-pVDZ,4820,15.964087702442953
h2o_ccpvdz,H$_2$O/cc-pVDZ,4830,17.2272985226698
h2o_ccpvdz,H$_2$O/cc-pVDZ,4840,16.222185782027054
h2o_ccpvdz,H$_2$O/cc-pVDZ,4850,17.618961886739726
h2o_ccpvdz,H$_2$O/cc-pVDZ,4860,16.971247730936057
h2o_ccpvdz,H$_2$O/cc-pVDZ,4870,16.262098780245537
h2o_ccpvdz,H$_2$O/cc-pVDZ,4880,15.894768333367892
h2o_ccpvdz,H$_2$O/cc-pVDZ,4890,16.400912168123227
h2o_ccpvdz,H$_2$O/cc-pVDZ,4900,16.19827344974567
h2o_ccpvdz,H$_2$O/cc-pVDZ,4910,16.409534539405968
h2o_ccpvdz,H$_2$O/cc-pVDZ,4920,17.09650671817542
h2o_ccpvdz,H$_2$O/cc-pVDZ,4930,19.189594868549875
h2o_ccpvdz,H$_2$O/cc-pVDZ,4940,16.533509511276634
h2o_ccpvdz,H$_2$O/cc-pVDZ,4950,17.134528089087553
h2o_ccpvdz,H$_2$O/cc-pVDZ,4960,16.19431135802074
h2o_ccpvdz,H$_2$O/cc-pVDZ,4970,16.563111519502627
h2o_ccpvdz,H$_2$O/cc-pVDZ,4980,16.384238431555787
h2o_ccpvdz,H$_2$O/cc-pVDZ,4990,16.10309835895407
h2o_ccpvdz,H$_2$O/cc-pVDZ,5000,16.200251497494378
h2o_ccpvdz,H$_2$O/cc-pVDZ,5010,17.28091411798971
h2o_ccpvdz,H$_2$O/cc-pVDZ,5020,17.645724736979673
h2o_ccpvdz,H$_2$O/cc-pVDZ,5030,16.60820647879291
h2o_ccpvdz,H$_2$O/cc-pVDZ,5040,15.750006157958296
h2o_ccpvdz,H$_2$O/cc-pVDZ,5050,16.404505420325677
h2o_ccpvdz,H$_2$O/cc-pVDZ,5060,15.855601102430228
h2o_ccpvdz,H$_2$O/cc-pVDZ,5070,16.186004432753975
h2o_ccpvdz,H$_2$O/cc-pVDZ,5080,16.222075556143523
h2o_ccpvdz,H$_2$O/cc-pVDZ,5090,16.306846832506494
h2o_ccpvdz,H$_2$O/cc-pVDZ,5100,15.828791844100465
h2o_ccpvdz,H$_2$O/cc-pVDZ,5110,16.211664242504753
h2o_ccpvdz,H$_2$O/cc-pVDZ,5120,15.674025230666189
h2o_ccpvdz,H$_2$O/cc-pVDZ,5130,17.31847250469798
h2o_ccpvdz,H$_2$O/cc-pVDZ,5140,16.72946631896366
h2o_ccpvdz,H$_2$O/cc-pVDZ,5150,15.79988535229404
h2o_ccpvdz,H$_2$O/cc-pVDZ,5160,15.62616839746056
h2o_ccpvdz,H$_2$O/cc-pVDZ,5170,15.861809376389147
h2o_ccpvdz,H$_2$O/cc-pVDZ,5180,16.216004354930647
h2o_ccpvdz,H$_2$O/cc-pVDZ,5190,17.45494064016384
h2o_ccpvdz,H$_2$O/cc-pVDZ,5200,18.228021473689182
h2o_ccpvdz,H$_2$O/cc-pVDZ,5210,16.36894963617408
h2o_ccpvdz,H$_2$O/cc-pVDZ,5220,15.491379809546402
h2o_ccpvdz,H$_2$O/cc-pVDZ,5230,15.602988313062838
h2o_ccpvdz,H$_2$O/cc-pVDZ,5240,15.494677848792549
h2o_ccpvdz,H$_2$O/cc-pVDZ,5250,15.748018722035795
h2o_ccpvdz,H$_2$O/cc-pVDZ,5260,15.728009764558237
h2o_ccpvdz,H$_2$O/cc-pVDZ,5270,26.929364756611562
h2o_ccpvdz,H$_2$O/cc-pVDZ,5280,18.419616961850238
h2o_ccpvdz,H$_2$O/cc-pVDZ,5290,18.040375042488677
h2o_ccpvdz,H$_2$O/cc-pVDZ,5300,16.32472704679344
h2o_ccpvdz,H$_2$O/cc-pVDZ,5310,15.730715161325293
h2o_ccpvdz,H$_2$O/cc-pVDZ,5320,15.218706506558988
h2o_ccpvdz,H$_2$O/cc-pVDZ,5330,16.02751277350478
h2o_ccpvdz,H$_2$O/cc-pVDZ,5340,16.012222154401456
h2o_ccpvdz,H$_2$O/cc-pVDZ,5350,15.218834112275204
h2o_ccpvdz,H$_2$O/cc-pVDZ,5360,16.203801958610597
h2o_ccpvdz,H$_2$O/cc-pVDZ,5370,15.127159739975582
h2o_ccpvdz,H$_2$O/cc-pVDZ,5380,15.515267491636564
h2o_ccpvdz,H$_2$O/cc-pVDZ,5390,16.06967360258693
h2o_ccpvdz,H$_2$O/cc-pVDZ,5400,15.53207173969895
h2o_ccpvdz,H$_2$O/cc-pVDZ,5410,15.726069157977918
h2o_ccpvdz,H$_2$O/cc-pVDZ,5420,16.80649803510903
h2o_ccpvdz,H$_2$O/cc-pVDZ,5430,15.788912593038162
h2o_ccpvdz,H$_2$O/cc-pVDZ,5440,16.2229700628842
h2o_ccpvdz,H$_2$O/cc-pVDZ,5450,16.204089370546626
h2o_ccpvdz,H$_2$O/cc-pVDZ,5460,15.575219435874033
h2o_ccpvdz,H$_2$O/cc-pVDZ,5470,16.83900556439255
h2o_ccpvdz,H$_2$O/cc-pVDZ,5480,15.032264523540562
h2o_ccpvdz,H$_2$O/cc-pVDZ,5490,17.11703558602551
h2o_ccpvdz,H$_2$O/cc-pVDZ,5500,16.089242589870878
h2o_ccpvdz,H$_2$O/cc-pVDZ,5510,15.6420616005164
h2o_ccpvdz,H$_2$O/cc-pVDZ,5520,15.234443644629891
h2o_ccpvdz,H$_2$O/cc-pVDZ,5530,18.56405859361132
h2o_ccpvdz,H$_2$O/cc-pVDZ,5540,16.419612766753744
h2o_ccpvdz,H$_2$O/cc-pVDZ,5550,16.125584894211897
h2o_ccpvdz,H$_2$O/cc-pVDZ,5560,16.043937579141243
h2o_ccpvdz,H$_2$O/cc-pVDZ,5570,16.593788586064306
h2o_ccpvdz,H$_2$O/cc-pVDZ,5580,15.573853323076037
h2o_ccpvdz,H$_2$O/cc-pVDZ,5590,15.660484469393054
h2o_ccpvdz,H$_2$O/cc-pVDZ,5600,15.01910872330825
h2o_ccpvdz,H$_2$O/cc-pVDZ,5610,19.247310815359242
h2o_ccpvdz,H$_2$O/cc-pVDZ,5620,15.486352356134603
h2o_ccpvdz,H$_2$O/cc-pVDZ,5630,16.851666261558762
h2o_ccpvdz,H$_2$O/cc-pVDZ,5640,15.328664699879369
h2o_ccpvdz,H$_2$O/cc-pVDZ,5650,15.372089055887272
h2o_ccpvdz,H$_2$O/cc-pVDZ,5660,15.227820076759713
h2o_ccpvdz,H$_2$O/cc-pVDZ,5670,15.824531802792308
h2o_ccpvdz,H$_2$O/cc-pVDZ,5680,17.744408010386792
h2o_ccpvdz,H$_2$O/cc-pVDZ,5690,15.642774712503638
h2o_ccpvdz,H$_2$O/cc-pVDZ,5700,15.543875482066483
h2o_ccpvdz,H$_2$O/cc-pVDZ,5710,15.204847491986584
h2o_ccpvdz,H$_2$O/cc-pVDZ,5720,16.34395778322073
h2o_ccpvdz,H$_2$O/cc-pVDZ,5730,15.046707157850392
h2o_ccpvdz,H$_2$O/cc-pVDZ,5740,16.309272405990782
h2o_ccpvdz,H$_2$O/cc-pVDZ,5750,15.238805279437884
h2o_ccpvdz,H$_2$O/cc-pVDZ,5760,15.201672005446198
h2o_ccpvdz,H$_2$O/cc-pVDZ,5770,15.169564768982013
h2o_ccpvdz,H$_2$O/cc-pVDZ,5780,15.636485384675325
h2o_ccpvdz,H$_2$O/cc-pVDZ,5790,15.579592716122193
h2o_ccpvdz,H$_2$O/cc-pVDZ,5800,15.868540636390094
h2o_ccpvdz,H$_2$O/cc-pVDZ,5810,15.095292286403605
h2o_ccpvdz,H$_2$O/cc-pVDZ,5820,16.071123529485476
h2o_ccpvdz,H$_2$O/cc-pVDZ,5830,15.607510928560941
h2o_ccpvdz,H$_2$O/cc-pVDZ,5840,15.264227435693556
h2o_ccpvdz,H$_2$O/cc-pVDZ,5850,15.758022464638088
h2o_ccpvdz,H$_2$O/cc-pVDZ,5860,15.36833704078333
h2o_ccpvdz,H$_2$O/cc-pVDZ,5870,15.624801836864322
h2o_ccpvdz,H$_2$O/cc-pVDZ,5880,15.950676236911931
h2o_ccpvdz,H$_2$O/cc-pVDZ,5890,19.428262199170376
h2o_ccpvdz,H$_2$O/cc-pVDZ,5900,16.13967862193988
h2o_ccpvdz,H$_2$O/cc-pVDZ,5910,15.567642470614373
h2o_ccpvdz,H$_2$O/cc-pVDZ,5920,14.811073851674905
h2o_ccpvdz,H$_2$O/cc-pVDZ,5930,16.680013647345504
h2o_ccpvdz,H$_2$O/cc-pVDZ,5940,16.367847046879547
h2o_ccpvdz,H$_2$O/cc-pVDZ,5950,15.359116474385814
h2o_ccpvdz,H$_2$O/cc-pVDZ,5960,15.432736283997883
h2o_ccpvdz,H$_2$O/cc-pVDZ,5970,15.926146454447121
h2o_ccpvdz,H$_2$O/cc-pVDZ,5980,15.851122682690288
h2o_ccpvdz,H$_2$O/cc-pVDZ,5990,14.790201079762255
h2o_ccpvdz,H$_2$O/cc-pVDZ,6000,14.690515688585037
h2o_ccpvdz,H$_2$O/cc-pVDZ,6010,17.285912935335546
h2o_ccpvdz,H$_2$O/cc-pVDZ,6020,16.136258253311553
h2o_ccpvdz,H$_2$O/cc-pVDZ,6030,15.737177835418947
h2o_ccpvdz,H$_2$O/cc-pVDZ,6040,16.14970239617719
h2o_ccpvdz,H$_2$O/cc-pVDZ,6050,15.458532470745467
h2o_ccpvdz,H$_2$O/cc-pVDZ,6060,15.153756734278545
h2o_ccpvdz,H$_2$O/cc-pVDZ,6070,15.361900707617338
h2o_ccpvdz,H$_2$O/cc-pVDZ,6080,15.221250721012325
h2o_ccpvdz,H$_2$O/cc-pVDZ,6090,15.057199240317232
h2o_ccpvdz,H$_2$O/cc-pVDZ,6100,14.812050862786919
h2o_ccpvdz,H$_2$O/cc-pVDZ,6110,16.42705577573622
h2o_ccpvdz,H$_2$O/cc-pVDZ,6120,14.832465990707533
h2o_ccpvdz,H$_2$O/cc-pVDZ,6130,14.84070365481216
h2o_ccpvdz,H$_2$O/cc-pVDZ,6140,16.376261942809833
h2o_ccpvdz,H$_2$O/cc-pVDZ,6150,16.233938269564874
h2o_ccpvdz,H$_2$O/cc-pVDZ,6160,14.799336648621875
h2o_ccpvdz,H$_2$O/cc-pVDZ,6170,17.64492189644784
h2o_ccpvdz,H$_2$O/cc-pVDZ,6180,14.953566647733396
h2o_ccpvdz,H$_2$O/cc-pVDZ,6190,15.610979034391903
h2o_ccpvdz,H$_2$O/cc-pVDZ,6200,14.925337244505954
h2o_ccpvdz,H$_2$O/cc-pVDZ,6210,15.97804008773096
h2o_ccpvdz,H$_2$O/cc-pVDZ,6220,15.184645807934771
h2o_ccpvdz,H$_2$O/cc-pVDZ,6230,16.238254671634422
h2o_ccpvdz,H$_2$O/cc-pVDZ,6240,15.121296012068797
h2o_ccpvdz,H$_2$O/cc-pVDZ,6250,16.281274617227837
h2o_ccpvdz,H$_2$O/cc-pVDZ,6260,17.264381219263214
h2o_ccpvdz,H$_2$O/cc-pVDZ,6270,17.036314652060014
h2o_ccpvdz,H$_2$O/cc-pVDZ,6280,15.142996206975567
h2o_ccpvdz,H$_2$O/cc-pVDZ,6290,15.42791290270884
h2o_ccpvdz,H$_2$O/cc-pVDZ,6300,14.786725290036884
h2o_ccpvdz,H$_2$O/cc-pVDZ,6310,14.494190753197245
h2o_ccpvdz,H$_2$O/cc-pVDZ,6320,14.443266203159055
h2o_ccpvdz,H$_2$O/cc-pVDZ,6330,15.395412220613025
h2o_ccpvdz,H$_2$O/cc-pVDZ,6340,14.907861742727846
h2o_ccpvdz,H$_2$O/cc-pVDZ,6350,14.972271854858832
h2o_ccpvdz,H$_2$O/cc-pVDZ,6360,15.35465265655489
h2o_ccpvdz,H$_2$O/cc-pVDZ,6370,15.061208846432805
h2o_ccpvdz,H$_2$O/cc-pVDZ,6380,14.54569567682995
h2o_ccpvdz,H$_2$O/cc-pVDZ,6390,15.182837696698925
h2o_ccpvdz,H$_2$O/cc-pVDZ,6400,15.129524720890686
h2o_ccpvdz,H$_2$O/cc-pVDZ,6410,14.749896484218539
h2o_ccpvdz,H$_2$O/cc-pVDZ,6420,18.51008879880567
h2o_ccpvdz,H$_2$O/cc-pVDZ,6430,15.494716176476686
h2o_ccpvdz,H$_2$O/cc-pVDZ,6440,17.220644016092024
h2o_ccpvdz,H$_2$O/cc-pVDZ,6450,14.76184789811441
h2o_ccpvdz,H$_2$O/cc-pVDZ,6460,14.476395421866073
h2o_ccpvdz,H$_2$O/cc-pVDZ,6470,14.554664364951009
h2o_ccpvdz,H$_2$O/cc-pVDZ,6480,14.680116938095011
h2o_ccpvdz,H$_2$O/cc-pVDZ,6490,19.501545631840145
h2o_ccpvdz,H$_2$O/cc-pVDZ,6500,18.368799687038972
h2o_ccpvdz,H$_2$O/cc-pVDZ,6510,15.219998642905352
h2o_ccpvdz,H$_2$O/cc-pVDZ,6520,14.57931532212342
h2o_ccpvdz,H$_2$O/cc-pVDZ,6530,14.716763684631928
h2o_ccpvdz,H$_2$O/cc-pVDZ,6540,14.174144642296937
h2o_ccpvdz,H$_2$O/cc-pVDZ,6550,16.20095794335441
h2o_ccpvdz,H$_2$O/cc-pVDZ,6560,14.763771584554775
h2o_ccpvdz,H$_2$O/cc-pVDZ,6570,14.465853995758948
h2o_ccpvdz,H$_2$O/cc-pVDZ,6580,14.250196804979964
h2o_ccpvdz,H$_2$O/cc-pVDZ,6590,14.368187044155434
h2o_ccpvdz,H$_2$O/cc-pVDZ,6600,14.957294337307303
h2o_ccpvdz,H$_2$O/cc-pVDZ,6610,14.61097333570649
h2o_ccpvdz,H$_2$O/cc-pVDZ,6620,14.985295945393773
h2o_ccpvdz,H$_2$O/cc-pVDZ,6630,14.17489181658027
h2o_ccpvdz,H$_2$O/cc-pVDZ,6640,15.229298313300887
h2o_ccpvdz,H$_2$O/cc-pVDZ,6650,14.711488017582042
h2o_ccpvdz,H$_2$O/cc-pVDZ,6660,15.460746068342246
h2o_ccpvdz,H$_2$O/cc-pVDZ,6670,14.420741673646376
h2o_ccpvdz,H$_2$O/cc-pVDZ,6680,14.728127561653537
h2o_ccpvdz,H$_2$O/cc-pVDZ,6690,14.719482500609615
h2o_ccpvdz,H$_2$O/cc-pVDZ,6700,16.889247283003783
h2o_ccpvdz,H$_2$O/cc-pVDZ,6710,18.055467834344086
h2o_ccpvdz,H$_2$O/cc-pVDZ,6720,15.624412719418501
h2o_ccpvdz,H$_2$O/cc-pVDZ,6730,14.708212319362701
h2o_ccpvdz,H$_2$O/cc-pVDZ,6740,14.262285547758324
h2o_ccpvdz,H$_2$O/cc-pVDZ,6750,15.040158175850138
h2o_ccpvdz,H$_2$O/cc-pVDZ,6760,14.4697425132847
h2o_ccpvdz,H$_2$O/cc-pVDZ,6770,13.997852956180168
h2o_ccpvdz,H$_2$O/cc-pVDZ,6780,18.798599908876668
h2o_ccpvdz,H$_2$O/cc-pVDZ,6790,17.141157234377147
h2o_ccpvdz,H$_2$O/cc-pVDZ,6800,14.151749396759783
h2o_ccpvdz,H$_2$O/cc-pVDZ,6810,15.1105895213135
h2o_ccpvdz,H$_2$O/cc-pVDZ,6820,14.00151865804844
h2o_ccpvdz,H$_2$O/cc-pVDZ,6830,14.162817604102429
h2o_ccpvdz,H$_2$O/cc-pVDZ,6840,14.475436599198588
h2o_ccpvdz,H$_2$O/cc-pVDZ,6850,14.615249382728734
h2o_ccpvdz,H$_2$O/cc-pVDZ,6860,13.912279830236685
h2o_ccpvdz,H$_2$O/cc-pVDZ,6870,16.17062139419545
h2o_ccpvdz,H$_2$O/cc-pVDZ,6880,15.196644535052428
h2o_ccpvdz,H$_2$O/cc-pVDZ,6890,14.752074028905326
h2o_ccpvdz,H$_2$O/cc-pVDZ,6900,14.130039065463507
h2o_ccpvdz,H$_2$O/cc-pVDZ,6910,16.07583429873216
h2o_ccpvdz,H$_2$O/cc-pVDZ,6920,16.8428707861068
h2o_ccpvdz,H$_2$O/cc-pVDZ,6930,14.833941889037305
h2o_ccpvdz,H$_2$O/cc-pVDZ,6940,14.316653557600034
h2o_ccpvdz,H$_2$O/cc-pVDZ,6950,14.15675573973374
h2o_ccpvdz,H$_2$O/cc-pVDZ,6960,14.110375820294507
h2o_ccpvdz,H$_2$O/cc-pVDZ,6970,14.41050662657517
h2o_ccpvdz,H$_2$O/cc-pVDZ,6980,14.258756625707747
h2o_ccpvdz,H$_2$O/cc-pVDZ,6990,14.80296190828767
h2o_ccpvdz,H$_2$O/cc-pVDZ,7000,14.46306672029607
h2o_ccpvdz,H$_2$O/cc-pVDZ,7010,13.967298780372062
h2o_ccpvdz,H$_2$O/cc-pVDZ,7020,15.442653838988463
h2o_ccpvdz,H$_2$O/cc-pVDZ,7030,14.068806912874265
h2o_ccpvdz,H$_2$O/cc-pVDZ,7040,16.25029896528929
h2o_ccpvdz,H$_2$O/cc-pVDZ,7050,14.325190431151213
h2o_ccpvdz,H$_2$O/cc-pVDZ,7060,15.96339743026931
h2o_ccpvdz,H$_2$O/cc-pVDZ,7070,14.671041846909816
h2o_ccpvdz,H$_2$O/cc-pVDZ,7080,14.360053167735032
h2o_ccpvdz,H$_2$O/cc-pVDZ,7090,14.49926390210976
h2o_ccpvdz,H$_2$O/cc-pVDZ,7100,14.380180388400277
h2o_ccpvdz,H$_2$O/cc-pVDZ,7110,14.231802581704756
h2o_ccpvdz,H$_2$O/cc-pVDZ,7120,13.964212538510878
h2o_ccpvdz,H$_2$O/cc-pVDZ,7130,14.611938184273754
h2o_ccpvdz,H$_2$O/cc-pVDZ,7140,14.269299484226394
h2o_ccpvdz,H$_2$O/cc-pVDZ,7150,17.473358761208146
h2o_ccpvdz,H$_2$O/cc-pVDZ,7160,20.015515569710374
h2o_ccpvdz,H$_2$O/cc-pVDZ,7170,16.789440612171802
h2o_ccpvdz,H$_2$O/cc-pVDZ,7180,15.203130812565746
h2o_ccpvdz,H$_2$O/cc-pVDZ,7190,14.492327870954114
h2o_ccpvdz,H$_2$O/cc-pVDZ,7200,13.964550060350689
h2o_ccpvdz,H$_2$O/cc-pVDZ,7210,13.654729497190488
h2o_ccpvdz,H$_2$O/cc-pVDZ,7220,13.80879310690375
h2o_ccpvdz,H$_2$O/cc-pVDZ,7230,13.919643393379033
h2o_ccpvdz,H$_2$O/cc-pVDZ,7240,13.773794408933782
h2o_ccpvdz,H$_2$O/cc-pVDZ,7250,13.951106845922823
h2o_ccpvdz,H$_2$O/cc-pVDZ,7260,13.666166323943685
h2o_ccpvdz,H$_2$O/cc-pVDZ,7270,14.036652520331927
h2o_ccpvdz,H$_2$O/cc-pVDZ,7280,15.015639231620526
h2o_ccpvdz,H$_2$O/cc-pVDZ,7290,14.427586583266816
h2o_ccpvdz,H$_2$O/cc-pVDZ,7300,14.642882417106762
h2o_ccpvdz,H$_2$O/cc-pVDZ,7310,14.484010801879776
h2o_ccpvdz,H$_2$O/cc-pVDZ,7320,14.248077961056538
h2o_ccpvdz,H$_2$O/cc-pVDZ,7330,13.733767943179487
h2o_ccpvdz,H$_2$O/cc-pVDZ,7340,15.5165988166317
h2o_ccpvdz,H$_2$O/cc-pVDZ,7350,15.856590427830497
h2o_ccpvdz,H$_2$O/cc-pVDZ,7360,13.865621795019933
h2o_ccpvdz,H$_2$O/cc-pVDZ,7370,14.757697105821421
h2o_ccpvdz,H$_2$O/cc-pVDZ,7380,13.836669441133154
h2o_ccpvdz,H$_2$O/cc-pVDZ,7390,13.574894365035561
h2o_ccpvdz,H$_2$O/cc-pVDZ,7400,14.967757133831583
h2o_ccpvdz,H$_2$O/cc-pVDZ,7410,14.2834927873281
h2o_ccpvdz,H$_2$O/cc-pVDZ,7420,14.235776264726496
h2o_ccpvdz,H$_2$O/cc-pVDZ,7430,15.598386583462798
h2o_ccpvdz,H$_2$O/cc-pVDZ,7440,15.38419749145703
h2o_ccpvdz,H$_2$O/cc-pVDZ,7450,14.17890952019718
h2o_ccpvdz,H$_2$O/cc-pVDZ,7460,14.051038140578953
h2o_ccpvdz,H$_2$O/cc-pVDZ,7470,13.601988014627864
h2o_ccpvdz,H$_2$O/cc-pVDZ,7480,13.58475697533379
h2o_ccpvdz,H$_2$O/cc-pVDZ,7490,13.897631545532363
h2o_ccpvdz,H$_2$O/cc-pVDZ,7500,13.871052352840252
h2o_ccpvdz,H$_2$O/cc-pVDZ,7510,14.416740903257619
h2o_ccpvdz,H$_2$O/cc-pVDZ,7520,15.861919111273437
h2o_ccpvdz,H$_2$O/cc-pVDZ,7530,14.183429458071828
h2o_ccpvdz,H$_2$O/cc-pVDZ,7540,14.818174724993582
h2o_ccpvdz,H$_2$O/cc-pVDZ,7550,14.03900748614717
h2o_ccpvdz,H$_2$O/cc-pVDZ,7560,13.97923528710976
h2o_ccpvdz,H$_2$O/cc-pVDZ,7570,13.829658269528977
h2o_ccpvdz,H$_2$O/cc-pVDZ,7580,13.924482053695897
h2o_ccpvdz,H$_2$O/cc-pVDZ,7590,16.05132955234012
h2o_ccpvdz,H$_2$O/cc-pVDZ,7600,15.639465254849938
h2o_ccpvdz,H$_2$O/cc-pVDZ,7610,14.557980177528407
h2o_ccpvdz,H$_2$O/cc-pVDZ,7620,13.936887106936524
h2o_ccpvdz,H$_2$O/cc-pVDZ,7630,13.508503665590865
h2o_ccpvdz,H$_2$O/cc-pVDZ,7640,14.703456822829253
h2o_ccpvdz,H$_2$O/cc-pVDZ,7650,14.557222242643775
h2o_ccpvdz,H$_2$O/cc-pVDZ,7660,14.036565500376241
h2o_ccpvdz,H$_2$O/cc-pVDZ,7670,15.764825255857318
h2o_ccpvdz,H$_2$O/cc-pVDZ,7680,14.703759512059378
h2o_ccpvdz,H$_2$O/cc-pVDZ,7690,13.925722721310763
h2o_ccpvdz,H$_2$O/cc-pVDZ,7700,13.820761246350344
h2o_ccpvdz,H$_2$O/cc-pVDZ,7710,13.698722090595084
h2o_ccpvdz,H$_2$O/cc-pVDZ,7720,14.620269676939301
h2o_ccpvdz,H$_2$O/cc-pVDZ,7730,16.001634181876057
h2o_ccpvdz,H$_2$O/cc-pVDZ,7740,14.223036884800422
h2o_ccpvdz,H$_2$O/cc-pVDZ,7750,13.710194227556372
h2o_ccpvdz,H$_2$O/cc-pVDZ,7760,13.676003442526508
h2o_ccpvdz,H$_2$O/cc-pVDZ,7770,13.589376378476459
h2o_ccpvdz,H$_2$O/cc-pVDZ,7780,14.614984376919438
h2o_ccpvdz,H$_2$O/cc-pVDZ,7790,14.064293606907086
h2o_ccpvdz,H$_2$O/cc-pVDZ,7800,14.51243346251374
h2o_ccpvdz,H$_2$O/cc-pVDZ,7810,13.416536226088738
h2o_ccpvdz,H$_2$O/cc-pVDZ,7820,14.411504580195356
h2o_ccpvdz,H$_2$O/cc-pVDZ,7830,13.807411425929672
h2o_ccpvdz,H$_2$O/cc-pVDZ,7840,13.751464455779683
h2o_ccpvdz,H$_2$O/cc-pVDZ,7850,14.020114633680691
h2o_ccpvdz,H$_2$O/cc-pVDZ,7860,14.144085182039134
h2o_ccpvdz,H$_2$O/cc-pVDZ,7870,13.995627429650881
h2o_ccpvdz,H$_2$O/cc-pVDZ,7880,13.788211648957827
h2o_ccpvdz,H$_2$O/cc-pVDZ,7890,14.176581764715479
h2o_ccpvdz,H$_2$O/cc-pVDZ,7900,13.42395831993315
h2o_ccpvdz,H$_2$O/cc-pVDZ,7910,14.76450074714819
h2o_ccpvdz,H$_2$O/cc-pVDZ,7920,14.976960932571615
h2o_ccpvdz,H$_2$O/cc-pVDZ,7930,14.33780882528879
h2o_ccpvdz,H$_2$O/cc-pVDZ,7940,14.634862468810184
h2o_ccpvdz,H$_2$O/cc-pVDZ,7950,13.938217850224532
h2o_ccpvdz,H$_2$O/cc-pVDZ,7960,13.338106299514152
h2o_ccpvdz,H$_2$O/cc-pVDZ,7970,13.307127634519134
h2o_ccpvdz,H$_2$O/cc-pVDZ,7980,15.50250263154851
h2o_ccpvdz,H$_2$O/cc-pVDZ,7990,14.534358940807124
h2o_ccpvdz,H$_2$O/cc-pVDZ,8000,14.084018948111066
h2o_ccpvdz,H$_2$O/cc-pVDZ,8010,13.663719897110127
h2o_ccpvdz,H$_2$O/cc-pVDZ,8020,13.753416533432983
h2o_ccpvdz,H$_2$O/cc-pVDZ,8030,13.638583195330511
h2o_ccpvdz,H$_2$O/cc-pVDZ,8040,13.729446649293209
h2o_ccpvdz,H$_2$O/cc-pVDZ,8050,14.732820467457941
h2o_ccpvdz,H$_2$O/cc-pVDZ,8060,15.333409080668048
h2o_ccpvdz,H$_2$O/cc-pVDZ,8070,13.665845876673188
h2o_ccpvdz,H$_2$O/cc-pVDZ,8080,13.366959308754645
h2o_ccpvdz,H$_2$O/cc-pVDZ,8090,13.125512443764364
h2o_ccpvdz,H$_2$O/cc-pVDZ,8100,16.312241845540143
h2o_ccpvdz,H$_2$O/cc-pVDZ,8110,13.800655291930752
h2o_ccpvdz,H$_2$O/cc-pVDZ,8120,13.166190330622385
h2o_ccpvdz,H$_2$O/cc-pVDZ,8130,13.840578324362696
h2o_ccpvdz,H$_2$O/cc-pVDZ,8140,13.543177114740956
h2o_ccpvdz,H$_2$O/cc-pVDZ,8150,14.37821163915487
h2o_ccpvdz,H$_2$O/cc-pVDZ,8160,13.597709355494203
h2o_ccpvdz,H$_2$O/cc-pVDZ,8170,13.256055955736201
h2o_ccpvdz,H$_2$O/cc-pVDZ,8180,13.417377184978818
h2o_ccpvdz,H$_2$O/cc-pVDZ,8190,15.70206988010625
h2o_ccpvdz,H$_2$O/cc-pVDZ,8200,13.727713642325057
h2o_ccpvdz,H$_2$O/cc-pVDZ,8210,13.234907004559204
h2o_ccpvdz,H$_2$O/cc-pVDZ,8220,13.364121890461433
h2o_ccpvdz,H$_2$O/cc-pVDZ,8230,13.40073028201516
h2o_ccpvdz,H$_2$O/cc-pVDZ,8240,14.749507091906366
h2o_ccpvdz,H$_2$O/cc-pVDZ,8250,14.038773592204734
h2o_ccpvdz,H$_2$O/cc-pVDZ,8260,13.304786397441148
h2o_ccpvdz,H$_2$O/cc-pVDZ,8270,13.401312479032867
h2o_ccpvdz,H$_2$O/cc-pVDZ,8280,14.849435269468358
h2o_ccpvdz,H$_2$O/cc-pVDZ,8290,13.95250080501853
h2o_ccpvdz,H$_2$O/cc-pVDZ,8300,13.508452080628786
h2o_ccpvdz,H$_2$O/cc-pVDZ,8310,13.811843839363291
h2o_ccpvdz,H$_2$O/cc-pVDZ,8320,13.704747836570164
h2o_ccpvdz,H$_2$O/cc-pVDZ,8330,13.537808301038012
h2o_ccpvdz,H$_2$O/cc-pVDZ,8340,13.436237271207574
h2o_ccpvdz,H$_2$O/cc-pVDZ,8350,13.373977822041638
h2o_ccpvdz,H$_2$O/cc-pVDZ,8360,13.364156885941725
h2o_ccpvdz,H$_2$O/cc-pVDZ,8370,13.343367656815985
h2o_ccpvdz,H$_2$O/cc-pVDZ,8380,13.185637375613624
h2o_ccpvdz,H$_2$O/cc-pVDZ,8390,17.4731285086267
h2o_ccpvdz,H$_2$O/cc-pVDZ,8400,14.483929683365204
h2o_ccpvdz,H$_2$O/cc-pVDZ,8410,13.935267292850995
h2o_ccpvdz,H$_2$O/cc-pVDZ,8420,12.996370338981933
h2o_ccpvdz,H$_2$O/cc-pVDZ,8430,14.077901875069188
h2o_ccpvdz,H$_2$O/cc-pVDZ,8440,13.605302408549846
h2o_ccpvdz,H$_2$O/cc-pVDZ,8450,12.786329606726099
h2o_ccpvdz,H$_2$O/cc-pVDZ,8460,15.10877011652667
h2o_ccpvdz,H$_2$O/cc-pVDZ,8470,13.734937042414685
h2o_ccpvdz,H$_2$O/cc-pVDZ,8480,14.209285197921417
h2o_ccpvdz,H$_2$O/cc-pVDZ,8490,14.148343376021444
h2o_ccpvdz,H$_2$O/cc-pVDZ,8500,13.565468921939328
h2o_ccpvdz,H$_2$O/cc-pVDZ,8510,13.278627370723939
h2o_ccpvdz,H$_2$O/cc-pVDZ,8520,13.082924408578833
h2o_ccpvdz,H$_2$O/cc-pVDZ,8530,13.334921493338925
h2o_ccpvdz,H$_2$O/cc-pVDZ,8540,13.220071079288687
h2o_ccpvdz,H$_2$O/cc-pVDZ,8550,12.850228223797444
h2o_ccpvdz,H$_2$O/cc-pVDZ,8560,16.63265902475075
h2o_ccpvdz,H$_2$O/cc-pVDZ,8570,12.914306796346864
h2o_ccpvdz,H$_2$O/cc-pVDZ,8580,13.455877235699631
h2o_ccpvdz,H$_2$O/cc-pVDZ,8590,13.895443703802357
h2o_ccpvdz,H$_2$O/cc-pVDZ,8600,13.890940446373179
h2o_ccpvdz,H$_2$O/cc-pVDZ,8610,13.95268796929372
h2o_ccpvdz,H$_2$O/cc-pVDZ,8620,13.407318297879556
h2o_ccpvdz,H$_2$O/cc-pVDZ,8630,13.376667241146833
h2o_ccpvdz,H$_2$O/cc-pVDZ,8640,13.429396506239755
h2o_ccpvdz,H$_2$O/cc-pVDZ,8650,14.130213223211285
h2o_ccpvdz,H$_2$O/cc-pVDZ,8660,13.197199365791334
h2o_ccpvdz,H$_2$O/cc-pVDZ,8670,13.176537447805003
h2o_ccpvdz,H$_2$O/cc-pVDZ,8680,13.510655624273227
h2o_ccpvdz,H$_2$O/cc-pVDZ,8690,13.159019731688204
h2o_ccpvdz,H$_2$O/cc-pVDZ,8700,14.496209269310611
h2o_ccpvdz,H$_2$O/cc-pVDZ,8710,13.280160843137878
h2o_ccpvdz,H$_2$O/cc-pVDZ,8720,13.593772282618488
h2o_ccpvdz,H$_2$O/cc-pVDZ,8730,12.799376955186403
h2o_ccpvdz,H$_2$O/cc-pVDZ,8740,16.335313886841618
h2o_ccpvdz,H$_2$O/cc-pVDZ,8750,15.954895334203911
h2o_ccpvdz,H$_2$O/cc-pVDZ,8760,14.99290629629968
h2o_ccpvdz,H$_2$O/cc-pVDZ,8770,13.044918910466663
h2o_ccpvdz,H$_2$O/cc-pVDZ,8780,12.90238452904191
h2o_ccpvdz,H$_2$O/cc-pVDZ,8790,12.683597367896482
h2o_ccpvdz,H$_2$O/cc-pVDZ,8800,12.58885449882996
h2o_ccpvdz,H$_2$O/cc-pVDZ,8810,13.89346763659205
h2o_ccpvdz,H$_2$O/cc-pVDZ,8820,13.777885408856605
h2o_ccpvdz,H$_2$O/cc-pVDZ,8830,12.785628878816624
h2o_ccpvdz,H$_2$O/cc-pVDZ,8840,12.684644646924426
h2o_ccpvdz,H$_2$O/cc-pVDZ,8850,14.544484220337495
h2o_ccpvdz,H$_2$O/cc-pVDZ,8860,13.26769446714593
h2o_ccpvdz,H$_2$O/cc-pVDZ,8870,12.821229632137943
h2o_ccpvdz,H$_2$O/cc-pVDZ,8880,13.418541497117076
h2o_ccpvdz,H$_2$O/cc-pVDZ,8890,14.058529317978241
h2o_ccpvdz,H$_2$O/cc-pVDZ,8900,12.970826579504546
h2o_ccpvdz,H$_2$O/cc-pVDZ,8910,14.342903020093445
h2o_ccpvdz,H$_2$O/cc-pVDZ,8920,12.69794193255791
h2o_ccpvdz,H$_2$O/cc-pVDZ,8930,12.91773822418918
h2o_ccpvdz,H$_2$O/cc-pVDZ,8940,12.896949294585625
h2o_ccpvdz,H$_2$O/cc-pVDZ,8950,12.91676114182394
h2o_ccpvdz,H$_2$O/cc-pVDZ,8960,13.156140947330641
h2o_ccpvdz,H$_2$O/cc-pVDZ,8970,15.244171165164744
h2o_ccpvdz,H$_2$O/cc-pVDZ,8980,14.391726468758748
h2o_ccpvdz,H$_2$O/cc-pVDZ,8990,13.201564794343312
h2o_ccpvdz,H$_2$O/cc-pVDZ,9000,12.801067762822527
h2o_ccpvdz,H$_2$O/cc-pVDZ,9010,12.710667892918082
h2o_ccpvdz,H$_2$O/cc-pVDZ,9020,13.385922110984438
h2o_ccpvdz,H$_2$O/cc-pVDZ,9030,12.900529252419801
h2o_ccpvdz,H$_2$O/cc-pVDZ,9040,14.02378678955074
h2o_ccpvdz,H$_2$O/cc-pVDZ,9050,12.618511411915279
h2o_ccpvdz,H$_2$O/cc-pVDZ,9060,13.471216756784088
h2o_ccpvdz,H$_2$O/cc-pVDZ,9070,13.853031248473258
h2o_ccpvdz,H$_2$O/cc-pVDZ,9080,12.903634494733751
h2o_ccpvdz,H$_2$O/cc-pVDZ,9090,12.779211905382226
h2o_ccpvdz,H$_2$O/cc-pVDZ,9100,12.920784267180352
h2o_ccpvdz,H$_2$O/cc-pVDZ,9110,12.56758072689479
h2o_ccpvdz,H$_2$O/cc-pVDZ,9120,14.00787559086325
h2o_ccpvdz,H$_2$O/cc-pVDZ,9130,13.137435430152777
h2o_ccpvdz,H$_2$O/cc-pVDZ,9140,12.635358241894323
h2o_ccpvdz,H$_2$O/cc-pVDZ,9150,13.131833567797457
h2o_ccpvdz,H$_2$O/cc-pVDZ,9160,13.516450824894832
h2o_ccpvdz,H$_2$O/cc-pVDZ,9170,12.905854116638693
h2o_ccpvdz,H$_2$O/cc-pVDZ,9180,13.24529071429481
h2o_ccpvdz,H$_2$O/cc-pVDZ,9190,12.658737830008704
h2o_ccpvdz,H$_2$O/cc-pVDZ,9200,13.433608788048446
h2o_ccpvdz,H$_2$O/cc-pVDZ,9210,13.78970775090238
h2o_ccpvdz,H$_2$O/cc-pVDZ,9220,13.04609274569657
h2o_ccpvdz,H$_2$O/cc-pVDZ,9230,12.562461933541158
h2o_ccpvdz,H$_2$O/cc-pVDZ,9240,13.507537445775597
h2o_ccpvdz,H$_2$O/cc-pVDZ,9250,13.45427827376966
h2o_ccpvdz,H$_2$O/cc-pVDZ,9260,12.512749005765045
h2o_ccpvdz,H$_2$O/cc-pVDZ,9270,12.91975813664692
h2o_ccpvdz,H$_2$O/cc-pVDZ,9280,13.017106454029204
h2o_ccpvdz,H$_2$O/cc-pVDZ,9290,13.000279974278328
h2o_ccpvdz,H$_2$O/cc-pVDZ,9300,13.114603289082538
h2o_ccpvdz,H$_2$O/cc-pVDZ,9310,14.932266427436502
h2o_ccpvdz,H$_2$O/cc-pVDZ,9320,13.950428439670759
h2o_ccpvdz,H$_2$O/cc-pVDZ,9330,13.46561804815849
h2o_ccpvdz,H$_2$O/cc-pVDZ,9340,12.75660333220685
h2o_ccpvdz,H$_2$O/cc-pVDZ,9350,12.47289799081841
h2o_ccpvdz,H$_2$O/cc-pVDZ,9360,12.428109086798145
h2o_ccpvdz,H$_2$O/cc-pVDZ,9370,12.81900086900123
h2o_ccpvdz,H$_2$O/cc-pVDZ,9380,13.831012525272968
h2o_ccpvdz,H$_2$O/cc-pVDZ,9390,13.931746002896261
h2o_ccpvdz,H$_2$O/cc-pVDZ,9400,12.671913901940002
h2o_ccpvdz,H$_2$O/cc-pVDZ,9410,13.639413217561014
h2o_ccpvdz,H$_2$O/cc-pVDZ,9420,12.61412507346904
h2o_ccpvdz,H$_2$O/cc-pVDZ,9430,12.341018887937594
h2o_ccpvdz,H$_2$O/cc-pVDZ,9440,14.700579171133654
h2o_ccpvdz,H$_2$O/cc-pVDZ,9450,12.728261919662032
h2o_ccpvdz,H$_2$O/cc-pVDZ,9460,12.743553808590491
h2o_ccpvdz,H$_2$O/cc-pVDZ,9470,12.572172908718926
h2o_ccpvdz,H$_2$O/cc-pVDZ,9480,12.583211645235792
h2o_ccpvdz,H$_2$O/cc-pVDZ,9490,12.312913724485952
h2o_ccpvdz,H$_2$O/cc-pVDZ,9500,14.614119131437064
h2o_ccpvdz,H$_2$O/cc-pVDZ,9510,12.82723047070533
h2o_ccpvdz,H$_2$O/cc-pVDZ,9520,12.75133276290319
h2o_ccpvdz,H$_2$O/cc-pVDZ,9530,13.083690714637441
h2o_ccpvdz,H$_2$O/cc-pVDZ,9540,12.612730969721042
h2o_ccpvdz,H$_2$O/cc-pVDZ,9550,12.378529863099175
h2o_ccpvdz,H$_2$O/cc-pVDZ,9560,13.290552830000024
h2o_ccpvdz,H$_2$O/cc-pVDZ,9570,14.270472213524954
h2o_ccpvdz,H$_2$O/cc-pVDZ,9580,12.576351115342277
h2o_ccpvdz,H$_2$O/cc-pVDZ,9590,12.999356547169327
h2o_ccpvdz,H$_2$O/cc-pVDZ,9600,12.653520762285098
h2o_ccpvdz,H$_2$O/cc-pVDZ,9610,12.486819849229391
h2o_ccpvdz,H$_2$O/cc-pVDZ,9620,12.507892571534285
h2o_ccpvdz,H$_2$O/cc-pVDZ,9630,15.317907514202034
h2o_ccpvdz,H$_2$O/cc-pVDZ,9640,13.989691654998637
h2o_ccpvdz,H$_2$O/cc-pVDZ,9650,13.054177229790298
h2o_ccpvdz,H$_2$O/cc-pVDZ,9660,12.538027532357887
h2o_ccpvdz,H$_2$O/cc-pVDZ,9670,12.926311877976104
h2o_ccpvdz,H$_2$O/cc-pVDZ,9680,12.483329049359781
h2o_ccpvdz,H$_2$O/cc-pVDZ,9690,12.531714985357212
h2o_ccpvdz,H$_2$O/cc-pVDZ,9700,12.78945746879856
h2o_ccpvdz,H$_2$O/cc-pVDZ,9710,14.184284031657057
h2o_ccpvdz,H$_2$O/cc-pVDZ,9720,12.568245989783122
h2o_ccpvdz,H$_2$O/cc-pVDZ,9730,12.857496643107424
h2o_ccpvdz,H$_2$O/cc-pVDZ,9740,12.69299505808874
h2o_ccpvdz,H$_2$O/cc-pVDZ,9750,12.678869987780672
h2o_ccpvdz,H$_2$O/cc-pVDZ,9760,12.590756426916982
h2o_ccpvdz,H$_2$O/cc-pVDZ,9770,12.176831949574307
h2o_ccpvdz,H$_2$O/cc-pVDZ,9780,13.328499456463305
h2o_ccpvdz,H$_2$O/cc-pVDZ,9790,12.597450613085925
h2o_ccpvdz,H$_2$O/cc-pVDZ,9800,13.239191960835228
h2o_ccpvdz,H$_2$O/cc-pVDZ,9810,12.445943283182714
h2o_ccpvdz,H$_2$O/cc-pVDZ,9820,14.375360845505725
h2o_ccpvdz,H$_2$O/cc-pVDZ,9830,14.14161626570376
h2o_ccpvdz,H$_2$O/cc-pVDZ,9840,14.515474480518264
h2o_ccpvdz,H$_2$O/cc-pVDZ,9850,13.004969770349817
h2o_ccpvdz,H$_2$O/cc-pVDZ,9860,12.33221308726229
h2o_ccpvdz,H$_2$O/cc-pVDZ,9870,12.162107813949774
h2o_ccpvdz,H$_2$O/cc-pVDZ,9880,12.29898206761959
h2o_ccpvdz,H$_2$O/cc-pVDZ,9890,12.230315463384045
h2o_ccpvdz,H$_2$O/cc-pVDZ,9900,14.08730159988636
h2o_ccpvdz,H$_2$O/cc-pVDZ,9910,13.572349201950829
h2o_ccpvdz,H$_2$O/cc-pVDZ,9920,13.226911231825511
h2o_ccpvdz,H$_2$O/cc-pVDZ,9930,12.573449632327538
h2o_ccpvdz,H$_2$O/cc-pVDZ,9940,12.338720465024267
h2o_ccpvdz,H$_2$O/cc-pVDZ,9950,12.12837283510737
h2o_ccpvdz,H$_2$O/cc-pVDZ,9960,13.167982233156295
h2o_ccpvdz,H$_2$O/cc-pVDZ,9970,12.971940067842525
h2o_ccpvdz,H$_2$O/cc-pVDZ,9980,12.928542067797366
h2o_ccpvdz,H$_2$O/cc-pVDZ,9990,12.114667088638953
h2o_ccpvdz,H$_2$O/cc-pVDZ,10000,12.34797631795459
h2o_ccpvdz,H$_2$O/cc-pVDZ,10010,12.624678555624769
h2o_ccpvdz,H$_2$O/cc-pVDZ,10020,12.499799897568664
h2o_ccpvdz,H$_2$O/cc-pVDZ,10030,14.70632504981495
h2o_ccpvdz,H$_2$O/cc-pVDZ,10040,13.440029007426801
h2o_ccpvdz,H$_2$O/cc-pVDZ,10050,12.41759645201057
h2o_ccpvdz,H$_2$O/cc-pVDZ,10060,12.917725733075258
h2o_ccpvdz,H$_2$O/cc-pVDZ,10070,13.012300656214393
h2o_ccpvdz,H$_2$O/cc-pVDZ,10080,12.375685107599566
h2o_ccpvdz,H$_2$O/cc-pVDZ,10090,12.250222834623514
h2o_ccpvdz,H$_2$O/cc-pVDZ,10100,12.367643688634189
h2o_ccpvdz,H$_2$O/cc-pVDZ,10110,13.73348296422705
h2o_ccpvdz,H$_2$O/cc-pVDZ,10120,13.186555805191347
h2o_ccpvdz,H$_2$O/cc-pVDZ,10130,12.797342542569368
h2o_ccpvdz,H$_2$O/cc-pVDZ,10140,13.036512890295171
h2o_ccpvdz,H$_2$O/cc-pVDZ,10150,12.956644070243328
h2o_ccpvdz,H$_2$O/cc-pVDZ,10160,12.126001150363663
h2o_ccpvdz,H$_2$O/cc-pVDZ,10170,12.095693992705492
h2o_ccpvdz,H$_2$O/cc-pVDZ,10180,12.4708089648351
h2o_ccpvdz,H$_2$O/cc-pVDZ,10190,12.188541901338112
h2o_ccpvdz,H$_2$O/cc-pVDZ,10200,12.39199313577899
h2o_ccpvdz,H$_2$O/cc-pVDZ,10210,12.17177186401841
h2o_ccpvdz,H$_2$O/cc-pVDZ,10220,13.253366511492004
h2o_ccpvdz,H$_2$O/cc-pVDZ,10230,12.175756569220653
h2o_ccpvdz,H$_2$O/cc-pVDZ,10240,12.330188852558877
h2o_ccpvdz,H$_2$O/cc-pVDZ,10250,12.74216732782918
h2o_ccpvdz,H$_2$O/cc-pVDZ,10260,12.64970008277544
h2o_ccpvdz,H$_2$O/cc-pVDZ,10270,11.93811256835886
h2o_ccpvdz,H$_2$O/cc-pVDZ,10280,12.866207935601892
h2o_ccpvdz,H$_2$O/cc-pVDZ,10290,12.830777186906062
h2o_ccpvdz,H$_2$O/cc-pVDZ,10300,12.466256920490082
h2o_ccpvdz,H$_2$O/cc-pVDZ,10310,12.645571098005348
h2o_ccpvdz,H$_2$O/cc-pVDZ,10320,11.915416145100721
h2o_ccpvdz,H$_2$O/cc-pVDZ,10330,12.137374231031117
h2o_ccpvdz,H$_2$O/cc-pVDZ,10340,12.717753890228778
h2o_ccpvdz,H$_2$O/cc-pVDZ,10350,13.409054887645766
h2o_ccpvdz,H$_2$O/cc-pVDZ,10360,12.587436657540252
h2o_ccpvdz,H$_2$O/cc-pVDZ,10370,11.91812164000794
h2o_ccpvdz,H$_2$O/cc-pVDZ,10380,12.660971204169869
h2o_ccpvdz,H$_2$O/cc-pVDZ,10390,12.87564855121559
h2o_ccpvdz,H$_2$O/cc-pVDZ,10400,12.207092079520976
h2o_ccpvdz,H$_2$O/cc-pVDZ,10410,12.71874829721753
h2o_ccpvdz,H$_2$O/cc-pVDZ,10420,13.341733871399697
h2o_ccpvdz,H$_2$O/cc-pVDZ,10430,11.959110389426542
h2o_ccpvdz,H$_2$O/cc-pVDZ,10440,12.367678704919172
h2o_ccpvdz,H$_2$O/cc-pVDZ,10450,12.990752835307262
h2o_ccpvdz,H$_2$O/cc-pVDZ,10460,13.746145941411214
h2o_ccpvdz,H$_2$O/cc-pVDZ,10470,13.432353057964974
h2o_ccpvdz,H$_2$O/cc-pVDZ,10480,11.992231797322006
h2o_ccpvdz,H$_2$O/cc-pVDZ,10490,12.21201142253392
h2o_ccpvdz,H$_2$O/cc-pVDZ,10500,12.9186300694073
h2o_ccpvdz,H$_2$O/cc-pVDZ,10510,12.674167500264844
h2o_ccpvdz,H$_2$O/cc-pVDZ,10520,12.840657736219896
h2o_ccpvdz,H$_2$O/cc-pVDZ,10530,12.33267703922536
h2o_ccpvdz,H$_2$O/cc-pVDZ,10540,11.869145903474987
h2o_ccpvdz,H$_2$O/cc-pVDZ,10550,12.483908255916276
h2o_ccpvdz,H$_2$O/cc-pVDZ,10560,12.132186283508872
h2o_ccpvdz,H$_2$O/cc-pVDZ,10570,15.596504803724542
h2o_ccpvdz,H$_2$O/cc-pVDZ,10580,13.20629936884643
h2o_ccpvdz,H$_2$O/cc-pVDZ,10590,12.399646853253898
h2o_ccpvdz,H$_2$O/cc-pVDZ,10600,12.160346393457644
h2o_ccpvdz,H$_2$O/cc-pVDZ,10610,12.750149672385191
h2o_ccpvdz,H$_2$O/cc-pVDZ,10620,12.256180210911793
h2o_ccpvdz,H$_2$O/cc-pVDZ,10630,11.966304993251242
h2o_ccpvdz,H$_2$O/cc-pVDZ,10640,12.050703274681496
h2o_ccpvdz,H$_2$O/cc-pVDZ,10650,12.264113308376068
h2o_ccpvdz,H$_2$O/cc-pVDZ,10660,12.526341978798428
h2o_ccpvdz,H$_2$O/cc-pVDZ,10670,13.046634476026497
h2o_ccpvdz,H$_2$O/cc-pVDZ,10680,13.198181963304023
h2o_ccpvdz,H$_2$O/cc-pVDZ,10690,12.552766548083127
h2o_ccpvdz,H$_2$O/cc-pVDZ,10700,12.061426957572507
h2o_ccpvdz,H$_2$O/cc-pVDZ,10710,12.568095059620532
h2o_ccpvdz,H$_2$O/cc-pVDZ,10720,12.098978875073385
h2o_ccpvdz,H$_2$O/cc-pVDZ,10730,12.45857120025562
h2o_ccpvdz,H$_2$O/cc-pVDZ,10740,12.807808869482074
h2o_ccpvdz,H$_2$O/cc-pVDZ,10750,12.679133199526404
h2o_ccpvdz,H$_2$O/cc-pVDZ,10760,11.88315891759828
h2o_ccpvdz,H$_2$O/cc-pVDZ,10770,12.096711636957025
h2o_ccpvdz,H$_2$O/cc-pVDZ,10780,12.371969013202033
h2o_ccpvdz,H$_2$O/cc-pVDZ,10790,12.064683641412444
h2o_ccpvdz,H$_2$O/cc-pVDZ,10800,11.772026214913467
h2o_ccpvdz,H$_2$O/cc-pVDZ,10810,13.210721070336717
h2o_ccpvdz,H$_2$O/cc-pVDZ,10820,12.673334811680093
h2o_ccpvdz,H$_2$O/cc-pVDZ,10830,12.154736052963244
h2o_ccpvdz,H$_2$O/cc-pVDZ,10840,11.990167958302322
h2o_ccpvdz,H$_2$O/cc-pVDZ,10850,12.158604670133855
h2o_ccpvdz,H$_2$O/cc-pVDZ,10860,11.990639317431828
h2o_ccpvdz,H$_2$O/cc-pVDZ,10870,13.321183401330927
h2o_ccpvdz,H$_2$O/cc-pVDZ,10880,12.561156165673992
h2o_ccpvdz,H$_2$O/cc-pVDZ,10890,11.936603629806086
h2o_ccpvdz,H$_2$O/cc-pVDZ,10900,12.300745455746664
h2o_ccpvdz,H$_2$O/cc-pVDZ,10910,12.078394709590157
h2o_ccpvdz,H$_2$O/cc-pVDZ,10920,12.750718684330309
h2o_ccpvdz,H$_2$O/cc-pVDZ,10930,12.506144898381422
h2o_ccpvdz,H$_2$O/cc-pVDZ,10940,11.966869487920917
h2o_ccpvdz,H$_2$O/cc-pVDZ,10950,12.443084965781281
h2o_ccpvdz,H$_2$O/cc-pVDZ,10960,12.465432636318496
h2o_ccpvdz,H$_2$O/cc-pVDZ,10970,12.09530797007119
h2o_ccpvdz,H$_2$O/cc-pVDZ,10980,14.393386754221638
h2o_ccpvdz,H$_2$O/cc-pVDZ,10990,13.44270461717656
h2o_ccpvdz,H$_2$O/cc-pVDZ,11000,11.935779866419693
h2o_ccpvdz,H$_2$O/cc-pVDZ,11010,12.124531436327857
h2o_ccpvdz,H$_2$O/cc-pVDZ,11020,11.831817541235523
h2o_ccpvdz,H$_2$O/cc-pVDZ,11030,12.348219497198443
h2o_ccpvdz,H$_2$O/cc-pVDZ,11040,12.144214521782715
h2o_ccpvdz,H$_2$O/cc-pVDZ,11050,12.692780894127509
h2o_ccpvdz,H$_2$O/cc-pVDZ,11060,11.810296383856667
h2o_ccpvdz,H$_2$O/cc-pVDZ,11070,11.993420745895378
h2o_ccpvdz,H$_2$O/cc-pVDZ,11080,12.041245659062838
h2o_ccpvdz,H$_2$O/cc-pVDZ,11090,12.409169331974113
h2o_ccpvdz,H$_2$O/cc-pVDZ,11100,13.529066009539292
h2o_ccpvdz,H$_2$O/cc-pVDZ,11110,12.02754864745259
h2o_ccpvdz,H$_2$O/cc-pVDZ,11120,13.103510043833921
h2o_ccpvdz,H$_2$O/cc-pVDZ,11130,12.190306295636333
h2o_ccpvdz,H$_2$O/cc-pVDZ,11140,12.883740657059661
h2o_ccpvdz,H$_2$O/cc-pVDZ,11150,12.481156782286007
h2o_ccpvdz,H$_2$O/cc-pVDZ,11160,12.189059576840577
h2o_ccpvdz,H$_2$O/cc-pVDZ,11170,11.815865664161151
h2o_ccpvdz,H$_2$O/cc-pVDZ,11180,12.535781614815278
h2o_ccpvdz,H$_2$O/cc-pVDZ,11190,11.780917083015652
h2o_ccpvdz,H$_2$O/cc-pVDZ,11200,12.015738668466724
h2o_ccpvdz,H$_2$O/cc-pVDZ,11210,14.36823564745282
h2o_ccpvdz,H$_2$O/cc-pVDZ,11220,12.762609268264669
h2o_ccpvdz,H$_2$O/cc-pVDZ,11230,13.389925072871733
h2o_ccpvdz,H$_2$O/cc-pVDZ,11240,12.123956152876758
h2o_ccpvdz,H$_2$O/cc-pVDZ,11250,11.67294846189293
h2o_ccpvdz,H$_2$O/cc-pVDZ,11260,11.938648577611843
h2o_ccpvdz,H$_2$O/cc-pVDZ,11270,11.841667640368314
h2o_ccpvdz,H$_2$O/cc-pVDZ,11280,11.518901587336927
h2o_ccpvdz,H$_2$O/cc-pVDZ,11290,12.64134305407083
h2o_ccpvdz,H$_2$O/cc-pVDZ,11300,12.101712212242433
h2o_ccpvdz,H$_2$O/cc-pVDZ,11310,14.439582893771785
h2o_ccpvdz,H$_2$O/cc-pVDZ,11320,13.66420590539974
h2o_ccpvdz,H$_2$O/cc-pVDZ,11330,12.203885717596563
h2o_ccpvdz,H$_2$O/cc-pVDZ,11340,11.793805235114974
h2o_ccpvdz,H$_2$O/cc-pVDZ,11350,11.791558837543903
h2o_ccpvdz,H$_2$O/cc-pVDZ,11360,12.15306485269707
h2o_ccpvdz,H$_2$O/cc-pVDZ,11370,11.855025312655698
h2o_ccpvdz,H$_2$O/cc-pVDZ,11380,11.956612649171916
h2o_ccpvdz,H$_2$O/cc-pVDZ,11390,12.547416177952186
h2o_ccpvdz,H$_2$O/cc-pVDZ,11400,12.626216880590846
h2o_ccpvdz,H$_2$O/cc-pVDZ,11410,12.770954457238304
h2o_ccpvdz,H$_2$O/cc-pVDZ,11420,11.609769083491983
h2o_ccpvdz,H$_2$O/cc-pVDZ,11430,11.578511093347288
h2o_ccpvdz,H$_2$O/cc-pVDZ,11440,14.224194722743277
h2o_ccpvdz,H$_2$O/cc-pVDZ,11450,11.730707160168663
h2o_ccpvdz,H$_2$O/cc-pVDZ,11460,11.690959086550379
h2o_ccpvdz,H$_2$O/cc-pVDZ,11470,11.405098732680585
h2o_ccpvdz,H$_2$O/cc-pVDZ,11480,11.819173767264601
h2o_ccpvdz,H$_2$O/cc-pVDZ,11490,12.222663891435559
h2o_ccpvdz,H$_2$O/cc-pVDZ,11500,13.432891876661301
h2o_ccpvdz,H$_2$O/cc-pVDZ,11510,12.00209219591386
h2o_ccpvdz,H$_2$O/cc-pVDZ,11520,11.920604867270868
h2o_ccpvdz,H$_2$O/cc-pVDZ,11530,13.421439356775977
h2o_ccpvdz,H$_2$O/cc-pVDZ,11540,11.91681398880462
h2o_ccpvdz,H$_2$O/cc-pVDZ,11550,12.746110368823338
h2o_ccpvdz,H$_2$O/cc-pVDZ,11560,11.657324969704064
h2o_ccpvdz,H$_2$O/cc-pVDZ,11570,11.617438629357935
h2o_ccpvdz,H$_2$O/cc-pVDZ,11580,11.362531066723136
h2o_ccpvdz,H$_2$O/cc-pVDZ,11590,13.07447389224592
h2o_ccpvdz,H$_2$O/cc-pVDZ,11600,12.138699712693324
h2o_ccpvdz,H$_2$O/cc-pVDZ,11610,11.520313537033644
h2o_ccpvdz,H$_2$O/cc-pVDZ,11620,11.593374568136028
h2o_ccpvdz,H$_2$O/cc-pVDZ,11630,11.47424599625424
h2o_ccpvdz,H$_2$O/cc-pVDZ,11640,13.529931488221791
h2o_ccpvdz,H$_2$O/cc-pVDZ,11650,12.47822985124003
h2o_ccpvdz,H$_2$O/cc-pVDZ,11660,11.511463482690942
h2o_ccpvdz,H$_2$O/cc-pVDZ,11670,11.344188748935835
h2o_ccpvdz,H$_2$O/cc-pVDZ,11680,13.62325510135065
h2o_ccpvdz,H$_2$O/cc-pVDZ,11690,11.994138792431386
h2o_ccpvdz,H$_2$O/cc-pVDZ,11700,11.390520657883485
h2o_ccpvdz,H$_2$O/cc-pVDZ,11710,12.502955154999995
h2o_ccpvdz,H$_2$O/cc-pVDZ,11720,11.548158352695737
h2o_ccpvdz,H$_2$O/cc-pVDZ,11730,11.478039437776033
h2o_ccpvdz,H$_2$O/cc-pVDZ,11740,12.345551199430815
h2o_ccpvdz,H$_2$O/cc-pVDZ,11750,12.032721061999041
h2o_ccpvdz,H$_2$O/cc-pVDZ,11760,12.285750595026457
h2o_ccpvdz,H$_2$O/cc-pVDZ,11770,12.033002582967356
h2o_ccpvdz,H$_2$O/cc-pVDZ,11780,12.158442658844137
h2o_ccpvdz,H$_2$O/cc-pVDZ,11790,11.937556451670162
h2o_ccpvdz,H$_2$O/cc-pVDZ,11800,11.486232290252474
h2o_ccpvdz,H$_2$O/cc-pVDZ,11810,14.968801770280038
h2o_ccpvdz,H$_2$O/cc-pVDZ,11820,12.060597154317065
h2o_ccpvdz,H$_2$O/cc-pVDZ,11830,11.861516347309475
h2o_ccpvdz,H$_2$O/cc-pVDZ,11840,13.01769239731243
h2o_ccpvdz,H$_2$O/cc-pVDZ,11850,11.988364110905536
h2o_ccpvdz,H$_2$O/cc-pVDZ,11860,11.404226416729557
h2o_ccpvdz,H$_2$O/cc-pVDZ,11870,11.70013774098777
h2o_ccpvdz,H$_2$O/cc-pVDZ,11880,11.50822219464942
h2o_ccpvdz,H$_2$O/cc-pVDZ,11890,11.286968563211985
h2o_ccpvdz,H$_2$O/cc-pVDZ,11900,12.374050047739615
h2o_ccpvdz,H$_2$O/cc-pVDZ,11910,13.462238784171632
h2o_ccpvdz,H$_2$O/cc-pVDZ,11920,12.143143078972685
h2o_ccpvdz,H$_2$O/cc-pVDZ,11930,11.659933178918891
h2o_ccpvdz,H$_2$O/cc-pVDZ,11940,11.386291465328213
h2o_ccpvdz,H$_2$O/cc-pVDZ,11950,11.533384320998152
h2o_ccpvdz,H$_2$O/cc-pVDZ,11960,11.362970596479727
h2o_ccpvdz,H$_2$O/cc-pVDZ,11970,11.845714927076756
h2o_ccpvdz,H$_2$O/cc-pVDZ,11980,11.906292860587087
h2o_ccpvdz,H$_2$O/cc-pVDZ,11990,12.61507084696234
h2o_ccpvdz,H$_2$O/cc-pVDZ,12000,12.216373653558321
h2o_ccpvdz,H$_2$O/cc-pVDZ,12010,11.867358379149096
h2o_ccpvdz,H$_2$O/cc-pVDZ,12020,11.751005034014383
h2o_ccpvdz,H$_2$O/cc-pVDZ,12030,11.635984349993578
h2o_ccpvdz,H$_2$O/cc-pVDZ,12040,12.046229344676362
h2o_ccpvdz,H$_2$O/cc-pVDZ,12050,11.422719888969368
h2o_ccpvdz,H$_2$O/cc-pVDZ,12060,12.393419549667328
h2o_ccpvdz,H$_2$O/cc-pVDZ,12070,11.982369356118738
h2o_ccpvdz,H$_2$O/cc-pVDZ,12080,11.93952181098723
h2o_ccpvdz,H$_2$O/cc-pVDZ,12090,11.490934532872643
h2o_ccpvdz,H$_2$O/cc-pVDZ,12100,11.322217149441371
h2o_ccpvdz,H$_2$O/cc-pVDZ,12110,12.987835591374619
h2o_ccpvdz,H$_2$O/cc-pVDZ,12120,13.932544623287413
h2o_ccpvdz,H$_2$O/cc-pVDZ,12130,11.4297492050639
h2o_ccpvdz,H$_2$O/cc-pVDZ,12140,13.294869242372442
h2o_ccpvdz,H$_2$O/cc-pVDZ,12150,11.77042262644079
h2o_ccpvdz,H$_2$O/cc-pVDZ,12160,11.869687444587385
h2o_ccpvdz,H$_2$O/cc-pVDZ,12170,11.33510713272301
h2o_ccpvdz,H$_2$O/cc-pVDZ,12180,11.586537703323074
h2o_ccpvdz,H$_2$O/cc-pVDZ,12190,11.641546074059761
h2o_ccpvdz,H$_2$O/cc-pVDZ,12200,12.307889559593832
h2o_ccpvdz,H$_2$O/cc-pVDZ,12210,12.155655169138413
h2o_ccpvdz,H$_2$O/cc-pVDZ,12220,11.262739381550091
h2o_ccpvdz,H$_2$O/cc-pVDZ,12230,11.246681091833466
h2o_ccpvdz,H$_2$O/cc-pVDZ,12240,13.826375782329592
h2o_ccpvdz,H$_2$O/cc-pVDZ,12250,11.873750011488937
h2o_ccpvdz,H$_2$O/cc-pVDZ,12260,11.869300221462709
h2o_ccpvdz,H$_2$O/cc-pVDZ,12270,11.481776790645881
h2o_ccpvdz,H$_2$O/cc-pVDZ,12280,11.409668103894433
h2o_ccpvdz,H$_2$O/cc-pVDZ,12290,11.912154986944756
h2o_ccpvdz,H$_2$O/cc-pVDZ,12300,11.476620260339132
h2o_ccpvdz,H$_2$O/cc-pVDZ,12310,11.478083079509815
h2o_ccpvdz,H$_2$O/cc-pVDZ,12320,12.214910344326313
h2o_ccpvdz,H$_2$O/cc-pVDZ,12330,12.62094710928352
h2o_ccpvdz,H$_2$O/cc-pVDZ,12340,11.675216725777204
h2o_ccpvdz,H$_2$O/cc-pVDZ,12350,11.899428129879652
h2o_ccpvdz,H$_2$O/cc-pVDZ,12360,11.7226177291343
h2o_ccpvdz,H$_2$O/cc-pVDZ,12370,11.347553431377833
h2o_ccpvdz,H$_2$O/cc-pVDZ,12380,11.805722144160313
h2o_ccpvdz,H$_2$O/cc-pVDZ,12390,11.68129426049802
h2o_ccpvdz,H$_2$O/cc-pVDZ,12400,12.049302755215763
h2o_ccpvdz,H$_2$O/cc-pVDZ,12410,12.811186750695924
h2o_ccpvdz,H$_2$O/cc-pVDZ,12420,11.852145776899192
h2o_ccpvdz,H$_2$O/cc-pVDZ,12430,11.602755823304278
h2o_ccpvdz,H$_2$O/cc-pVDZ,12440,11.532531423256387
h2o_ccpvdz,H$_2$O/cc-pVDZ,12450,12.96747069960702
h2o_ccpvdz,H$_2$O/cc-pVDZ,12460,11.705339341133936
h2o_ccpvdz,H$_2$O/cc-pVDZ,12470,11.356296359025464
h2o_ccpvdz,H$_2$O/cc-pVDZ,12480,12.430906546796905
h2o_ccpvdz,H$_2$O/cc-pVDZ,12490,11.461799578199816
h2o_ccpvdz,H$_2$O/cc-pVDZ,12500,11.987173062792067
h2o_ccpvdz,H$_2$O/cc-pVDZ,12510,11.50921958137019
h2o_ccpvdz,H$_2$O/cc-pVDZ,12520,13.291893188778658
h2o_ccpvdz,H$_2$O/cc-pVDZ,12530,12.188459664230322
h2o_ccpvdz,H$_2$O/cc-pVDZ,12540,12.110327378209718
h2o_ccpvdz,H$_2$O/cc-pVDZ,12550,12.618864671779306
h2o_ccpvdz,H$_2$O/cc-pVDZ,12560,12.17044577542481
h2o_ccpvdz,H$_2$O/cc-pVDZ,12570,11.076120074775986
h2o_ccpvdz,H$_2$O/cc-pVDZ,12580,11.459216059165556
h2o_ccpvdz,H$_2$O/cc-pVDZ,12590,11.273094751302892
h2o_ccpvdz,H$_2$O/cc-pVDZ,12600,11.903021830747207
h2o_ccpvdz,H$_2$O/cc-pVDZ,12610,11.572743092472138
h2o_ccpvdz,H$_2$O/cc-pVDZ,12620,11.48659937929608
h2o_ccpvdz,H$_2$O/cc-pVDZ,12630,11.600174454514445
h2o_ccpvdz,H$_2$O/cc-pVDZ,12640,11.367574960402749
h2o_ccpvdz,H$_2$O/cc-pVDZ,12650,11.318847895253725
h2o_ccpvdz,H$_2$O/cc-pVDZ,12660,11.278638494033544
h2o_ccpvdz,H$_2$O/cc-pVDZ,12670,11.310680124708483
h2o_ccpvdz,H$_2$O/cc-pVDZ,12680,11.10560747810041
h2o_ccpvdz,H$_2$O/cc-pVDZ,12690,15.756013544390157
h2o_ccpvdz,H$_2$O/cc-pVDZ,12700,11.909687244269662
h2o_ccpvdz,H$_2$O/cc-pVDZ,12710,11.910873045252401
h2o_ccpvdz,H$_2$O/cc-pVDZ,12720,11.691485293980008
h2o_ccpvdz,H$_2$O/cc-pVDZ,12730,11.326159264129387
h2o_ccpvdz,H$_2$O/cc-pVDZ,12740,12.007874158115328
h2o_ccpvdz,H$_2$O/cc-pVDZ,12750,11.181315637458056
h2o_ccpvdz,H$_2$O/cc-pVDZ,12760,11.222481579366672
h2o_ccpvdz,H$_2$O/cc-pVDZ,12770,11.661401994444986
h2o_ccpvdz,H$_2$O/cc-pVDZ,12780,12.32331943664633
h2o_ccpvdz,H$_2$O/cc-pVDZ,12790,11.313107095929809
h2o_ccpvdz,H$_2$O/cc-pVDZ,12800,11.266713742941192
h2o_ccpvdz,H$_2$O/cc-pVDZ,12810,11.023941994537267
h2o_ccpvdz,H$_2$O/cc-pVDZ,12820,11.1649080244689
h2o_ccpvdz,H$_2$O/cc-pVDZ,12830,11.096417435723538
h2o_ccpvdz,H$_2$O/cc-pVDZ,12840,11.257772010139888
h2o_ccpvdz,H$_2$O/cc-pVDZ,12850,11.594589765806518
h2o_ccpvdz,H$_2$O/cc-pVDZ,12860,11.200881005876795
h2o_ccpvdz,H$_2$O/cc-pVDZ,12870,12.456861695326893
h2o_ccpvdz,H$_2$O/cc-pVDZ,12880,12.22945610895465
h2o_ccpvdz,H$_2$O/cc-pVDZ,12890,11.396875375922377
h2o_ccpvdz,H$_2$O/cc-pVDZ,12900,12.595698720957671
h2o_ccpvdz,H$_2$O/cc-pVDZ,12910,11.428658007019976
h2o_ccpvdz,H$_2$O/cc-pVDZ,12920,11.391702601059706
h2o_ccpvdz,H$_2$O/cc-pVDZ,12930,11.096285589388799
h2o_ccpvdz,H$_2$O/cc-pVDZ,12940,11.093493697032386
h2o_ccpvdz,H$_2$O/cc-pVDZ,12950,12.030648876674377
h2o_ccpvdz,H$_2$O/cc-pVDZ,12960,12.284161611262334
h2o_ccpvdz,H$_2$O/cc-pVDZ,12970,11.61156738999125
h2o_ccpvdz,H$_2$O/cc-pVDZ,12980,12.459317626351663
h2o_ccpvdz,H$_2$O/cc-pVDZ,12990,11.640407032331268
h2o_ccpvdz,H$_2$O/cc-pVDZ,13000,11.160650108493542
h2o_ccpvdz,H$_2$O/cc-pVDZ,13010,11.641199487769427
h2o_ccpvdz,H$_2$O/cc-pVDZ,13020,14.710875704267323
h2o_ccpvdz,H$_2$O/cc-pVDZ,13030,12.152067293797586
h2o_ccpvdz,H$_2$O/cc-pVDZ,13040,11.692923633844998
h2o_ccpvdz,H$_2$O/cc-pVDZ,13050,11.323899945836047
h2o_ccpvdz,H$_2$O/cc-pVDZ,13060,11.97341484849801
h2o_ccpvdz,H$_2$O/cc-pVDZ,13070,11.391816870272464
h2o_ccpvdz,H$_2$O/cc-pVDZ,13080,11.025532192405763
h2o_ccpvdz,H$_2$O/cc-pVDZ,13090,11.103348764336829
h2o_ccpvdz,H$_2$O/cc-pVDZ,13100,12.332625033693034
h2o_ccpvdz,H$_2$O/cc-pVDZ,13110,12.357560837244819
h2o_ccpvdz,H$_2$O/cc-pVDZ,13120,12.202652491239974
h2o_ccpvdz,H$_2$O/cc-pVDZ,13130,11.263349456740457
h2o_ccpvdz,H$_2$O/cc-pVDZ,13140,11.621724194611716
h2o_ccpvdz,H$_2$O/cc-pVDZ,13150,11.32389488614649
h2o_ccpvdz,H$_2$O/cc-pVDZ,13160,11.424449688306026
h2o_ccpvdz,H$_2$O/cc-pVDZ,13170,11.148724471738092
h2o_ccpvdz,H$_2$O/cc-pVDZ,13180,11.45419272167203
h2o_ccpvdz,H$_2$O/cc-pVDZ,13190,13.152782151678366
h2o_ccpvdz,H$_2$O/cc-pVDZ,13200,11.503941952810237
h2o_ccpvdz,H$_2$O/cc-pVDZ,13210,11.223840488156611
h2o_ccpvdz,H$_2$O/cc-pVDZ,13220,11.044950221972272
h2o_ccpvdz,H$_2$O/cc-pVDZ,13230,11.01567623690869
h2o_ccpvdz,H$_2$O/cc-pVDZ,13240,11.98800610504236
h2o_ccpvdz,H$_2$O/cc-pVDZ,13250,11.256430427323494
h2o_ccpvdz,H$_2$O/cc-pVDZ,13260,12.070595886626734
h2o_ccpvdz,H$_2$O/cc-pVDZ,13270,11.158373586383163
h2o_ccpvdz,H$_2$O/cc-pVDZ,13280,11.069128477046775
h2o_ccpvdz,H$_2$O/cc-pVDZ,13290,11.526593386790296
h2o_ccpvdz,H$_2$O/cc-pVDZ,13300,12.787911127986717
h2o_ccpvdz,H$_2$O/cc-pVDZ,13310,12.095063797531225
h2o_ccpvdz,H$_2$O/cc-pVDZ,13320,11.5094229810353
h2o_ccpvdz,H$_2$O/cc-pVDZ,13330,11.135616899167644
h2o_ccpvdz,H$_2$O/cc-pVDZ,13340,10.964473249643447
h2o_ccpvdz,H$_2$O/cc-pVDZ,13350,12.299847556221266
h2o_ccpvdz,H$_2$O/cc-pVDZ,13360,11.531394151759855
h2o_ccpvdz,H$_2$O/cc-pVDZ,13370,10.946116924074545
h2o_ccpvdz,H$_2$O/cc-pVDZ,13380,10.946577560702053
h2o_ccpvdz,H$_2$O/cc-pVDZ,13390,12.209187201136729
h2o_ccpvdz,H$_2$O/cc-pVDZ,13400,11.238421341388971
h2o_ccpvdz,H$_2$O/cc-pVDZ,13410,11.481087765929487
h2o_ccpvdz,H$_2$O/cc-pVDZ,13420,11.491737205176378
h2o_ccpvdz,H$_2$O/cc-pVDZ,13430,12.71897368164332
h2o_ccpvdz,H$_2$O/cc-pVDZ,13440,11.344274393024989
h2o_ccpvdz,H$_2$O/cc-pVDZ,13450,11.01706967399707
h2o_ccpvdz,H$_2$O/cc-pVDZ,13460,11.10249273460795
h2o_ccpvdz,H$_2$O/cc-pVDZ,13470,11.133686722999414
h2o_ccpvdz,H$_2$O/cc-pVDZ,13480,11.12479501395569
h2o_ccpvdz,H$_2$O/cc-pVDZ,13490,12.784732471942561
h2o_ccpvdz,H$_2$O/cc-pVDZ,13500,11.540931524521625
h2o_ccpvdz,H$_2$O/cc-pVDZ,13510,10.953582284457752
h2o_ccpvdz,H$_2$O/cc-pVDZ,13520,11.189821261140764
h2o_ccpvdz,H$_2$O/cc-pVDZ,13530,11.088748428647932
h2o_ccpvdz,H$_2$O/cc-pVDZ,13540,11.232815867501245
h2o_ccpvdz,H$_2$O/cc-pVDZ,13550,12.979557477223125
h2o_ccpvdz,H$_2$O/cc-pVDZ,13560,12.654271903329573
h2o_ccpvdz,H$_2$O/cc-pVDZ,13570,11.474565461938369
h2o_ccpvdz,H$_2$O/cc-pVDZ,13580,10.890051562853387
h2o_ccpvdz,H$_2$O/cc-pVDZ,13590,11.071550881084136
h2o_ccpvdz,H$_2$O/cc-pVDZ,13600,10.776939185106471
h2o_ccpvdz,H$_2$O/cc-pVDZ,13610,10.793735209205124
h2o_ccpvdz,H$_2$O/cc-pVDZ,13620,11.056577348753649
h2o_ccpvdz,H$_2$O/cc-pVDZ,13630,12.61197878157816
h2o_ccpvdz,H$_2$O/cc-pVDZ,13640,11.286584595964655
h2o_ccpvdz,H$_2$O/cc-pVDZ,13650,10.93436239240475
h2o_ccpvdz,H$_2$O/cc-pVDZ,13660,10.69331250081973
h2o_ccpvdz,H$_2$O/cc-pVDZ,13670,12.060589770641172
h2o_ccpvdz,H$_2$O/cc-pVDZ,13680,11.613527107655841
h2o_ccpvdz,H$_2$O/cc-pVDZ,13690,12.89699109999276
h2o_ccpvdz,H$_2$O/cc-pVDZ,13700,11.632335667783877
h2o_ccpvdz,H$_2$O/cc-pVDZ,13710,11.901313847658912
h2o_ccpvdz,H$_2$O/cc-pVDZ,13720,11.195963869980119
h2o_ccpvdz,H$_2$O/cc-pVDZ,13730,10.785819935634322
h2o_ccpvdz,H$_2$O/cc-pVDZ,13740,11.897279260765004
h2o_ccpvdz,H$_2$O/cc-pVDZ,13750,10.936034219497515
h2o_ccpvdz,H$_2$O/cc-pVDZ,13760,11.98857643417739
h2o_ccpvdz,H$_2$O/cc-pVDZ,13770,10.87011291569695
h2o_ccpvdz,H$_2$O/cc-pVDZ,13780,11.009161999922412
h2o_ccpvdz,H$_2$O/cc-pVDZ,13790,12.228839490759924
h2o_ccpvdz,H$_2$O/cc-pVDZ,13800,11.42118872580511
h2o_ccpvdz,H$_2$O/cc-pVDZ,13810,12.088162580027983
h2o_ccpvdz,H$_2$O/cc-pVDZ,13820,10.991509689617374
h2o_ccpvdz,H$_2$O/cc-pVDZ,13830,10.735594750372002
h2o_ccpvdz,H$_2$O/cc-pVDZ,13840,12.41204945864638
h2o_ccpvdz,H$_2$O/cc-pVDZ,13850,11.103335809607984
h2o_ccpvdz,H$_2$O/cc-pVDZ,13860,10.865992855130457
h2o_ccpvdz,H$_2$O/cc-pVDZ,13870,11.368280164361977
h2o_ccpvdz,H$_2$O/cc-pVDZ,13880,10.78890094457563
h2o_ccpvdz,H$_2$O/cc-pVDZ,13890,11.0337052206404
h2o_ccpvdz,H$_2$O/cc-pVDZ,13900,12.663169530739538
h2o_ccpvdz,H$_2$O/cc-pVDZ,13910,11.78020493331644
h2o_ccpvdz,H$_2$O/cc-pVDZ,13920,11.332654365219241
h2o_ccpvdz,H$_2$O/cc-pVDZ,13930,10.741223274848721
h2o_ccpvdz,H$_2$O/cc-pVDZ,13940,11.037696621727378
h2o_ccpvdz,H$_2$O/cc-pVDZ,13950,11.598131435164305
h2o_ccpvdz,H$_2$O/cc-pVDZ,13960,11.201873243109617
h2o_ccpvdz,H$_2$O/cc-pVDZ,13970,10.862759628025742
h2o_ccpvdz,H$_2$O/cc-pVDZ,13980,10.94763458603154
h2o_ccpvdz,H$_2$O/cc-pVDZ,13990,11.795470855460621
h2o_ccpvdz,H$_2$O/cc-pVDZ,14000,11.125906721161982
h2o_ccpvdz,H$_2$O/cc-pVDZ,14010,11.317857791667052
h2o_ccpvdz,H$_2$O/cc-pVDZ,14020,10.858803016517982
h2o_ccpvdz,H$_2$O/cc-pVDZ,14030,11.670136276109133
h2o_ccpvdz,H$_2$O/cc-pVDZ,14040,11.924344000149745
h2o_ccpvdz,H$_2$O/cc-pVDZ,14050,10.926184900455382
h2o_ccpvdz,H$_2$O/cc-pVDZ,14060,11.124641124581558
h2o_ccpvdz,H$_2$O/cc-pVDZ,14070,10.741240774947869
h2o_ccpvdz,H$_2$O/cc-pVDZ,14080,11.348514374830643
h2o_ccpvdz,H$_2$O/cc-pVDZ,14090,12.330455315307631
h2o_ccpvdz,H$_2$O/cc-pVDZ,14100,11.676658854469224
h2o_ccpvdz,H$_2$O/cc-pVDZ,14110,11.566655408984161
h2o_ccpvdz,H$_2$O/cc-pVDZ,14120,11.284415865020492
h2o_ccpvdz,H$_2$O/cc-pVDZ,14130,11.373247151141186
h2o_ccpvdz,H$_2$O/cc-pVDZ,14140,10.865226248910176
h2o_ccpvdz,H$_2$O/cc-pVDZ,14150,10.785173593774289
h2o_ccpvdz,H$_2$O/cc-pVDZ,14160,11.065014873707923
h2o_ccpvdz,H$_2$O/cc-pVDZ,14170,11.583736810749201
h2o_ccpvdz,H$_2$O/cc-pVDZ,14180,11.116502223316616
h2o_ccpvdz,H$_2$O/cc-pVDZ,14190,10.785904783702449
h2o_ccpvdz,H$_2$O/cc-pVDZ,14200,12.048249216050522
h2o_ccpvdz,H$_2$O/cc-pVDZ,14210,10.997338845356808
h2o_ccpvdz,H$_2$O/cc-pVDZ,14220,10.907751017668943
h2o_ccpvdz,H$_2$O/cc-pVDZ,14230,10.893379397160174
h2o_ccpvdz,H$_2$O/cc-pVDZ,14240,11.329193724421316
h2o_ccpvdz,H$_2$O/cc-pVDZ,14250,10.833931687557197
h2o_ccpvdz,H$_2$O/cc-pVDZ,14260,11.020783041004734
h2o_ccpvdz,H$_2$O/cc-pVDZ,14270,11.484217438379574
h2o_ccpvdz,H$_2$O/cc-pVDZ,14280,13.735660661097882
h2o_ccpvdz,H$_2$O/cc-pVDZ,14290,11.282000985971763
h2o_ccpvdz,H$_2$O/cc-pVDZ,14300,10.934992768056873
h2o_ccpvdz,H$_2$O/cc-pVDZ,14310,12.252160034634585
h2o_ccpvdz,H$_2$O/cc-pVDZ,14320,10.985670251912438
h2o_ccpvdz,H$_2$O/cc-pVDZ,14330,10.628809006732354
h2o_ccpvdz,H$_2$O/cc-pVDZ,14340,10.536794735216404
h2o_ccpvdz,H$_2$O/cc-pVDZ,14350,10.514447131455995
h2o_ccpvdz,H$_2$O/cc-pVDZ,14360,12.54840098287957
h2o_ccpvdz,H$_2$O/cc-pVDZ,14370,12.17175290389605
h2o_ccpvdz,H$_2$O/cc-pVDZ,14380,10.98628633531007
h2o_ccpvdz,H$_2$O/cc-pVDZ,14390,10.73978433575462
h2o_ccpvdz,H$_2$O/cc-pVDZ,14400,10.924360743686634
h2o_ccpvdz,H$_2$O/cc-pVDZ,14410,10.841667555709478
h2o_ccpvdz,H$_2$O/cc-pVDZ,14420,10.830942023929424
h2o_ccpvdz,H$_2$O/cc-pVDZ,14430,11.216061309781367
h2o_ccpvdz,H$_2$O/cc-pVDZ,14440,10.97339666792152
h2o_ccpvdz,H$_2$O/cc-pVDZ,14450,12.210471477430929
h2o_ccpvdz,H$_2$O/cc-pVDZ,14460,11.268202888246037
h2o_ccpvdz,H$_2$O/cc-pVDZ,14470,11.121930149542436
h2o_ccpvdz,H$_2$O/cc-pVDZ,14480,10.708011732333489
h2o_ccpvdz,H$_2$O/cc-pVDZ,14490,10.661445931830826
h2o_ccpvdz,H$_2$O/cc-pVDZ,14500,10.699841522637143
h2o_ccpvdz,H$_2$O/cc-pVDZ,14510,10.822573366539245
h2o_ccpvdz,H$_2$O/cc-pVDZ,14520,10.838037573876136
h2o_ccpvdz,H$_2$O/cc-pVDZ,14530,11.92126236095703
h2o_ccpvdz,H$_2$O/cc-pVDZ,14540,11.155644876794213
h2o_ccpvdz,H$_2$O/cc-pVDZ,14550,10.76374937221658
h2o_ccpvdz,H$_2$O/cc-pVDZ,14560,10.639294870799176
h2o_ccpvdz,H$_2$O/cc-pVDZ,14570,12.208809108557261
h2o_ccpvdz,H$_2$O/cc-pVDZ,14580,10.700879718285705
h2o_ccpvdz,H$_2$O/cc-pVDZ,14590,10.459699402957767
h2o_ccpvdz,H$_2$O/cc-pVDZ,14600,10.740207891174691
h2o_ccpvdz,H$_2$O/cc-pVDZ,14610,13.094107798067967
h2o_ccpvdz,H$_2$O/cc-pVDZ,14620,11.550910252836388
h2o_ccpvdz,H$_2$O/cc-pVDZ,14630,10.779447738315184
h2o_ccpvdz,H$_2$O/cc-pVDZ,14640,10.738512522692645
h2o_ccpvdz,H$_2$O/cc-pVDZ,14650,11.119232413136615
h2o_ccpvdz,H$_2$O/cc-pVDZ,14660,10.952427324184555
h2o_ccpvdz,H$_2$O/cc-pVDZ,14670,11.955976640805943
h2o_ccpvdz,H$_2$O/cc-pVDZ,14680,10.97830600942018
h2o_ccpvdz,H$_2$O/cc-pVDZ,14690,11.43248102380312
h2o_ccpvdz,H$_2$O/cc-pVDZ,14700,10.617138323624431
h2o_ccpvdz,H$_2$O/cc-pVDZ,14710,10.848548193578722
h2o_ccpvdz,H$_2$O/cc-pVDZ,14720,10.543927338019898
h2o_ccpvdz,H$_2$O/cc-pVDZ,14730,10.797251896534021
h2o_ccpvdz,H$_2$O/cc-pVDZ,14740,12.994947944207524
h2o_ccpvdz,H$_2$O/cc-pVDZ,14750,11.46802891477705
h2o_ccpvdz,H$_2$O/cc-pVDZ,14760,10.638333688078205
h2o_ccpvdz,H$_2$O/cc-pVDZ,14770,10.966739408445392
h2o_ccpvdz,H$_2$O/cc-pVDZ,14780,10.824790022368802
h2o_ccpvdz,H$_2$O/cc-pVDZ,14790,10.798908975658605
h2o_ccpvdz,H$_2$O/cc-pVDZ,14800,11.91784762247039
h2o_ccpvdz,H$_2$O/cc-pVDZ,14810,10.905235815513947
h2o_ccpvdz,H$_2$O/cc-pVDZ,14820,10.753910265123068
h2o_ccpvdz,H$_2$O/cc-pVDZ,14830,12.181479064651057
h2o_ccpvdz,H$_2$O/cc-pVDZ,14840,10.681105559271487
h2o_ccpvdz,H$_2$O/cc-pVDZ,14850,10.576102867730697
h2o_ccpvdz,H$_2$O/cc-pVDZ,14860,10.968343557550497
h2o_ccpvdz,H$_2$O/cc-pVDZ,14870,11.305828882143487
h2o_ccpvdz,H$_2$O/cc-pVDZ,14880,11.799409463748134
h2o_ccpvdz,H$_2$O/cc-pVDZ,14890,10.885557194015405
h2o_ccpvdz,H$_2$O/cc-pVDZ,14900,10.53484472366506
h2o_ccpvdz,H$_2$O/cc-pVDZ,14910,10.850181145897864
h2o_ccpvdz,H$_2$O/cc-pVDZ,14920,10.923468967263261
h2o_ccpvdz,H$_2$O/cc-pVDZ,14930,10.728018720087107
h2o_ccpvdz,H$_2$O/cc-pVDZ,14940,11.642660985117459
h2o_ccpvdz,H$_2$O/cc-pVDZ,14950,10.889975518381334
h2o_ccpvdz,H$_2$O/cc-pVDZ,14960,11.224175204034736
h2o_ccpvdz,H$_2$O/cc-pVDZ,14970,12.124820561737693
h2o_ccpvdz,H$_2$O/cc-pVDZ,14980,10.72638083313393
h2o_ccpvdz,H$_2$O/cc-pVDZ,14990,11.409838018508367
h2o_ccpvdz,H$_2$O/cc-pVDZ,15000,10.652814135241329
h2o_ccpvdz,H$_2$O/cc-pVDZ,15010,11.334664539816686
h2o_ccpvdz,H$_2$O/cc-pVDZ,15020,10.641319856162568
h2o_ccpvdz,H$_2$O/cc-pVDZ,15030,11.416502822982011
h2o_ccpvdz,H$_2$O/cc-pVDZ,15040,10.865263331567121
h2o_ccpvdz,H$_2$O/cc-pVDZ,15050,11.356748995268617
h2o_ccpvdz,H$_2$O/cc-pVDZ,15060,10.644550495413796
h2o_ccpvdz,H$_2$O/cc-pVDZ,15070,11.011753650578271
h2o_ccpvdz,H$_2$O/cc-pVDZ,15080,11.079459676736292
h2o_ccpvdz,H$_2$O/cc-pVDZ,15090,10.896165652468426
h2o_ccpvdz,H$_2$O/cc-pVDZ,15100,10.866320021108322
h2o_ccpvdz,H$_2$O/cc-pVDZ,15110,11.202320823400669
h2o_ccpvdz,H$_2$O/cc-pVDZ,15120,11.18335352363431
h2o_ccpvdz,H$_2$O/cc-pVDZ,15130,11.183453281688571
h2o_ccpvdz,H$_2$O/cc-pVDZ,15140,10.510510295574704
h2o_ccpvdz,H$_2$O/cc-pVDZ,15150,10.990315128395878
h2o_ccpvdz,H$_2$O/cc-pVDZ,15160,10.808691581843277
h2o_ccpvdz,H$_2$O/cc-pVDZ,15170,11.36020583653874
h2o_ccpvdz,H$_2$O/cc-pVDZ,15180,10.871156687429107
h2o_ccpvdz,H$_2$O/cc-pVDZ,15190,10.43909989247993
h2o_ccpvdz,H$_2$O/cc-pVDZ,15200,10.655643233377532
h2o_ccpvdz,H$_2$O/cc-pVDZ,15210,11.536550969779569
h2o_ccpvdz,H$_2$O/cc-pVDZ,15220,10.636004838985968
h2o_ccpvdz,H$_2$O/cc-pVDZ,15230,10.51799601630421
h2o_ccpvdz,H$_2$O/cc-pVDZ,15240,10.617439834504694
h2o_ccpvdz,H$_2$O/cc-pVDZ,15250,10.429034659537706
h2o_ccpvdz,H$_2$O/cc-pVDZ,15260,11.189053646774028
h2o_ccpvdz,H$_2$O/cc-pVDZ,15270,11.011900912336614
h2o_ccpvdz,H$_2$O/cc-pVDZ,15280,10.40004697024699
h2o_ccpvdz,H$_2$O/cc-pVDZ,15290,11.936589514945695
h2o_ccpvdz,H$_2$O/cc-pVDZ,15300,11.14446382398171
h2o_ccpvdz,H$_2$O/cc-pVDZ,15310,11.536572700649117
h2o_ccpvdz,H$_2$O/cc-pVDZ,15320,10.778066585586998
h2o_ccpvdz,H$_2$O/cc-pVDZ,15330,10.4528115998761
h2o_ccpvdz,H$_2$O/cc-pVDZ,15340,11.208868870028255
h2o_ccpvdz,H$_2$O/cc-pVDZ,15350,10.59331812653852
h2o_ccpvdz,H$_2$O/cc-pVDZ,15360,11.239114997962929
h2o_ccpvdz,H$_2$O/cc-pVDZ,15370,10.832931228790699
h2o_ccpvdz,H$_2$O/cc-pVDZ,15380,10.995138824966944
h2o_ccpvdz,H$_2$O/cc-pVDZ,15390,10.648987326248971
h2o_ccpvdz,H$_2$O/cc-pVDZ,15400,10.495498508191758
h2o_ccpvdz,H$_2$O/cc-pVDZ,15410,11.1155518867605
h2o_ccpvdz,H$_2$O/cc-pVDZ,15420,10.408018927520857
h2o_ccpvdz,H$_2$O/cc-pVDZ,15430,11.000465495186518
h2o_ccpvdz,H$_2$O/cc-pVDZ,15440,10.860165741689798
h2o_ccpvdz,H$_2$O/cc-pVDZ,15450,10.821312069936084
h2o_ccpvdz,H$_2$O/cc-pVDZ,15460,10.819586824865723
h2o_ccpvdz,H$_2$O/cc-pVDZ,15470,10.784255116291774
h2o_ccpvdz,H$_2$O/cc-pVDZ,15480,10.508397524759516
h2o_ccpvdz,H$_2$O/cc-pVDZ,15490,10.875297565803521
h2o_ccpvdz,H$_2$O/cc-pVDZ,15500,10.690594590798241
h2o_ccpvdz,H$_2$O/cc-pVDZ,15510,10.888509807912783
h2o_ccpvdz,H$_2$O/cc-pVDZ,15520,10.642510440987962
h2o_ccpvdz,H$_2$O/cc-pVDZ,15530,10.836019278684716
h2o_ccpvdz,H$_2$O/cc-pVDZ,15540,10.389486088769218
h2o_ccpvdz,H$_2$O/cc-pVDZ,15550,11.541363544296246
h2o_ccpvdz,H$_2$O/cc-pVDZ,15560,10.618309731711406
h2o_ccpvdz,H$_2$O/cc-pVDZ,15570,10.73881848418523
h2o_ccpvdz,H$_2$O/cc-pVDZ,15580,11.193866599541025
h2o_ccpvdz,H$_2$O/cc-pVDZ,15590,10.918942757541572
h2o_ccpvdz,H$_2$O/cc-pVDZ,15600,10.727930301129618
h2o_ccpvdz,H$_2$O/cc-pVDZ,15610,10.604184612816425
h2o_ccpvdz,H$_2$O/cc-pVDZ,15620,10.818857404132132
h2o_ccpvdz,H$_2$O/cc-pVDZ,15630,10.311350423791055
h2o_ccpvdz,H$_2$O/cc-pVDZ,15640,10.723109331166825
h2o_ccpvdz,H$_2$O/cc-pVDZ,15650,11.300643115447428
h2o_ccpvdz,H$_2$O/cc-pVDZ,15660,10.953370541713525
h2o_ccpvdz,H$_2$O/cc-pVDZ,15670,10.619064396777844
h2o_ccpvdz,H$_2$O/cc-pVDZ,15680,10.850910587564044
h2o_ccpvdz,H$_2$O/cc-pVDZ,15690,10.662145551378899
h2o_ccpvdz,H$_2$O/cc-pVDZ,15700,10.291244664287547
h2o_ccpvdz,H$_2$O/cc-pVDZ,15710,10.592799714700618
h2o_ccpvdz,H$_2$O/cc-pVDZ,15720,10.982526389128111
h2o_ccpvdz,H$_2$O/cc-pVDZ,15730,10.812426264720898
h2o_ccpvdz,H$_2$O/cc-pVDZ,15740,10.269711858555297
h2o_ccpvdz,H$_2$O/cc-pVDZ,15750,10.999906053314135
h2o_ccpvdz,H$_2$O/cc-pVDZ,15760,10.605484826697875
h2o_ccpvdz,H$_2$O/cc-pVDZ,15770,10.447122603224557
h2o_ccpvdz,H$_2$O/cc-pVDZ,15780,10.300105226761502
h2o_ccpvdz,H$_2$O/cc-pVDZ,15790,12.771619387081046
h2o_ccpvdz,H$_2$O/cc-pVDZ,15800,11.094331823613857
h2o_ccpvdz,H$_2$O/cc-pVDZ,15810,10.8778831937002
h2o_ccpvdz,H$_2$O/cc-pVDZ,15820,10.593508081711889
h2o_ccpvdz,H$_2$O/cc-pVDZ,15830,10.594095642261436
h2o_ccpvdz,H$_2$O/cc-pVDZ,15840,10.48877395827219
h2o_ccpvdz,H$_2$O/cc-pVDZ,15850,10.38482947471664
h2o_ccpvdz,H$_2$O/cc-pVDZ,15860,10.65769871703992
h2o_ccpvdz,H$_2$O/cc-pVDZ,15870,11.616160393813857
h2o_ccpvdz,H$_2$O/cc-pVDZ,15880,10.863485428572517
h2o_ccpvdz,H$_2$O/cc-pVDZ,15890,10.457785435207256
h2o_ccpvdz,H$_2$O/cc-pVDZ,15900,11.382202917360473
h2o_ccpvdz,H$_2$O/cc-pVDZ,15910,10.888492777496594
h2o_ccpvdz,H$_2$O/cc-pVDZ,15920,10.387772652109106
h2o_ccpvdz,H$_2$O/cc-pVDZ,15930,10.39450898259986
h2o_ccpvdz,H$_2$O/cc-pVDZ,15940,10.801046516476731
h2o_ccpvdz,H$_2$O/cc-pVDZ,15950,11.03075866505776
h2o_ccpvdz,H$_2$O/cc-pVDZ,15960,10.423610954205742
h2o_ccpvdz,H$_2$O/cc-pVDZ,15970,10.144631119999303
h2o_ccpvdz,H$_2$O/cc-pVDZ,15980,11.979741311975545
h2o_ccpvdz,H$_2$O/cc-pVDZ,15990,11.094570565745698
h2o_ccpvdz,H$_2$O/cc-pVDZ,16000,10.504466611720886
h2o_ccpvdz,H$_2$O/cc-pVDZ,16010,11.00566899735611
h2o_ccpvdz,H$_2$O/cc-pVDZ,16020,10.662765861837897
h2o_ccpvdz,H$_2$O/cc-pVDZ,16030,10.395178479171818
h2o_ccpvdz,H$_2$O/cc-pVDZ,16040,10.429653369939729
h2o_ccpvdz,H$_2$O/cc-pVDZ,16050,11.289600537963906
h2o_ccpvdz,H$_2$O/cc-pVDZ,16060,11.098018441572322
h2o_ccpvdz,H$_2$O/cc-pVDZ,16070,10.510217728253224
h2o_ccpvdz,H$_2$O/cc-pVDZ,16080,10.525208822343757
h2o_ccpvdz,H$_2$O/cc-pVDZ,16090,10.61032281282337
h2o_ccpvdz,H$_2$O/cc-pVDZ,16100,11.308833639475324
h2o_ccpvdz,H$_2$O/cc-pVDZ,16110,11.271663027656587
h2o_ccpvdz,H$_2$O/cc-pVDZ,16120,10.28932073704425
h2o_ccpvdz,H$_2$O/cc-pVDZ,16130,10.316685830403571
h2o_ccpvdz,H$_2$O/cc-pVDZ,16140,10.516408219288564
h2o_ccpvdz,H$_2$O/cc-pVDZ,16150,10.744457053803558
h2o_ccpvdz,H$_2$O/cc-pVDZ,16160,10.471335284250927
h2o_ccpvdz,H$_2$O/cc-pVDZ,16170,10.43180182676906
h2o_ccpvdz,H$_2$O/cc-pVDZ,16180,10.200092015836049
h2o_ccpvdz,H$_2$O/cc-pVDZ,16190,10.268255268002235
h2o_ccpvdz,H$_2$O/cc-pVDZ,16200,10.886067349844097
h2o_ccpvdz,H$_2$O/cc-pVDZ,16210,10.744760900394112
h2o_ccpvdz,H$_2$O/cc-pVDZ,16220,10.60516090319652
h2o_ccpvdz,H$_2$O/cc-pVDZ,16230,10.407781191346999
h2o_ccpvdz,H$_2$O/cc-pVDZ,16240,11.802843927725348
h2o_ccpvdz,H$_2$O/cc-pVDZ,16250,10.812811839954861
h2o_ccpvdz,H$_2$O/cc-pVDZ,16260,10.403324350960474
h2o_ccpvdz,H$_2$O/cc-pVDZ,16270,10.503538449015082
h2o_ccpvdz,H$_2$O/cc-pVDZ,16280,11.461910222237748
h2o_ccpvdz,H$_2$O/cc-pVDZ,16290,10.53638174516891
h2o_ccpvdz,H$_2$O/cc-pVDZ,16300,10.493862849216384
h2o_ccpvdz,H$_2$O/cc-pVDZ,16310,10.626972981810923
h2o_ccpvdz,H$_2$O/cc-pVDZ,16320,10.688072277005745
h2o_ccpvdz,H$_2$O/cc-pVDZ,16330,10.327957942536159
h2o_ccpvdz,H$_2$O/cc-pVDZ,16340,10.662447039720746
h2o_ccpvdz,H$_2$O/cc-pVDZ,16350,10.41343168799358
h2o_ccpvdz,H$_2$O/cc-pVDZ,16360,10.449787128024468
h2o_ccpvdz,H$_2$O/cc-pVDZ,16370,10.367367624652957
h2o_ccpvdz,H$_2$O/cc-pVDZ,16380,11.098981903273852
h2o_ccpvdz,H$_2$O/cc-pVDZ,16390,11.381889824718883
h2o_ccpvdz,H$_2$O/cc-pVDZ,16400,10.39794099627045
h2o_ccpvdz,H$_2$O/cc-pVDZ,16410,10.319323473297004
h2o_ccpvdz,H$_2$O/cc-pVDZ,16420,10.397756432311667
h2o_ccpvdz,H$_2$O/cc-pVDZ,16430,10.1337210482626
h2o_ccpvdz,H$_2$O/cc-pVDZ,16440,10.364084447800792
h2o_ccpvdz,H$_2$O/cc-pVDZ,16450,10.573679800884861
h2o_ccpvdz,H$_2$O/cc-pVDZ,16460,11.89660853010821
h2o_ccpvdz,H$_2$O/cc-pVDZ,16470,11.080469243680113
h2o_ccpvdz,H$_2$O/cc-pVDZ,16480,10.366551148678127
h2o_ccpvdz,H$_2$O/cc-pVDZ,16490,10.459262930467617
h2o_ccpvdz,H$_2$O/cc-pVDZ,16500,10.602644365988567
h2o_ccpvdz,H$_2$O/cc-pVDZ,16510,10.326653922234641
h2o_ccpvdz,H$_2$O/cc-pVDZ,16520,10.64377572870967
h2o_ccpvdz,H$_2$O/cc-pVDZ,16530,10.361008932378013
h2o_ccpvdz,H$_2$O/cc-pVDZ,16540,10.292011302695414
h2o_ccpvdz,H$_2$O/cc-pVDZ,16550,10.93802789172571
h2o_ccpvdz,H$_2$O/cc-pVDZ,16560,10.510939072091219
h2o_ccpvdz,H$_2$O/cc-pVDZ,16570,10.129211645448777
h2o_ccpvdz,H$_2$O/cc-pVDZ,16580,10.737001470175755
h2o_ccpvdz,H$_2$O/cc-pVDZ,16590,11.373399280529384
h2o_ccpvdz,H$_2$O/cc-pVDZ,16600,10.921798736646338
h2o_ccpvdz,H$_2$O/cc-pVDZ,16610,11.109681655668169
h2o_ccpvdz,H$_2$O/cc-pVDZ,16620,10.50451122462448
h2o_ccpvdz,H$_2$O/cc-pVDZ,16630,10.224575535517033
h2o_ccpvdz,H$_2$O/cc-pVDZ,16640,10.102498530301318
h2o_ccpvdz,H$_2$O/cc-pVDZ,16650,11.312270487579212
h2o_ccpvdz,H$_2$O/cc-pVDZ,16660,12.220161208290392
h2o_ccpvdz,H$_2$O/cc-pVDZ,16670,10.754770965462512
h2o_ccpvdz,H$_2$O/cc-pVDZ,16680,10.225013350421364
h2o_ccpvdz,H$_2$O/cc-pVDZ,16690,10.273352324631446
h2o_ccpvdz,H$_2$O/cc-pVDZ,16700,10.495293951265694
h2o_ccpvdz,H$_2$O/cc-pVDZ,16710,10.39204374892222
h2o_ccpvdz,H$_2$O/cc-pVDZ,16720,11.670735729140347
h2o_ccpvdz,H$_2$O/cc-pVDZ,16730,10.522127324122721
h2o_ccpvdz,H$_2$O/cc-pVDZ,16740,10.311590466628218
h2o_ccpvdz,H$_2$O/cc-pVDZ,16750,10.70005262806717
h2o_ccpvdz,H$_2$O/cc-pVDZ,16760,10.049076320157724
h2o_ccpvdz,H$_2$O/cc-pVDZ,16770,10.154052001098535
h2o_ccpvdz,H$_2$O/cc-pVDZ,16780,10.889585832671855
h2o_ccpvdz,H$_2$O/cc-pVDZ,16790,10.324609367643234
h2o_ccpvdz,H$_2$O/cc-pVDZ,16800,10.38012901278762
h2o_ccpvdz,H$_2$O/cc-pVDZ,16810,10.041922905330125
h2o_ccpvdz,H$_2$O/cc-pVDZ,16820,10.421633474763325
h2o_ccpvdz,H$_2$O/cc-pVDZ,16830,10.33377769996946
h2o_ccpvdz,H$_2$O/cc-pVDZ,16840,10.49199839637538
h2o_ccpvdz,H$_2$O/cc-pVDZ,16850,12.221924394353323
h2o_ccpvdz,H$_2$O/cc-pVDZ,16860,11.69227698630948
h2o_ccpvdz,H$_2$O/cc-pVDZ,16870,10.392694210366926
h2o_ccpvdz,H$_2$O/cc-pVDZ,16880,10.577470681496948
h2o_ccpvdz,H$_2$O/cc-pVDZ,16890,10.446133372923327
h2o_ccpvdz,H$_2$O/cc-pVDZ,16900,10.141223043945047
h2o_ccpvdz,H$_2$O/cc-pVDZ,16910,10.547088109390756
h2o_ccpvdz,H$_2$O/cc-pVDZ,16920,10.32095086647189
h2o_ccpvdz,H$_2$O/cc-pVDZ,16930,10.093545838813611
h2o_ccpvdz,H$_2$O/cc-pVDZ,16940,10.087031254826684
h2o_ccpvdz,H$_2$O/cc-pVDZ,16950,12.189745577302347
h2o_ccpvdz,H$_2$O/cc-pVDZ,16960,10.85656489506448
h2o_ccpvdz,H$_2$O/cc-pVDZ,16970,10.317060595795624
h2o_ccpvdz,H$_2$O/cc-pVDZ,16980,10.411027222914981
h2o_ccpvdz,H$_2$O/cc-pVDZ,16990,10.827176814075301
h2o_ccpvdz,H$_2$O/cc-pVDZ,17000,10.164316449106536
h2o_ccpvdz,H$_2$O/cc-pVDZ,17010,10.307093472178508
h2o_ccpvdz,H$_2$O/cc-pVDZ,17020,10.801890974079242
h2o_ccpvdz,H$_2$O/cc-pVDZ,17030,10.239255355728005
h2o_ccpvdz,H$_2$O/cc-pVDZ,17040,10.579962441909174
h2o_ccpvdz,H$_2$O/cc-pVDZ,17050,10.116811689584893
h2o_ccpvdz,H$_2$O/cc-pVDZ,17060,10.114642823751296
h2o_ccpvdz,H$_2$O/cc-pVDZ,17070,9.999266552796371
h2o_ccpvdz,H$_2$O/cc-pVDZ,17080,11.615293311152186
h2o_ccpvdz,H$_2$O/cc-pVDZ,17090,10.525212973746534
h2o_ccpvdz,H$_2$O/cc-pVDZ,17100,10.427806836190712
h2o_ccpvdz,H$_2$O/cc-pVDZ,17110,10.886907985906191
h2o_ccpvdz,H$_2$O/cc-pVDZ,17120,10.219070862433455
h2o_ccpvdz,H$_2$O/cc-pVDZ,17130,10.091185318003681
h2o_ccpvdz,H$_2$O/cc-pVDZ,17140,10.568778592897843
h2o_ccpvdz,H$_2$O/cc-pVDZ,17150,10.238411192702301
h2o_ccpvdz,H$_2$O/cc-pVDZ,17160,10.13104074050375
h2o_ccpvdz,H$_2$O/cc-pVDZ,17170,10.825628644170138
h2o_ccpvdz,H$_2$O/cc-pVDZ,17180,11.091882986747237
h2o_ccpvdz,H$_2$O/cc-pVDZ,17190,10.471093282703237
h2o_ccpvdz,H$_2$O/cc-pVDZ,17200,9.94553983579749
h2o_ccpvdz,H$_2$O/cc-pVDZ,17210,10.475709443667824
h2o_ccpvdz,H$_2$O/cc-pVDZ,17220,10.333943681658297
h2o_ccpvdz,H$_2$O/cc-pVDZ,17230,10.390157820424406
h2o_ccpvdz,H$_2$O/cc-pVDZ,17240,11.684106567500407
h2o_ccpvdz,H$_2$O/cc-pVDZ,17250,10.900518636844936
h2o_ccpvdz,H$_2$O/cc-pVDZ,17260,10.24829060850152
h2o_ccpvdz,H$_2$O/cc-pVDZ,17270,10.191418058354884
h2o_ccpvdz,H$_2$O/cc-pVDZ,17280,10.778434182597607
h2o_ccpvdz,H$_2$O/cc-pVDZ,17290,10.337561972988851
h2o_ccpvdz,H$_2$O/cc-pVDZ,17300,10.037632084205939
h2o_ccpvdz,H$_2$O/cc-pVDZ,17310,10.769641997015356
h2o_ccpvdz,H$_2$O/cc-pVDZ,17320,11.137707437995914
h2o_ccpvdz,H$_2$O/cc-pVDZ,17330,10.045189031259838
h2o_ccpvdz,H$_2$O/cc-pVDZ,17340,12.06392362902875
h2o_ccpvdz,H$_2$O/cc-pVDZ,17350,10.399152042936066
h2o_ccpvdz,H$_2$O/cc-pVDZ,17360,10.336733128966102
h2o_ccpvdz,H$_2$O/cc-pVDZ,17370,10.230680804411918
h2o_ccpvdz,H$_2$O/cc-pVDZ,17380,9.981721112410469
h2o_ccpvdz,H$_2$O/cc-pVDZ,17390,11.492622170521827
h2o_ccpvdz,H$_2$O/cc-pVDZ,17400,10.596113702945331
h2o_ccpvdz,H$_2$O/cc-pVDZ,17410,10.473220397486216
h2o_ccpvdz,H$_2$O/cc-pVDZ,17420,10.315765209099936
h2o_ccpvdz,H$_2$O/cc-pVDZ,17430,10.078227329486822
h2o_ccpvdz,H$_2$O/cc-pVDZ,17440,10.273037966086918
h2o_ccpvdz,H$_2$O/cc-pVDZ,17450,10.388769371559192
h2o_ccpvdz,H$_2$O/cc-pVDZ,17460,10.312240146930662
h2o_ccpvdz,H$_2$O/cc-pVDZ,17470,10.80581592368901
h2o_ccpvdz,H$_2$O/cc-pVDZ,17480,11.144934821146535
h2o_ccpvdz,H$_2$O/cc-pVDZ,17490,10.398684023357418
h2o_ccpvdz,H$_2$O/cc-pVDZ,17500,10.497445173712094
h2o_ccpvdz,H$_2$O/cc-pVDZ,17510,10.080536943917195
h2o_ccpvdz,H$_2$O/cc-pVDZ,17520,10.308991472143703
h2o_ccpvdz,H$_2$O/cc-pVDZ,17530,10.25740825025423
h2o_ccpvdz,H$_2$O/cc-pVDZ,17540,10.420657412950618
h2o_ccpvdz,H$_2$O/cc-pVDZ,17550,10.307952781630547
h2o_ccpvdz,H$_2$O/cc-pVDZ,17560,12.288920431288375
h2o_ccpvdz,H$_2$O/cc-pVDZ,17570,11.0996873463165
h2o_ccpvdz,H$_2$O/cc-pVDZ,17580,10.42322252040151
h2o_ccpvdz,H$_2$O/cc-pVDZ,17590,9.984390135684862
h2o_ccpvdz,H$_2$O/cc-pVDZ,17600,10.142177742423542
h2o_ccpvdz,H$_2$O/cc-pVDZ,17610,10.024063094832059
h2o_ccpvdz,H$_2$O/cc-pVDZ,17620,10.655610471246746
h2o_ccpvdz,H$_2$O/cc-pVDZ,17630,10.212106463001192
h2o_ccpvdz,H$_2$O/cc-pVDZ,17640,10.017222195926934
h2o_ccpvdz,H$_2$O/cc-pVDZ,17650,10.920014727659577
h2o_ccpvdz,H$_2$O/cc-pVDZ,17660,10.842396303033297
h2o_ccpvdz,H$_2$O/cc-pVDZ,17670,10.449995080207941
h2o_ccpvdz,H$_2$O/cc-pVDZ,17680,10.191831713370902
h2o_ccpvdz,H$_2$O/cc-pVDZ,17690,9.959907752843833
h2o_ccpvdz,H$_2$O/cc-pVDZ,17700,10.099081914020758
h2o_ccpvdz,H$_2$O/cc-pVDZ,17710,10.021230591092944
h2o_ccpvdz,H$_2$O/cc-pVDZ,17720,10.340911982225975
h2o_ccpvdz,H$_2$O/cc-pVDZ,17730,10.773354891796316
h2o_ccpvdz,H$_2$O/cc-pVDZ,17740,10.294012442116696
h2o_ccpvdz,H$_2$O/cc-pVDZ,17750,9.86293071875366
h2o_ccpvdz,H$_2$O/cc-pVDZ,17760,10.557249086531328
h2o_ccpvdz,H$_2$O/cc-pVDZ,17770,10.211251014581535
h2o_ccpvdz,H$_2$O/cc-pVDZ,17780,10.045533711590338
h2o_ccpvdz,H$_2$O/cc-pVDZ,17790,10.40428796004278
h2o_ccpvdz,H$_2$O/cc-pVDZ,17800,10.137375969080153
h2o_ccpvdz,H$_2$O/cc-pVDZ,17810,10.718762483747923
h2o_ccpvdz,H$_2$O/cc-pVDZ,17820,10.123186126108408
h2o_ccpvdz,H$_2$O/cc-pVDZ,17830,10.290886752329698
h2o_ccpvdz,H$_2$O/cc-pVDZ,17840,10.283276097496241
h2o_ccpvdz,H$_2$O/cc-pVDZ,17850,9.916298824521164
h2o_ccpvdz,H$_2$O/cc-pVDZ,17860,10.197828758094829
h2o_ccpvdz,H$_2$O/cc-pVDZ,17870,10.30213925682233
h2o_ccpvdz,H$_2$O/cc-pVDZ,17880,10.31860429954179
h2o_ccpvdz,H$_2$O/cc-pVDZ,17890,10.755814706314482
h2o_ccpvdz,H$_2$O/cc-pVDZ,17900,9.922166675721655
h2o_ccpvdz,H$_2$O/cc-pVDZ,17910,10.015927652460732
h2o_ccpvdz,H$_2$O/cc-pVDZ,17920,9.9589665883002
h2o_ccpvdz,H$_2$O/cc-pVDZ,17930,11.145190752458234
h2o_ccpvdz,H$_2$O/cc-pVDZ,17940,10.26359662773757
h2o_ccpvdz,H$_2$O/cc-pVDZ,17950,9.907875986073122
h2o_ccpvdz,H$_2$O/cc-pVDZ,17960,10.450849644371374
h2o_ccpvdz,H$_2$O/cc-pVDZ,17970,11.065261182039876
h2o_ccpvdz,H$_2$O/cc-pVDZ,17980,10.602899730713489
h2o_ccpvdz,H$_2$O/cc-pVDZ,17990,10.2158284189926
h2o_ccpvdz,H$_2$O/cc-pVDZ,18000,9.967377948882472
h2o_ccpvdz,H$_2$O/cc-pVDZ,18010,9.886523449836204
h2o_ccpvdz,H$_2$O/cc-pVDZ,18020,9.976007493648353
h2o_ccpvdz,H$_2$O/cc-pVDZ,18030,10.632274419023702
h2o_ccpvdz,H$_2$O/cc-pVDZ,18040,10.06888314472576
h2o_ccpvdz,H$_2$O/cc-pVDZ,18050,11.328353667607871
h2o_ccpvdz,H$_2$O/cc-pVDZ,18060,10.785311275952836
h2o_ccpvdz,H$_2$O/cc-pVDZ,18070,10.425783137478106
h2o_ccpvdz,H$_2$O/cc-pVDZ,18080,10.396528233044933
h2o_ccpvdz,H$_2$O/cc-pVDZ,18090,9.867119600770025
h2o_ccpvdz,H$_2$O/cc-pVDZ,18100,10.035820209282065
h2o_ccpvdz,H$_2$O/cc-pVDZ,18110,10.102576138237396
h2o_ccpvdz,H$_2$O/cc-pVDZ,18120,11.416567040953396
h2o_ccpvdz,H$_2$O/cc-pVDZ,18130,10.04099807688874
h2o_ccpvdz,H$_2$O/cc-pVDZ,18140,9.92998577146409
h2o_ccpvdz,H$_2$O/cc-pVDZ,18150,10.194941930819823
h2o_ccpvdz,H$_2$O/cc-pVDZ,18160,10.229302345351243
h2o_ccpvdz,H$_2$O/cc-pVDZ,18170,9.84549470554441
h2o_ccpvdz,H$_2$O/cc-pVDZ,18180,10.424692828976845
h2o_ccpvdz,H$_2$O/cc-pVDZ,18190,10.653660110648389
h2o_ccpvdz,H$_2$O/cc-pVDZ,18200,10.410671992516995
h2o_ccpvdz,H$_2$O/cc-pVDZ,18210,10.371813841985045
h2o_ccpvdz,H$_2$O/cc-pVDZ,18220,10.017369680653587
h2o_ccpvdz,H$_2$O/cc-pVDZ,18230,10.019167307248722
h2o_ccpvdz,H$_2$O/cc-pVDZ,18240,9.963757988984412
h2o_ccpvdz,H$_2$O/cc-pVDZ,18250,10.565965063307203
h2o_ccpvdz,H$_2$O/cc-pVDZ,18260,10.381963331397515
h2o_ccpvdz,H$_2$O/cc-pVDZ,18270,11.685626090368828
h2o_ccpvdz,H$_2$O/cc-pVDZ,18280,10.585507953038586
h2o_ccpvdz,H$_2$O/cc-pVDZ,18290,10.136561791043164
h2o_ccpvdz,H$_2$O/cc-pVDZ,18300,10.672627038502469
h2o_ccpvdz,H$_2$O/cc-pVDZ,18310,9.994140520944939
h2o_ccpvdz,H$_2$O/cc-pVDZ,18320,9.972211474476467
h2o_ccpvdz,H$_2$O/cc-pVDZ,18330,10.001462625098156
h2o_ccpvdz,H$_2$O/cc-pVDZ,18340,9.90204418876317
h2o_ccpvdz,H$_2$O/cc-pVDZ,18350,9.93063026193397
h2o_ccpvdz,H$_2$O/cc-pVDZ,18360,9.90967653629582
h2o_ccpvdz,H$_2$O/cc-pVDZ,18370,10.682989905021145
h2o_ccpvdz,H$_2$O/cc-pVDZ,18380,10.94474603601725
h2o_ccpvdz,H$_2$O/cc-pVDZ,18390,10.812931121321867
h2o_ccpvdz,H$_2$O/cc-pVDZ,18400,10.20040479808415
h2o_ccpvdz,H$_2$O/cc-pVDZ,18410,9.886409586798095
h2o_ccpvdz,H$_2$O/cc-pVDZ,18420,9.659113372734396
h2o_ccpvdz,H$_2$O/cc-pVDZ,18430,11.468958979236277
h2o_ccpvdz,H$_2$O/cc-pVDZ,18440,10.668050893258396
h2o_ccpvdz,H$_2$O/cc-pVDZ,18450,9.930695812485624
h2o_ccpvdz,H$_2$O/cc-pVDZ,18460,11.405898027234684
h2o_ccpvdz,H$_2$O/cc-pVDZ,18470,10.198731278833861
h2o_ccpvdz,H$_2$O/cc-pVDZ,18480,9.767136284551725
h2o_ccpvdz,H$_2$O/cc-pVDZ,18490,9.945324274639233
h2o_ccpvdz,H$_2$O/cc-pVDZ,18500,10.065102877263143
h2o_ccpvdz,H$_2$O/cc-pVDZ,18510,9.770792027495645
h2o_ccpvdz,H$_2$O/cc-pVDZ,18520,10.185458535730163
h2o_ccpvdz,H$_2$O/cc-pVDZ,18530,10.490305915595854
h2o_ccpvdz,H$_2$O/cc-pVDZ,18540,9.978500737531704
h2o_ccpvdz,H$_2$O/cc-pVDZ,18550,10.1769040550721
h2o_ccpvdz,H$_2$O/cc-pVDZ,18560,10.0549715277225
h2o_ccpvdz,H$_2$O/cc-pVDZ,18570,10.103584452352266
h2o_ccpvdz,H$_2$O/cc-pVDZ,18580,10.544835354863835
h2o_ccpvdz,H$_2$O/cc-pVDZ,18590,11.461992142670852
h2o_ccpvdz,H$_2$O/cc-pVDZ,18600,10.493329452756939
h2o_ccpvdz,H$_2$O/cc-pVDZ,18610,10.000173758214714
h2o_ccpvdz,H$_2$O/cc-pVDZ,18620,9.893693092450917
h2o_ccpvdz,H$_2$O/cc-pVDZ,18630,10.321935864340048
h2o_ccpvdz,H$_2$O/cc-pVDZ,18640,9.890585581118216
h2o_ccpvdz,H$_2$O/cc-pVDZ,18650,10.492915961791027
h2o_ccpvdz,H$_2$O/cc-pVDZ,18660,9.749654609535696
h2o_ccpvdz,H$_2$O/cc-pVDZ,18670,9.871472570694095
h2o_ccpvdz,H$_2$O/cc-pVDZ,18680,10.093579788687634
h2o_ccpvdz,H$_2$O/cc-pVDZ,18690,11.596408768184574
h2o_ccpvdz,H$_2$O/cc-pVDZ,18700,10.385517875164396
h2o_ccpvdz,H$_2$O/cc-pVDZ,18710,10.277388442844426
h2o_ccpvdz,H$_2$O/cc-pVDZ,18720,10.022255870779873
h2o_ccpvdz,H$_2$O/cc-pVDZ,18730,9.944062784327912
h2o_ccpvdz,H$_2$O/cc-pVDZ,18740,10.475972982376902
h2o_ccpvdz,H$_2$O/cc-pVDZ,18750,10.047535590800294
h2o_ccpvdz,H$_2$O/cc-pVDZ,18760,9.881160000347222
h2o_ccpvdz,H$_2$O/cc-pVDZ,18770,9.88833543003409
h2o_ccpvdz,H$_2$O/cc-pVDZ,18780,10.10590687894819
h2o_ccpvdz,H$_2$O/cc-pVDZ,18790,9.94003637124763
h2o_ccpvdz,H$_2$O/cc-pVDZ,18800,9.915960669303558
h2o_ccpvdz,H$_2$O/cc-pVDZ,18810,10.068235301247341
h2o_ccpvdz,H$_2$O/cc-pVDZ,18820,10.1543998555087
h2o_ccpvdz,H$_2$O/cc-pVDZ,18830,10.029092318262656
h2o_ccpvdz,H$_2$O/cc-pVDZ,18840,10.689874467630034
h2o_ccpvdz,H$_2$O/cc-pVDZ,18850,10.101062783590464
h2o_ccpvdz,H$_2$O/cc-pVDZ,18860,9.841471941598456
h2o_ccpvdz,H$_2$O/cc-pVDZ,18870,9.942453465484391
h2o_ccpvdz,H$_2$O/cc-pVDZ,18880,10.557121504348288
h2o_ccpvdz,H$_2$O/cc-pVDZ,18890,10.301990202520983
h2o_ccpvdz,H$_2$O/cc-pVDZ,18900,9.938430797177489
h2o_ccpvdz,H$_2$O/cc-pVDZ,18910,10.021931832213227
h2o_ccpvdz,H$_2$O/cc-pVDZ,18920,10.225402530522842
h2o_ccpvdz,H$_2$O/cc-pVDZ,18930,9.894369542777781
h2o_ccpvdz,H$_2$O/cc-pVDZ,18940,10.583970562919376
h2o_ccpvdz,H$_2$O/cc-pVDZ,18950,10.300051988821224
h2o_ccpvdz,H$_2$O/cc-pVDZ,18960,10.164323327600755
h2o_ccpvdz,H$_2$O/cc-pVDZ,18970,9.788687523027306
h2o_ccpvdz,H$_2$O/cc-pVDZ,18980,10.395127358194145
h2o_ccpvdz,H$_2$O/cc-pVDZ,18990,9.905388436408202
h2o_ccpvdz,H$_2$O/cc-pVDZ,19000,9.842796810914933
h2o_ccpvdz,H$_2$O/cc-pVDZ,19010,10.608187809694414
h2o_ccpvdz,H$_2$O/cc-pVDZ,19020,9.980881215923887
h2o_ccpvdz,H$_2$O/cc-pVDZ,19030,10.015156431251171
h2o_ccpvdz,H$_2$O/cc-pVDZ,19040,10.34691736190041
h2o_ccpvdz,H$_2$O/cc-pVDZ,19050,10.489608913644588
h2o_ccpvdz,H$_2$O/cc-pVDZ,19060,10.030367974451337
h2o_ccpvdz,H$_2$O/cc-pVDZ,19070,9.748603939939926
h2o_ccpvdz,H$_2$O/cc-pVDZ,19080,10.104232463945095
h2o_ccpvdz,H$_2$O/cc-pVDZ,19090,9.989062495094458
h2o_ccpvdz,H$_2$O/cc-pVDZ,19100,9.63588509792146
h2o_ccpvdz,H$_2$O/cc-pVDZ,19110,11.15388124777894
h2o_ccpvdz,H$_2$O/cc-pVDZ,19120,10.519575107181822
h2o_ccpvdz,H$_2$O/cc-pVDZ,19130,9.678230541837252
h2o_ccpvdz,H$_2$O/cc-pVDZ,19140,10.297397833610944
h2o_ccpvdz,H$_2$O/cc-pVDZ,19150,9.953258125435127
h2o_ccpvdz,H$_2$O/cc-pVDZ,19160,9.817860413747326
h2o_ccpvdz,H$_2$O/cc-pVDZ,19170,9.638518046060085
h2o_ccpvdz,H$_2$O/cc-pVDZ,19180,11.352916534875135
h2o_ccpvdz,H$_2$O/cc-pVDZ,19190,9.711157956232341
h2o_ccpvdz,H$_2$O/cc-pVDZ,19200,9.89427923734354
h2o_ccpvdz,H$_2$O/cc-pVDZ,19210,9.686336602740653
h2o_ccpvdz,H$_2$O/cc-pVDZ,19220,10.789366336098283
h2o_ccpvdz,H$_2$O/cc-pVDZ,19230,10.34590781378597
h2o_ccpvdz,H$_2$O/cc-pVDZ,19240,10.332606739922312
h2o_ccpvdz,H$_2$O/cc-pVDZ,19250,9.938532721434967
h2o_ccpvdz,H$_2$O/cc-pVDZ,19260,10.28929765092812
h2o_ccpvdz,H$_2$O/cc-pVDZ,19270,9.778638031804121
h2o_ccpvdz,H$_2$O/cc-pVDZ,19280,9.594730267281193
h2o_ccpvdz,H$_2$O/cc-pVDZ,19290,11.460573823370623
h2o_ccpvdz,H$_2$O/cc-pVDZ,19300,10.408047442439283
h2o_ccpvdz,H$_2$O/cc-pVDZ,19310,9.956749940130294
h2o_ccpvdz,H$_2$O/cc-pVDZ,19320,10.348286094327364
h2o_ccpvdz,H$_2$O/cc-pVDZ,19330,9.783921682029018
h2o_ccpvdz,H$_2$O/cc-pVDZ,19340,10.55284820694169
h2o_ccpvdz,H$_2$O/cc-pVDZ,19350,10.192097930357136
h2o_ccpvdz,H$_2$O/cc-pVDZ,19360,10.23286512278787
h2o_ccpvdz,H$_2$O/cc-pVDZ,19370,10.183776143946943
h2o_ccpvdz,H$_2$O/cc-pVDZ,19380,10.044562490151066
h2o_ccpvdz,H$_2$O/cc-pVDZ,19390,9.722633849889917
h2o_ccpvdz,H$_2$O/cc-pVDZ,19400,9.968084180783876
h2o_ccpvdz,H$_2$O/cc-pVDZ,19410,10.294327063334663
h2o_ccpvdz,H$_2$O/cc-pVDZ,19420,9.774934111348443
h2o_ccpvdz,H$_2$O/cc-pVDZ,19430,10.40521386464377
h2o_ccpvdz,H$_2$O/cc-pVDZ,19440,9.901988618750579
h2o_ccpvdz,H$_2$O/cc-pVDZ,19450,9.64908037192913
h2o_ccpvdz,H$_2$O/cc-pVDZ,19460,10.081809409143716
h2o_ccpvdz,H$_2$O/cc-pVDZ,19470,10.311167848740865
h2o_ccpvdz,H$_2$O/cc-pVDZ,19480,9.74608759371165
h2o_ccpvdz,H$_2$O/cc-pVDZ,19490,10.261926783726949
h2o_ccpvdz,H$_2$O/cc-pVDZ,19500,10.043058304844976
h2o_ccpvdz,H$_2$O/cc-pVDZ,19510,9.888912739086209
h2o_ccpvdz,H$_2$O/cc-pVDZ,19520,9.764376746147718
h2o_ccpvdz,H$_2$O/cc-pVDZ,19530,10.16719100738328
h2o_ccpvdz,H$_2$O/cc-pVDZ,19540,9.900638364740644
h2o_ccpvdz,H$_2$O/cc-pVDZ,19550,9.935289103339073
h2o_ccpvdz,H$_2$O/cc-pVDZ,19560,11.659071133465204
h2o_ccpvdz,H$_2$O/cc-pVDZ,19570,17.79882615434758
h2o_ccpvdz,H$_2$O/cc-pVDZ,19580,13.21268077956006
h2o_ccpvdz,H$_2$O/cc-pVDZ,19590,11.615427186882243
h2o_ccpvdz,H$_2$O/cc-pVDZ,19600,11.050075503774792
h2o_ccpvdz,H$_2$O/cc-pVDZ,19610,10.720285780280392
h2o_ccpvdz,H$_2$O/cc-pVDZ,19620,10.25509886733289
h2o_ccpvdz,H$_2$O/cc-pVDZ,19630,10.049714754927663
h2o_ccpvdz,H$_2$O/cc-pVDZ,19640,10.362072220942764
h2o_ccpvdz,H$_2$O/cc-pVDZ,19650,9.864988184219214
h2o_ccpvdz,H$_2$O/cc-pVDZ,19660,9.975926978356142
h2o_ccpvdz,H$_2$O/cc-pVDZ,19670,9.995483807628602
h2o_ccpvdz,H$_2$O/cc-pVDZ,19680,10.521759737954994
h2o_ccpvdz,H$_2$O/cc-pVDZ,19690,9.957754922353956
h2o_ccpvdz,H$_2$O/cc-pVDZ,19700,9.661665113370077
h2o_ccpvdz,H$_2$O/cc-pVDZ,19710,9.557527900142304
h2o_ccpvdz,H$_2$O/cc-pVDZ,19720,10.441662293885656
h2o_ccpvdz,H$_2$O/cc-pVDZ,19730,10.041600768232684
h2o_ccpvdz,H$_2$O/cc-pVDZ,19740,9.95778486111476
h2o_ccpvdz,H$_2$O/cc-pVDZ,19750,9.630215450954438
h2o_ccpvdz,H$_2$O/cc-pVDZ,19760,9.803634594774735
h2o_ccpvdz,H$_2$O/cc-pVDZ,19770,10.003574709386953
h2o_ccpvdz,H$_2$O/cc-pVDZ,19780,9.901416005433816
h2o_ccpvdz,H$_2$O/cc-pVDZ,19790,10.726841131557308
h2o_ccpvdz,H$_2$O/cc-pVDZ,19800,9.814167494653248
h2o_ccpvdz,H$_2$O/cc-pVDZ,19810,9.636789679220215
h2o_ccpvdz,H$_2$O/cc-pVDZ,19820,9.95347443122796
h2o_ccpvdz,H$_2$O/cc-pVDZ,19830,9.917302095985292
h2o_ccpvdz,H$_2$O/cc-pVDZ,19840,9.773943314371536
h2o_ccpvdz,H$_2$O/cc-pVDZ,19850,10.019089570974415
h2o_ccpvdz,H$_2$O/cc-pVDZ,19860,9.792684776755323
h2o_ccpvdz,H$_2$O/cc-pVDZ,19870,10.432308745905061
h2o_ccpvdz,H$_2$O/cc-pVDZ,19880,10.086927471860463
h2o_ccpvdz,H$_2$O/cc-pVDZ,19890,10.229975692794824
h2o_ccpvdz,H$_2$O/cc-pVDZ,19900,10.371601890014404
h2o_ccpvdz,H$_2$O/cc-pVDZ,19910,9.987216543350996
h2o_ccpvdz,H$_2$O/cc-pVDZ,19920,9.979983057917252
h2o_ccpvdz,H$_2$O/cc-pVDZ,19930,9.527503082452426
h2o_ccpvdz,H$_2$O/cc-pVDZ,19940,9.755360689169379
h2o_ccpvdz,H$_2$O/cc-pVDZ,19950,10.20045582855289
h2o_ccpvdz,H$_2$O/cc-pVDZ,19960,9.727501581025422
h2o_ccpvdz,H$_2$O/cc-pVDZ,19970,9.658228173123007
h2o_ccpvdz,H$_2$O/cc-pVDZ,19980,9.717854477713672
h2o_ccpvdz,H$_2$O/cc-pVDZ,19990,11.08424942236752
h2o_ccpvdz,H$_2$O/cc-pVDZ,20000,9.768764250921436
h2o_ccpvdz,H$_2$O/cc-pVDZ,20010,9.989097228952915
h2o_ccpvdz,H$_2$O/cc-pVDZ,20020,9.75799587415338
h2o_ccpvdz,H$_2$O/cc-pVDZ,20030,10.305470046418463
h2o_ccpvdz,H$_2$O/cc-pVDZ,20040,10.075417597221303
h2o_ccpvdz,H$_2$O/cc-pVDZ,20050,9.482843376275696
h2o_ccpvdz,H$_2$O/cc-pVDZ,20060,9.938651411331989
h2o_ccpvdz,H$_2$O/cc-pVDZ,20070,10.244318233532113
h2o_ccpvdz,H$_2$O/cc-pVDZ,20080,9.722728520983992
h2o_ccpvdz,H$_2$O/cc-pVDZ,20090,9.620884780730421
h2o_ccpvdz,H$_2$O/cc-pVDZ,20100,10.072929470254621
h2o_ccpvdz,H$_2$O/cc-pVDZ,20110,9.814530941127941
h2o_ccpvdz,H$_2$O/cc-pVDZ,20120,11.067647649795731
h2o_ccpvdz,H$_2$O/cc-pVDZ,20130,9.933737623981642
h2o_ccpvdz,H$_2$O/cc-pVDZ,20140,9.619805762980604
h2o_ccpvdz,H$_2$O/cc-pVDZ,20150,10.026884801078495
h2o_ccpvdz,H$_2$O/cc-pVDZ,20160,9.660678567499303
h2o_ccpvdz,H$_2$O/cc-pVDZ,20170,9.896029431033071
h2o_ccpvdz,H$_2$O/cc-pVDZ,20180,10.72272834264254
h2o_ccpvdz,H$_2$O/cc-pVDZ,20190,10.013353539207515
h2o_ccpvdz,H$_2$O/cc-pVDZ,20200,9.663625906114248
h2o_ccpvdz,H$_2$O/cc-pVDZ,20210,9.948391582824456
h2o_ccpvdz,H$_2$O/cc-pVDZ,20220,9.917762717861933
h2o_ccpvdz,H$_2$O/cc-pVDZ,20230,9.981503159863792
h2o_ccpvdz,H$_2$O/cc-pVDZ,20240,10.036246146540861
h2o_ccpvdz,H$_2$O/cc-pVDZ,20250,9.73968962657068
h2o_ccpvdz,H$_2$O/cc-pVDZ,20260,10.11944801125253
h2o_ccpvdz,H$_2$O/cc-pVDZ,20270,10.113486614443445
h2o_ccpvdz,H$_2$O/cc-pVDZ,20280,9.723554504276422
h2o_ccpvdz,H$_2$O/cc-pVDZ,20290,10.493957623836536
h2o_ccpvdz,H$_2$O/cc-pVDZ,20300,10.147710523327191
h2o_ccpvdz,H$_2$O/cc-pVDZ,20310,9.551747334270999
h2o_ccpvdz,H$_2$O/cc-pVDZ,20320,9.655654819312076
h2o_ccpvdz,H$_2$O/cc-pVDZ,20330,9.7397743142551
h2o_ccpvdz,H$_2$O/cc-pVDZ,20340,9.766476871249097
h2o_ccpvdz,H$_2$O/cc-pVDZ,20350,10.238019680841148
h2o_ccpvdz,H$_2$O/cc-pVDZ,20360,9.871007481081051
h2o_ccpvdz,H$_2$O/cc-pVDZ,20370,9.630192064747689
h2o_ccpvdz,H$_2$O/cc-pVDZ,20380,9.750911697423703
h2o_ccpvdz,H$_2$O/cc-pVDZ,20390,9.62673305826911
h2o_ccpvdz,H$_2$O/cc-pVDZ,20400,10.262976612409602
h2o_ccpvdz,H$_2$O/cc-pVDZ,20410,10.160892714225156
h2o_ccpvdz,H$_2$O/cc-pVDZ,20420,9.83275432776054
h2o_ccpvdz,H$_2$O/cc-pVDZ,20430,10.425566291246469
h2o_ccpvdz,H$_2$O/cc-pVDZ,20440,9.716325305532791
h2o_ccpvdz,H$_2$O/cc-pVDZ,20450,9.984910121190183
h2o_ccpvdz,H$_2$O/cc-pVDZ,20460,9.781102070604675
h2o_ccpvdz,H$_2$O/cc-pVDZ,20470,9.824731880172521
h2o_ccpvdz,H$_2$O/cc-pVDZ,20480,9.604097086082675
h2o_ccpvdz,H$_2$O/cc-pVDZ,20490,10.223774685087506
h2o_ccpvdz,H$_2$O/cc-pVDZ,20500,9.622381361239718
h2o_ccpvdz,H$_2$O/cc-pVDZ,20510,9.966747179234403
h2o_ccpvdz,H$_2$O/cc-pVDZ,20520,9.887014107675896
h2o_ccpvdz,H$_2$O/cc-pVDZ,20530,9.797716538230361
h2o_ccpvdz,H$_2$O/cc-pVDZ,20540,9.631376542003522
h2o_ccpvdz,H$_2$O/cc-pVDZ,20550,10.313675479139306
h2o_ccpvdz,H$_2$O/cc-pVDZ,20560,10.484216420337589
h2o_ccpvdz,H$_2$O/cc-pVDZ,20570,10.617346380527692
h2o_ccpvdz,H$_2$O/cc-pVDZ,20580,9.709323681221349
h2o_ccpvdz,H$_2$O/cc-pVDZ,20590,9.623197147192286
h2o_ccpvdz,H$_2$O/cc-pVDZ,20600,9.454926504531613
h2o_ccpvdz,H$_2$O/cc-pVDZ,20610,9.76502618897257
h2o_ccpvdz,H$_2$O/cc-pVDZ,20620,9.981588350427728
h2o_ccpvdz,H$_2$O/cc-pVDZ,20630,9.470950991016025
h2o_ccpvdz,H$_2$O/cc-pVDZ,20640,9.433778849711416
h2o_ccpvdz,H$_2$O/cc-pVDZ,20650,9.50399227154719
h2o_ccpvdz,H$_2$O/cc-pVDZ,20660,12.268036710551655
h2o_ccpvdz,H$_2$O/cc-pVDZ,20670,9.56818395913217
h2o_ccpvdz,H$_2$O/cc-pVDZ,20680,9.507141767258531
h2o_ccpvdz,H$_2$O/cc-pVDZ,20690,9.586716806055051
h2o_ccpvdz,H$_2$O/cc-pVDZ,20700,9.491794139236731
h2o_ccpvdz,H$_2$O/cc-pVDZ,20710,9.494634112101608
h2o_ccpvdz,H$_2$O/cc-pVDZ,20720,10.252531056238467
h2o_ccpvdz,H$_2$O/cc-pVDZ,20730,9.64844012386834
h2o_ccpvdz,H$_2$O/cc-pVDZ,20740,10.013830811544722
h2o_ccpvdz,H$_2$O/cc-pVDZ,20750,9.74430977925067
h2o_ccpvdz,H$_2$O/cc-pVDZ,20760,9.98434175475893
h2o_ccpvdz,H$_2$O/cc-pVDZ,20770,9.684283902885227
h2o_ccpvdz,H$_2$O/cc-pVDZ,20780,9.567133563635366
h2o_ccpvdz,H$_2$O/cc-pVDZ,20790,9.854327782818473
h2o_ccpvdz,H$_2$O/cc-pVDZ,20800,9.626341128566196
h2o_ccpvdz,H$_2$O/cc-pVDZ,20810,10.446018025987769
h2o_ccpvdz,H$_2$O/cc-pVDZ,20820,9.761447110903987
h2o_ccpvdz,H$_2$O/cc-pVDZ,20830,10.121606389461135
h2o_ccpvdz,H$_2$O/cc-pVDZ,20840,9.694393340282659
h2o_ccpvdz,H$_2$O/cc-pVDZ,20850,9.570606683482197
h2o_ccpvdz,H$_2$O/cc-pVDZ,20860,9.6212685981385
h2o_ccpvdz,H$_2$O/cc-pVDZ,20870,10.413843886098562
h2o_ccpvdz,H$_2$O/cc-pVDZ,20880,9.71403819282557
h2o_ccpvdz,H$_2$O/cc-pVDZ,20890,9.566672005206556
h2o_ccpvdz,H$_2$O/cc-pVDZ,20900,10.352845732882088
h2o_ccpvdz,H$_2$O/cc-pVDZ,20910,9.896505217980689
h2o_ccpvdz,H$_2$O/cc-pVDZ,20920,9.47649184578836
h2o_ccpvdz,H$_2$O/cc-pVDZ,20930,9.508661326648848
h2o_ccpvdz,H$_2$O/cc-pVDZ,20940,9.692312111042156
h2o_ccpvdz,H$_2$O/cc-pVDZ,20950,9.616349451164297
h2o_ccpvdz,H$_2$O/cc-pVDZ,20960,9.878330455677542
h2o_ccpvdz,H$_2$O/cc-pVDZ,20970,10.085982177045594
h2o_ccpvdz,H$_2$O/cc-pVDZ,20980,9.808749687252316
h2o_ccpvdz,H$_2$O/cc-pVDZ,20990,9.493854715131533
h2o_ccpvdz,H$_2$O/cc-pVDZ,21000,9.978840585588955
h2o_ccpvdz,H$_2$O/cc-pVDZ,21010,10.128396289999841
h2o_ccpvdz,H$_2$O/cc-pVDZ,21020,9.502397607136004
h2o_ccpvdz,H$_2$O/cc-pVDZ,21030,9.66764659952446
h2o_ccpvdz,H$_2$O/cc-pVDZ,21040,10.355563845863003
h2o_ccpvdz,H$_2$O/cc-pVDZ,21050,10.042185339202092
h2o_ccpvdz,H$_2$O/cc-pVDZ,21060,9.803875662100836
h2o_ccpvdz,H$_2$O/cc-pVDZ,21070,9.527834616591235
h2o_ccpvdz,H$_2$O/cc-pVDZ,21080,9.981591086244634
h2o_ccpvdz,H$_2$O/cc-pVDZ,21090,9.697750420542661
h2o_ccpvdz,H$_2$O/cc-pVDZ,21100,10.508002557472196
h2o_ccpvdz,H$_2$O/cc-pVDZ,21110,9.55564720580071
h2o_ccpvdz,H$_2$O/cc-pVDZ,21120,9.475710853706687
h2o_ccpvdz,H$_2$O/cc-pVDZ,21130,9.479839007042301
h2o_ccpvdz,H$_2$O/cc-pVDZ,21140,9.505001729209539
h2o_ccpvdz,H$_2$O/cc-pVDZ,21150,9.575408578911038
h2o_ccpvdz,H$_2$O/cc-pVDZ,21160,11.376669502070058
h2o_ccpvdz,H$_2$O/cc-pVDZ,21170,9.815914689397687
h2o_ccpvdz,H$_2$O/cc-pVDZ,21180,10.159025270041866
h2o_ccpvdz,H$_2$O/cc-pVDZ,21190,9.934628547028979
h2o_ccpvdz,H$_2$O/cc-pVDZ,21200,9.736857663654064
h2o_ccpvdz,H$_2$O/cc-pVDZ,21210,9.409075940908451
h2o_ccpvdz,H$_2$O/cc-pVDZ,21220,9.966504451625724
h2o_ccpvdz,H$_2$O/cc-pVDZ,21230,9.717771324915248
h2o_ccpvdz,H$_2$O/cc-pVDZ,21240,9.560624461499856
h2o_ccpvdz,H$_2$O/cc-pVDZ,21250,9.365121433134505
h2o_ccpvdz,H$_2$O/cc-pVDZ,21260,10.132210876548697
h2o_ccpvdz,H$_2$O/cc-pVDZ,21270,13.779523800863558
h2o_ccpvdz,H$_2$O/cc-pVDZ,21280,11.858944005524563
h2o_ccpvdz,H$_2$O/cc-pVDZ,21290,10.950602594746783
h2o_ccpvdz,H$_2$O/cc-pVDZ,21300,10.45376474738191
h2o_ccpvdz,H$_2$O/cc-pVDZ,21310,10.124313318286227
h2o_ccpvdz,H$_2$O/cc-pVDZ,21320,11.237232735240354
h2o_ccpvdz,H$_2$O/cc-pVDZ,21330,10.120918155863023
h2o_ccpvdz,H$_2$O/cc-pVDZ,21340,9.733988778791058
h2o_ccpvdz,H$_2$O/cc-pVDZ,21350,10.513720254110126
h2o_ccpvdz,H$_2$O/cc-pVDZ,21360,10.197057843910784
h2o_ccpvdz,H$_2$O/cc-pVDZ,21370,9.710953300896108
h2o_ccpvdz,H$_2$O/cc-pVDZ,21380,9.833301892086865
h2o_ccpvdz,H$_2$O/cc-pVDZ,21390,11.39128894774899
h2o_ccpvdz,H$_2$O/cc-pVDZ,21400,9.932829650182384
h2o_ccpvdz,H$_2$O/cc-pVDZ,21410,9.459983234066272
h2o_ccpvdz,H$_2$O/cc-pVDZ,21420,9.384382247716871
h2o_ccpvdz,H$_2$O/cc-pVDZ,21430,10.040047245425399
h2o_ccpvdz,H$_2$O/cc-pVDZ,21440,9.616770460269208
h2o_ccpvdz,H$_2$O/cc-pVDZ,21450,10.213983153889217
h2o_ccpvdz,H$_2$O/cc-pVDZ,21460,9.335270938464646
h2o_ccpvdz,H$_2$O/cc-pVDZ,21470,10.034396845966853
h2o_ccpvdz,H$_2$O/cc-pVDZ,21480,9.486303785408268
h2o_ccpvdz,H$_2$O/cc-pVDZ,21490,9.48357359595775
h2o_ccpvdz,H$_2$O/cc-pVDZ,21500,9.853736360753373
h2o_ccpvdz,H$_2$O/cc-pVDZ,21510,9.621755705310875
h2o_ccpvdz,H$_2$O/cc-pVDZ,21520,10.21400093208058
h2o_ccpvdz,H$_2$O/cc-pVDZ,21530,9.33928308509735
h2o_ccpvdz,H$_2$O/cc-pVDZ,21540,10.126065816123742
h2o_ccpvdz,H$_2$O/cc-pVDZ,21550,10.386582924553522
h2o_ccpvdz,H$_2$O/cc-pVDZ,21560,9.483526812104515
h2o_ccpvdz,H$_2$O/cc-pVDZ,21570,9.566856816036307
h2o_ccpvdz,H$_2$O/cc-pVDZ,21580,9.816276021268777
h2o_ccpvdz,H$_2$O/cc-pVDZ,21590,9.444740119391781
h2o_ccpvdz,H$_2$O/cc-pVDZ,21600,9.383702452410603
h2o_ccpvdz,H$_2$O/cc-pVDZ,21610,9.517825677065161
h2o_ccpvdz,H$_2$O/cc-pVDZ,21620,9.652284125195365
h2o_ccpvdz,H$_2$O/cc-pVDZ,21630,14.065333537800484
h2o_ccpvdz,H$_2$O/cc-pVDZ,21640,10.397505721527978
h2o_ccpvdz,H$_2$O/cc-pVDZ,21650,10.027036804629574
h2o_ccpvdz,H$_2$O/cc-pVDZ,21660,9.496434021556865
h2o_ccpvdz,H$_2$O/cc-pVDZ,21670,10.081814012920631
h2o_ccpvdz,H$_2$O/cc-pVDZ,21680,9.679382001323233
h2o_ccpvdz,H$_2$O/cc-pVDZ,21690,9.26779054157123
h2o_ccpvdz,H$_2$O/cc-pVDZ,21700,9.16241601109391
h2o_ccpvdz,H$_2$O/cc-pVDZ,21710,10.185984845719531
h2o_ccpvdz,H$_2$O/cc-pVDZ,21720,9.886001005369849
h2o_ccpvdz,H$_2$O/cc-pVDZ,21730,9.413187375329812
h2o_ccpvdz,H$_2$O/cc-pVDZ,21740,9.325131147349452
h2o_ccpvdz,H$_2$O/cc-pVDZ,21750,9.375561584974434
h2o_ccpvdz,H$_2$O/cc-pVDZ,21760,10.54761436860474
h2o_ccpvdz,H$_2$O/cc-pVDZ,21770,10.182134535867249
h2o_ccpvdz,H$_2$O/cc-pVDZ,21780,10.09372091451155
h2o_ccpvdz,H$_2$O/cc-pVDZ,21790,9.935805324275293
h2o_ccpvdz,H$_2$O/cc-pVDZ,21800,9.458560933083504
h2o_ccpvdz,H$_2$O/cc-pVDZ,21810,10.378617124246148
h2o_ccpvdz,H$_2$O/cc-pVDZ,21820,9.855057167129644
h2o_ccpvdz,H$_2$O/cc-pVDZ,21830,9.98298175112211
h2o_ccpvdz,H$_2$O/cc-pVDZ,21840,9.466158947731174
h2o_ccpvdz,H$_2$O/cc-pVDZ,21850,10.344637961765102
h2o_ccpvdz,H$_2$O/cc-pVDZ,21860,9.757024469280395
h2o_ccpvdz,H$_2$O/cc-pVDZ,21870,10.87043124931597
h2o_ccpvdz,H$_2$O/cc-pVDZ,21880,9.668312720535255
h2o_ccpvdz,H$_2$O/cc-pVDZ,21890,9.30693920355452
h2o_ccpvdz,H$_2$O/cc-pVDZ,21900,9.619337702261532
h2o_ccpvdz,H$_2$O/cc-pVDZ,21910,9.555066455590122
h2o_ccpvdz,H$_2$O/cc-pVDZ,21920,9.390102445848925
h2o_ccpvdz,H$_2$O/cc-pVDZ,21930,9.439662304089325
h2o_ccpvdz,H$_2$O/cc-pVDZ,21940,10.089238883381313
h2o_ccpvdz,H$_2$O/cc-pVDZ,21950,9.744021401033365
h2o_ccpvdz,H$_2$O/cc-pVDZ,21960,10.352214711318197
h2o_ccpvdz,H$_2$O/cc-pVDZ,21970,10.06801267642743
h2o_ccpvdz,H$_2$O/cc-pVDZ,21980,9.371718397645168
h2o_ccpvdz,H$_2$O/cc-pVDZ,21990,9.481054618490248
h2o_ccpvdz,H$_2$O/cc-pVDZ,22000,9.934562883586295
h2o_ccpvdz,H$_2$O/cc-pVDZ,22010,9.998767722152024
h2o_ccpvdz,H$_2$O/cc-pVDZ,22020,11.131088280990298
h2o_ccpvdz,H$_2$O/cc-pVDZ,22030,9.748602741794343
h2o_ccpvdz,H$_2$O/cc-pVDZ,22040,9.476759596140027
h2o_ccpvdz,H$_2$O/cc-pVDZ,22050,9.705354875180205
h2o_ccpvdz,H$_2$O/cc-pVDZ,22060,9.939573567734783
h2o_ccpvdz,H$_2$O/cc-pVDZ,22070,9.270746434438593
h2o_ccpvdz,H$_2$O/cc-pVDZ,22080,9.302263356389062
h2o_ccpvdz,H$_2$O/cc-pVDZ,22090,10.171148844193567
h2o_ccpvdz,H$_2$O/cc-pVDZ,22100,9.366999492741002
h2o_ccpvdz,H$_2$O/cc-pVDZ,22110,9.404470628410877
h2o_ccpvdz,H$_2$O/cc-pVDZ,22120,9.55806090289002
h2o_ccpvdz,H$_2$O/cc-pVDZ,22130,9.226625916681996
h2o_ccpvdz,H$_2$O/cc-pVDZ,22140,9.86637139976665
h2o_ccpvdz,H$_2$O/cc-pVDZ,22150,9.459002834432795
h2o_ccpvdz,H$_2$O/cc-pVDZ,22160,9.300629372830826
h2o_ccpvdz,H$_2$O/cc-pVDZ,22170,10.298490681975636
h2o_ccpvdz,H$_2$O/cc-pVDZ,22180,9.540407847183019
h2o_ccpvdz,H$_2$O/cc-pVDZ,22190,9.813976699177829
h2o_ccpvdz,H$_2$O/cc-pVDZ,22200,9.295970996205938
h2o_ccpvdz,H$_2$O/cc-pVDZ,22210,9.331476289574425
h2o_ccpvdz,H$_2$O/cc-pVDZ,22220,10.111991456383862
h2o_ccpvdz,H$_2$O/cc-pVDZ,22230,9.233032945672903
h2o_ccpvdz,H$_2$O/cc-pVDZ,22240,9.70283182617493
h2o_ccpvdz,H$_2$O/cc-pVDZ,22250,9.541695245317783
h2o_ccpvdz,H$_2$O/cc-pVDZ,22260,9.543102903194267
h2o_ccpvdz,H$_2$O/cc-pVDZ,22270,9.92521071542285
h2o_ccpvdz,H$_2$O/cc-pVDZ,22280,11.128818598223233
h2o_ccpvdz,H$_2$O/cc-pVDZ,22290,10.438217651895343
h2o_ccpvdz,H$_2$O/cc-pVDZ,22300,9.5512033852998
h2o_ccpvdz,H$_2$O/cc-pVDZ,22310,9.33415667569193
h2o_ccpvdz,H$_2$O/cc-pVDZ,22320,9.428489955624286
h2o_ccpvdz,H$_2$O/cc-pVDZ,22330,10.297726373167393
h2o_ccpvdz,H$_2$O/cc-pVDZ,22340,9.251281236302589
h2o_ccpvdz,H$_2$O/cc-pVDZ,22350,9.227281078807437
h2o_ccpvdz,H$_2$O/cc-pVDZ,22360,10.179234338522747
h2o_ccpvdz,H$_2$O/cc-pVDZ,22370,9.61857606051808
h2o_ccpvdz,H$_2$O/cc-pVDZ,22380,9.430930650978553
h2o_ccpvdz,H$_2$O/cc-pVDZ,22390,9.608720743784716
h2o_ccpvdz,H$_2$O/cc-pVDZ,22400,9.895101578678123
h2o_ccpvdz,H$_2$O/cc-pVDZ,22410,9.382855618625285
h2o_ccpvdz,H$_2$O/cc-pVDZ,22420,9.152253212576511
h2o_ccpvdz,H$_2$O/cc-pVDZ,22430,10.664833300651821
h2o_ccpvdz,H$_2$O/cc-pVDZ,22440,9.507366709470944
h2o_ccpvdz,H$_2$O/cc-pVDZ,22450,9.402630860492422
h2o_ccpvdz,H$_2$O/cc-pVDZ,22460,9.93309765205197
h2o_ccpvdz,H$_2$O/cc-pVDZ,22470,9.523616018540793
h2o_ccpvdz,H$_2$O/cc-pVDZ,22480,9.487438104912371
h2o_ccpvdz,H$_2$O/cc-pVDZ,22490,9.761619763821727
h2o_ccpvdz,H$_2$O/cc-pVDZ,22500,9.478682043535969
h2o_ccpvdz,H$_2$O/cc-pVDZ,22510,9.199873908130485
h2o_ccpvdz,H$_2$O/cc-pVDZ,22520,9.739618478391776
h2o_ccpvdz,H$_2$O/cc-pVDZ,22530,9.380314127881206
h2o_ccpvdz,H$_2$O/cc-pVDZ,22540,12.436032455127588
h2o_ccpvdz,H$_2$O/cc-pVDZ,22550,9.93029098036402
h2o_ccpvdz,H$_2$O/cc-pVDZ,22560,9.607537628085083
h2o_ccpvdz,H$_2$O/cc-pVDZ,22570,9.598998113958146
h2o_ccpvdz,H$_2$O/cc-pVDZ,22580,9.558572639591034
h2o_ccpvdz,H$_2$O/cc-pVDZ,22590,9.518798407768259
h2o_ccpvdz,H$_2$O/cc-pVDZ,22600,9.361485298228445
h2o_ccpvdz,H$_2$O/cc-pVDZ,22610,9.317240534016946
h2o_ccpvdz,H$_2$O/cc-pVDZ,22620,9.797404232926965
h2o_ccpvdz,H$_2$O/cc-pVDZ,22630,9.50756961408672
h2o_ccpvdz,H$_2$O/cc-pVDZ,22640,9.162478769098925
h2o_ccpvdz,H$_2$O/cc-pVDZ,22650,11.038991745166982
h2o_ccpvdz,H$_2$O/cc-pVDZ,22660,10.722414543664627
h2o_ccpvdz,H$_2$O/cc-pVDZ,22670,9.845720757539311
h2o_ccpvdz,H$_2$O/cc-pVDZ,22680,9.171105976989224
h2o_ccpvdz,H$_2$O/cc-pVDZ,22690,9.47453515979646
h2o_ccpvdz,H$_2$O/cc-pVDZ,22700,9.301340932907465
h2o_ccpvdz,H$_2$O/cc-pVDZ,22710,9.274475480509636
h2o_ccpvdz,H$_2$O/cc-pVDZ,22720,9.112465257487656
h2o_ccpvdz,H$_2$O/cc-pVDZ,22730,9.66102626149734
h2o_ccpvdz,H$_2$O/cc-pVDZ,22740,9.30511886915042
h2o_ccpvdz,H$_2$O/cc-pVDZ,22750,10.580259826198812
h2o_ccpvdz,H$_2$O/cc-pVDZ,22760,9.841903125320073
h2o_ccpvdz,H$_2$O/cc-pVDZ,22770,9.75313074680173
h2o_ccpvdz,H$_2$O/cc-pVDZ,22780,9.52419817249961
h2o_ccpvdz,H$_2$O/cc-pVDZ,22790,9.224493501221787
h2o_ccpvdz,H$_2$O/cc-pVDZ,22800,9.585812901605095
h2o_ccpvdz,H$_2$O/cc-pVDZ,22810,9.111192486670916
h2o_ccpvdz,H$_2$O/cc-pVDZ,22820,9.443836242084558
h2o_ccpvdz,H$_2$O/cc-pVDZ,22830,9.912953015529524
h2o_ccpvdz,H$_2$O/cc-pVDZ,22840,10.12014086930435
h2o_ccpvdz,H$_2$O/cc-pVDZ,22850,10.174386527708634
h2o_ccpvdz,H$_2$O/cc-pVDZ,22860,9.547261356132708
h2o_ccpvdz,H$_2$O/cc-pVDZ,22870,9.351033249501484
h2o_ccpvdz,H$_2$O/cc-pVDZ,22880,9.175851023002224
h2o_ccpvdz,H$_2$O/cc-pVDZ,22890,10.729019935709516
h2o_ccpvdz,H$_2$O/cc-pVDZ,22900,9.561405272663137
h2o_ccpvdz,H$_2$O/cc-pVDZ,22910,9.370663265997337
h2o_ccpvdz,H$_2$O/cc-pVDZ,22920,9.556573324971396
h2o_ccpvdz,H$_2$O/cc-pVDZ,22930,9.512279410230917
h2o_ccpvdz,H$_2$O/cc-pVDZ,22940,9.094081762555106
h2o_ccpvdz,H$_2$O/cc-pVDZ,22950,9.265516239537419
h2o_ccpvdz,H$_2$O/cc-pVDZ,22960,9.421706005824149
h2o_ccpvdz,H$_2$O/cc-pVDZ,22970,9.727826876357426
h2o_ccpvdz,H$_2$O/cc-pVDZ,22980,9.212130867680912
h2o_ccpvdz,H$_2$O/cc-pVDZ,22990,9.791869965795286
h2o_ccpvdz,H$_2$O/cc-pVDZ,23000,9.482660371361362
h2o_ccpvdz,H$_2$O/cc-pVDZ,23010,9.25138516275581
h2o_ccpvdz,H$_2$O/cc-pVDZ,23020,9.731497390220056
h2o_ccpvdz,H$_2$O/cc-pVDZ,23030,9.805770785163759
h2o_ccpvdz,H$_2$O/cc-pVDZ,23040,9.385810516192805
h2o_ccpvdz,H$_2$O/cc-pVDZ,23050,9.358634898873675
h2o_ccpvdz,H$_2$O/cc-pVDZ,23060,9.301116579464974
h2o_ccpvdz,H$_2$O/cc-pVDZ,23070,9.236522941066028
h2o_ccpvdz,H$_2$O/cc-pVDZ,23080,9.733014693694031
h2o_ccpvdz,H$_2$O/cc-pVDZ,23090,9.565150075843576
h2o_ccpvdz,H$_2$O/cc-pVDZ,23100,9.887990617130527
h2o_ccpvdz,H$_2$O/cc-pVDZ,23110,9.705774337277262
h2o_ccpvdz,H$_2$O/cc-pVDZ,23120,9.35064452389156
h2o_ccpvdz,H$_2$O/cc-pVDZ,23130,9.34221357890408
h2o_ccpvdz,H$_2$O/cc-pVDZ,23140,9.207119620626258
h2o_ccpvdz,H$_2$O/cc-pVDZ,23150,9.981512547398097
h2o_ccpvdz,H$_2$O/cc-pVDZ,23160,9.263076871860676
h2o_ccpvdz,H$_2$O/cc-pVDZ,23170,9.839034790573464
h2o_ccpvdz,H$_2$O/cc-pVDZ,23180,10.015534693479822
h2o_ccpvdz,H$_2$O/cc-pVDZ,23190,9.584014900923421
h2o_ccpvdz,H$_2$O/cc-pVDZ,23200,9.516745803281879
h2o_ccpvdz,H$_2$O/cc-pVDZ,23210,9.25841986880016
h2o_ccpvdz,H$_2$O/cc-pVDZ,23220,9.192884156817627
h2o_ccpvdz,H$_2$O/cc-pVDZ,23230,9.309647851125646
h2o_ccpvdz,H$_2$O/cc-pVDZ,23240,9.596871917977978
h2o_ccpvdz,H$_2$O/cc-pVDZ,23250,9.24451151786343
h2o_ccpvdz,H$_2$O/cc-pVDZ,23260,9.36112729722538
h2o_ccpvdz,H$_2$O/cc-pVDZ,23270,9.631733727886171
h2o_ccpvdz,H$_2$O/cc-pVDZ,23280,9.225864031762399
h2o_ccpvdz,H$_2$O/cc-pVDZ,23290,9.068662792259374
h2o_ccpvdz,H$_2$O/cc-pVDZ,23300,9.24848940987033
h2o_ccpvdz,H$_2$O/cc-pVDZ,23310,9.349635368081977
h2o_ccpvdz,H$_2$O/cc-pVDZ,23320,9.817592999681324
h2o_ccpvdz,H$_2$O/cc-pVDZ,23330,9.179523776921883
h2o_ccpvdz,H$_2$O/cc-pVDZ,23340,9.185376775377563
h2o_ccpvdz,H$_2$O/cc-pVDZ,23350,9.960603379852273
h2o_ccpvdz,H$_2$O/cc-pVDZ,23360,9.828011221443944
h2o_ccpvdz,H$_2$O/cc-pVDZ,23370,9.933900514539573
h2o_ccpvdz,H$_2$O/cc-pVDZ,23380,9.495916073987587
h2o_ccpvdz,H$_2$O/cc-pVDZ,23390,9.092191182986653
h2o_ccpvdz,H$_2$O/cc-pVDZ,23400,9.262073837149387
h2o_ccpvdz,H$_2$O/cc-pVDZ,23410,9.57532095921465
h2o_ccpvdz,H$_2$O/cc-pVDZ,23420,10.007490119164686
h2o_ccpvdz,H$_2$O/cc-pVDZ,23430,9.77719684316014
h2o_ccpvdz,H$_2$O/cc-pVDZ,23440,9.14855213518706
h2o_ccpvdz,H$_2$O/cc-pVDZ,23450,9.38902222054594
h2o_ccpvdz,H$_2$O/cc-pVDZ,23460,9.720385954381072
h2o_ccpvdz,H$_2$O/cc-pVDZ,23470,9.227854021204962
h2o_ccpvdz,H$_2$O/cc-pVDZ,23480,9.07576370330787
h2o_ccpvdz,H$_2$O/cc-pVDZ,23490,9.743067115650206
h2o_ccpvdz,H$_2$O/cc-pVDZ,23500,10.963517365510711
h2o_ccpvdz,H$_2$O/cc-pVDZ,23510,9.510392345276841
h2o_ccpvdz,H$_2$O/cc-pVDZ,23520,9.314970180938076
h2o_ccpvdz,H$_2$O/cc-pVDZ,23530,9.08600496572376
h2o_ccpvdz,H$_2$O/cc-pVDZ,23540,8.998586312969792
h2o_ccpvdz,H$_2$O/cc-pVDZ,23550,10.078949873033594
h2o_ccpvdz,H$_2$O/cc-pVDZ,23560,9.421317504148874
h2o_ccpvdz,H$_2$O/cc-pVDZ,23570,9.222232560645693
h2o_ccpvdz,H$_2$O/cc-pVDZ,23580,9.454157450235812
h2o_ccpvdz,H$_2$O/cc-pVDZ,23590,9.263866815771848
h2o_ccpvdz,H$_2$O/cc-pVDZ,23600,9.07162964448105
h2o_ccpvdz,H$_2$O/cc-pVDZ,23610,9.977482658030112
h2o_ccpvdz,H$_2$O/cc-pVDZ,23620,9.866604274662905
h2o_ccpvdz,H$_2$O/cc-pVDZ,23630,9.330367315499188
h2o_ccpvdz,H$_2$O/cc-pVDZ,23640,9.291694688641883
h2o_ccpvdz,H$_2$O/cc-pVDZ,23650,9.708580415761503
h2o_ccpvdz,H$_2$O/cc-pVDZ,23660,9.209758993591777
h2o_ccpvdz,H$_2$O/cc-pVDZ,23670,9.323973810609232
h2o_ccpvdz,H$_2$O/cc-pVDZ,23680,9.289849914253523
h2o_ccpvdz,H$_2$O/cc-pVDZ,23690,8.98027990008643
h2o_ccpvdz,H$_2$O/cc-pVDZ,23700,9.6248644302932
h2o_ccpvdz,H$_2$O/cc-pVDZ,23710,9.52838713058668
h2o_ccpvdz,H$_2$O/cc-pVDZ,23720,9.246739341648436
h2o_ccpvdz,H$_2$O/cc-pVDZ,23730,9.15069103994881
h2o_ccpvdz,H$_2$O/cc-pVDZ,23740,9.793736277586618
h2o_ccpvdz,H$_2$O/cc-pVDZ,23750,9.545346443744052
h2o_ccpvdz,H$_2$O/cc-pVDZ,23760,9.129749397530418
h2o_ccpvdz,H$_2$O/cc-pVDZ,23770,10.46516283410881
h2o_ccpvdz,H$_2$O/cc-pVDZ,23780,9.171158159304582
h2o_ccpvdz,H$_2$O/cc-pVDZ,23790,10.78763970220109
h2o_ccpvdz,H$_2$O/cc-pVDZ,23800,9.268710283549808
h2o_ccpvdz,H$_2$O/cc-pVDZ,23810,9.160851587964203
h2o_ccpvdz,H$_2$O/cc-pVDZ,23820,9.690724723469657
h2o_ccpvdz,H$_2$O/cc-pVDZ,23830,9.371502134030152
h2o_ccpvdz,H$_2$O/cc-pVDZ,23840,9.017586099290043
h2o_ccpvdz,H$_2$O/cc-pVDZ,23850,9.032165335355558
h2o_ccpvdz,H$_2$O/cc-pVDZ,23860,9.629414329708652
h2o_ccpvdz,H$_2$O/cc-pVDZ,23870,9.436800090796282
h2o_ccpvdz,H$_2$O/cc-pVDZ,23880,9.267516772553108
h2o_ccpvdz,H$_2$O/cc-pVDZ,23890,9.298839248600643
h2o_ccpvdz,H$_2$O/cc-pVDZ,23900,9.10252622803398
h2o_ccpvdz,H$_2$O/cc-pVDZ,23910,9.06322632133083
h2o_ccpvdz,H$_2$O/cc-pVDZ,23920,9.116339371090021
h2o_ccpvdz,H$_2$O/cc-pVDZ,23930,9.187857583853543
h2o_ccpvdz,H$_2$O/cc-pVDZ,23940,9.596096563342371
h2o_ccpvdz,H$_2$O/cc-pVDZ,23950,9.171413198075129
h2o_ccpvdz,H$_2$O/cc-pVDZ,23960,9.912711387556783
h2o_ccpvdz,H$_2$O/cc-pVDZ,23970,9.308715532569067
h2o_ccpvdz,H$_2$O/cc-pVDZ,23980,9.058818173201644
h2o_ccpvdz,H$_2$O/cc-pVDZ,23990,9.099526943259661
h2o_ccpvdz,H$_2$O/cc-pVDZ,24000,10.894914059846883
h2o_ccpvdz,H$_2$O/cc-pVDZ,24010,9.643802998979822
h2o_ccpvdz,H$_2$O/cc-pVDZ,24020,9.245973562485688
h2o_ccpvdz,H$_2$O/cc-pVDZ,24030,8.965046018985845
h2o_ccpvdz,H$_2$O/cc-pVDZ,24040,8.95207452873592
h2o_ccpvdz,H$_2$O/cc-pVDZ,24050,9.48204221029414
h2o_ccpvdz,H$_2$O/cc-pVDZ,24060,9.654979973461764
h2o_ccpvdz,H$_2$O/cc-pVDZ,24070,9.114909747637512
h2o_ccpvdz,H$_2$O/cc-pVDZ,24080,8.972607295447688
h2o_ccpvdz,H$_2$O/cc-pVDZ,24090,9.100083614129062
h2o_ccpvdz,H$_2$O/cc-pVDZ,24100,9.003051142201457
h2o_ccpvdz,H$_2$O/cc-pVDZ,24110,9.289114906991358
h2o_ccpvdz,H$_2$O/cc-pVDZ,24120,9.720395567967444
h2o_ccpvdz,H$_2$O/cc-pVDZ,24130,9.645480622126001
h2o_ccpvdz,H$_2$O/cc-pVDZ,24140,9.348589188221013
h2o_ccpvdz,H$_2$O/cc-pVDZ,24150,9.129320900342464
h2o_ccpvdz,H$_2$O/cc-pVDZ,24160,8.90759815479214
h2o_ccpvdz,H$_2$O/cc-pVDZ,24170,9.512764297284093
h2o_ccpvdz,H$_2$O/cc-pVDZ,24180,9.104662601203017
h2o_ccpvdz,H$_2$O/cc-pVDZ,24190,9.220063766079534
h2o_ccpvdz,H$_2$O/cc-pVDZ,24200,9.480698953737487
h2o_ccpvdz,H$_2$O/cc-pVDZ,24210,9.102257364048683
h2o_ccpvdz,H$_2$O/cc-pVDZ,24220,9.561116924942326
h2o_ccpvdz,H$_2$O/cc-pVDZ,24230,9.856488669512942
h2o_ccpvdz,H$_2$O/cc-pVDZ,24240,9.388305561216725
h2o_ccpvdz,H$_2$O/cc-pVDZ,24250,8.975631049153776
h2o_ccpvdz,H$_2$O/cc-pVDZ,24260,9.225937860847466
h2o_ccpvdz,H$_2$O/cc-pVDZ,24270,9.51448278580358
h2o_ccpvdz,H$_2$O/cc-pVDZ,24280,9.364706248447874
h2o_ccpvdz,H$_2$O/cc-pVDZ,24290,9.391245797999659
h2o_ccpvdz,H$_2$O/cc-pVDZ,24300,9.051405886893349
h2o_ccpvdz,H$_2$O/cc-pVDZ,24310,9.07209001179865
h2o_ccpvdz,H$_2$O/cc-pVDZ,24320,9.63379646830731
h2o_ccpvdz,H$_2$O/cc-pVDZ,24330,9.567449537172479
h2o_ccpvdz,H$_2$O/cc-pVDZ,24340,9.099971650996963
h2o_ccpvdz,H$_2$O/cc-pVDZ,24350,9.392352997167563
h2o_ccpvdz,H$_2$O/cc-pVDZ,24360,9.324805582409113
h2o_ccpvdz,H$_2$O/cc-pVDZ,24370,9.870601496871245
h2o_ccpvdz,H$_2$O/cc-pVDZ,24380,9.25252830884915
h2o_ccpvdz,H$_2$O/cc-pVDZ,24390,9.006749412009185
h2o_ccpvdz,H$_2$O/cc-pVDZ,24400,9.005448037797237
h2o_ccpvdz,H$_2$O/cc-pVDZ,24410,9.474343108607286
h2o_ccpvdz,H$_2$O/cc-pVDZ,24420,9.22079121565389
h2o_ccpvdz,H$_2$O/cc-pVDZ,24430,8.9772357440836
h2o_ccpvdz,H$_2$O/cc-pVDZ,24440,9.054790572506022
h2o_ccpvdz,H$_2$O/cc-pVDZ,24450,9.146133192516004
h2o_ccpvdz,H$_2$O/cc-pVDZ,24460,10.702923847887291
h2o_ccpvdz,H$_2$O/cc-pVDZ,24470,9.06546659520302
h2o_ccpvdz,H$_2$O/cc-pVDZ,24480,9.273385800810274
h2o_ccpvdz,H$_2$O/cc-pVDZ,24490,9.002640429471853
h2o_ccpvdz,H$_2$O/cc-pVDZ,24500,8.955381209958091
h2o_ccpvdz,H$_2$O/cc-pVDZ,24510,9.27297420921036
h2o_ccpvdz,H$_2$O/cc-pVDZ,24520,9.12549842857402
h2o_ccpvdz,H$_2$O/cc-pVDZ,24530,8.90089325676513
h2o_ccpvdz,H$_2$O/cc-pVDZ,24540,11.530269195048959
h2o_ccpvdz,H$_2$O/cc-pVDZ,24550,10.293443483334386
h2o_ccpvdz,H$_2$O/cc-pVDZ,24560,9.30533159689162
h2o_ccpvdz,H$_2$O/cc-pVDZ,24570,9.11124080944603
h2o_ccpvdz,H$_2$O/cc-pVDZ,24580,8.980775913300931
h2o_ccpvdz,H$_2$O/cc-pVDZ,24590,9.550796538022155
h2o_ccpvdz,H$_2$O/cc-pVDZ,24600,9.05399856128497
h2o_ccpvdz,H$_2$O/cc-pVDZ,24610,8.873971666929492
h2o_ccpvdz,H$_2$O/cc-pVDZ,24620,9.650082392951731
h2o_ccpvdz,H$_2$O/cc-pVDZ,24630,9.18929038242311
h2o_ccpvdz,H$_2$O/cc-pVDZ,24640,9.446808729705936
h2o_ccpvdz,H$_2$O/cc-pVDZ,24650,9.122964463031735
h2o_ccpvdz,H$_2$O/cc-pVDZ,24660,8.930781233971175
h2o_ccpvdz,H$_2$O/cc-pVDZ,24670,9.083649079570932
h2o_ccpvdz,H$_2$O/cc-pVDZ,24680,9.030339601466153
h2o_ccpvdz,H$_2$O/cc-pVDZ,24690,9.058864699142077
h2o_ccpvdz,H$_2$O/cc-pVDZ,24700,8.92464884057631
h2o_ccpvdz,H$_2$O/cc-pVDZ,24710,9.277295062616986
h2o_ccpvdz,H$_2$O/cc-pVDZ,24720,9.143843636564952
h2o_ccpvdz,H$_2$O/cc-pVDZ,24730,9.076856931770294
h2o_ccpvdz,H$_2$O/cc-pVDZ,24740,9.685265850592373
h2o_ccpvdz,H$_2$O/cc-pVDZ,24750,9.135257087493187
h2o_ccpvdz,H$_2$O/cc-pVDZ,24760,8.97952342671715
h2o_ccpvdz,H$_2$O/cc-pVDZ,24770,8.780149189419717
h2o_ccpvdz,H$_2$O/cc-pVDZ,24780,9.211734518359549
h2o_ccpvdz,H$_2$O/cc-pVDZ,24790,8.995790494012113
h2o_ccpvdz,H$_2$O/cc-pVDZ,24800,8.920930094063806
h2o_ccpvdz,H$_2$O/cc-pVDZ,24810,9.794012934150942
h2o_ccpvdz,H$_2$O/cc-pVDZ,24820,9.195769674761323
h2o_ccpvdz,H$_2$O/cc-pVDZ,24830,9.278370903274435
h2o_ccpvdz,H$_2$O/cc-pVDZ,24840,9.172459689239076
h2o_ccpvdz,H$_2$O/cc-pVDZ,24850,9.083767584115776
h2o_ccpvdz,H$_2$O/cc-pVDZ,24860,9.105039552238736
h2o_ccpvdz,H$_2$O/cc-pVDZ,24870,8.985839251536731
h2o_ccpvdz,H$_2$O/cc-pVDZ,24880,9.374458040085187
h2o_ccpvdz,H$_2$O/cc-pVDZ,24890,9.051561973393518
h2o_ccpvdz,H$_2$O/cc-pVDZ,24900,8.990793276666409
h2o_ccpvdz,H$_2$O/cc-pVDZ,24910,9.49614173580926
h2o_ccpvdz,H$_2$O/cc-pVDZ,24920,10.024970649425313
h2o_ccpvdz,H$_2$O/cc-pVDZ,24930,8.915259169185674
h2o_ccpvdz,H$_2$O/cc-pVDZ,24940,8.916803395237594
h2o_ccpvdz,H$_2$O/cc-pVDZ,24950,8.962019971662016
h2o_ccpvdz,H$_2$O/cc-pVDZ,24960,9.016985109624898
h2o_ccpvdz,H$_2$O/cc-pVDZ,24970,8.998157435826215
h2o_ccpvdz,H$_2$O/cc-pVDZ,24980,8.821000059896278
h2o_ccpvdz,H$_2$O/cc-pVDZ,24990,9.097860012502679
h2o_ccpvdz,H$_2$O/cc-pVDZ,25000,9.053065733041876
h2o_ccpvdz,H$_2$O/cc-pVDZ,25010,9.700620929748993
h2o_ccpvdz,H$_2$O/cc-pVDZ,25020,8.992636435706913
h2o_ccpvdz,H$_2$O/cc-pVDZ,25030,8.987466567376146
h2o_ccpvdz,H$_2$O/cc-pVDZ,25040,9.396815279302473
h2o_ccpvdz,H$_2$O/cc-pVDZ,25050,12.34128184886174
h2o_ccpvdz,H$_2$O/cc-pVDZ,25060,10.615138611967723
h2o_ccpvdz,H$_2$O/cc-pVDZ,25070,9.85595143175999
h2o_ccpvdz,H$_2$O/cc-pVDZ,25080,10.30280788968696
h2o_ccpvdz,H$_2$O/cc-pVDZ,25090,9.356747927810716
h2o_ccpvdz,H$_2$O/cc-pVDZ,25100,9.14409468717281
h2o_ccpvdz,H$_2$O/cc-pVDZ,25110,9.6936910472607
h2o_ccpvdz,H$_2$O/cc-pVDZ,25120,9.000938070983011
h2o_ccpvdz,H$_2$O/cc-pVDZ,25130,9.260775141015642
h2o_ccpvdz,H$_2$O/cc-pVDZ,25140,9.402085281706718
h2o_ccpvdz,H$_2$O/cc-pVDZ,25150,9.21593484825678
h2o_ccpvdz,H$_2$O/cc-pVDZ,25160,9.2326801598972
h2o_ccpvdz,H$_2$O/cc-pVDZ,25170,9.038715554240184
h2o_ccpvdz,H$_2$O/cc-pVDZ,25180,8.825277620658767
h2o_ccpvdz,H$_2$O/cc-pVDZ,25190,9.130514822345503
h2o_ccpvdz,H$_2$O/cc-pVDZ,25200,8.95139169108461
h2o_ccpvdz,H$_2$O/cc-pVDZ,25210,9.209329180805526
h2o_ccpvdz,H$_2$O/cc-pVDZ,25220,9.180007127824297
h2o_ccpvdz,H$_2$O/cc-pVDZ,25230,8.971586153691646
h2o_ccpvdz,H$_2$O/cc-pVDZ,25240,9.141405764992783
h2o_ccpvdz,H$_2$O/cc-pVDZ,25250,9.324429934736145
h2o_ccpvdz,H$_2$O/cc-pVDZ,25260,9.075068780703077
h2o_ccpvdz,H$_2$O/cc-pVDZ,25270,9.298583812665129
h2o_ccpvdz,H$_2$O/cc-pVDZ,25280,8.987110245229246
h2o_ccpvdz,H$_2$O/cc-pVDZ,25290,8.953620037985388
h2o_ccpvdz,H$_2$O/cc-pVDZ,25300,9.119051090067387
h2o_ccpvdz,H$_2$O/cc-pVDZ,25310,9.276246562933466
h2o_ccpvdz,H$_2$O/cc-pVDZ,25320,9.250226518403792
h2o_ccpvdz,H$_2$O/cc-pVDZ,25330,8.729203449192369
h2o_ccpvdz,H$_2$O/cc-pVDZ,25340,9.391960800556376
h2o_ccpvdz,H$_2$O/cc-pVDZ,25350,8.912343040591963
h2o_ccpvdz,H$_2$O/cc-pVDZ,25360,8.720903297557925
h2o_ccpvdz,H$_2$O/cc-pVDZ,25370,9.336110695883804
h2o_ccpvdz,H$_2$O/cc-pVDZ,25380,8.996159595881181
h2o_ccpvdz,H$_2$O/cc-pVDZ,25390,9.870421922030914
h2o_ccpvdz,H$_2$O/cc-pVDZ,25400,9.173087634181343
h2o_ccpvdz,H$_2$O/cc-pVDZ,25410,9.890139408980758
h2o_ccpvdz,H$_2$O/cc-pVDZ,25420,8.971345292380306
h2o_ccpvdz,H$_2$O/cc-pVDZ,25430,8.84023259369826
h2o_ccpvdz,H$_2$O/cc-pVDZ,25440,8.750687355075115
h2o_ccpvdz,H$_2$O/cc-pVDZ,25450,9.440557792331106
h2o_ccpvdz,H$_2$O/cc-pVDZ,25460,9.636975141106063
h2o_ccpvdz,H$_2$O/cc-pVDZ,25470,9.244397291610085
h2o_ccpvdz,H$_2$O/cc-pVDZ,25480,8.888018270383213
h2o_ccpvdz,H$_2$O/cc-pVDZ,25490,8.842964643406503
h2o_ccpvdz,H$_2$O/cc-pVDZ,25500,9.30719023156712
h2o_ccpvdz,H$_2$O/cc-pVDZ,25510,9.97696564364503
h2o_ccpvdz,H$_2$O/cc-pVDZ,25520,8.850007936047177
h2o_ccpvdz,H$_2$O/cc-pVDZ,25530,8.993194810486216
h2o_ccpvdz,H$_2$O/cc-pVDZ,25540,8.777282178229484
h2o_ccpvdz,H$_2$O/cc-pVDZ,25550,9.11685644743443
h2o_ccpvdz,H$_2$O/cc-pVDZ,25560,8.93524685845648
h2o_ccpvdz,H$_2$O/cc-pVDZ,25570,8.714872200883406
h2o_ccpvdz,H$_2$O/cc-pVDZ,25580,9.62255929090361
h2o_ccpvdz,H$_2$O/cc-pVDZ,25590,9.666435029927811
h2o_ccpvdz,H$_2$O/cc-pVDZ,25600,9.009737680798935
h2o_ccpvdz,H$_2$O/cc-pVDZ,25610,8.809692210618891
h2o_ccpvdz,H$_2$O/cc-pVDZ,25620,9.165328414610485
h2o_ccpvdz,H$_2$O/cc-pVDZ,25630,9.50970250158889
h2o_ccpvdz,H$_2$O/cc-pVDZ,25640,8.883901739807243
h2o_ccpvdz,H$_2$O/cc-pVDZ,25650,9.002455105445506
h2o_ccpvdz,H$_2$O/cc-pVDZ,25660,8.92783608156833
h2o_ccpvdz,H$_2$O/cc-pVDZ,25670,8.725422582074316
h2o_ccpvdz,H$_2$O/cc-pVDZ,25680,9.379076384263385
h2o_ccpvdz,H$_2$O/cc-pVDZ,25690,10.032687008816765
h2o_ccpvdz,H$_2$O/cc-pVDZ,25700,9.213384270893243
h2o_ccpvdz,H$_2$O/cc-pVDZ,25710,9.015876053624083
h2o_ccpvdz,H$_2$O/cc-pVDZ,25720,9.284776107350012
h2o_ccpvdz,H$_2$O/cc-pVDZ,25730,9.19162765219994
h2o_ccpvdz,H$_2$O/cc-pVDZ,25740,8.848620560740983
h2o_ccpvdz,H$_2$O/cc-pVDZ,25750,8.685414568773808
h2o_ccpvdz,H$_2$O/cc-pVDZ,25760,9.129288893177545
h2o_ccpvdz,H$_2$O/cc-pVDZ,25770,10.019641995413053
h2o_ccpvdz,H$_2$O/cc-pVDZ,25780,9.21873998036915
h2o_ccpvdz,H$_2$O/cc-pVDZ,25790,10.181332376134833
h2o_ccpvdz,H$_2$O/cc-pVDZ,25800,8.886426269597791
h2o_ccpvdz,H$_2$O/cc-pVDZ,25810,8.705288653317211
h2o_ccpvdz,H$_2$O/cc-pVDZ,25820,9.133073208531073
h2o_ccpvdz,H$_2$O/cc-pVDZ,25830,8.746420041504166
h2o_ccpvdz,H$_2$O/cc-pVDZ,25840,8.652713099763787
h2o_ccpvdz,H$_2$O/cc-pVDZ,25850,8.808064200408694
h2o_ccpvdz,H$_2$O/cc-pVDZ,25860,9.582243017476344
h2o_ccpvdz,H$_2$O/cc-pVDZ,25870,9.432156066495168
h2o_ccpvdz,H$_2$O/cc-pVDZ,25880,8.802459808137542
h2o_ccpvdz,H$_2$O/cc-pVDZ,25890,8.906104433833661
h2o_ccpvdz,H$_2$O/cc-pVDZ,25900,8.922732094930552
h2o_ccpvdz,H$_2$O/cc-pVDZ,25910,8.9116569547798
h2o_ccpvdz,H$_2$O/cc-pVDZ,25920,8.647588587749055
h2o_ccpvdz,H$_2$O/cc-pVDZ,25930,8.63702750936568
h2o_ccpvdz,H$_2$O/cc-pVDZ,25940,8.952860324669132
h2o_ccpvdz,H$_2$O/cc-pVDZ,25950,8.846782711444234
h2o_ccpvdz,H$_2$O/cc-pVDZ,25960,10.307574142174758
h2o_ccpvdz,H$_2$O/cc-pVDZ,25970,9.00137303194981
h2o_ccpvdz,H$_2$O/cc-pVDZ,25980,9.39803527630545
h2o_ccpvdz,H$_2$O/cc-pVDZ,25990,8.78979396493662
h2o_ccpvdz,H$_2$O/cc-pVDZ,26000,8.722263655826623
h2o_ccpvdz,H$_2$O/cc-pVDZ,26010,8.60756598562773
h2o_ccpvdz,H$_2$O/cc-pVDZ,26020,9.884581328407194
h2o_ccpvdz,H$_2$O/cc-pVDZ,26030,9.145250418669093
h2o_ccpvdz,H$_2$O/cc-pVDZ,26040,9.590201415520028
h2o_ccpvdz,H$_2$O/cc-pVDZ,26050,9.059004803475545
h2o_ccpvdz,H$_2$O/cc-pVDZ,26060,8.981649305070505
h2o_ccpvdz,H$_2$O/cc-pVDZ,26070,8.736820394119604
h2o_ccpvdz,H$_2$O/cc-pVDZ,26080,9.0600761193258
h2o_ccpvdz,H$_2$O/cc-pVDZ,26090,8.974329379498158
h2o_ccpvdz,H$_2$O/cc-pVDZ,26100,8.968140799112234
h2o_ccpvdz,H$_2$O/cc-pVDZ,26110,9.480244022256556
h2o_ccpvdz,H$_2$O/cc-pVDZ,26120,8.710757518599621
h2o_ccpvdz,H$_2$O/cc-pVDZ,26130,8.703927062342132
h2o_ccpvdz,H$_2$O/cc-pVDZ,26140,9.291495936153638
h2o_ccpvdz,H$_2$O/cc-pVDZ,26150,9.699429468142284
h2o_ccpvdz,H$_2$O/cc-pVDZ,26160,8.808252979761733
h2o_ccpvdz,H$_2$O/cc-pVDZ,26170,8.715452969397575
h2o_ccpvdz,H$_2$O/cc-pVDZ,26180,9.441344122805617
h2o_ccpvdz,H$_2$O/cc-pVDZ,26190,9.476966908621876
h2o_ccpvdz,H$_2$O/cc-pVDZ,26200,9.152103014315571
h2o_ccpvdz,H$_2$O/cc-pVDZ,26210,8.928912252528676
h2o_ccpvdz,H$_2$O/cc-pVDZ,26220,8.89649250018465
h2o_ccpvdz,H$_2$O/cc-pVDZ,26230,8.834284286180605
h2o_ccpvdz,H$_2$O/cc-pVDZ,26240,8.930754504845595
h2o_ccpvdz,H$_2$O/cc-pVDZ,26250,9.411560614424275
h2o_ccpvdz,H$_2$O/cc-pVDZ,26260,8.909642930092332
h2o_ccpvdz,H$_2$O/cc-pVDZ,26270,9.274345985744503
h2o_ccpvdz,H$_2$O/cc-pVDZ,26280,8.826045228943258
h2o_ccpvdz,H$_2$O/cc-pVDZ,26290,9.158630587819516
h2o_ccpvdz,H$_2$O/cc-pVDZ,26300,8.688143630436684
h2o_ccpvdz,H$_2$O/cc-pVDZ,26310,8.902686499595802
h2o_ccpvdz,H$_2$O/cc-pVDZ,26320,8.828876473472747
h2o_ccpvdz,H$_2$O/cc-pVDZ,26330,9.419816750266818
h2o_ccpvdz,H$_2$O/cc-pVDZ,26340,9.016180766678872
h2o_ccpvdz,H$_2$O/cc-pVDZ,26350,8.74806941294537
h2o_ccpvdz,H$_2$O/cc-pVDZ,26360,9.157241879862
h2o_ccpvdz,H$_2$O/cc-pVDZ,26370,8.835504721744769
h2o_ccpvdz,H$_2$O/cc-pVDZ,26380,9.069885707575054
h2o_ccpvdz,H$_2$O/cc-pVDZ,26390,9.037690022850597
h2o_ccpvdz,H$_2$O/cc-pVDZ,26400,9.118555573863318
h2o_ccpvdz,H$_2$O/cc-pVDZ,26410,9.001928466830122
h2o_ccpvdz,H$_2$O/cc-pVDZ,26420,8.776105850344607
h2o_ccpvdz,H$_2$O/cc-pVDZ,26430,9.444459944091932
h2o_ccpvdz,H$_2$O/cc-pVDZ,26440,8.896971798407094
h2o_ccpvdz,H$_2$O/cc-pVDZ,26450,8.714354163799953
h2o_ccpvdz,H$_2$O/cc-pVDZ,26460,8.687156972186472
h2o_ccpvdz,H$_2$O/cc-pVDZ,26470,9.390387810938705
h2o_ccpvdz,H$_2$O/cc-pVDZ,26480,9.707252494592922
h2o_ccpvdz,H$_2$O/cc-pVDZ,26490,9.077835768110276
h2o_ccpvdz,H$_2$O/cc-pVDZ,26500,9.103378941730966
h2o_ccpvdz,H$_2$O/cc-pVDZ,26510,8.82517787364634
h2o_ccpvdz,H$_2$O/cc-pVDZ,26520,8.690870729068934
h2o_ccpvdz,H$_2$O/cc-pVDZ,26530,8.933936930219488
h2o_ccpvdz,H$_2$O/cc-pVDZ,26540,8.867605405242784
h2o_ccpvdz,H$_2$O/cc-pVDZ,26550,8.681075918048009
h2o_ccpvdz,H$_2$O/cc-pVDZ,26560,8.811192206508167
h2o_ccpvdz,H$_2$O/cc-pVDZ,26570,8.817296631377758
h2o_ccpvdz,H$_2$O/cc-pVDZ,26580,10.120921532518423
h2o_ccpvdz,H$_2$O/cc-pVDZ,26590,9.071895056607104
h2o_ccpvdz,H$_2$O/cc-pVDZ,26600,9.77283567507925
h2o_ccpvdz,H$_2$O/cc-pVDZ,26610,8.884816695342579
h2o_ccpvdz,H$_2$O/cc-pVDZ,26620,8.646703227441321
h2o_ccpvdz,H$_2$O/cc-pVDZ,26630,8.861247081824786
h2o_ccpvdz,H$_2$O/cc-pVDZ,26640,9.373912876327495
h2o_ccpvdz,H$_2$O/cc-pVDZ,26650,8.970084357571295
h2o_ccpvdz,H$_2$O/cc-pVDZ,26660,8.910181412019824
h2o_ccpvdz,H$_2$O/cc-pVDZ,26670,8.610750532227485
h2o_ccpvdz,H$_2$O/cc-pVDZ,26680,10.134135129248989
h2o_ccpvdz,H$_2$O/cc-pVDZ,26690,9.185723672430868
h2o_ccpvdz,H$_2$O/cc-pVDZ,26700,9.25991189188835
h2o_ccpvdz,H$_2$O/cc-pVDZ,26710,8.838173578126884
h2o_ccpvdz,H$_2$O/cc-pVDZ,26720,8.68478595393185
h2o_ccpvdz,H$_2$O/cc-pVDZ,26730,8.576221338373102
h2o_ccpvdz,H$_2$O/cc-pVDZ,26740,8.779988116657478
h2o_ccpvdz,H$_2$O/cc-pVDZ,26750,8.72747915568084
h2o_ccpvdz,H$_2$O/cc-pVDZ,26760,8.742795025270311
h2o_ccpvdz,H$_2$O/cc-pVDZ,26770,8.534824027194077
h2o_ccpvdz,H$_2$O/cc-pVDZ,26780,8.921455600045647
h2o_ccpvdz,H$_2$O/cc-pVDZ,26790,8.989778310777297
h2o_ccpvdz,H$_2$O/cc-pVDZ,26800,8.780646118239588
h2o_ccpvdz,H$_2$O/cc-pVDZ,26810,8.815500383292374
h2o_ccpvdz,H$_2$O/cc-pVDZ,26820,8.832863515294775
h2o_ccpvdz,H$_2$O/cc-pVDZ,26830,8.791928964100748
h2o_ccpvdz,H$_2$O/cc-pVDZ,26840,8.60110532390479
h2o_ccpvdz,H$_2$O/cc-pVDZ,26850,9.128059920200826
h2o_ccpvdz,H$_2$O/cc-pVDZ,26860,8.798734528937757
h2o_ccpvdz,H$_2$O/cc-pVDZ,26870,8.82048046348416
h2o_ccpvdz,H$_2$O/cc-pVDZ,26880,8.744673535517222
h2o_ccpvdz,H$_2$O/cc-pVDZ,26890,10.482526380130253
h2o_ccpvdz,H$_2$O/cc-pVDZ,26900,10.040790246151232
h2o_ccpvdz,H$_2$O/cc-pVDZ,26910,9.406049434090846
h2o_ccpvdz,H$_2$O/cc-pVDZ,26920,9.64844997352543
h2o_ccpvdz,H$_2$O/cc-pVDZ,26930,9.020942672279375
h2o_ccpvdz,H$_2$O/cc-pVDZ,26940,9.24485170375533
h2o_ccpvdz,H$_2$O/cc-pVDZ,26950,8.794518231340476
h2o_ccpvdz,H$_2$O/cc-pVDZ,26960,8.58254751923937
h2o_ccpvdz,H$_2$O/cc-pVDZ,26970,8.683315880475106
h2o_ccpvdz,H$_2$O/cc-pVDZ,26980,8.867614962554171
h2o_ccpvdz,H$_2$O/cc-pVDZ,26990,8.5543315711476
h2o_ccpvdz,H$_2$O/cc-pVDZ,27000,9.300821306837292
h2o_ccpvdz,H$_2$O/cc-pVDZ,27010,9.342924960591859
h2o_ccpvdz,H$_2$O/cc-pVDZ,27020,9.014393342255289
h2o_ccpvdz,H$_2$O/cc-pVDZ,27030,8.646396464243367
h2o_ccpvdz,H$_2$O/cc-pVDZ,27040,8.705467424135804
h2o_ccpvdz,H$_2$O/cc-pVDZ,27050,8.889025044823029
h2o_ccpvdz,H$_2$O/cc-pVDZ,27060,8.568075019283583
h2o_ccpvdz,H$_2$O/cc-pVDZ,27070,9.003622038108006
h2o_ccpvdz,H$_2$O/cc-pVDZ,27080,9.593759282168435
h2o_ccpvdz,H$_2$O/cc-pVDZ,27090,9.04024844118112
h2o_ccpvdz,H$_2$O/cc-pVDZ,27100,9.213224408910037
h2o_ccpvdz,H$_2$O/cc-pVDZ,27110,8.800351233389847
h2o_ccpvdz,H$_2$O/cc-pVDZ,27120,8.591597283128749
h2o_ccpvdz,H$_2$O/cc-pVDZ,27130,8.650045797494954
h2o_ccpvdz,H$_2$O/cc-pVDZ,27140,8.680564848575045
h2o_ccpvdz,H$_2$O/cc-pVDZ,27150,8.641064822981548
h2o_ccpvdz,H$_2$O/cc-pVDZ,27160,9.116911150243823
h2o_ccpvdz,H$_2$O/cc-pVDZ,27170,8.910012346305507
h2o_ccpvdz,H$_2$O/cc-pVDZ,27180,8.637592118645898
h2o_ccpvdz,H$_2$O/cc-pVDZ,27190,8.595731820506103
h2o_ccpvdz,H$_2$O/cc-pVDZ,27200,9.079482804082772
h2o_ccpvdz,H$_2$O/cc-pVDZ,27210,9.05738013818791
h2o_ccpvdz,H$_2$O/cc-pVDZ,27220,8.952949306021196
h2o_ccpvdz,H$_2$O/cc-pVDZ,27230,9.416955324098808
h2o_ccpvdz,H$_2$O/cc-pVDZ,27240,8.831755336075275
h2o_ccpvdz,H$_2$O/cc-pVDZ,27250,8.625336097750846
h2o_ccpvdz,H$_2$O/cc-pVDZ,27260,8.830784725077478
h2o_ccpvdz,H$_2$O/cc-pVDZ,27270,9.544093363331285
h2o_ccpvdz,H$_2$O/cc-pVDZ,27280,8.630713204965446
h2o_ccpvdz,H$_2$O/cc-pVDZ,27290,8.577284439908794
h2o_ccpvdz,H$_2$O/cc-pVDZ,27300,8.912040834914592
h2o_ccpvdz,H$_2$O/cc-pVDZ,27310,8.943776664935399
h2o_ccpvdz,H$_2$O/cc-pVDZ,27320,8.532835155719454
h2o_ccpvdz,H$_2$O/cc-pVDZ,27330,8.980382624741878
h2o_ccpvdz,H$_2$O/cc-pVDZ,27340,8.879414703443445
h2o_ccpvdz,H$_2$O/cc-pVDZ,27350,8.522439980893637
h2o_ccpvdz,H$_2$O/cc-pVDZ,27360,9.448212658583088
h2o_ccpvdz,H$_2$O/cc-pVDZ,27370,9.975516556309572
h2o_ccpvdz,H$_2$O/cc-pVDZ,27380,9.163523447696775
h2o_ccpvdz,H$_2$O/cc-pVDZ,27390,8.692348043325637
h2o_ccpvdz,H$_2$O/cc-pVDZ,27400,8.498523054655038
h2o_ccpvdz,H$_2$O/cc-pVDZ,27410,8.713980855489467
h2o_ccpvdz,H$_2$O/cc-pVDZ,27420,9.305528829273157
h2o_ccpvdz,H$_2$O/cc-pVDZ,27430,8.619542407501513
h2o_ccpvdz,H$_2$O/cc-pVDZ,27440,8.759818026163657
h2o_ccpvdz,H$_2$O/cc-pVDZ,27450,8.634354929668575
h2o_ccpvdz,H$_2$O/cc-pVDZ,27460,8.51868357416663
h2o_ccpvdz,H$_2$O/cc-pVDZ,27470,9.320724908107536
h2o_ccpvdz,H$_2$O/cc-pVDZ,27480,8.947754535114427
h2o_ccpvdz,H$_2$O/cc-pVDZ,27490,8.698457472490873
h2o_ccpvdz,H$_2$O/cc-pVDZ,27500,9.018696791628145
h2o_ccpvdz,H$_2$O/cc-pVDZ,27510,8.709729030854874
h2o_ccpvdz,H$_2$O/cc-pVDZ,27520,8.831526086694907
h2o_ccpvdz,H$_2$O/cc-pVDZ,27530,8.758705381396226
h2o_ccpvdz,H$_2$O/cc-pVDZ,27540,8.716973446439624
h2o_ccpvdz,H$_2$O/cc-pVDZ,27550,8.722385352896822
h2o_ccpvdz,H$_2$O/cc-pVDZ,27560,9.894742070457596
h2o_ccpvdz,H$_2$O/cc-pVDZ,27570,9.740251049393578
h2o_ccpvdz,H$_2$O/cc-pVDZ,27580,9.26858184831758
h2o_ccpvdz,H$_2$O/cc-pVDZ,27590,8.922974852495713
h2o_ccpvdz,H$_2$O/cc-pVDZ,27600,8.700195328458449
h2o_ccpvdz,H$_2$O/cc-pVDZ,27610,8.803710093161499
h2o_ccpvdz,H$_2$O/cc-pVDZ,27620,8.558851657980426
h2o_ccpvdz,H$_2$O/cc-pVDZ,27630,8.701574409343493
h2o_ccpvdz,H$_2$O/cc-pVDZ,27640,8.831319887676159
h2o_ccpvdz,H$_2$O/cc-pVDZ,27650,8.733112245565167
h2o_ccpvdz,H$_2$O/cc-pVDZ,27660,10.426794278941998
h2o_ccpvdz,H$_2$O/cc-pVDZ,27670,9.017895606419302
h2o_ccpvdz,H$_2$O/cc-pVDZ,27680,9.334408243333314
h2o_ccpvdz,H$_2$O/cc-pVDZ,27690,8.591869256193263
h2o_ccpvdz,H$_2$O/cc-pVDZ,27700,8.540217171741915
h2o_ccpvdz,H$_2$O/cc-pVDZ,27710,9.9429073863746
h2o_ccpvdz,H$_2$O/cc-pVDZ,27720,8.589283285814986
h2o_ccpvdz,H$_2$O/cc-pVDZ,27730,8.80024097249077
h2o_ccpvdz,H$_2$O/cc-pVDZ,27740,8.44920379621783
h2o_ccpvdz,H$_2$O/cc-pVDZ,27750,8.858293601790024
h2o_ccpvdz,H$_2$O/cc-pVDZ,27760,8.713162182360179
h2o_ccpvdz,H$_2$O/cc-pVDZ,27770,8.593723311108192
h2o_ccpvdz,H$_2$O/cc-pVDZ,27780,8.569503752312357
h2o_ccpvdz,H$_2$O/cc-pVDZ,27790,8.585656731838753
h2o_ccpvdz,H$_2$O/cc-pVDZ,27800,8.809543693487853
h2o_ccpvdz,H$_2$O/cc-pVDZ,27810,8.491227455536432
h2o_ccpvdz,H$_2$O/cc-pVDZ,27820,9.37434530167991
h2o_ccpvdz,H$_2$O/cc-pVDZ,27830,8.407983039532496
h2o_ccpvdz,H$_2$O/cc-pVDZ,27840,8.709947280578945
h2o_ccpvdz,H$_2$O/cc-pVDZ,27850,8.767819152623701
h2o_ccpvdz,H$_2$O/cc-pVDZ,27860,8.92450527440758
h2o_ccpvdz,H$_2$O/cc-pVDZ,27870,8.625944167704347
h2o_ccpvdz,H$_2$O/cc-pVDZ,27880,8.86574837828391
h2o_ccpvdz,H$_2$O/cc-pVDZ,27890,9.133141629604324
h2o_ccpvdz,H$_2$O/cc-pVDZ,27900,8.684551962758746
h2o_ccpvdz,H$_2$O/cc-pVDZ,27910,8.726415603831583
h2o_ccpvdz,H$_2$O/cc-pVDZ,27920,8.706532768599118
h2o_ccpvdz,H$_2$O/cc-pVDZ,27930,8.54744455395462
h2o_ccpvdz,H$_2$O/cc-pVDZ,27940,9.187125113555794
h2o_ccpvdz,H$_2$O/cc-pVDZ,27950,8.938560919432348
h2o_ccpvdz,H$_2$O/cc-pVDZ,27960,8.554797380213586
h2o_ccpvdz,H$_2$O/cc-pVDZ,27970,8.388119872151378
h2o_ccpvdz,H$_2$O/cc-pVDZ,27980,9.019092843502108
h2o_ccpvdz,H$_2$O/cc-pVDZ,27990,9.234835337679215
h2o_ccpvdz,H$_2$O/cc-pVDZ,28000,8.607385449423077
h2o_ccpvdz,H$_2$O/cc-pVDZ,28010,9.42909137172876
h2o_ccpvdz,H$_2$O/cc-pVDZ,28020,8.750573806722173
h2o_ccpvdz,H$_2$O/cc-pVDZ,28030,8.61314360932397
h2o_ccpvdz,H$_2$O/cc-pVDZ,28040,8.830039264793754
h2o_ccpvdz,H$_2$O/cc-pVDZ,28050,8.704440797885127
h2o_ccpvdz,H$_2$O/cc-pVDZ,28060,9.261585346024503
h2o_ccpvdz,H$_2$O/cc-pVDZ,28070,8.894108051549665
h2o_ccpvdz,H$_2$O/cc-pVDZ,28080,8.526946011883751
h2o_ccpvdz,H$_2$O/cc-pVDZ,28090,8.585034961271276
h2o_ccpvdz,H$_2$O/cc-pVDZ,28100,8.507386548160412
h2o_ccpvdz,H$_2$O/cc-pVDZ,28110,8.827125402689262
h2o_ccpvdz,H$_2$O/cc-pVDZ,28120,8.490774839472692
h2o_ccpvdz,H$_2$O/cc-pVDZ,28130,8.958689716649815
h2o_ccpvdz,H$_2$O/cc-pVDZ,28140,8.745427846051257
h2o_ccpvdz,H$_2$O/cc-pVDZ,28150,8.762913883657575
h2o_ccpvdz,H$_2$O/cc-pVDZ,28160,9.379207004542423
h2o_ccpvdz,H$_2$O/cc-pVDZ,28170,8.785475348759064
h2o_ccpvdz,H$_2$O/cc-pVDZ,28180,8.509163582033352
h2o_ccpvdz,H$_2$O/cc-pVDZ,28190,8.590130931466433
h2o_ccpvdz,H$_2$O/cc-pVDZ,28200,8.619644501209223
h2o_ccpvdz,H$_2$O/cc-pVDZ,28210,8.664881715560568
h2o_ccpvdz,H$_2$O/cc-pVDZ,28220,8.492141593393399
h2o_ccpvdz,H$_2$O/cc-pVDZ,28230,8.663288075823061
h2o_ccpvdz,H$_2$O/cc-pVDZ,28240,8.602696892850759
h2o_ccpvdz,H$_2$O/cc-pVDZ,28250,9.094085695821263
h2o_ccpvdz,H$_2$O/cc-pVDZ,28260,8.608403335060189
h2o_ccpvdz,H$_2$O/cc-pVDZ,28270,8.595705737505455
h2o_ccpvdz,H$_2$O/cc-pVDZ,28280,8.676583182761988
h2o_ccpvdz,H$_2$O/cc-pVDZ,28290,9.251915846235192
h2o_ccpvdz,H$_2$O/cc-pVDZ,28300,8.590019065792376
h2o_ccpvdz,H$_2$O/cc-pVDZ,28310,8.510873289793608
h2o_ccpvdz,H$_2$O/cc-pVDZ,28320,9.027881642197144
h2o_ccpvdz,H$_2$O/cc-pVDZ,28330,8.654026551255356
h2o_ccpvdz,H$_2$O/cc-pVDZ,28340,9.22371891191176
h2o_ccpvdz,H$_2$O/cc-pVDZ,28350,9.065864404007584
h2o_ccpvdz,H$_2$O/cc-pVDZ,28360,8.66687925385179
h2o_ccpvdz,H$_2$O/cc-pVDZ,28370,8.42263160527068
h2o_ccpvdz,H$_2$O/cc-pVDZ,28380,8.636257171644957
h2o_ccpvdz,H$_2$O/cc-pVDZ,28390,8.654284201952578
h2o_ccpvdz,H$_2$O/cc-pVDZ,28400,8.708836230695738
h2o_ccpvdz,H$_2$O/cc-pVDZ,28410,9.425560139604272
h2o_ccpvdz,H$_2$O/cc-pVDZ,28420,8.66943811590204
h2o_ccpvdz,H$_2$O/cc-pVDZ,28430,8.4391650809863
h2o_ccpvdz,H$_2$O/cc-pVDZ,28440,8.544725300083655
h2o_ccpvdz,H$_2$O/cc-pVDZ,28450,9.01756995050107
h2o_ccpvdz,H$_2$O/cc-pVDZ,28460,8.589232466206909
h2o_ccpvdz,H$_2$O/cc-pVDZ,28470,8.479123228610774
h2o_ccpvdz,H$_2$O/cc-pVDZ,28480,8.702632829596268
h2o_ccpvdz,H$_2$O/cc-pVDZ,28490,8.678627117305382
h2o_ccpvdz,H$_2$O/cc-pVDZ,28500,8.782892886173954
h2o_ccpvdz,H$_2$O/cc-pVDZ,28510,9.102911056146468
h2o_ccpvdz,H$_2$O/cc-pVDZ,28520,8.547454416316214
h2o_ccpvdz,H$_2$O/cc-pVDZ,28530,8.386060380274785
h2o_ccpvdz,H$_2$O/cc-pVDZ,28540,8.787646789983228
h2o_ccpvdz,H$_2$O/cc-pVDZ,28550,8.784334797297788
h2o_ccpvdz,H$_2$O/cc-pVDZ,28560,8.456470360641788
h2o_ccpvdz,H$_2$O/cc-pVDZ,28570,9.731382399394306
h2o_ccpvdz,H$_2$O/cc-pVDZ,28580,8.96342297960473
h2o_ccpvdz,H$_2$O/cc-pVDZ,28590,8.756722269367856
h2o_ccpvdz,H$_2$O/cc-pVDZ,28600,8.42091557557012
h2o_ccpvdz,H$_2$O/cc-pVDZ,28610,8.718424033872907
h2o_ccpvdz,H$_2$O/cc-pVDZ,28620,8.735393454657014
h2o_ccpvdz,H$_2$O/cc-pVDZ,28630,8.568354841287373
h2o_ccpvdz,H$_2$O/cc-pVDZ,28640,9.15294761603036
h2o_ccpvdz,H$_2$O/cc-pVDZ,28650,8.9271062909404
h2o_ccpvdz,H$_2$O/cc-pVDZ,28660,8.455597679784432
h2o_ccpvdz,H$_2$O/cc-pVDZ,28670,9.415231662956103
h2o_ccpvdz,H$_2$O/cc-pVDZ,28680,8.642413638867197
h2o_ccpvdz,H$_2$O/cc-pVDZ,28690,9.704195000651339
h2o_ccpvdz,H$_2$O/cc-pVDZ,28700,8.783336501480221
h2o_ccpvdz,H$_2$O/cc-pVDZ,28710,8.896991449205416
h2o_ccpvdz,H$_2$O/cc-pVDZ,28720,8.741565598000989
h2o_ccpvdz,H$_2$O/cc-pVDZ,28730,8.405256113235282
h2o_ccpvdz,H$_2$O/cc-pVDZ,28740,8.34171723461452
h2o_ccpvdz,H$_2$O/cc-pVDZ,28750,8.695881718665532
h2o_ccpvdz,H$_2$O/cc-pVDZ,28760,8.872940866964996
h2o_ccpvdz,H$_2$O/cc-pVDZ,28770,8.538843525485618
h2o_ccpvdz,H$_2$O/cc-pVDZ,28780,8.453579699704505
h2o_ccpvdz,H$_2$O/cc-pVDZ,28790,8.53095906674639
h2o_ccpvdz,H$_2$O/cc-pVDZ,28800,8.910331584203846
h2o_ccpvdz,H$_2$O/cc-pVDZ,28810,8.475325497556696
h2o_ccpvdz,H$_2$O/cc-pVDZ,28820,8.440800335520748
h2o_ccpvdz,H$_2$O/cc-pVDZ,28830,10.035262613698137
h2o_ccpvdz,H$_2$O/cc-pVDZ,28840,9.231540377825809
h2o_ccpvdz,H$_2$O/cc-pVDZ,28850,8.66366771602145
h2o_ccpvdz,H$_2$O/cc-pVDZ,28860,8.540758304718565
h2o_ccpvdz,H$_2$O/cc-pVDZ,28870,8.906139757371534
h2o_ccpvdz,H$_2$O/cc-pVDZ,28880,9.121639351349131
h2o_ccpvdz,H$_2$O/cc-pVDZ,28890,8.494205799507881
h2o_ccpvdz,H$_2$O/cc-pVDZ,28900,8.46219760454403
h2o_ccpvdz,H$_2$O/cc-pVDZ,28910,8.795176913579894
h2o_ccpvdz,H$_2$O/cc-pVDZ,28920,9.129424601653113
h2o_ccpvdz,H$_2$O/cc-pVDZ,28930,8.790527701734163
h2o_ccpvdz,H$_2$O/cc-pVDZ,28940,8.569728554618905
h2o_ccpvdz,H$_2$O/cc-pVDZ,28950,8.419256315548296
h2o_ccpvdz,H$_2$O/cc-pVDZ,28960,9.086164377563932
h2o_ccpvdz,H$_2$O/cc-pVDZ,28970,8.392188901169106
h2o_ccpvdz,H$_2$O/cc-pVDZ,28980,8.924048491223857
h2o_ccpvdz,H$_2$O/cc-pVDZ,28990,8.443098848687214
h2o_ccpvdz,H$_2$O/cc-pVDZ,29000,8.44839521013796
h2o_ccpvdz,H$_2$O/cc-pVDZ,29010,8.385902054300232
h2o_ccpvdz,H$_2$O/cc-pVDZ,29020,8.557894990289583
h2o_ccpvdz,H$_2$O/cc-pVDZ,29030,8.643031993102568
h2o_ccpvdz,H$_2$O/cc-pVDZ,29040,8.662989356437834
h2o_ccpvdz,H$_2$O/cc-pVDZ,29050,8.718890117592082
h2o_ccpvdz,H$_2$O/cc-pVDZ,29060,8.544310629432061
h2o_ccpvdz,H$_2$O/cc-pVDZ,29070,8.308953581931178
h2o_ccpvdz,H$_2$O/cc-pVDZ,29080,8.51101632243001
h2o_ccpvdz,H$_2$O/cc-pVDZ,29090,8.787360001647926
h2o_ccpvdz,H$_2$O/cc-pVDZ,29100,8.570582111389058
h2o_ccpvdz,H$_2$O/cc-pVDZ,29110,8.981032276366818
h2o_ccpvdz,H$_2$O/cc-pVDZ,29120,9.495672819113565
h2o_ccpvdz,H$_2$O/cc-pVDZ,29130,8.520634934313875
h2o_ccpvdz,H$_2$O/cc-pVDZ,29140,8.37257942505687
h2o_ccpvdz,H$_2$O/cc-pVDZ,29150,8.419007348123841
h2o_ccpvdz,H$_2$O/cc-pVDZ,29160,8.744034097702524
h2o_ccpvdz,H$_2$O/cc-pVDZ,29170,8.550451263687364
h2o_ccpvdz,H$_2$O/cc-pVDZ,29180,9.183926364443096
h2o_ccpvdz,H$_2$O/cc-pVDZ,29190,9.01493349094551
h2o_ccpvdz,H$_2$O/cc-pVDZ,29200,8.628550440903382
h2o_ccpvdz,H$_2$O/cc-pVDZ,29210,8.496498376857176
h2o_ccpvdz,H$_2$O/cc-pVDZ,29220,8.496774592444467
h2o_ccpvdz,H$_2$O/cc-pVDZ,29230,8.498967530897517
h2o_ccpvdz,H$_2$O/cc-pVDZ,29240,8.555204847567666
h2o_ccpvdz,H$_2$O/cc-pVDZ,29250,8.437481478992481
h2o_ccpvdz,H$_2$O/cc-pVDZ,29260,8.934519700844135
h2o_ccpvdz,H$_2$O/cc-pVDZ,29270,9.683299467766915
h2o_ccpvdz,H$_2$O/cc-pVDZ,29280,8.757762825723603
h2o_ccpvdz,H$_2$O/cc-pVDZ,29290,8.446363811941637
h2o_ccpvdz,H$_2$O/cc-pVDZ,29300,8.379886816811677
h2o_ccpvdz,H$_2$O/cc-pVDZ,29310,8.482109243033165
h2o_ccpvdz,H$_2$O/cc-pVDZ,29320,8.75556527037702
h2o_ccpvdz,H$_2$O/cc-pVDZ,29330,8.40189599085761
h2o_ccpvdz,H$_2$O/cc-pVDZ,29340,8.797919306374524
h2o_ccpvdz,H$_2$O/cc-pVDZ,29350,8.926358826457204
h2o_ccpvdz,H$_2$O/cc-pVDZ,29360,8.486976064489227
h2o_ccpvdz,H$_2$O/cc-pVDZ,29370,8.451932637782988
h2o_ccpvdz,H$_2$O/cc-pVDZ,29380,8.996951270773934
h2o_ccpvdz,H$_2$O/cc-pVDZ,29390,9.03127871886511
h2o_ccpvdz,H$_2$O/cc-pVDZ,29400,8.722336874015468
h2o_ccpvdz,H$_2$O/cc-pVDZ,29410,8.56742472367955
h2o_ccpvdz,H$_2$O/cc-pVDZ,29420,8.750110200026029
h2o_ccpvdz,H$_2$O/cc-pVDZ,29430,8.407407090814445
h2o_ccpvdz,H$_2$O/cc-pVDZ,29440,8.850092067135051
h2o_ccpvdz,H$_2$O/cc-pVDZ,29450,8.74076703468063
h2o_ccpvdz,H$_2$O/cc-pVDZ,29460,9.271201234568593
h2o_ccpvdz,H$_2$O/cc-pVDZ,29470,8.54927331329236
h2o_ccpvdz,H$_2$O/cc-pVDZ,29480,9.405560423033421
h2o_ccpvdz,H$_2$O/cc-pVDZ,29490,8.501176326433324
h2o_ccpvdz,H$_2$O/cc-pVDZ,29500,8.45232357916359
h2o_ccpvdz,H$_2$O/cc-pVDZ,29510,8.631586773589106
h2o_ccpvdz,H$_2$O/cc-pVDZ,29520,8.823913520913607
h2o_ccpvdz,H$_2$O/cc-pVDZ,29530,8.488803402087797
h2o_ccpvdz,H$_2$O/cc-pVDZ,29540,8.465070138086617
h2o_ccpvdz,H$_2$O/cc-pVDZ,29550,8.559802848523645
h2o_ccpvdz,H$_2$O/cc-pVDZ,29560,8.793013924204729
h2o_ccpvdz,H$_2$O/cc-pVDZ,29570,8.752148267234361
h2o_ccpvdz,H$_2$O/cc-pVDZ,29580,8.701358070055676
h2o_ccpvdz,H$_2$O/cc-pVDZ,29590,8.472193039594345
h2o_ccpvdz,H$_2$O/cc-pVDZ,29600,8.242698154589334
h2o_ccpvdz,H$_2$O/cc-pVDZ,29610,8.36822012645655
h2o_ccpvdz,H$_2$O/cc-pVDZ,29620,8.736790781370019
h2o_ccpvdz,H$_2$O/cc-pVDZ,29630,9.59294852677317
h2o_ccpvdz,H$_2$O/cc-pVDZ,29640,8.732237008757693
h2o_ccpvdz,H$_2$O/cc-pVDZ,29650,8.686558849476
h2o_ccpvdz,H$_2$O/cc-pVDZ,29660,8.47430746304667
h2o_ccpvdz,H$_2$O/cc-pVDZ,29670,8.376859707055928
h2o_ccpvdz,H$_2$O/cc-pVDZ,29680,8.449232561801523
h2o_ccpvdz,H$_2$O/cc-pVDZ,29690,10.15860544981706
h2o_ccpvdz,H$_2$O/cc-pVDZ,29700,8.322055733231082
h2o_ccpvdz,H$_2$O/cc-pVDZ,29710,9.070209317627587
h2o_ccpvdz,H$_2$O/cc-pVDZ,29720,8.458338884722139
h2o_ccpvdz,H$_2$O/cc-pVDZ,29730,8.348088133558917
h2o_ccpvdz,H$_2$O/cc-pVDZ,29740,8.303823069567784
h2o_ccpvdz,H$_2$O/cc-pVDZ,29750,8.251522041604176
h2o_ccpvdz,H$_2$O/cc-pVDZ,29760,8.72137026031794
h2o_ccpvdz,H$_2$O/cc-pVDZ,29770,8.584404610417096
h2o_ccpvdz,H$_2$O/cc-pVDZ,29780,8.9376363599456
h2o_ccpvdz,H$_2$O/cc-pVDZ,29790,8.812917902631057
h2o_ccpvdz,H$_2$O/cc-pVDZ,29800,8.34571647475002
h2o_ccpvdz,H$_2$O/cc-pVDZ,29810,8.303600880879003
h2o_ccpvdz,H$_2$O/cc-pVDZ,29820,8.440446185247197
h2o_ccpvdz,H$_2$O/cc-pVDZ,29830,9.285014601317698
h2o_ccpvdz,H$_2$O/cc-pVDZ,29840,8.81393101603578
h2o_ccpvdz,H$_2$O/cc-pVDZ,29850,8.376848621026056
h2o_ccpvdz,H$_2$O/cc-pVDZ,29860,9.333459864492966
h2o_ccpvdz,H$_2$O/cc-pVDZ,29870,8.836487674486193
h2o_ccpvdz,H$_2$O/cc-pVDZ,29880,8.520353488847832
h2o_ccpvdz,H$_2$O/cc-pVDZ,29890,8.389872367956741
h2o_ccpvdz,H$_2$O/cc-pVDZ,29900,8.78227496782813
h2o_ccpvdz,H$_2$O/cc-pVDZ,29910,10.256878952944248
h2o_ccpvdz,H$_2$O/cc-pVDZ,29920,9.302006125636808
h2o_ccpvdz,H$_2$O/cc-pVDZ,29930,8.753488970228318
h2o_ccpvdz,H$_2$O/cc-pVDZ,29940,8.488764207712052
h2o_ccpvdz,H$_2$O/cc-pVDZ,29950,8.559476304967006
h2o_ccpvdz,H$_2$O/cc-pVDZ,29960,9.289095042745998
h2o_ccpvdz,H$_2$O/cc-pVDZ,29970,8.699568498798271
h2o_ccpvdz,H$_2$O/cc-pVDZ,29980,8.280759154487782
h2o_ccpvdz,H$_2$O/cc-pVDZ,29990,8.300145289041438
h2o_ccpvdz,H$_2$O/cc-pVDZ,30000,8.22596310969459
cr2_cas24e30o,"Cr$_2$ CAS(24e,30o)",1,401.6065794153292
cr2_cas24e30o,"Cr$_2$ CAS(24e,30o)",10,377.19071726405673
cr2_cas24e30o,"Cr$_2$ CAS(24e,30o)",20,362.456111316078
cr2_cas24e30o,"Cr$_2$ CAS(24e,30o)",30,355.0492646713792
cr2_cas24e30o,"Cr$_2$ CAS(24e,30o)",40,349.9212179854112
cr2_cas24e30o,"Cr$_2$ CAS(24e,30o)",50,346.48700025400103
cr2_cas24e30o,"Cr$_2$ CAS(24e,30o)",60,342.83185297499585
cr2_cas24e30o,"Cr$_2$ CAS(24e,30o)",70,342.17424402186225
cr2_cas24e30o,"Cr$_2$ CAS(24e,30o)",80,342.6385949783253
cr2_cas24e30o,"Cr$_2$ CAS(24e,30o)",90,347.80320449408464
cr2_cas24e30o,"Cr$_2$ CAS(24e,30o)",100,339.33279654183934
cr2_cas24e30o,"Cr$_2$ CAS(24e,30o)",110,345.3884131736231
cr2_cas24e30o,"Cr$_2$ CAS(24e,30o)",120,340.3752079766491
cr2_cas24e30o,"Cr$_2$ CAS(24e,30o)",130,338.37304157941617
cr2_cas24e30o,"Cr$_2$ CAS(24e,30o)",140,347.04221836364013
cr2_cas24e30o,"Cr$_2$ CAS(24e,30o)",150,337.8560174073755
cr2_cas24e30o,"Cr$_2$ CAS(24e,30o)",160,336.81394626728434
cr2_cas24e30o,"Cr$_2$ CAS(24e,30o)",170,344.7057080566083
cr2_cas24e30o,"Cr$_2$ CAS(24e,30o)",180,725.5330589455298
cr2_cas24e30o,"Cr$_2$ CAS(24e,30o)",190,578.0621042208622
cr2_cas24e30o,"Cr$_2$ CAS(24e,30o)",200,547.9263351248846
cr2_cas24e30o,"Cr$_2$ CAS(24e,30o)",210,533.3456373809895
cr2_cas24e30o,"Cr$_2$ CAS(24e,30o)",220,502.13676640396443
cr2_cas24e30o,"Cr$_2$ CAS(24e,30o)",230,460.6020021506083
cr2_cas24e30o,"Cr$_2$ CAS(24e,30o)",240,431.69379503888194
cr2_cas24e30o,"Cr$_2$ CAS(24e,30o)",250,407.1183012461006
cr2_cas24e30o,"Cr$_2$ CAS(24e,30o)",260,394.43199474226276
cr2_cas24e30o,"Cr$_2$ CAS(24e,30o)",270,387.8587788617551
cr2_cas24e30o,"Cr$_2$ CAS(24e,30o)",280,381.7744266120826
cr2_cas24e30o,"Cr$_2$ CAS(24e,30o)",290,375.8560538535676
cr2_cas24e30o,"Cr$_2$ CAS(24e,30o)",300,371.46768734373836
cr2_cas24e30o,"Cr$_2$ CAS(24e,30o)",310,371.4672017331395
cr2_cas24e30o,"Cr$_2$ CAS(24e,30o)",320,361.40163998743446
cr2_cas24e30o,"Cr$_2$ CAS(24e,30o)",330,358.76350892476694
cr2_cas24e30o,"Cr$_2$ CAS(24e,30o)",340,366.2757350721222
cr2_cas24e30o,"Cr$_2$ CAS(24e,30o)",350,353.1022775814563
cr2_cas24e30o,"Cr$_2$ CAS(24e,30o)",360,348.90570430798107
cr2_cas24e30o,"Cr$_2$ CAS(24e,30o)",370,344.79729366148604
cr2_cas24e30o,"Cr$_2$ CAS(24e,30o)",380,342.32860822794464
cr2_cas24e30o,"Cr$_2$ CAS(24e,30o)",390,340.7942988778814
cr2_cas24e30o,"Cr$_2$ CAS(24e,30o)",400,343.75227532746067
cr2_cas24e30o,"Cr$_2$ CAS(24e,30o)",410,345.3976834084642
cr2_cas24e30o,"Cr$_2$ CAS(24e,30o)",420,339.0122749369766
cr2_cas24e30o,"Cr$_2$ CAS(24e,30o)",430,335.6708503151822
cr2_cas24e30o,"Cr$_2$ CAS(24e,30o)",440,332.76923929724944
cr2_cas24e30o,"Cr$_2$ CAS(24e,30o)",450,332.83737179453965
cr2_cas24e30o,"Cr$_2$ CAS(24e,30o)",460,334.6919744421939
cr2_cas24e30o,"Cr$_2$ CAS(24e,30o)",470,338.25686847376346
cr2_cas24e30o,"Cr$_2$ CAS(24e,30o)",480,334.505914294823
cr2_cas24e30o,"Cr$_2$ CAS(24e,30o)",490,333.22760392547934
cr2_cas24e30o,"Cr$_2$ CAS(24e,30o)",500,331.78953454716975
cr2_cas24e30o,"Cr$_2$ CAS(24e,30o)",510,332.15745211600733
cr2_cas24e30o,"Cr$_2$ CAS(24e,30o)",520,328.85543967177
cr2_cas24e30o,"Cr$_2$ CAS(24e,30o)",530,336.36504939704537
cr2_cas24e30o,"Cr$_2$ CAS(24e,30o)",540,333.3926203304145
cr2_cas24e30o,"Cr$_2$ CAS(24e,30o)",550,335.27628073807136
cr2_cas24e30o,"Cr$_2$ CAS(24e,30o)",560,328.4346782766079
cr2_cas24e30o,"Cr$_2$ CAS(24e,30o)",570,325.7654462481696
cr2_cas24e30o,"Cr$_2$ CAS(24e,30o)",580,324.67767902062405
cr2_cas24e30o,"Cr$_2$ CAS(24e,30o)",590,334.19930246418517
cr2_cas24e30o,"Cr$_2$ CAS(24e,30o)",600,323.2377476824695
cr2_cas24e30o,"Cr$_2$ CAS(24e,30o)",610,324.79802531770474
cr2_cas24e30o,"Cr$_2$ CAS(24e,30o)",620,327.0124865366597
cr2_cas24e30o,"Cr$_2$ CAS(24e,30o)",630,327.7688052166923
cr2_cas24e30o,"Cr$_2$ CAS(24e,30o)",640,322.5271765218167
cr2_cas24e30o,"Cr$_2$ CAS(24e,30o)",650,323.16845465311417
cr2_cas24e30o,"Cr$_2$ CAS(24e,30o)",660,328.8649983915093
cr2_cas24e30o,"Cr$_2$ CAS(24e,30o)",670,321.77810954226516
cr2_cas24e30o,"Cr$_2$ CAS(24e,30o)",680,322.1174146260637
cr2_cas24e30o,"Cr$_2$ CAS(24e,30o)",690,321.8202301659403
cr2_cas24e30o,"Cr$_2$ CAS(24e,30o)",700,317.1939285498411
cr2_cas24e30o,"Cr$_2$ CAS(24e,30o)",710,317.0406394192469
cr2_cas24e30o,"Cr$_2$ CAS(24e,30o)",720,316.65270692383274
cr2_cas24e30o,"Cr$_2$ CAS(24e,30o)",730,317.1932351719988
cr2_cas24e30o,"Cr$_2$ CAS(24e,30o)",740,323.99345875728613
cr2_cas24e30o,"Cr$_2$ CAS(24e,30o)",750,317.742011246537
cr2_cas24e30o,"Cr$_2$ CAS(24e,30o)",760,316.44572783534386
cr2_cas24e30o,"Cr$_2$ CAS(24e,30o)",770,317.4417745890423
cr2_cas24e30o,"Cr$_2$ CAS(24e,30o)",780,318.89066671556066
cr2_cas24e30o,"Cr$_2$ CAS(24e,30o)",790,321.50289686205724
cr2_cas24e30o,"Cr$_2$ CAS(24e,30o)",800,317.42115673023363
cr2_cas24e30o,"Cr$_2$ CAS(24e,30o)",810,313.85501558088436
cr2_cas24e30o,"Cr$_2$ CAS(24e,30o)",820,312.24919418446007
cr2_cas24e30o,"Cr$_2$ CAS(24e,30o)",830,316.28772825297347
cr2_cas24e30o,"Cr$_2$ CAS(24e,30o)",840,316.44008707235116
cr2_cas24e30o,"Cr$_2$ CAS(24e,30o)",850,314.5864289135716
cr2_cas24e30o,"Cr$_2$ CAS(24e,30o)",860,313.9436270139413
cr2_cas24e30o,"Cr$_2$ CAS(24e,30o)",870,313.0766038930233
cr2_cas24e30o,"Cr$_2$ CAS(24e,30o)",880,309.8008906213181
cr2_cas24e30o,"Cr$_2$ CAS(24e,30o)",890,317.82290801447743
cr2_cas24e30o,"Cr$_2$ CAS(24e,30o)",900,313.71108383564206
cr2_cas24e30o,"Cr$_2$ CAS(24e,30o)",910,357.78204931511937
cr2_cas24e30o,"Cr$_2$ CAS(24e,30o)",920,325.67127366337445
cr2_cas24e30o,"Cr$_2$ CAS(24e,30o)",930,322.9139982609013
cr2_cas24e30o,"Cr$_2$ CAS(24e,30o)",940,309.7741071578639
cr2_cas24e30o,"Cr$_2$ CAS(24e,30o)",950,308.90653860342354
cr2_cas24e30o,"Cr$_2$ CAS(24e,30o)",960,305.99889549694126
cr2_cas24e30o,"Cr$_2$ CAS(24e,30o)",970,305.4520034788766
cr2_cas24e30o,"Cr$_2$ CAS(24e,30o)",980,304.0529075710765
cr2_cas24e30o,"Cr$_2$ CAS(24e,30o)",990,320.6843554112311
cr2_cas24e30o,"Cr$_2$ CAS(24e,30o)",1000,317.9355711340577
cr2_cas24e30o,"Cr$_2$ CAS(24e,30o)",1010,321.42178905360197
cr2_cas24e30o,"Cr$_2$ CAS(24e,30o)",1020,316.7579024143379
cr2_cas24e30o,"Cr$_2$ CAS(24e,30o)",1030,306.7317306768018
cr2_cas24e30o,"Cr$_2$ CAS(24e,30o)",1040,304.4694340624119
cr2_cas24e30o,"Cr$_2$ CAS(24e,30o)",1050,309.46407437613743
cr2_cas24e30o,"Cr$_2$ CAS(24e,30o)",1060,303.83829859329126
cr2_cas24e30o,"Cr$_2$ CAS(24e,30o)",1070,302.63641370811456
cr2_cas24e30o,"Cr$_2$ CAS(24e,30o)",1080,304.8162203795073
cr2_cas24e30o,"Cr$_2$ CAS(24e,30o)",1090,303.8602999313298
cr2_cas24e30o,"Cr$_2$ CAS(24e,30o)",1100,305.0560201590997
cr2_cas24e30o,"Cr$_2$ CAS(24e,30o)",1110,304.35426479880334
cr2_cas24e30o,"Cr$_2$ CAS(24e,30o)",1120,304.0428185613564
cr2_cas24e30o,"Cr$_2$ CAS(24e,30o)",1130,309.16417676553465
cr2_cas24e30o,"Cr$_2$ CAS(24e,30o)",1140,305.7359499857739
cr2_cas24e30o,"Cr$_2$ CAS(24e,30o)",1150,301.0695722314267
cr2_cas24e30o,"Cr$_2$ CAS(24e,30o)",1160,306.4511730367485
cr2_cas24e30o,"Cr$_2$ CAS(24e,30o)",1170,307.8863080127121
cr2_cas24e30o,"Cr$_2$ CAS(24e,30o)",1180,302.2141092419588
cr2_cas24e30o,"Cr$_2$ CAS(24e,30o)",1190,304.6324980427926
cr2_cas24e30o,"Cr$_2$ CAS(24e,30o)",1200,303.0990028319138
cr2_cas24e30o,"Cr$_2$ CAS(24e,30o)",1210,305.9253045694277
cr2_cas24e30o,"Cr$_2$ CAS(24e,30o)",1220,302.9753330561107
cr2_cas24e30o,"Cr$_2$ CAS(24e,30o)",1230,301.15042954594173
cr2_cas24e30o,"Cr$_2$ CAS(24e,30o)",1240,304.213797511693
cr2_cas24e30o,"Cr$_2$ CAS(24e,30o)",1250,303.9691870162642
cr2_cas24e30o,"Cr$_2$ CAS(24e,30o)",1260,306.3942679905267
cr2_cas24e30o,"Cr$_2$ CAS(24e,30o)",1270,312.6898882737805
cr2_cas24e30o,"Cr$_2$ CAS(24e,30o)",1280,304.03103458047553
cr2_cas24e30o,"Cr$_2$ CAS(24e,30o)",1290,301.2597804836332
cr2_cas24e30o,"Cr$_2$ CAS(24e,30o)",1300,302.46803864201866
cr2_cas24e30o,"Cr$_2$ CAS(24e,30o)",1310,300.95024873116927
cr2_cas24e30o,"Cr$_2$ CAS(24e,30o)",1320,301.9634101883639
cr2_cas24e30o,"Cr$_2$ CAS(24e,30o)",1330,302.69211848099076
cr2_cas24e30o,"Cr$_2$ CAS(24e,30o)",1340,301.9376139936867
cr2_cas24e30o,"Cr$_2$ CAS(24e,30o)",1350,300.1271436651223
cr2_cas24e30o,"Cr$_2$ CAS(24e,30o)",1360,302.13011731984807
cr2_cas24e30o,"Cr$_2$ CAS(24e,30o)",1370,298.7669966955764
cr2_cas24e30o,"Cr$_2$ CAS(24e,30o)",1380,300.44502428154374
cr2_cas24e30o,"Cr$_2$ CAS(24e,30o)",1390,302.0469311918532
cr2_cas24e30o,"Cr$_2$ CAS(24e,30o)",1400,301.4998731491687
cr2_cas24e30o,"Cr$_2$ CAS(24e,30o)",1410,301.1132987203382
cr2_cas24e30o,"Cr$_2$ CAS(24e,30o)",1420,299.7034664676903
cr2_cas24e30o,"Cr$_2$ CAS(24e,30o)",1430,300.41260829511884
cr2_cas24e30o,"Cr$_2$ CAS(24e,30o)",1440,297.92997402955734
cr2_cas24e30o,"Cr$_2$ CAS(24e,30o)",1450,319.79325952352156
cr2_cas24e30o,"Cr$_2$ CAS(24e,30o)",1460,320.84747377575695
cr2_cas24e30o,"Cr$_2$ CAS(24e,30o)",1470,311.4559299715438
cr2_cas24e30o,"Cr$_2$ CAS(24e,30o)",1480,301.13400211484986
cr2_cas24e30o,"Cr$_2$ CAS(24e,30o)",1490,297.4731706513012
cr2_cas24e30o,"Cr$_2$ CAS(24e,30o)",1500,299.13099753275674
cr2_cas24e30o,"Cr$_2$ CAS(24e,30o)",1510,294.35771426369683
cr2_cas24e30o,"Cr$_2$ CAS(24e,30o)",1520,300.66440523478377
cr2_cas24e30o,"Cr$_2$ CAS(24e,30o)",1530,296.6311911472985
cr2_cas24e30o,"Cr$_2$ CAS(24e,30o)",1540,294.9695789861835
cr2_cas24e30o,"Cr$_2$ CAS(24e,30o)",1550,295.3140507165699
cr2_cas24e30o,"Cr$_2$ CAS(24e,30o)",1560,304.33301661742007
cr2_cas24e30o,"Cr$_2$ CAS(24e,30o)",1570,296.9311585102332
cr2_cas24e30o,"Cr$_2$ CAS(24e,30o)",1580,297.99816025979453
cr2_cas24e30o,"Cr$_2$ CAS(24e,30o)",1590,295.3743652915364
cr2_cas24e30o,"Cr$_2$ CAS(24e,30o)",1600,294.91792935959893
cr2_cas24e30o,"Cr$_2$ CAS(24e,30o)",1610,301.72526733758787
cr2_cas24e30o,"Cr$_2$ CAS(24e,30o)",1620,306.2240012550319
cr2_cas24e30o,"Cr$_2$ CAS(24e,30o)",1630,299.57094313203925
cr2_cas24e30o,"Cr$_2$ CAS(24e,30o)",1640,295.3065843803415
cr2_cas24e30o,"Cr$_2$ CAS(24e,30o)",1650,293.8596482963476
cr2_cas24e30o,"Cr$_2$ CAS(24e,30o)",1660,295.4796238836934
cr2_cas24e30o,"Cr$_2$ CAS(24e,30o)",1670,298.91389596332374
cr2_cas24e30o,"Cr$_2$ CAS(24e,30o)",1680,294.371344141382
cr2_cas24e30o,"Cr$_2$ CAS(24e,30o)",1690,293.36028659827207
cr2_cas24e30o,"Cr$_2$ CAS(24e,30o)",1700,294.9230839235497
cr2_cas24e30o,"Cr$_2$ CAS(24e,30o)",1710,297.1061428338544
cr2_cas24e30o,"Cr$_2$ CAS(24e,30o)",1720,299.5306835059637
cr2_cas24e30o,"Cr$_2$ CAS(24e,30o)",1730,297.0171912488695
cr2_cas24e30o,"Cr$_2$ CAS(24e,30o)",1740,296.9358210784776
cr2_cas24e30o,"Cr$_2$ CAS(24e,30o)",1750,294.5724281735238
cr2_cas24e30o,"Cr$_2$ CAS(24e,30o)",1760,298.84980490851376
cr2_cas24e30o,"Cr$_2$ CAS(24e,30o)",1770,299.5596652608583
cr2_cas24e30o,"Cr$_2$ CAS(24e,30o)",1780,316.6024701167771
cr2_cas24e30o,"Cr$_2$ CAS(24e,30o)",1790,298.5473663848097
cr2_cas24e30o,"Cr$_2$ CAS(24e,30o)",1800,294.982745661855
cr2_cas24e30o,"Cr$_2$ CAS(24e,30o)",1810,292.4247868782004
cr2_cas24e30o,"Cr$_2$ CAS(24e,30o)",1820,295.64254902288667
cr2_cas24e30o,"Cr$_2$ CAS(24e,30o)",1830,294.0749893937209
cr2_cas24e30o,"Cr$_2$ CAS(24e,30o)",1840,291.1950495808924
cr2_cas24e30o,"Cr$_2$ CAS(24e,30o)",1850,293.1177715522608
cr2_cas24e30o,"Cr$_2$ CAS(24e,30o)",1860,292.251624812252
cr2_cas24e30o,"Cr$_2$ CAS(24e,30o)",1870,300.90528898654156
cr2_cas24e30o,"Cr$_2$ CAS(24e,30o)",1880,293.1000518201472
cr2_cas24e30o,"Cr$_2$ CAS(24e,30o)",1890,290.80192925493975
cr2_cas24e30o,"Cr$_2$ CAS(24e,30o)",1900,291.15981394443224
cr2_cas24e30o,"Cr$_2$ CAS(24e,30o)",1910,291.4351942004032
cr2_cas24e30o,"Cr$_2$ CAS(24e,30o)",1920,291.3384843095628
cr2_cas24e30o,"Cr$_2$ CAS(24e,30o)",1930,291.9853841153781
cr2_cas24e30o,"Cr$_2$ CAS(24e,30o)",1940,292.90211694387835
cr2_cas24e30o,"Cr$_2$ CAS(24e,30o)",1950,295.9531741516912
cr2_cas24e30o,"Cr$_2$ CAS(24e,30o)",1960,297.3969691079219
cr2_cas24e30o,"Cr$_2$ CAS(24e,30o)",1970,289.72590628973194
cr2_cas24e30o,"Cr$_2$ CAS(24e,30o)",1980,289.33279420334657
cr2_cas24e30o,"Cr$_2$ CAS(24e,30o)",1990,298.1578930557589
cr2_cas24e30o,"Cr$_2$ CAS(24e,30o)",2000,301.48360282146314
cr2_cas24e30o,"Cr$_2$ CAS(24e,30o)",2010,291.6324784027893
cr2_cas24e30o,"Cr$_2$ CAS(24e,30o)",2020,289.90229527062183
cr2_cas24e30o,"Cr$_2$ CAS(24e,30o)",2030,292.42366827702426
cr2_cas24e30o,"Cr$_2$ CAS(24e,30o)",2040,293.43068061780286
cr2_cas24e30o,"Cr$_2$ CAS(24e,30o)",2050,289.4209879373193
cr2_cas24e30o,"Cr$_2$ CAS(24e,30o)",2060,288.3568079964789
cr2_cas24e30o,"Cr$_2$ CAS(24e,30o)",2070,288.3605847778199
cr2_cas24e30o,"Cr$_2$ CAS(24e,30o)",2080,292.29722504578604
cr2_cas24e30o,"Cr$_2$ CAS(24e,30o)",2090,290.7196355090491
cr2_cas24e30o,"Cr$_2$ CAS(24e,30o)",2100,290.51170920229197
cr2_cas24e30o,"Cr$_2$ CAS(24e,30o)",2110,298.03623382167643
cr2_cas24e30o,"Cr$_2$ CAS(24e,30o)",2120,290.889045521908
cr2_cas24e30o,"Cr$_2$ CAS(24e,30o)",2130,289.2611516958823
cr2_cas24e30o,"Cr$_2$ CAS(24e,30o)",2140,293.69069321455754
cr2_cas24e30o,"Cr$_2$ CAS(24e,30o)",2150,297.6041031047316
cr2_cas24e30o,"Cr$_2$ CAS(24e,30o)",2160,317.53163535131534
cr2_cas24e30o,"Cr$_2$ CAS(24e,30o)",2170,303.03205995187454
cr2_cas24e30o,"Cr$_2$ CAS(24e,30o)",2180,296.6487112230425
cr2_cas24e30o,"Cr$_2$ CAS(24e,30o)",2190,289.6392255834144
cr2_cas24e30o,"Cr$_2$ CAS(24e,30o)",2200,288.9244976777263
cr2_cas24e30o,"Cr$_2$ CAS(24e,30o)",2210,286.6624956945998
cr2_cas24e30o,"Cr$_2$ CAS(24e,30o)",2220,285.9717335363712
cr2_cas24e30o,"Cr$_2$ CAS(24e,30o)",2230,288.59655074347756
cr2_cas24e30o,"Cr$_2$ CAS(24e,30o)",2240,287.95456481020665
cr2_cas24e30o,"Cr$_2$ CAS(24e,30o)",2250,289.1464667486616
cr2_cas24e30o,"Cr$_2$ CAS(24e,30o)",2260,291.59703478717347
cr2_cas24e30o,"Cr$_2$ CAS(24e,30o)",2270,287.1684163460486
cr2_cas24e30o,"Cr$_2$ CAS(24e,30o)",2280,286.82170589445377
cr2_cas24e30o,"Cr$_2$ CAS(24e,30o)",2290,300.6413425705432
cr2_cas24e30o,"Cr$_2$ CAS(24e,30o)",2300,294.1141469877948
cr2_cas24e30o,"Cr$_2$ CAS(24e,30o)",2310,286.65160488253605
cr2_cas24e30o,"Cr$_2$ CAS(24e,30o)",2320,286.98413910251475
cr2_cas24e30o,"Cr$_2$ CAS(24e,30o)",2330,285.9917937553291
cr2_cas24e30o,"Cr$_2$ CAS(24e,30o)",2340,285.35480424898196
cr2_cas24e30o,"Cr$_2$ CAS(24e,30o)",2350,290.6853698896157
cr2_cas24e30o,"Cr$_2$ CAS(24e,30o)",2360,290.6653200461733
cr2_cas24e30o,"Cr$_2$ CAS(24e,30o)",2370,286.2158251132314
cr2_cas24e30o,"Cr$_2$ CAS(24e,30o)",2380,287.9118961795939
cr2_cas24e30o,"Cr$_2$ CAS(24e,30o)",2390,287.49068679098855
cr2_cas24e30o,"Cr$_2$ CAS(24e,30o)",2400,292.70017022736283
cr2_cas24e30o,"Cr$_2$ CAS(24e,30o)",2410,292.8121605941669
cr2_cas24e30o,"Cr$_2$ CAS(24e,30o)",2420,290.90794494777583
cr2_cas24e30o,"Cr$_2$ CAS(24e,30o)",2430,329.78181323642275
cr2_cas24e30o,"Cr$_2$ CAS(24e,30o)",2440,301.23615922730096
cr2_cas24e30o,"Cr$_2$ CAS(24e,30o)",2450,291.0267909005597
cr2_cas24e30o,"Cr$_2$ CAS(24e,30o)",2460,286.43140702160963
cr2_cas24e30o,"Cr$_2$ CAS(24e,30o)",2470,284.8047620741454
cr2_cas24e30o,"Cr$_2$ CAS(24e,30o)",2480,284.2877367966139
cr2_cas24e30o,"Cr$_2$ CAS(24e,30o)",2490,284.05335692195877
cr2_cas24e30o,"Cr$_2$ CAS(24e,30o)",2500,285.90853522609905
cr2_cas24e30o,"Cr$_2$ CAS(24e,30o)",2510,285.4800299201088
cr2_cas24e30o,"Cr$_2$ CAS(24e,30o)",2520,286.647976256063
cr2_cas24e30o,"Cr$_2$ CAS(24e,30o)",2530,289.7986691209553
cr2_cas24e30o,"Cr$_2$ CAS(24e,30o)",2540,286.73201480705757
cr2_cas24e30o,"Cr$_2$ CAS(24e,30o)",2550,283.9165367740861
cr2_cas24e30o,"Cr$_2$ CAS(24e,30o)",2560,286.05772519586026
cr2_cas24e30o,"Cr$_2$ CAS(24e,30o)",2570,286.51921329128527
cr2_cas24e30o,"Cr$_2$ CAS(24e,30o)",2580,286.0094160805602
cr2_cas24e30o,"Cr$_2$ CAS(24e,30o)",2590,284.13049591699746
cr2_cas24e30o,"Cr$_2$ CAS(24e,30o)",2600,289.43723038491953
cr2_cas24e30o,"Cr$_2$ CAS(24e,30o)",2610,287.37741359191205
cr2_cas24e30o,"Cr$_2$ CAS(24e,30o)",2620,285.19012518563613
cr2_cas24e30o,"Cr$_2$ CAS(24e,30o)",2630,285.3809625048598
cr2_cas24e30o,"Cr$_2$ CAS(24e,30o)",2640,287.0904789137967
cr2_cas24e30o,"Cr$_2$ CAS(24e,30o)",2650,286.6970269446938
cr2_cas24e30o,"Cr$_2$ CAS(24e,30o)",2660,286.5793443838811
cr2_cas24e30o,"Cr$_2$ CAS(24e,30o)",2670,286.71341598828803
cr2_cas24e30o,"Cr$_2$ CAS(24e,30o)",2680,286.96230095238207
cr2_cas24e30o,"Cr$_2$ CAS(24e,30o)",2690,287.19882634004534
cr2_cas24e30o,"Cr$_2$ CAS(24e,30o)",2700,286.90300221569487
cr2_cas24e30o,"Cr$_2$ CAS(24e,30o)",2710,281.62261226998453
cr2_cas24e30o,"Cr$_2$ CAS(24e,30o)",2720,288.1806843870436
cr2_cas24e30o,"Cr$_2$ CAS(24e,30o)",2730,284.74393308852086
cr2_cas24e30o,"Cr$_2$ CAS(24e,30o)",2740,290.7773612228084
cr2_cas24e30o,"Cr$_2$ CAS(24e,30o)",2750,284.84949802259507
cr2_cas24e30o,"Cr$_2$ CAS(24e,30o)",2760,282.9710212004102
cr2_cas24e30o,"Cr$_2$ CAS(24e,30o)",2770,285.1944171575269
cr2_cas24e30o,"Cr$_2$ CAS(24e,30o)",2780,282.87280225640643
cr2_cas24e30o,"Cr$_2$ CAS(24e,30o)",2790,284.1915985623018
cr2_cas24e30o,"Cr$_2$ CAS(24e,30o)",2800,288.8471513533659
cr2_cas24e30o,"Cr$_2$ CAS(24e,30o)",2810,282.00335481233196
cr2_cas24e30o,"Cr$_2$ CAS(24e,30o)",2820,281.61625879829444
cr2_cas24e30o,"Cr$_2$ CAS(24e,30o)",2830,285.96310049761087
cr2_cas24e30o,"Cr$_2$ CAS(24e,30o)",2840,283.4850872527568
cr2_cas24e30o,"Cr$_2$ CAS(24e,30o)",2850,281.6142209103418
cr2_cas24e30o,"Cr$_2$ CAS(24e,30o)",2860,285.36190803015415
cr2_cas24e30o,"Cr$_2$ CAS(24e,30o)",2870,287.15152500853947
cr2_cas24e30o,"Cr$_2$ CAS(24e,30o)",2880,284.50039375684355
cr2_cas24e30o,"Cr$_2$ CAS(24e,30o)",2890,291.5199104600106
cr2_cas24e30o,"Cr$_2$ CAS(24e,30o)",2900,280.9787230457914
cr2_cas24e30o,"Cr$_2$ CAS(24e,30o)",2910,283.89631669915616
cr2_cas24e30o,"Cr$_2$ CAS(24e,30o)",2920,284.20888415803347
cr2_cas24e30o,"Cr$_2$ CAS(24e,30o)",2930,281.82085248181465
cr2_cas24e30o,"Cr$_2$ CAS(24e,30o)",2940,280.7333729815582
cr2_cas24e30o,"Cr$_2$ CAS(24e,30o)",2950,279.2332524295489
cr2_cas24e30o,"Cr$_2$ CAS(24e,30o)",2960,285.4159489875201
cr2_cas24e30o,"Cr$_2$ CAS(24e,30o)",2970,284.78996902185827
cr2_cas24e30o,"Cr$_2$ CAS(24e,30o)",2980,280.99467593665395
cr2_cas24e30o,"Cr$_2$ CAS(24e,30o)",2990,312.62201981326143
cr2_cas24e30o,"Cr$_2$ CAS(24e,30o)",3000,305.9445313369906
cr2_cas24e30o,"Cr$_2$ CAS(24e,30o)",3010,285.2927946614727
cr2_cas24e30o,"Cr$_2$ CAS(24e,30o)",3020,285.9905493332917
cr2_cas24e30o,"Cr$_2$ CAS(24e,30o)",3030,279.9225309627218
cr2_cas24e30o,"Cr$_2$ CAS(24e,30o)",3040,277.9591450685075
cr2_cas24e30o,"Cr$_2$ CAS(24e,30o)",3050,276.498379788336
cr2_cas24e30o,"Cr$_2$ CAS(24e,30o)",3060,278.12106534429404
cr2_cas24e30o,"Cr$_2$ CAS(24e,30o)",3070,278.53910601152165
cr2_cas24e30o,"Cr$_2$ CAS(24e,30o)",3080,281.85245710392337
cr2_cas24e30o,"Cr$_2$ CAS(24e,30o)",3090,277.1997028698934
cr2_cas24e30o,"Cr$_2$ CAS(24e,30o)",3100,276.4840030599771
cr2_cas24e30o,"Cr$_2$ CAS(24e,30o)",3110,275.5168380977011
cr2_cas24e30o,"Cr$_2$ CAS(24e,30o)",3120,282.22607249381326
cr2_cas24e30o,"Cr$_2$ CAS(24e,30o)",3130,276.1809356829872
cr2_cas24e30o,"Cr$_2$ CAS(24e,30o)",3140,278.6196747674694
cr2_cas24e30o,"Cr$_2$ CAS(24e,30o)",3150,279.8352367285588
cr2_cas24e30o,"Cr$_2$ CAS(24e,30o)",3160,277.48768666288015
cr2_cas24e30o,"Cr$_2$ CAS(24e,30o)",3170,274.672874105363
cr2_cas24e30o,"Cr$_2$ CAS(24e,30o)",3180,278.35994017823396
cr2_cas24e30o,"Cr$_2$ CAS(24e,30o)",3190,279.58438082714565
cr2_cas24e30o,"Cr$_2$ CAS(24e,30o)",3200,275.9954943498997
cr2_cas24e30o,"Cr$_2$ CAS(24e,30o)",3210,278.2394560267676
cr2_cas24e30o,"Cr$_2$ CAS(24e,30o)",3220,282.9700818233505
cr2_cas24e30o,"Cr$_2$ CAS(24e,30o)",3230,280.09214320127285
cr2_cas24e30o,"Cr$_2$ CAS(24e,30o)",3240,274.4285961166497
cr2_cas24e30o,"Cr$_2$ CAS(24e,30o)",3250,273.81566440863025
cr2_cas24e30o,"Cr$_2$ CAS(24e,30o)",3260,275.4538237259112
cr2_cas24e30o,"Cr$_2$ CAS(24e,30o)",3270,279.2428468314938
cr2_cas24e30o,"Cr$_2$ CAS(24e,30o)",3280,276.02738883751954
cr2_cas24e30o,"Cr$_2$ CAS(24e,30o)",3290,275.20189191136524
cr2_cas24e30o,"Cr$_2$ CAS(24e,30o)",3300,289.37314044969753
cr2_cas24e30o,"Cr$_2$ CAS(24e,30o)",3310,280.9294571479768
cr2_cas24e30o,"Cr$_2$ CAS(24e,30o)",3320,274.1388258596089
cr2_cas24e30o,"Cr$_2$ CAS(24e,30o)",3330,276.8041404156065
cr2_cas24e30o,"Cr$_2$ CAS(24e,30o)",3340,277.09617885466287
cr2_cas24e30o,"Cr$_2$ CAS(24e,30o)",3350,273.3301027583366
cr2_cas24e30o,"Cr$_2$ CAS(24e,30o)",3360,272.02670190354183
cr2_cas24e30o,"Cr$_2$ CAS(24e,30o)",3370,279.56524616229217
cr2_cas24e30o,"Cr$_2$ CAS(24e,30o)",3380,274.5718450973982
cr2_cas24e30o,"Cr$_2$ CAS(24e,30o)",3390,273.0990846966961
cr2_cas24e30o,"Cr$_2$ CAS(24e,30o)",3400,276.066906827964
cr2_cas24e30o,"Cr$_2$ CAS(24e,30o)",3410,279.2480519606215
cr2_cas24e30o,"Cr$_2$ CAS(24e,30o)",3420,277.6753606967759
cr2_cas24e30o,"Cr$_2$ CAS(24e,30o)",3430,273.84975617906093
cr2_cas24e30o,"Cr$_2$ CAS(24e,30o)",3440,274.3598103847944
cr2_cas24e30o,"Cr$_2$ CAS(24e,30o)",3450,273.91247418518105
cr2_cas24e30o,"Cr$_2$ CAS(24e,30o)",3460,274.69121629292204
cr2_cas24e30o,"Cr$_2$ CAS(24e,30o)",3470,274.0173966162729
cr2_cas24e30o,"Cr$_2$ CAS(24e,30o)",3480,275.7193807492513
cr2_cas24e30o,"Cr$_2$ CAS(24e,30o)",3490,271.1774857139062
cr2_cas24e30o,"Cr$_2$ CAS(24e,30o)",3500,280.2230901834264
cr2_cas24e30o,"Cr$_2$ CAS(24e,30o)",3510,289.6939064439721
cr2_cas24e30o,"Cr$_2$ CAS(24e,30o)",3520,283.26418573624323
cr2_cas24e30o,"Cr$_2$ CAS(24e,30o)",3530,273.9549096831979
cr2_cas24e30o,"Cr$_2$ CAS(24e,30o)",3540,274.3499540515586
cr2_cas24e30o,"Cr$_2$ CAS(24e,30o)",3550,270.4804105674157
cr2_cas24e30o,"Cr$_2$ CAS(24e,30o)",3560,270.4305204920274
cr2_cas24e30o,"Cr$_2$ CAS(24e,30o)",3570,270.46594433932114
cr2_cas24e30o,"Cr$_2$ CAS(24e,30o)",3580,271.2191562309272
cr2_cas24e30o,"Cr$_2$ CAS(24e,30o)",3590,270.8902080507869
cr2_cas24e30o,"Cr$_2$ CAS(24e,30o)",3600,270.0649488174349
cr2_cas24e30o,"Cr$_2$ CAS(24e,30o)",3610,274.3679808313573
cr2_cas24e30o,"Cr$_2$ CAS(24e,30o)",3620,267.82479286612215
cr2_cas24e30o,"Cr$_2$ CAS(24e,30o)",3630,270.28548709495226
cr2_cas24e30o,"Cr$_2$ CAS(24e,30o)",3640,268.3800716145015
cr2_cas24e30o,"Cr$_2$ CAS(24e,30o)",3650,271.3848078255978
cr2_cas24e30o,"Cr$_2$ CAS(24e,30o)",3660,274.47214633548356
cr2_cas24e30o,"Cr$_2$ CAS(24e,30o)",3670,273.5034744287077
cr2_cas24e30o,"Cr$_2$ CAS(24e,30o)",3680,269.46209559309864
cr2_cas24e30o,"Cr$_2$ CAS(24e,30o)",3690,271.4907811541707
cr2_cas24e30o,"Cr$_2$ CAS(24e,30o)",3700,270.20047639098266
cr2_cas24e30o,"Cr$_2$ CAS(24e,30o)",3710,266.0951907414528
cr2_cas24e30o,"Cr$_2$ CAS(24e,30o)",3720,274.1303291022632
cr2_cas24e30o,"Cr$_2$ CAS(24e,30o)",3730,272.9091143532969
cr2_cas24e30o,"Cr$_2$ CAS(24e,30o)",3740,279.15517664996514
cr2_cas24e30o,"Cr$_2$ CAS(24e,30o)",3750,271.60066501483016
cr2_cas24e30o,"Cr$_2$ CAS(24e,30o)",3760,268.10025399663573
cr2_cas24e30o,"Cr$_2$ CAS(24e,30o)",3770,267.2985331560085
cr2_cas24e30o,"Cr$_2$ CAS(24e,30o)",3780,267.97942757320925
cr2_cas24e30o,"Cr$_2$ CAS(24e,30o)",3790,271.1996701737007
cr2_cas24e30o,"Cr$_2$ CAS(24e,30o)",3800,265.171843000644
cr2_cas24e30o,"Cr$_2$ CAS(24e,30o)",3810,266.49344929455765
cr2_cas24e30o,"Cr$_2$ CAS(24e,30o)",3820,267.5751114798004
cr2_cas24e30o,"Cr$_2$ CAS(24e,30o)",3830,267.07054278449505
cr2_cas24e30o,"Cr$_2$ CAS(24e,30o)",3840,267.9703501530639
cr2_cas24e30o,"Cr$_2$ CAS(24e,30o)",3850,266.91853436159363
cr2_cas24e30o,"Cr$_2$ CAS(24e,30o)",3860,266.2418874379
cr2_cas24e30o,"Cr$_2$ CAS(24e,30o)",3870,265.1206143186755
cr2_cas24e30o,"Cr$_2$ CAS(24e,30o)",3880,264.50778119715324
cr2_cas24e30o,"Cr$_2$ CAS(24e,30o)",3890,281.70907828143754
cr2_cas24e30o,"Cr$_2$ CAS(24e,30o)",3900,278.58974306900564
cr2_cas24e30o,"Cr$_2$ CAS(24e,30o)",3910,271.0708008257825
cr2_cas24e30o,"Cr$_2$ CAS(24e,30o)",3920,268.20795791854835
cr2_cas24e30o,"Cr$_2$ CAS(24e,30o)",3930,265.12785979730324
cr2_cas24e30o,"Cr$_2$ CAS(24e,30o)",3940,260.70776657843453
cr2_cas24e30o,"Cr$_2$ CAS(24e,30o)",3950,281.87281620694193
cr2_cas24e30o,"Cr$_2$ CAS(24e,30o)",3960,347.0609552064161
cr2_cas24e30o,"Cr$_2$ CAS(24e,30o)",3970,441.883425263768
cr2_cas24e30o,"Cr$_2$ CAS(24e,30o)",3980,350.49448723157184
cr2_cas24e30o,"Cr$_2$ CAS(24e,30o)",3990,310.92820403364385
cr2_cas24e30o,"Cr$_2$ CAS(24e,30o)",4000,290.961769704154
cr2_cas24e30o,"Cr$_2$ CAS(24e,30o)",4010,276.0941607721179
cr2_cas24e30o,"Cr$_2$ CAS(24e,30o)",4020,269.5974458247292
cr2_cas24e30o,"Cr$_2$ CAS(24e,30o)",4030,265.2479660296194
cr2_cas24e30o,"Cr$_2$ CAS(24e,30o)",4040,262.8869410978041
cr2_cas24e30o,"Cr$_2$ CAS(24e,30o)",4050,267.91872081821566
cr2_cas24e30o,"Cr$_2$ CAS(24e,30o)",4060,264.05143149122523
cr2_cas24e30o,"Cr$_2$ CAS(24e,30o)",4070,258.21499076482723
cr2_cas24e30o,"Cr$_2$ CAS(24e,30o)",4080,257.0074787054182
cr2_cas24e30o,"Cr$_2$ CAS(24e,30o)",4090,255.54449464289064
cr2_cas24e30o,"Cr$_2$ CAS(24e,30o)",4100,255.51005832039664
cr2_cas24e30o,"Cr$_2$ CAS(24e,30o)",4110,256.49744059137447
cr2_cas24e30o,"Cr$_2$ CAS(24e,30o)",4120,256.13931656789646
cr2_cas24e30o,"Cr$_2$ CAS(24e,30o)",4130,254.2932156675306
cr2_cas24e30o,"Cr$_2$ CAS(24e,30o)",4140,263.7979809464923
cr2_cas24e30o,"Cr$_2$ CAS(24e,30o)",4150,252.34697588985
cr2_cas24e30o,"Cr$_2$ CAS(24e,30o)",4160,251.8748508837234
cr2_cas24e30o,"Cr$_2$ CAS(24e,30o)",4170,250.7790168911015
cr2_cas24e30o,"Cr$_2$ CAS(24e,30o)",4180,252.90243148219815
cr2_cas24e30o,"Cr$_2$ CAS(24e,30o)",4190,249.6992431047147
cr2_cas24e30o,"Cr$_2$ CAS(24e,30o)",4200,249.76443479636146
cr2_cas24e30o,"Cr$_2$ CAS(24e,30o)",4210,259.56512440370716
cr2_cas24e30o,"Cr$_2$ CAS(24e,30o)",4220,248.37189635127288
cr2_cas24e30o,"Cr$_2$ CAS(24e,30o)",4230,250.86866367382754
cr2_cas24e30o,"Cr$_2$ CAS(24e,30o)",4240,245.92676641668731
cr2_cas24e30o,"Cr$_2$ CAS(24e,30o)",4250,248.37706230391632
cr2_cas24e30o,"Cr$_2$ CAS(24e,30o)",4260,247.3360102389961
cr2_cas24e30o,"Cr$_2$ CAS(24e,30o)",4270,246.50638083312515
cr2_cas24e30o,"Cr$_2$ CAS(24e,30o)",4280,256.03464278083266
cr2_cas24e30o,"Cr$_2$ CAS(24e,30o)",4290,361.8120261639888
cr2_cas24e30o,"Cr$_2$ CAS(24e,30o)",4300,307.64733494424945
cr2_cas24e30o,"Cr$_2$ CAS(24e,30o)",4310,273.1963803503277
cr2_cas24e30o,"Cr$_2$ CAS(24e,30o)",4320,257.6871249607393
cr2_cas24e30o,"Cr$_2$ CAS(24e,30o)",4330,255.78608621253807
cr2_cas24e30o,"Cr$_2$ CAS(24e,30o)",4340,249.36083245484042
cr2_cas24e30o,"Cr$_2$ CAS(24e,30o)",4350,246.42571346430486
cr2_cas24e30o,"Cr$_2$ CAS(24e,30o)",4360,244.4928506447468
cr2_cas24e30o,"Cr$_2$ CAS(24e,30o)",4370,242.65142884269153
cr2_cas24e30o,"Cr$_2$ CAS(24e,30o)",4380,241.5481184393684
cr2_cas24e30o,"Cr$_2$ CAS(24e,30o)",4390,245.5003513387055
cr2_cas24e30o,"Cr$_2$ CAS(24e,30o)",4400,241.38013547735682
cr2_cas24e30o,"Cr$_2$ CAS(24e,30o)",4410,249.2902044591574
cr2_cas24e30o,"Cr$_2$ CAS(24e,30o)",4420,244.45552253700953
cr2_cas24e30o,"Cr$_2$ CAS(24e,30o)",4430,241.7155553421253
cr2_cas24e30o,"Cr$_2$ CAS(24e,30o)",4440,243.0711161518957
cr2_cas24e30o,"Cr$_2$ CAS(24e,30o)",4450,242.39224420352912
cr2_cas24e30o,"Cr$_2$ CAS(24e,30o)",4460,256.55167111335686
cr2_cas24e30o,"Cr$_2$ CAS(24e,30o)",4470,250.28693088870568
cr2_cas24e30o,"Cr$_2$ CAS(24e,30o)",4480,249.1788548477416
cr2_cas24e30o,"Cr$_2$ CAS(24e,30o)",4490,244.2250593226163
cr2_cas24e30o,"Cr$_2$ CAS(24e,30o)",4500,241.5117561254192
cr2_cas24e30o,"Cr$_2$ CAS(24e,30o)",4510,240.50419767127096
cr2_cas24e30o,"Cr$_2$ CAS(24e,30o)",4520,238.77303109156855
cr2_cas24e30o,"Cr$_2$ CAS(24e,30o)",4530,245.62303009088282
cr2_cas24e30o,"Cr$_2$ CAS(24e,30o)",4540,241.88470591752775
cr2_cas24e30o,"Cr$_2$ CAS(24e,30o)",4550,241.63023682012863
cr2_cas24e30o,"Cr$_2$ CAS(24e,30o)",4560,237.62075001468475
cr2_cas24e30o,"Cr$_2$ CAS(24e,30o)",4570,238.17753779667328
cr2_cas24e30o,"Cr$_2$ CAS(24e,30o)",4580,242.73849493147281
cr2_cas24e30o,"Cr$_2$ CAS(24e,30o)",4590,240.68972815803136
cr2_cas24e30o,"Cr$_2$ CAS(24e,30o)",4600,236.92542392882388
cr2_cas24e30o,"Cr$_2$ CAS(24e,30o)",4610,252.8721250791932
cr2_cas24e30o,"Cr$_2$ CAS(24e,30o)",4620,258.33212907400593
cr2_cas24e30o,"Cr$_2$ CAS(24e,30o)",4630,251.54110673611285
cr2_cas24e30o,"Cr$_2$ CAS(24e,30o)",4640,241.03914045963393
cr2_cas24e30o,"Cr$_2$ CAS(24e,30o)",4650,237.64742432240382
cr2_cas24e30o,"Cr$_2$ CAS(24e,30o)",4660,236.56397329841639
cr2_cas24e30o,"Cr$_2$ CAS(24e,30o)",4670,234.8412193355216
cr2_cas24e30o,"Cr$_2$ CAS(24e,30o)",4680,244.7395826079628
cr2_cas24e30o,"Cr$_2$ CAS(24e,30o)",4690,235.64901152076345
cr2_cas24e30o,"Cr$_2$ CAS(24e,30o)",4700,233.48406600098315
cr2_cas24e30o,"Cr$_2$ CAS(24e,30o)",4710,242.55213403239395
cr2_cas24e30o,"Cr$_2$ CAS(24e,30o)",4720,239.17920957956085
cr2_cas24e30o,"Cr$_2$ CAS(24e,30o)",4730,236.88814321803875
cr2_cas24e30o,"Cr$_2$ CAS(24e,30o)",4740,233.41002737333838
cr2_cas24e30o,"Cr$_2$ CAS(24e,30o)",4750,238.2843030732147
cr2_cas24e30o,"Cr$_2$ CAS(24e,30o)",4760,234.32536869904652
cr2_cas24e30o,"Cr$_2$ CAS(24e,30o)",4770,233.0938031614096
cr2_cas24e30o,"Cr$_2$ CAS(24e,30o)",4780,234.0706807922288
cr2_cas24e30o,"Cr$_2$ CAS(24e,30o)",4790,233.74930329555355
cr2_cas24e30o,"Cr$_2$ CAS(24e,30o)",4800,234.6611258667508
cr2_cas24e30o,"Cr$_2$ CAS(24e,30o)",4810,231.65997089108714
cr2_cas24e30o,"Cr$_2$ CAS(24e,30o)",4820,232.34952785605856
cr2_cas24e30o,"Cr$_2$ CAS(24e,30o)",4830,231.2457220627948
cr2_cas24e30o,"Cr$_2$ CAS(24e,30o)",4840,237.6634869838199
cr2_cas24e30o,"Cr$_2$ CAS(24e,30o)",4850,231.58554485644345
cr2_cas24e30o,"Cr$_2$ CAS(24e,30o)",4860,230.5503947982288
cr2_cas24e30o,"Cr$_2$ CAS(24e,30o)",4870,235.02039751974735
cr2_cas24e30o,"Cr$_2$ CAS(24e,30o)",4880,240.48573670233964
cr2_cas24e30o,"Cr$_2$ CAS(24e,30o)",4890,237.76505581781748
cr2_cas24e30o,"Cr$_2$ CAS(24e,30o)",4900,235.75001431026976
cr2_cas24e30o,"Cr$_2$ CAS(24e,30o)",4910,232.50069166579124
cr2_cas24e30o,"Cr$_2$ CAS(24e,30o)",4920,232.92066099838848
cr2_cas24e30o,"Cr$_2$ CAS(24e,30o)",4930,229.8580287169898
cr2_cas24e30o,"Cr$_2$ CAS(24e,30o)",4940,226.9803331159892
cr2_cas24e30o,"Cr$_2$ CAS(24e,30o)",4950,234.14842817373938
cr2_cas24e30o,"Cr$_2$ CAS(24e,30o)",4960,250.89027940657616
cr2_cas24e30o,"Cr$_2$ CAS(24e,30o)",4970,255.24809857688524
cr2_cas24e30o,"Cr$_2$ CAS(24e,30o)",4980,237.99191011721632
cr2_cas24e30o,"Cr$_2$ CAS(24e,30o)",4990,230.03098589515503
cr2_cas24e30o,"Cr$_2$ CAS(24e,30o)",5000,227.50264529031483
cr2_cas24e30o,"Cr$_2$ CAS(24e,30o)",5010,226.1330319120134
cr2_cas24e30o,"Cr$_2$ CAS(24e,30o)",5020,225.79158800090227
cr2_cas24e30o,"Cr$_2$ CAS(24e,30o)",5030,225.27949838649874
cr2_cas24e30o,"Cr$_2$ CAS(24e,30o)",5040,226.0803002677676
cr2_cas24e30o,"Cr$_2$ CAS(24e,30o)",5050,227.7641405112263
cr2_cas24e30o,"Cr$_2$ CAS(24e,30o)",5060,240.09922553841534
cr2_cas24e30o,"Cr$_2$ CAS(24e,30o)",5070,234.47496103335652
cr2_cas24e30o,"Cr$_2$ CAS(24e,30o)",5080,227.46874065887823
cr2_cas24e30o,"Cr$_2$ CAS(24e,30o)",5090,226.2217205975503
cr2_cas24e30o,"Cr$_2$ CAS(24e,30o)",5100,224.6823526170374
cr2_cas24e30o,"Cr$_2$ CAS(24e,30o)",5110,224.06911193274937
cr2_cas24e30o,"Cr$_2$ CAS(24e,30o)",5120,225.15768254515933
cr2_cas24e30o,"Cr$_2$ CAS(24e,30o)",5130,225.937240994881
cr2_cas24e30o,"Cr$_2$ CAS(24e,30o)",5140,224.56943850556854
cr2_cas24e30o,"Cr$_2$ CAS(24e,30o)",5150,226.357423227455
cr2_cas24e30o,"Cr$_2$ CAS(24e,30o)",5160,233.35214697135598
cr2_cas24e30o,"Cr$_2$ CAS(24e,30o)",5170,240.39668141949733
cr2_cas24e30o,"Cr$_2$ CAS(24e,30o)",5180,231.5733945224565
cr2_cas24e30o,"Cr$_2$ CAS(24e,30o)",5190,223.6433099669739
cr2_cas24e30o,"Cr$_2$ CAS(24e,30o)",5200,221.98421511120614
cr2_cas24e30o,"Cr$_2$ CAS(24e,30o)",5210,221.80431607694118
cr2_cas24e30o,"Cr$_2$ CAS(24e,30o)",5220,221.55247215732743
cr2_cas24e30o,"Cr$_2$ CAS(24e,30o)",5230,225.31563462962367
cr2_cas24e30o,"Cr$_2$ CAS(24e,30o)",5240,223.6426881895568
cr2_cas24e30o,"Cr$_2$ CAS(24e,30o)",5250,219.52001490535622
cr2_cas24e30o,"Cr$_2$ CAS(24e,30o)",5260,221.76751196047917
cr2_cas24e30o,"Cr$_2$ CAS(24e,30o)",5270,219.89750693774113
cr2_cas24e30o,"Cr$_2$ CAS(24e,30o)",5280,224.58972496633578
cr2_cas24e30o,"Cr$_2$ CAS(24e,30o)",5290,221.69307207150268
cr2_cas24e30o,"Cr$_2$ CAS(24e,30o)",5300,221.94910542748403
cr2_cas24e30o,"Cr$_2$ CAS(24e,30o)",5310,220.4985204057266
cr2_cas24e30o,"Cr$_2$ CAS(24e,30o)",5320,222.7504734901231
cr2_cas24e30o,"Cr$_2$ CAS(24e,30o)",5330,224.8425894790671
cr2_cas24e30o,"Cr$_2$ CAS(24e,30o)",5340,222.51867959812444
cr2_cas24e30o,"Cr$_2$ CAS(24e,30o)",5350,221.21156571074607
cr2_cas24e30o,"Cr$_2$ CAS(24e,30o)",5360,220.11403928581785
cr2_cas24e30o,"Cr$_2$ CAS(24e,30o)",5370,217.48514281125608
cr2_cas24e30o,"Cr$_2$ CAS(24e,30o)",5380,227.7843444167047
cr2_cas24e30o,"Cr$_2$ CAS(24e,30o)",5390,218.50807561486363
cr2_cas24e30o,"Cr$_2$ CAS(24e,30o)",5400,220.05002996547773
cr2_cas24e30o,"Cr$_2$ CAS(24e,30o)",5410,220.46500129999913
cr2_cas24e30o,"Cr$_2$ CAS(24e,30o)",5420,216.00347168532608
cr2_cas24e30o,"Cr$_2$ CAS(24e,30o)",5430,217.8775638371917
cr2_cas24e30o,"Cr$_2$ CAS(24e,30o)",5440,236.9393400235822
cr2_cas24e30o,"Cr$_2$ CAS(24e,30o)",5450,229.69297062581973
cr2_cas24e30o,"Cr$_2$ CAS(24e,30o)",5460,237.15910712189725
cr2_cas24e30o,"Cr$_2$ CAS(24e,30o)",5470,232.68039321601464
cr2_cas24e30o,"Cr$_2$ CAS(24e,30o)",5480,220.2895930881823
cr2_cas24e30o,"Cr$_2$ CAS(24e,30o)",5490,216.73152438643228
cr2_cas24e30o,"Cr$_2$ CAS(24e,30o)",5500,218.34661098318975
cr2_cas24e30o,"Cr$_2$ CAS(24e,30o)",5510,212.82495741434104
cr2_cas24e30o,"Cr$_2$ CAS(24e,30o)",5520,212.8199738940566
cr2_cas24e30o,"Cr$_2$ CAS(24e,30o)",5530,217.81853000356932
cr2_cas24e30o,"Cr$_2$ CAS(24e,30o)",5540,215.70334300668037
cr2_cas24e30o,"Cr$_2$ CAS(24e,30o)",5550,213.40735171770575
cr2_cas24e30o,"Cr$_2$ CAS(24e,30o)",5560,211.3026759038803
cr2_cas24e30o,"Cr$_2$ CAS(24e,30o)",5570,214.117749073921
cr2_cas24e30o,"Cr$_2$ CAS(24e,30o)",5580,212.8764818576201
cr2_cas24e30o,"Cr$_2$ CAS(24e,30o)",5590,214.08304435681202
cr2_cas24e30o,"Cr$_2$ CAS(24e,30o)",5600,212.332457665525
cr2_cas24e30o,"Cr$_2$ CAS(24e,30o)",5610,219.60695380812467
cr2_cas24e30o,"Cr$_2$ CAS(24e,30o)",5620,215.83775104409142
cr2_cas24e30o,"Cr$_2$ CAS(24e,30o)",5630,216.25548411384443
cr2_cas24e30o,"Cr$_2$ CAS(24e,30o)",5640,220.76751837767006
cr2_cas24e30o,"Cr$_2$ CAS(24e,30o)",5650,224.66796739672645
cr2_cas24e30o,"Cr$_2$ CAS(24e,30o)",5660,214.78379914651669
cr2_cas24e30o,"Cr$_2$ CAS(24e,30o)",5670,212.2623903251224
cr2_cas24e30o,"Cr$_2$ CAS(24e,30o)",5680,216.32902314877356
cr2_cas24e30o,"Cr$_2$ CAS(24e,30o)",5690,211.58670576005534
cr2_cas24e30o,"Cr$_2$ CAS(24e,30o)",5700,209.40460753490697
cr2_cas24e30o,"Cr$_2$ CAS(24e,30o)",5710,208.81161416400573
cr2_cas24e30o,"Cr$_2$ CAS(24e,30o)",5720,212.30375348068264
cr2_cas24e30o,"Cr$_2$ CAS(24e,30o)",5730,210.34437005937434
cr2_cas24e30o,"Cr$_2$ CAS(24e,30o)",5740,208.3446203382664
cr2_cas24e30o,"Cr$_2$ CAS(24e,30o)",5750,219.17651554622353
cr2_cas24e30o,"Cr$_2$ CAS(24e,30o)",5760,212.711620709797
cr2_cas24e30o,"Cr$_2$ CAS(24e,30o)",5770,211.82020154537895
cr2_cas24e30o,"Cr$_2$ CAS(24e,30o)",5780,208.43797438374168
cr2_cas24e30o,"Cr$_2$ CAS(24e,30o)",5790,209.80242057885334
cr2_cas24e30o,"Cr$_2$ CAS(24e,30o)",5800,208.3553230868347
cr2_cas24e30o,"Cr$_2$ CAS(24e,30o)",5810,209.58288150268345
cr2_cas24e30o,"Cr$_2$ CAS(24e,30o)",5820,211.11595014144768
cr2_cas24e30o,"Cr$_2$ CAS(24e,30o)",5830,218.0499175933619
cr2_cas24e30o,"Cr$_2$ CAS(24e,30o)",5840,227.71366476081312
cr2_cas24e30o,"Cr$_2$ CAS(24e,30o)",5850,595.6070549332253
cr2_cas24e30o,"Cr$_2$ CAS(24e,30o)",5860,655.8745053530401
cr2_cas24e30o,"Cr$_2$ CAS(24e,30o)",5870,640.6018489842609
cr2_cas24e30o,"Cr$_2$ CAS(24e,30o)",5880,592.0850802772293
cr2_cas24e30o,"Cr$_2$ CAS(24e,30o)",5890,562.7399085042271
cr2_cas24e30o,"Cr$_2$ CAS(24e,30o)",5900,541.3557504648452
cr2_cas24e30o,"Cr$_2$ CAS(24e,30o)",5910,527.310130175465
cr2_cas24e30o,"Cr$_2$ CAS(24e,30o)",5920,518.4093070188283
cr2_cas24e30o,"Cr$_2$ CAS(24e,30o)",5930,510.5776546488414
cr2_cas24e30o,"Cr$_2$ CAS(24e,30o)",5940,503.7487108761525
cr2_cas24e30o,"Cr$_2$ CAS(24e,30o)",5950,495.3342416270061
cr2_cas24e30o,"Cr$_2$ CAS(24e,30o)",5960,483.47328497948183
cr2_cas24e30o,"Cr$_2$ CAS(24e,30o)",5970,468.60450806389053
cr2_cas24e30o,"Cr$_2$ CAS(24e,30o)",5980,457.5057670977003
cr2_cas24e30o,"Cr$_2$ CAS(24e,30o)",5990,424.1078111422212
cr2_cas24e30o,"Cr$_2$ CAS(24e,30o)",6000,375.7482138976229
cr2_cas24e30o,"Cr$_2$ CAS(24e,30o)",6010,341.3244377011324
cr2_cas24e30o,"Cr$_2$ CAS(24e,30o)",6020,313.89768711051147
cr2_cas24e30o,"Cr$_2$ CAS(24e,30o)",6030,300.2376706231189
cr2_cas24e30o,"Cr$_2$ CAS(24e,30o)",6040,293.0275169514971
cr2_cas24e30o,"Cr$_2$ CAS(24e,30o)",6050,287.2244647005573
cr2_cas24e30o,"Cr$_2$ CAS(24e,30o)",6060,283.36394267762444
cr2_cas24e30o,"Cr$_2$ CAS(24e,30o)",6070,280.08399648524573
cr2_cas24e30o,"Cr$_2$ CAS(24e,30o)",6080,277.17070521975984
cr2_cas24e30o,"Cr$_2$ CAS(24e,30o)",6090,276.2064091043612
cr2_cas24e30o,"Cr$_2$ CAS(24e,30o)",6100,270.22817064107585
cr2_cas24e30o,"Cr$_2$ CAS(24e,30o)",6110,268.07541510015653
cr2_cas24e30o,"Cr$_2$ CAS(24e,30o)",6120,265.0248113768612
cr2_cas24e30o,"Cr$_2$ CAS(24e,30o)",6130,263.105429654388
cr2_cas24e30o,"Cr$_2$ CAS(24e,30o)",6140,263.5163664435822
cr2_cas24e30o,"Cr$_2$ CAS(24e,30o)",6150,256.2076025214992
cr2_cas24e30o,"Cr$_2$ CAS(24e,30o)",6160,249.01376680554677
cr2_cas24e30o,"Cr$_2$ CAS(24e,30o)",6170,246.89576711216432
cr2_cas24e30o,"Cr$_2$ CAS(24e,30o)",6180,238.01696394912142
cr2_cas24e30o,"Cr$_2$ CAS(24e,30o)",6190,231.36244813122175
cr2_cas24e30o,"Cr$_2$ CAS(24e,30o)",6200,225.99898614635094
cr2_cas24e30o,"Cr$_2$ CAS(24e,30o)",6210,225.20620258319468
cr2_cas24e30o,"Cr$_2$ CAS(24e,30o)",6220,222.88615957040747
cr2_cas24e30o,"Cr$_2$ CAS(24e,30o)",6230,219.23467878241354
cr2_cas24e30o,"Cr$_2$ CAS(24e,30o)",6240,221.61172167943732
cr2_cas24e30o,"Cr$_2$ CAS(24e,30o)",6250,220.97411810273115
cr2_cas24e30o,"Cr$_2$ CAS(24e,30o)",6260,217.93443232718346
cr2_cas24e30o,"Cr$_2$ CAS(24e,30o)",6270,218.30413001180204
cr2_cas24e30o,"Cr$_2$ CAS(24e,30o)",6280,216.57843748062078
cr2_cas24e30o,"Cr$_2$ CAS(24e,30o)",6290,215.1556426370007
cr2_cas24e30o,"Cr$_2$ CAS(24e,30o)",6300,222.89464342384235
cr2_cas24e30o,"Cr$_2$ CAS(24e,30o)",6310,216.14242358555202
cr2_cas24e30o,"Cr$_2$ CAS(24e,30o)",6320,220.39919842927702
cr2_cas24e30o,"Cr$_2$ CAS(24e,30o)",6330,216.93339169542014
cr2_cas24e30o,"Cr$_2$ CAS(24e,30o)",6340,215.72115555727578
cr2_cas24e30o,"Cr$_2$ CAS(24e,30o)",6350,220.2113546372857
cr2_cas24e30o,"Cr$_2$ CAS(24e,30o)",6360,215.30351923229318
cr2_cas24e30o,"Cr$_2$ CAS(24e,30o)",6370,433.7392207380617
cr2_cas24e30o,"Cr$_2$ CAS(24e,30o)",6380,341.4911273953294
cr2_cas24e30o,"Cr$_2$ CAS(24e,30o)",6390,286.93198989276425
cr2_cas24e30o,"Cr$_2$ CAS(24e,30o)",6400,271.75473425813834
cr2_cas24e30o,"Cr$_2$ CAS(24e,30o)",6410,241.0062597778051
cr2_cas24e30o,"Cr$_2$ CAS(24e,30o)",6420,231.38700858817174
cr2_cas24e30o,"Cr$_2$ CAS(24e,30o)",6430,223.7300797487478
cr2_cas24e30o,"Cr$_2$ CAS(24e,30o)",6440,220.36357700289955
cr2_cas24e30o,"Cr$_2$ CAS(24e,30o)",6450,218.03984209464033
cr2_cas24e30o,"Cr$_2$ CAS(24e,30o)",6460,215.20531003352517
cr2_cas24e30o,"Cr$_2$ CAS(24e,30o)",6470,212.6737224525641
cr2_cas24e30o,"Cr$_2$ CAS(24e,30o)",6480,212.52918726668213
cr2_cas24e30o,"Cr$_2$ CAS(24e,30o)",6490,209.60594583175407
cr2_cas24e30o,"Cr$_2$ CAS(24e,30o)",6500,208.248318565893
cr2_cas24e30o,"Cr$_2$ CAS(24e,30o)",6510,207.40118878711655
cr2_cas24e30o,"Cr$_2$ CAS(24e,30o)",6520,210.2894368131274
cr2_cas24e30o,"Cr$_2$ CAS(24e,30o)",6530,209.78919251911066
cr2_cas24e30o,"Cr$_2$ CAS(24e,30o)",6540,223.83698138446562
cr2_cas24e30o,"Cr$_2$ CAS(24e,30o)",6550,208.34397292810536
cr2_cas24e30o,"Cr$_2$ CAS(24e,30o)",6560,207.26897560371071
cr2_cas24e30o,"Cr$_2$ CAS(24e,30o)",6570,206.43118556790796
cr2_cas24e30o,"Cr$_2$ CAS(24e,30o)",6580,206.73235191816275
cr2_cas24e30o,"Cr$_2$ CAS(24e,30o)",6590,206.05161898265578
cr2_cas24e30o,"Cr$_2$ CAS(24e,30o)",6600,212.00515463033298
cr2_cas24e30o,"Cr$_2$ CAS(24e,30o)",6610,206.25010899857443
cr2_cas24e30o,"Cr$_2$ CAS(24e,30o)",6620,205.34172292173025
cr2_cas24e30o,"Cr$_2$ CAS(24e,30o)",6630,204.27159874225254
cr2_cas24e30o,"Cr$_2$ CAS(24e,30o)",6640,204.77455399804967
cr2_cas24e30o,"Cr$_2$ CAS(24e,30o)",6650,208.26934661681662
cr2_cas24e30o,"Cr$_2$ CAS(24e,30o)",6660,210.06095294933402
cr2_cas24e30o,"Cr$_2$ CAS(24e,30o)",6670,208.02238809028495
cr2_cas24e30o,"Cr$_2$ CAS(24e,30o)",6680,206.9247988920324
cr2_cas24e30o,"Cr$_2$ CAS(24e,30o)",6690,206.702617197152
cr2_cas24e30o,"Cr$_2$ CAS(24e,30o)",6700,207.2256828691934
cr2_cas24e30o,"Cr$_2$ CAS(24e,30o)",6710,222.5254062541353
cr2_cas24e30o,"Cr$_2$ CAS(24e,30o)",6720,215.18885712794145
cr2_cas24e30o,"Cr$_2$ CAS(24e,30o)",6730,207.73410286710714
cr2_cas24e30o,"Cr$_2$ CAS(24e,30o)",6740,204.57673310238533
cr2_cas24e30o,"Cr$_2$ CAS(24e,30o)",6750,202.76812252132004
cr2_cas24e30o,"Cr$_2$ CAS(24e,30o)",6760,210.97196496793913
cr2_cas24e30o,"Cr$_2$ CAS(24e,30o)",6770,208.40236807771362
cr2_cas24e30o,"Cr$_2$ CAS(24e,30o)",6780,204.56304147091942
cr2_cas24e30o,"Cr$_2$ CAS(24e,30o)",6790,204.34511844769077
cr2_cas24e30o,"Cr$_2$ CAS(24e,30o)",6800,202.28003898273528
cr2_cas24e30o,"Cr$_2$ CAS(24e,30o)",6810,201.8807898130035
cr2_cas24e30o,"Cr$_2$ CAS(24e,30o)",6820,201.77314813372504
cr2_cas24e30o,"Cr$_2$ CAS(24e,30o)",6830,202.31888718853952
cr2_cas24e30o,"Cr$_2$ CAS(24e,30o)",6840,201.6831066625855
cr2_cas24e30o,"Cr$_2$ CAS(24e,30o)",6850,202.69623320245955
cr2_cas24e30o,"Cr$_2$ CAS(24e,30o)",6860,209.72359501001847
cr2_cas24e30o,"Cr$_2$ CAS(24e,30o)",6870,202.97947680501238
cr2_cas24e30o,"Cr$_2$ CAS(24e,30o)",6880,203.00667736728428
cr2_cas24e30o,"Cr$_2$ CAS(24e,30o)",6890,215.00177590223757
cr2_cas24e30o,"Cr$_2$ CAS(24e,30o)",6900,215.6707671510958
cr2_cas24e30o,"Cr$_2$ CAS(24e,30o)",6910,209.87447166316997
cr2_cas24e30o,"Cr$_2$ CAS(24e,30o)",6920,202.40910962729686
cr2_cas24e30o,"Cr$_2$ CAS(24e,30o)",6930,204.43245833439505
cr2_cas24e30o,"Cr$_2$ CAS(24e,30o)",6940,203.0850649794047
cr2_cas24e30o,"Cr$_2$ CAS(24e,30o)",6950,200.05296365934555
cr2_cas24e30o,"Cr$_2$ CAS(24e,30o)",6960,198.74994392921508
cr2_cas24e30o,"Cr$_2$ CAS(24e,30o)",6970,201.03425799698016
cr2_cas24e30o,"Cr$_2$ CAS(24e,30o)",6980,199.30347075751342
cr2_cas24e30o,"Cr$_2$ CAS(24e,30o)",6990,198.6367394856643
cr2_cas24e30o,"Cr$_2$ CAS(24e,30o)",7000,206.2227686769802
cr2_cas24e30o,"Cr$_2$ CAS(24e,30o)",7010,202.36238933011919
cr2_cas24e30o,"Cr$_2$ CAS(24e,30o)",7020,200.6720842878167
cr2_cas24e30o,"Cr$_2$ CAS(24e,30o)",7030,201.6701857442058
cr2_cas24e30o,"Cr$_2$ CAS(24e,30o)",7040,197.13182988152766
cr2_cas24e30o,"Cr$_2$ CAS(24e,30o)",7050,199.04688188262298
cr2_cas24e30o,"Cr$_2$ CAS(24e,30o)",7060,198.01762526185485
cr2_cas24e30o,"Cr$_2$ CAS(24e,30o)",7070,199.13067873585533
cr2_cas24e30o,"Cr$_2$ CAS(24e,30o)",7080,200.62485384596584
cr2_cas24e30o,"Cr$_2$ CAS(24e,30o)",7090,200.9785498871679
cr2_cas24e30o,"Cr$_2$ CAS(24e,30o)",7100,198.5957979077284
cr2_cas24e30o,"Cr$_2$ CAS(24e,30o)",7110,198.37844864605358
cr2_cas24e30o,"Cr$_2$ CAS(24e,30o)",7120,200.49104600502687
cr2_cas24e30o,"Cr$_2$ CAS(24e,30o)",7130,208.2157896766148
cr2_cas24e30o,"Cr$_2$ CAS(24e,30o)",7140,202.80109638633803
cr2_cas24e30o,"Cr$_2$ CAS(24e,30o)",7150,198.20042258970716
cr2_cas24e30o,"Cr$_2$ CAS(24e,30o)",7160,196.6578637316161
cr2_cas24e30o,"Cr$_2$ CAS(24e,30o)",7170,195.47732363889736
cr2_cas24e30o,"Cr$_2$ CAS(24e,30o)",7180,208.9838408887772
cr2_cas24e30o,"Cr$_2$ CAS(24e,30o)",7190,200.18696202396313
cr2_cas24e30o,"Cr$_2$ CAS(24e,30o)",7200,202.57115906588297
cr2_cas24e30o,"Cr$_2$ CAS(24e,30o)",7210,199.75561056844526
cr2_cas24e30o,"Cr$_2$ CAS(24e,30o)",7220,196.34110644255998
cr2_cas24e30o,"Cr$_2$ CAS(24e,30o)",7230,196.11969567631604
cr2_cas24e30o,"Cr$_2$ CAS(24e,30o)",7240,198.81410383322873
cr2_cas24e30o,"Cr$_2$ CAS(24e,30o)",7250,198.6756782807788
cr2_cas24e30o,"Cr$_2$ CAS(24e,30o)",7260,198.2516853991001
cr2_cas24e30o,"Cr$_2$ CAS(24e,30o)",7270,199.7398871731093
cr2_cas24e30o,"Cr$_2$ CAS(24e,30o)",7280,196.10223751396916
cr2_cas24e30o,"Cr$_2$ CAS(24e,30o)",7290,205.8625859276617
cr2_cas24e30o,"Cr$_2$ CAS(24e,30o)",7300,200.35136259093633
cr2_cas24e30o,"Cr$_2$ CAS(24e,30o)",7310,200.3364354363839
cr2_cas24e30o,"Cr$_2$ CAS(24e,30o)",7320,198.69380799354985
cr2_cas24e30o,"Cr$_2$ CAS(24e,30o)",7330,208.61255298996184
cr2_cas24e30o,"Cr$_2$ CAS(24e,30o)",7340,196.1087351724018
cr2_cas24e30o,"Cr$_2$ CAS(24e,30o)",7350,199.1790263200528
cr2_cas24e30o,"Cr$_2$ CAS(24e,30o)",7360,196.637390693013
cr2_cas24e30o,"Cr$_2$ CAS(24e,30o)",7370,196.51822444529898
cr2_cas24e30o,"Cr$_2$ CAS(24e,30o)",7380,194.7437788330717
cr2_cas24e30o,"Cr$_2$ CAS(24e,30o)",7390,195.31515532298727
cr2_cas24e30o,"Cr$_2$ CAS(24e,30o)",7400,199.3284380919249
cr2_cas24e30o,"Cr$_2$ CAS(24e,30o)",7410,194.49273492637076
cr2_cas24e30o,"Cr$_2$ CAS(24e,30o)",7420,205.31467277260163
cr2_cas24e30o,"Cr$_2$ CAS(24e,30o)",7430,198.43538243321746
cr2_cas24e30o,"Cr$_2$ CAS(24e,30o)",7440,196.15333656884104
cr2_cas24e30o,"Cr$_2$ CAS(24e,30o)",7450,194.98969836740798
cr2_cas24e30o,"Cr$_2$ CAS(24e,30o)",7460,194.78788110291134
cr2_cas24e30o,"Cr$_2$ CAS(24e,30o)",7470,195.60714448516592
cr2_cas24e30o,"Cr$_2$ CAS(24e,30o)",7480,198.84180468307022
cr2_cas24e30o,"Cr$_2$ CAS(24e,30o)",7490,205.6421291144943
cr2_cas24e30o,"Cr$_2$ CAS(24e,30o)",7500,198.62399045769052
cr2_cas24e30o,"Cr$_2$ CAS(24e,30o)",7510,195.7195112699992
cr2_cas24e30o,"Cr$_2$ CAS(24e,30o)",7520,194.09496249863878
cr2_cas24e30o,"Cr$_2$ CAS(24e,30o)",7530,193.3582942947396
cr2_cas24e30o,"Cr$_2$ CAS(24e,30o)",7540,193.77584903304523
cr2_cas24e30o,"Cr$_2$ CAS(24e,30o)",7550,193.35612867325835
cr2_cas24e30o,"Cr$_2$ CAS(24e,30o)",7560,194.8201303521273
cr2_cas24e30o,"Cr$_2$ CAS(24e,30o)",7570,198.160119077329
cr2_cas24e30o,"Cr$_2$ CAS(24e,30o)",7580,194.3741991481147
cr2_cas24e30o,"Cr$_2$ CAS(24e,30o)",7590,195.47579593336195
cr2_cas24e30o,"Cr$_2$ CAS(24e,30o)",7600,193.5838090857942
cr2_cas24e30o,"Cr$_2$ CAS(24e,30o)",7610,195.25405387867067
cr2_cas24e30o,"Cr$_2$ CAS(24e,30o)",7620,198.63368602682385
cr2_cas24e30o,"Cr$_2$ CAS(24e,30o)",7630,196.88098706956225
cr2_cas24e30o,"Cr$_2$ CAS(24e,30o)",7640,197.68013878592683
cr2_cas24e30o,"Cr$_2$ CAS(24e,30o)",7650,195.0159361213082
cr2_cas24e30o,"Cr$_2$ CAS(24e,30o)",7660,193.1707751527938
cr2_cas24e30o,"Cr$_2$ CAS(24e,30o)",7670,198.5340581163655
cr2_cas24e30o,"Cr$_2$ CAS(24e,30o)",7680,193.43315310516118
cr2_cas24e30o,"Cr$_2$ CAS(24e,30o)",7690,193.7115740010995
cr2_cas24e30o,"Cr$_2$ CAS(24e,30o)",7700,193.5522796807163
cr2_cas24e30o,"Cr$_2$ CAS(24e,30o)",7710,196.1423187744913
cr2_cas24e30o,"Cr$_2$ CAS(24e,30o)",7720,201.69885647237606
cr2_cas24e30o,"Cr$_2$ CAS(24e,30o)",7730,196.37171623026006
cr2_cas24e30o,"Cr$_2$ CAS(24e,30o)",7740,192.37592654326363
cr2_cas24e30o,"Cr$_2$ CAS(24e,30o)",7750,191.2258878578541
cr2_cas24e30o,"Cr$_2$ CAS(24e,30o)",7760,192.2322042732958
cr2_cas24e30o,"Cr$_2$ CAS(24e,30o)",7770,195.20123488109675
cr2_cas24e30o,"Cr$_2$ CAS(24e,30o)",7780,201.003222160125
cr2_cas24e30o,"Cr$_2$ CAS(24e,30o)",7790,199.48157236103725
cr2_cas24e30o,"Cr$_2$ CAS(24e,30o)",7800,210.81312132628227
cr2_cas24e30o,"Cr$_2$ CAS(24e,30o)",7810,246.08131795184818
cr2_cas24e30o,"Cr$_2$ CAS(24e,30o)",7820,222.61598379054703
cr2_cas24e30o,"Cr$_2$ CAS(24e,30o)",7830,211.3400167531836
cr2_cas24e30o,"Cr$_2$ CAS(24e,30o)",7840,201.29390071952002
cr2_cas24e30o,"Cr$_2$ CAS(24e,30o)",7850,195.2348643349069
cr2_cas24e30o,"Cr$_2$ CAS(24e,30o)",7860,195.32915370291448
cr2_cas24e30o,"Cr$_2$ CAS(24e,30o)",7870,194.6407490540878
cr2_cas24e30o,"Cr$_2$ CAS(24e,30o)",7880,192.64161822457027
cr2_cas24e30o,"Cr$_2$ CAS(24e,30o)",7890,191.330104242752
cr2_cas24e30o,"Cr$_2$ CAS(24e,30o)",7900,190.7054314601737
cr2_cas24e30o,"Cr$_2$ CAS(24e,30o)",7910,190.0537846181578
cr2_cas24e30o,"Cr$_2$ CAS(24e,30o)",7920,190.14895736199833
cr2_cas24e30o,"Cr$_2$ CAS(24e,30o)",7930,189.60451965995162
cr2_cas24e30o,"Cr$_2$ CAS(24e,30o)",7940,208.1745739615144
cr2_cas24e30o,"Cr$_2$ CAS(24e,30o)",7950,192.44862963751075
cr2_cas24e30o,"Cr$_2$ CAS(24e,30o)",7960,193.28294446086147
cr2_cas24e30o,"Cr$_2$ CAS(24e,30o)",7970,192.4727100081327
cr2_cas24e30o,"Cr$_2$ CAS(24e,30o)",7980,196.9663926861358
cr2_cas24e30o,"Cr$_2$ CAS(24e,30o)",7990,190.65120126106194
cr2_cas24e30o,"Cr$_2$ CAS(24e,30o)",8000,189.30021474170644
cr2_cas24e30o,"Cr$_2$ CAS(24e,30o)",8010,191.07812310767258
cr2_cas24e30o,"Cr$_2$ CAS(24e,30o)",8020,190.64817454227523
cr2_cas24e30o,"Cr$_2$ CAS(24e,30o)",8030,191.02674535724873
cr2_cas24e30o,"Cr$_2$ CAS(24e,30o)",8040,191.2672189478144
cr2_cas24e30o,"Cr$_2$ CAS(24e,30o)",8050,204.58453538594767
cr2_cas24e30o,"Cr$_2$ CAS(24e,30o)",8060,201.54965374695166
cr2_cas24e30o,"Cr$_2$ CAS(24e,30o)",8070,193.8459733300988
cr2_cas24e30o,"Cr$_2$ CAS(24e,30o)",8080,190.22894909949173
cr2_cas24e30o,"Cr$_2$ CAS(24e,30o)",8090,189.25218590675286
cr2_cas24e30o,"Cr$_2$ CAS(24e,30o)",8100,189.39653583083782
cr2_cas24e30o,"Cr$_2$ CAS(24e,30o)",8110,194.67624610160783
cr2_cas24e30o,"Cr$_2$ CAS(24e,30o)",8120,191.52729778807043
cr2_cas24e30o,"Cr$_2$ CAS(24e,30o)",8130,189.6224806077953
cr2_cas24e30o,"Cr$_2$ CAS(24e,30o)",8140,192.69636790568256
cr2_cas24e30o,"Cr$_2$ CAS(24e,30o)",8150,190.58518069277852
cr2_cas24e30o,"Cr$_2$ CAS(24e,30o)",8160,190.12130324699683
cr2_cas24e30o,"Cr$_2$ CAS(24e,30o)",8170,188.8208093155299
cr2_cas24e30o,"Cr$_2$ CAS(24e,30o)",8180,191.68179891266846
cr2_cas24e30o,"Cr$_2$ CAS(24e,30o)",8190,201.56000969836896
cr2_cas24e30o,"Cr$_2$ CAS(24e,30o)",8200,204.02755934810557
cr2_cas24e30o,"Cr$_2$ CAS(24e,30o)",8210,194.8808227571135
cr2_cas24e30o,"Cr$_2$ CAS(24e,30o)",8220,190.9000405835286
cr2_cas24e30o,"Cr$_2$ CAS(24e,30o)",8230,188.07630134870124
cr2_cas24e30o,"Cr$_2$ CAS(24e,30o)",8240,186.991957272312
cr2_cas24e30o,"Cr$_2$ CAS(24e,30o)",8250,190.23108936744393
cr2_cas24e30o,"Cr$_2$ CAS(24e,30o)",8260,191.00979342647406
cr2_cas24e30o,"Cr$_2$ CAS(24e,30o)",8270,188.5123405363629
cr2_cas24e30o,"Cr$_2$ CAS(24e,30o)",8280,187.78814010556744
cr2_cas24e30o,"Cr$_2$ CAS(24e,30o)",8290,186.83151837058176
cr2_cas24e30o,"Cr$_2$ CAS(24e,30o)",8300,188.1139822858131
cr2_cas24e30o,"Cr$_2$ CAS(24e,30o)",8310,189.43581735538828
cr2_cas24e30o,"Cr$_2$ CAS(24e,30o)",8320,198.9690782324942
cr2_cas24e30o,"Cr$_2$ CAS(24e,30o)",8330,193.03559221543765
cr2_cas24e30o,"Cr$_2$ CAS(24e,30o)",8340,190.29242977012473
cr2_cas24e30o,"Cr$_2$ CAS(24e,30o)",8350,190.1399001194477
cr2_cas24e30o,"Cr$_2$ CAS(24e,30o)",8360,187.00186931664575
cr2_cas24e30o,"Cr$_2$ CAS(24e,30o)",8370,185.09431946131372
cr2_cas24e30o,"Cr$_2$ CAS(24e,30o)",8380,187.04191713050022
cr2_cas24e30o,"Cr$_2$ CAS(24e,30o)",8390,187.869635860352
cr2_cas24e30o,"Cr$_2$ CAS(24e,30o)",8400,190.93762888633137
cr2_cas24e30o,"Cr$_2$ CAS(24e,30o)",8410,190.4468801371877
cr2_cas24e30o,"Cr$_2$ CAS(24e,30o)",8420,186.4008635125174
cr2_cas24e30o,"Cr$_2$ CAS(24e,30o)",8430,186.81490378230592
cr2_cas24e30o,"Cr$_2$ CAS(24e,30o)",8440,194.78461903736388
cr2_cas24e30o,"Cr$_2$ CAS(24e,30o)",8450,201.4172004678585
cr2_cas24e30o,"Cr$_2$ CAS(24e,30o)",8460,193.69671188132997
cr2_cas24e30o,"Cr$_2$ CAS(24e,30o)",8470,188.1854647244836
cr2_cas24e30o,"Cr$_2$ CAS(24e,30o)",8480,200.80040312814162
cr2_cas24e30o,"Cr$_2$ CAS(24e,30o)",8490,187.97973879645724
cr2_cas24e30o,"Cr$_2$ CAS(24e,30o)",8500,185.7997730085117
cr2_cas24e30o,"Cr$_2$ CAS(24e,30o)",8510,185.03803988915024
cr2_cas24e30o,"Cr$_2$ CAS(24e,30o)",8520,186.33924912819566
cr2_cas24e30o,"Cr$_2$ CAS(24e,30o)",8530,183.6590291873108
cr2_cas24e30o,"Cr$_2$ CAS(24e,30o)",8540,184.4768831319925
cr2_cas24e30o,"Cr$_2$ CAS(24e,30o)",8550,185.24694917687157
cr2_cas24e30o,"Cr$_2$ CAS(24e,30o)",8560,186.18033717166327
cr2_cas24e30o,"Cr$_2$ CAS(24e,30o)",8570,190.7194855589296
cr2_cas24e30o,"Cr$_2$ CAS(24e,30o)",8580,188.2698807653469
cr2_cas24e30o,"Cr$_2$ CAS(24e,30o)",8590,190.8766543870115
cr2_cas24e30o,"Cr$_2$ CAS(24e,30o)",8600,185.8059639334897
cr2_cas24e30o,"Cr$_2$ CAS(24e,30o)",8610,184.4291992165381
cr2_cas24e30o,"Cr$_2$ CAS(24e,30o)",8620,186.2458007708483
cr2_cas24e30o,"Cr$_2$ CAS(24e,30o)",8630,183.62095620523178
cr2_cas24e30o,"Cr$_2$ CAS(24e,30o)",8640,182.05167307860393
cr2_cas24e30o,"Cr$_2$ CAS(24e,30o)",8650,183.65069368928744
cr2_cas24e30o,"Cr$_2$ CAS(24e,30o)",8660,186.9717621543714
cr2_cas24e30o,"Cr$_2$ CAS(24e,30o)",8670,187.8252400774727
cr2_cas24e30o,"Cr$_2$ CAS(24e,30o)",8680,188.08823691415455
cr2_cas24e30o,"Cr$_2$ CAS(24e,30o)",8690,188.55820158523784
cr2_cas24e30o,"Cr$_2$ CAS(24e,30o)",8700,184.18634981480864
cr2_cas24e30o,"Cr$_2$ CAS(24e,30o)",8710,188.4291640626543
cr2_cas24e30o,"Cr$_2$ CAS(24e,30o)",8720,183.74471294146133
cr2_cas24e30o,"Cr$_2$ CAS(24e,30o)",8730,181.597946110287
cr2_cas24e30o,"Cr$_2$ CAS(24e,30o)",8740,180.87248893425567
cr2_cas24e30o,"Cr$_2$ CAS(24e,30o)",8750,182.18030389652995
cr2_cas24e30o,"Cr$_2$ CAS(24e,30o)",8760,183.35413370868991
cr2_cas24e30o,"Cr$_2$ CAS(24e,30o)",8770,181.99727848377734
cr2_cas24e30o,"Cr$_2$ CAS(24e,30o)",8780,183.92686144943582
cr2_cas24e30o,"Cr$_2$ CAS(24e,30o)",8790,184.0589627636291
cr2_cas24e30o,"Cr$_2$ CAS(24e,30o)",8800,182.6474455274365
cr2_cas24e30o,"Cr$_2$ CAS(24e,30o)",8810,186.4719210198018
cr2_cas24e30o,"Cr$_2$ CAS(24e,30o)",8820,185.92694357857908
cr2_cas24e30o,"Cr$_2$ CAS(24e,30o)",8830,182.86381788902872
cr2_cas24e30o,"Cr$_2$ CAS(24e,30o)",8840,180.94387706742054
cr2_cas24e30o,"Cr$_2$ CAS(24e,30o)",8850,181.03229011421718
cr2_cas24e30o,"Cr$_2$ CAS(24e,30o)",8860,180.4893678768167
cr2_cas24e30o,"Cr$_2$ CAS(24e,30o)",8870,179.94940609514742
cr2_cas24e30o,"Cr$_2$ CAS(24e,30o)",8880,181.63786678405813
cr2_cas24e30o,"Cr$_2$ CAS(24e,30o)",8890,183.29511811953125
cr2_cas24e30o,"Cr$_2$ CAS(24e,30o)",8900,183.02283528510088
cr2_cas24e30o,"Cr$_2$ CAS(24e,30o)",8910,181.43704190606513
cr2_cas24e30o,"Cr$_2$ CAS(24e,30o)",8920,179.65206278267942
cr2_cas24e30o,"Cr$_2$ CAS(24e,30o)",8930,190.40811065451635
cr2_cas24e30o,"Cr$_2$ CAS(24e,30o)",8940,184.48123398320604
cr2_cas24e30o,"Cr$_2$ CAS(24e,30o)",8950,183.58343750833228
cr2_cas24e30o,"Cr$_2$ CAS(24e,30o)",8960,180.28263787027754
cr2_cas24e30o,"Cr$_2$ CAS(24e,30o)",8970,179.9630296009127
cr2_cas24e30o,"Cr$_2$ CAS(24e,30o)",8980,178.12616705168693
cr2_cas24e30o,"Cr$_2$ CAS(24e,30o)",8990,179.57238312692425
cr2_cas24e30o,"Cr$_2$ CAS(24e,30o)",9000,181.15545540558742
cr2_cas24e30o,"Cr$_2$ CAS(24e,30o)",9010,180.57032563547182
cr2_cas24e30o,"Cr$_2$ CAS(24e,30o)",9020,180.98177359615875
cr2_cas24e30o,"Cr$_2$ CAS(24e,30o)",9030,183.725617775508
cr2_cas24e30o,"Cr$_2$ CAS(24e,30o)",9040,192.18146552930193
cr2_cas24e30o,"Cr$_2$ CAS(24e,30o)",9050,192.47369992626773
cr2_cas24e30o,"Cr$_2$ CAS(24e,30o)",9060,187.352989694773
cr2_cas24e30o,"Cr$_2$ CAS(24e,30o)",9070,182.090231764505
cr2_cas24e30o,"Cr$_2$ CAS(24e,30o)",9080,182.9125428307634
cr2_cas24e30o,"Cr$_2$ CAS(24e,30o)",9090,179.09217345595607
cr2_cas24e30o,"Cr$_2$ CAS(24e,30o)",9100,177.66892084000574
cr2_cas24e30o,"Cr$_2$ CAS(24e,30o)",9110,176.50346550180984
cr2_cas24e30o,"Cr$_2$ CAS(24e,30o)",9120,177.202748262971
cr2_cas24e30o,"Cr$_2$ CAS(24e,30o)",9130,182.82439073482237
cr2_cas24e30o,"Cr$_2$ CAS(24e,30o)",9140,179.87085959384785
cr2_cas24e30o,"Cr$_2$ CAS(24e,30o)",9150,179.60938330224963
cr2_cas24e30o,"Cr$_2$ CAS(24e,30o)",9160,178.74683507443478
cr2_cas24e30o,"Cr$_2$ CAS(24e,30o)",9170,180.1555988927248
cr2_cas24e30o,"Cr$_2$ CAS(24e,30o)",9180,178.75048063933718
cr2_cas24e30o,"Cr$_2$ CAS(24e,30o)",9190,177.2008974298842
cr2_cas24e30o,"Cr$_2$ CAS(24e,30o)",9200,180.14465451506112
cr2_cas24e30o,"Cr$_2$ CAS(24e,30o)",9210,179.5690173598814
cr2_cas24e30o,"Cr$_2$ CAS(24e,30o)",9220,176.47229251133467
cr2_cas24e30o,"Cr$_2$ CAS(24e,30o)",9230,178.6256776376831
cr2_cas24e30o,"Cr$_2$ CAS(24e,30o)",9240,181.51857620841838
cr2_cas24e30o,"Cr$_2$ CAS(24e,30o)",9250,178.61414041635726
cr2_cas24e30o,"Cr$_2$ CAS(24e,30o)",9260,177.81657414207075
cr2_cas24e30o,"Cr$_2$ CAS(24e,30o)",9270,180.2513055736199
cr2_cas24e30o,"Cr$_2$ CAS(24e,30o)",9280,189.03582377697603
cr2_cas24e30o,"Cr$_2$ CAS(24e,30o)",9290,190.77524498470666
cr2_cas24e30o,"Cr$_2$ CAS(24e,30o)",9300,184.12960675550494
cr2_cas24e30o,"Cr$_2$ CAS(24e,30o)",9310,177.91989543866293
cr2_cas24e30o,"Cr$_2$ CAS(24e,30o)",9320,176.34731956286487
cr2_cas24e30o,"Cr$_2$ CAS(24e,30o)",9330,175.5973871045171
cr2_cas24e30o,"Cr$_2$ CAS(24e,30o)",9340,182.9143520094476
cr2_cas24e30o,"Cr$_2$ CAS(24e,30o)",9350,177.33103256705363
cr2_cas24e30o,"Cr$_2$ CAS(24e,30o)",9360,176.6018279590753
cr2_cas24e30o,"Cr$_2$ CAS(24e,30o)",9370,176.7028031931659
cr2_cas24e30o,"Cr$_2$ CAS(24e,30o)",9380,176.32053960051053
cr2_cas24e30o,"Cr$_2$ CAS(24e,30o)",9390,175.9129356523772
cr2_cas24e30o,"Cr$_2$ CAS(24e,30o)",9400,191.2184741790952
cr2_cas24e30o,"Cr$_2$ CAS(24e,30o)",9410,183.10805815463027
cr2_cas24e30o,"Cr$_2$ CAS(24e,30o)",9420,177.0716632404401
cr2_cas24e30o,"Cr$_2$ CAS(24e,30o)",9430,176.16245464569147
cr2_cas24e30o,"Cr$_2$ CAS(24e,30o)",9440,177.08347762163612
cr2_cas24e30o,"Cr$_2$ CAS(24e,30o)",9450,182.09098993293082
cr2_cas24e30o,"Cr$_2$ CAS(24e,30o)",9460,194.77569679384032
cr2_cas24e30o,"Cr$_2$ CAS(24e,30o)",9470,197.4489967296904
cr2_cas24e30o,"Cr$_2$ CAS(24e,30o)",9480,547.6918646118065
cr2_cas24e30o,"Cr$_2$ CAS(24e,30o)",9490,468.31480991977514
cr2_cas24e30o,"Cr$_2$ CAS(24e,30o)",9500,407.4886911344038
cr2_cas24e30o,"Cr$_2$ CAS(24e,30o)",9510,368.5363957492882
cr2_cas24e30o,"Cr$_2$ CAS(24e,30o)",9520,349.8435358637835
cr2_cas24e30o,"Cr$_2$ CAS(24e,30o)",9530,317.5248812699465
cr2_cas24e30o,"Cr$_2$ CAS(24e,30o)",9540,292.88475151724924
cr2_cas24e30o,"Cr$_2$ CAS(24e,30o)",9550,281.0903896520358
cr2_cas24e30o,"Cr$_2$ CAS(24e,30o)",9560,271.3065003754309
cr2_cas24e30o,"Cr$_2$ CAS(24e,30o)",9570,262.62560085524456
cr2_cas24e30o,"Cr$_2$ CAS(24e,30o)",9580,259.8810083618446
cr2_cas24e30o,"Cr$_2$ CAS(24e,30o)",9590,253.85393485748864
cr2_cas24e30o,"Cr$_2$ CAS(24e,30o)",9600,244.08429878758398
cr2_cas24e30o,"Cr$_2$ CAS(24e,30o)",9610,236.38191491545513
cr2_cas24e30o,"Cr$_2$ CAS(24e,30o)",9620,226.21446055291017
cr2_cas24e30o,"Cr$_2$ CAS(24e,30o)",9630,212.88450489964816
cr2_cas24e30o,"Cr$_2$ CAS(24e,30o)",9640,204.6050895605731
cr2_cas24e30o,"Cr$_2$ CAS(24e,30o)",9650,199.70619342484497
cr2_cas24e30o,"Cr$_2$ CAS(24e,30o)",9660,196.86319098082095
cr2_cas24e30o,"Cr$_2$ CAS(24e,30o)",9670,192.225375936232
cr2_cas24e30o,"Cr$_2$ CAS(24e,30o)",9680,190.0470142022641
cr2_cas24e30o,"Cr$_2$ CAS(24e,30o)",9690,193.4991830362378
cr2_cas24e30o,"Cr$_2$ CAS(24e,30o)",9700,186.78058752630022
cr2_cas24e30o,"Cr$_2$ CAS(24e,30o)",9710,187.44086705009977
cr2_cas24e30o,"Cr$_2$ CAS(24e,30o)",9720,187.2043670214225
cr2_cas24e30o,"Cr$_2$ CAS(24e,30o)",9730,183.956301656508
cr2_cas24e30o,"Cr$_2$ CAS(24e,30o)",9740,183.87455740275982
cr2_cas24e30o,"Cr$_2$ CAS(24e,30o)",9750,183.76042035970386
cr2_cas24e30o,"Cr$_2$ CAS(24e,30o)",9760,188.79949749270963
cr2_cas24e30o,"Cr$_2$ CAS(24e,30o)",9770,180.5641290056883
cr2_cas24e30o,"Cr$_2$ CAS(24e,30o)",9780,179.25102175013308
cr2_cas24e30o,"Cr$_2$ CAS(24e,30o)",9790,187.8745600261027
cr2_cas24e30o,"Cr$_2$ CAS(24e,30o)",9800,198.58275505885103
cr2_cas24e30o,"Cr$_2$ CAS(24e,30o)",9810,187.01581418235946
cr2_cas24e30o,"Cr$_2$ CAS(24e,30o)",9820,179.65537505642715
cr2_cas24e30o,"Cr$_2$ CAS(24e,30o)",9830,177.89092718112443
cr2_cas24e30o,"Cr$_2$ CAS(24e,30o)",9840,177.08174377685282
cr2_cas24e30o,"Cr$_2$ CAS(24e,30o)",9850,175.9964291959477
cr2_cas24e30o,"Cr$_2$ CAS(24e,30o)",9860,176.4081955589063
cr2_cas24e30o,"Cr$_2$ CAS(24e,30o)",9870,178.36481126050785
cr2_cas24e30o,"Cr$_2$ CAS(24e,30o)",9880,175.4733471157124
cr2_cas24e30o,"Cr$_2$ CAS(24e,30o)",9890,179.56743223567173
cr2_cas24e30o,"Cr$_2$ CAS(24e,30o)",9900,175.51859302830053
cr2_cas24e30o,"Cr$_2$ CAS(24e,30o)",9910,176.80873002973385
cr2_cas24e30o,"Cr$_2$ CAS(24e,30o)",9920,177.10450585218496
cr2_cas24e30o,"Cr$_2$ CAS(24e,30o)",9930,181.97129635927922
cr2_cas24e30o,"Cr$_2$ CAS(24e,30o)",9940,176.82276217146864
cr2_cas24e30o,"Cr$_2$ CAS(24e,30o)",9950,175.88974752834474
cr2_cas24e30o,"Cr$_2$ CAS(24e,30o)",9960,175.92228611556493
cr2_cas24e30o,"Cr$_2$ CAS(24e,30o)",9970,176.85651933152258
cr2_cas24e30o,"Cr$_2$ CAS(24e,30o)",9980,177.33752786398327
cr2_cas24e30o,"Cr$_2$ CAS(24e,30o)",9990,179.68848217287814
cr2_cas24e30o,"Cr$_2$ CAS(24e,30o)",10000,184.40899452662052
cr2_cas24e30o,"Cr$_2$ CAS(24e,30o)",10010,177.7682305551025
cr2_cas24e30o,"Cr$_2$ CAS(24e,30o)",10020,175.12349651224213
cr2_cas24e30o,"Cr$_2$ CAS(24e,30o)",10030,174.31667226583158
cr2_cas24e30o,"Cr$_2$ CAS(24e,30o)",10040,178.05338256266623
cr2_cas24e30o,"Cr$_2$ CAS(24e,30o)",10050,176.49259602558232
cr2_cas24e30o,"Cr$_2$ CAS(24e,30o)",10060,175.09394454873473
cr2_cas24e30o,"Cr$_2$ CAS(24e,30o)",10070,173.47164770899326
cr2_cas24e30o,"Cr$_2$ CAS(24e,30o)",10080,173.07777855739914
cr2_cas24e30o,"Cr$_2$ CAS(24e,30o)",10090,173.6287999792694
cr2_cas24e30o,"Cr$_2$ CAS(24e,30o)",10100,184.45507937030925
cr2_cas24e30o,"Cr$_2$ CAS(24e,30o)",10110,177.08336465739194
cr2_cas24e30o,"Cr$_2$ CAS(24e,30o)",10120,173.43706926658342
cr2_cas24e30o,"Cr$_2$ CAS(24e,30o)",10130,173.0851286606594
cr2_cas24e30o,"Cr$_2$ CAS(24e,30o)",10140,177.89319041776253
cr2_cas24e30o,"Cr$_2$ CAS(24e,30o)",10150,175.94645624058103
cr2_cas24e30o,"Cr$_2$ CAS(24e,30o)",10160,182.99073484831752
cr2_cas24e30o,"Cr$_2$ CAS(24e,30o)",10170,174.8371448134094
cr2_cas24e30o,"Cr$_2$ CAS(24e,30o)",10180,173.65405870532413
cr2_cas24e30o,"Cr$_2$ CAS(24e,30o)",10190,174.74635125881832
cr2_cas24e30o,"Cr$_2$ CAS(24e,30o)",10200,173.9027469584471
cr2_cas24e30o,"Cr$_2$ CAS(24e,30o)",10210,173.82007568494373
cr2_cas24e30o,"Cr$_2$ CAS(24e,30o)",10220,175.02865548021873
cr2_cas24e30o,"Cr$_2$ CAS(24e,30o)",10230,172.14353804911298
cr2_cas24e30o,"Cr$_2$ CAS(24e,30o)",10240,174.25135288749516
cr2_cas24e30o,"Cr$_2$ CAS(24e,30o)",10250,175.78143085484044
cr2_cas24e30o,"Cr$_2$ CAS(24e,30o)",10260,174.2609856510171
cr2_cas24e30o,"Cr$_2$ CAS(24e,30o)",10270,172.69286040072984
cr2_cas24e30o,"Cr$_2$ CAS(24e,30o)",10280,172.61173861015777
cr2_cas24e30o,"Cr$_2$ CAS(24e,30o)",10290,175.56240365456688
cr2_cas24e30o,"Cr$_2$ CAS(24e,30o)",10300,174.20368605053227
cr2_cas24e30o,"Cr$_2$ CAS(24e,30o)",10310,174.76806817830948
cr2_cas24e30o,"Cr$_2$ CAS(24e,30o)",10320,173.1045899464334
cr2_cas24e30o,"Cr$_2$ CAS(24e,30o)",10330,174.71722180334837
cr2_cas24e30o,"Cr$_2$ CAS(24e,30o)",10340,172.7285273950656
cr2_cas24e30o,"Cr$_2$ CAS(24e,30o)",10350,171.87597143947642
cr2_cas24e30o,"Cr$_2$ CAS(24e,30o)",10360,180.06354223734888
cr2_cas24e30o,"Cr$_2$ CAS(24e,30o)",10370,173.69691533895093
cr2_cas24e30o,"Cr$_2$ CAS(24e,30o)",10380,175.01108190253944
cr2_cas24e30o,"Cr$_2$ CAS(24e,30o)",10390,186.99074662345083
cr2_cas24e30o,"Cr$_2$ CAS(24e,30o)",10400,184.73426438868046
cr2_cas24e30o,"Cr$_2$ CAS(24e,30o)",10410,176.00705179393117
cr2_cas24e30o,"Cr$_2$ CAS(24e,30o)",10420,172.06483199106515
cr2_cas24e30o,"Cr$_2$ CAS(24e,30o)",10430,170.68043838480662
cr2_cas24e30o,"Cr$_2$ CAS(24e,30o)",10440,170.40109220988597
cr2_cas24e30o,"Cr$_2$ CAS(24e,30o)",10450,171.72524222542052
cr2_cas24e30o,"Cr$_2$ CAS(24e,30o)",10460,174.53420250922136
cr2_cas24e30o,"Cr$_2$ CAS(24e,30o)",10470,174.11061473148948
cr2_cas24e30o,"Cr$_2$ CAS(24e,30o)",10480,171.96786616341342
cr2_cas24e30o,"Cr$_2$ CAS(24e,30o)",10490,170.8787249181114
cr2_cas24e30o,"Cr$_2$ CAS(24e,30o)",10500,170.32734157010054
cr2_cas24e30o,"Cr$_2$ CAS(24e,30o)",10510,170.30835898640362
cr2_cas24e30o,"Cr$_2$ CAS(24e,30o)",10520,171.7998342987812
cr2_cas24e30o,"Cr$_2$ CAS(24e,30o)",10530,170.56987096248122
cr2_cas24e30o,"Cr$_2$ CAS(24e,30o)",10540,179.291394698339
cr2_cas24e30o,"Cr$_2$ CAS(24e,30o)",10550,173.32973686598052
cr2_cas24e30o,"Cr$_2$ CAS(24e,30o)",10560,172.58104393795293
cr2_cas24e30o,"Cr$_2$ CAS(24e,30o)",10570,171.63032104645026
cr2_cas24e30o,"Cr$_2$ CAS(24e,30o)",10580,170.08513625614796
cr2_cas24e30o,"Cr$_2$ CAS(24e,30o)",10590,171.67122754153752
cr2_cas24e30o,"Cr$_2$ CAS(24e,30o)",10600,174.9645424783921
cr2_cas24e30o,"Cr$_2$ CAS(24e,30o)",10610,171.86697339229795
cr2_cas24e30o,"Cr$_2$ CAS(24e,30o)",10620,172.0770695592364
cr2_cas24e30o,"Cr$_2$ CAS(24e,30o)",10630,171.6304496144403
cr2_cas24e30o,"Cr$_2$ CAS(24e,30o)",10640,170.72955683306645
cr2_cas24e30o,"Cr$_2$ CAS(24e,30o)",10650,171.9817094804057
cr2_cas24e30o,"Cr$_2$ CAS(24e,30o)",10660,176.90102633241622
cr2_cas24e30o,"Cr$_2$ CAS(24e,30o)",10670,175.8627628883005
cr2_cas24e30o,"Cr$_2$ CAS(24e,30o)",10680,175.9260764724786
cr2_cas24e30o,"Cr$_2$ CAS(24e,30o)",10690,173.07012332457816
cr2_cas24e30o,"Cr$_2$ CAS(24e,30o)",10700,172.3665724125567
cr2_cas24e30o,"Cr$_2$ CAS(24e,30o)",10710,173.47912791774434
cr2_cas24e30o,"Cr$_2$ CAS(24e,30o)",10720,170.18866308899305
cr2_cas24e30o,"Cr$_2$ CAS(24e,30o)",10730,171.68196004377023
cr2_cas24e30o,"Cr$_2$ CAS(24e,30o)",10740,171.45794592261154
cr2_cas24e30o,"Cr$_2$ CAS(24e,30o)",10750,176.1271496725385
cr2_cas24e30o,"Cr$_2$ CAS(24e,30o)",10760,173.12247552172266
cr2_cas24e30o,"Cr$_2$ CAS(24e,30o)",10770,170.49896111211638
cr2_cas24e30o,"Cr$_2$ CAS(24e,30o)",10780,170.2383428282701
cr2_cas24e30o,"Cr$_2$ CAS(24e,30o)",10790,169.11004948997288
cr2_cas24e30o,"Cr$_2$ CAS(24e,30o)",10800,173.0213070195532
cr2_cas24e30o,"Cr$_2$ CAS(24e,30o)",10810,171.97993764102648
cr2_cas24e30o,"Cr$_2$ CAS(24e,30o)",10820,178.48808237931735
cr2_cas24e30o,"Cr$_2$ CAS(24e,30o)",10830,175.92662603055942
cr2_cas24e30o,"Cr$_2$ CAS(24e,30o)",10840,172.31192061944967
cr2_cas24e30o,"Cr$_2$ CAS(24e,30o)",10850,170.0095394771779
cr2_cas24e30o,"Cr$_2$ CAS(24e,30o)",10860,168.70765562725865
cr2_cas24e30o,"Cr$_2$ CAS(24e,30o)",10870,167.95952251368362
cr2_cas24e30o,"Cr$_2$ CAS(24e,30o)",10880,172.54977648053682
cr2_cas24e30o,"Cr$_2$ CAS(24e,30o)",10890,170.04205801822536
cr2_cas24e30o,"Cr$_2$ CAS(24e,30o)",10900,175.83594949246617
cr2_cas24e30o,"Cr$_2$ CAS(24e,30o)",10910,168.82880782350185
cr2_cas24e30o,"Cr$_2$ CAS(24e,30o)",10920,168.50227805707618
cr2_cas24e30o,"Cr$_2$ CAS(24e,30o)",10930,171.0885226789287
cr2_cas24e30o,"Cr$_2$ CAS(24e,30o)",10940,170.6001005645703
cr2_cas24e30o,"Cr$_2$ CAS(24e,30o)",10950,169.27914481311745
cr2_cas24e30o,"Cr$_2$ CAS(24e,30o)",10960,169.25136491181547
cr2_cas24e30o,"Cr$_2$ CAS(24e,30o)",10970,171.09103747725385
cr2_cas24e30o,"Cr$_2$ CAS(24e,30o)",10980,168.97073849122535
cr2_cas24e30o,"Cr$_2$ CAS(24e,30o)",10990,170.19266725628768
cr2_cas24e30o,"Cr$_2$ CAS(24e,30o)",11000,169.0210277947699
cr2_cas24e30o,"Cr$_2$ CAS(24e,30o)",11010,171.98249627926998
cr2_cas24e30o,"Cr$_2$ CAS(24e,30o)",11020,173.57335024689746
cr2_cas24e30o,"Cr$_2$ CAS(24e,30o)",11030,180.7076796490037
cr2_cas24e30o,"Cr$_2$ CAS(24e,30o)",11040,172.61839466800666
cr2_cas24e30o,"Cr$_2$ CAS(24e,30o)",11050,169.84826968428024
cr2_cas24e30o,"Cr$_2$ CAS(24e,30o)",11060,170.35888869941118
cr2_cas24e30o,"Cr$_2$ CAS(24e,30o)",11070,168.6787528710738
cr2_cas24e30o,"Cr$_2$ CAS(24e,30o)",11080,167.36752855058512
cr2_cas24e30o,"Cr$_2$ CAS(24e,30o)",11090,173.009636437655
cr2_cas24e30o,"Cr$_2$ CAS(24e,30o)",11100,169.4381723891638
cr2_cas24e30o,"Cr$_2$ CAS(24e,30o)",11110,170.9500122578902
cr2_cas24e30o,"Cr$_2$ CAS(24e,30o)",11120,170.63811738580625
cr2_cas24e30o,"Cr$_2$ CAS(24e,30o)",11130,168.70720431415975
cr2_cas24e30o,"Cr$_2$ CAS(24e,30o)",11140,168.71185251920906
cr2_cas24e30o,"Cr$_2$ CAS(24e,30o)",11150,169.06503063091805
cr2_cas24e30o,"Cr$_2$ CAS(24e,30o)",11160,178.4158436762482
cr2_cas24e30o,"Cr$_2$ CAS(24e,30o)",11170,173.38349679766907
cr2_cas24e30o,"Cr$_2$ CAS(24e,30o)",11180,169.75233835864856
cr2_cas24e30o,"Cr$_2$ CAS(24e,30o)",11190,167.65879408512774
cr2_cas24e30o,"Cr$_2$ CAS(24e,30o)",11200,176.71512146444002
cr2_cas24e30o,"Cr$_2$ CAS(24e,30o)",11210,202.40088066748285
cr2_cas24e30o,"Cr$_2$ CAS(24e,30o)",11220,182.61124418995678
cr2_cas24e30o,"Cr$_2$ CAS(24e,30o)",11230,173.71552153599623
cr2_cas24e30o,"Cr$_2$ CAS(24e,30o)",11240,170.84355608812984
cr2_cas24e30o,"Cr$_2$ CAS(24e,30o)",11250,167.8317411210628
cr2_cas24e30o,"Cr$_2$ CAS(24e,30o)",11260,166.82928540512876
cr2_cas24e30o,"Cr$_2$ CAS(24e,30o)",11270,168.2983594732832
cr2_cas24e30o,"Cr$_2$ CAS(24e,30o)",11280,170.3881434818868
cr2_cas24e30o,"Cr$_2$ CAS(24e,30o)",11290,168.08787909258172
cr2_cas24e30o,"Cr$_2$ CAS(24e,30o)",11300,165.88508482391262
cr2_cas24e30o,"Cr$_2$ CAS(24e,30o)",11310,166.5067727267342
cr2_cas24e30o,"Cr$_2$ CAS(24e,30o)",11320,170.98906447017725
cr2_cas24e30o,"Cr$_2$ CAS(24e,30o)",11330,168.2029215521652
cr2_cas24e30o,"Cr$_2$ CAS(24e,30o)",11340,169.20821784697182
cr2_cas24e30o,"Cr$_2$ CAS(24e,30o)",11350,170.2646941985222
cr2_cas24e30o,"Cr$_2$ CAS(24e,30o)",11360,169.9437063248297
cr2_cas24e30o,"Cr$_2$ CAS(24e,30o)",11370,168.55995035939486
cr2_cas24e30o,"Cr$_2$ CAS(24e,30o)",11380,168.4431996686726
cr2_cas24e30o,"Cr$_2$ CAS(24e,30o)",11390,177.0943298261045
cr2_cas24e30o,"Cr$_2$ CAS(24e,30o)",11400,170.05683303204933
cr2_cas24e30o,"Cr$_2$ CAS(24e,30o)",11410,178.94727250086362
cr2_cas24e30o,"Cr$_2$ CAS(24e,30o)",11420,166.1439634308408
cr2_cas24e30o,"Cr$_2$ CAS(24e,30o)",11430,167.50346092021573
cr2_cas24e30o,"Cr$_2$ CAS(24e,30o)",11440,167.63346922834899
cr2_cas24e30o,"Cr$_2$ CAS(24e,30o)",11450,166.2497374004488
cr2_cas24e30o,"Cr$_2$ CAS(24e,30o)",11460,167.75032738860318
cr2_cas24e30o,"Cr$_2$ CAS(24e,30o)",11470,168.09277694801494
cr2_cas24e30o,"Cr$_2$ CAS(24e,30o)",11480,167.66268074115942
cr2_cas24e30o,"Cr$_2$ CAS(24e,30o)",11490,167.17730824120736
cr2_cas24e30o,"Cr$_2$ CAS(24e,30o)",11500,169.49307610093456
cr2_cas24e30o,"Cr$_2$ CAS(24e,30o)",11510,170.4096754474449
cr2_cas24e30o,"Cr$_2$ CAS(24e,30o)",11520,167.02483476683483
cr2_cas24e30o,"Cr$_2$ CAS(24e,30o)",11530,172.94715455591358
cr2_cas24e30o,"Cr$_2$ CAS(24e,30o)",11540,171.20764823539503
cr2_cas24e30o,"Cr$_2$ CAS(24e,30o)",11550,167.4364318409971
cr2_cas24e30o,"Cr$_2$ CAS(24e,30o)",11560,165.96899020578348
cr2_cas24e30o,"Cr$_2$ CAS(24e,30o)",11570,165.83917004072646
cr2_cas24e30o,"Cr$_2$ CAS(24e,30o)",11580,165.71726909160134
cr2_cas24e30o,"Cr$_2$ CAS(24e,30o)",11590,165.4920470155048
cr2_cas24e30o,"Cr$_2$ CAS(24e,30o)",11600,165.98161839692693
cr2_cas24e30o,"Cr$_2$ CAS(24e,30o)",11610,165.4436697745041
cr2_cas24e30o,"Cr$_2$ CAS(24e,30o)",11620,171.72736873499161
cr2_cas24e30o,"Cr$_2$ CAS(24e,30o)",11630,166.31553405977684
cr2_cas24e30o,"Cr$_2$ CAS(24e,30o)",11640,165.43456837462145
cr2_cas24e30o,"Cr$_2$ CAS(24e,30o)",11650,167.88723678473616
cr2_cas24e30o,"Cr$_2$ CAS(24e,30o)",11660,166.53945973985174
cr2_cas24e30o,"Cr$_2$ CAS(24e,30o)",11670,165.55799442539865
cr2_cas24e30o,"Cr$_2$ CAS(24e,30o)",11680,173.55478323406714
cr2_cas24e30o,"Cr$_2$ CAS(24e,30o)",11690,171.64497460817074
cr2_cas24e30o,"Cr$_2$ CAS(24e,30o)",11700,167.91856897134494
cr2_cas24e30o,"Cr$_2$ CAS(24e,30o)",11710,167.40289470908465
cr2_cas24e30o,"Cr$_2$ CAS(24e,30o)",11720,166.08423504931125
cr2_cas24e30o,"Cr$_2$ CAS(24e,30o)",11730,165.91190695089608
cr2_cas24e30o,"Cr$_2$ CAS(24e,30o)",11740,164.79114724415922
cr2_cas24e30o,"Cr$_2$ CAS(24e,30o)",11750,164.70109992587822
cr2_cas24e30o,"Cr$_2$ CAS(24e,30o)",11760,168.95066028746442
cr2_cas24e30o,"Cr$_2$ CAS(24e,30o)",11770,170.77810267574023
cr2_cas24e30o,"Cr$_2$ CAS(24e,30o)",11780,167.87229296778605
cr2_cas24e30o,"Cr$_2$ CAS(24e,30o)",11790,165.50788891572665
cr2_cas24e30o,"Cr$_2$ CAS(24e,30o)",11800,165.32728670881625
cr2_cas24e30o,"Cr$_2$ CAS(24e,30o)",11810,165.74973258548198
cr2_cas24e30o,"Cr$_2$ CAS(24e,30o)",11820,166.5526905690058
cr2_cas24e30o,"Cr$_2$ CAS(24e,30o)",11830,165.23834668942072
cr2_cas24e30o,"Cr$_2$ CAS(24e,30o)",11840,173.6162513184354
cr2_cas24e30o,"Cr$_2$ CAS(24e,30o)",11850,168.96316978454706
cr2_cas24e30o,"Cr$_2$ CAS(24e,30o)",11860,170.69075363451702
cr2_cas24e30o,"Cr$_2$ CAS(24e,30o)",11870,170.17327394705717
cr2_cas24e30o,"Cr$_2$ CAS(24e,30o)",11880,168.62301774381194
cr2_cas24e30o,"Cr$_2$ CAS(24e,30o)",11890,165.63083835899306
cr2_cas24e30o,"Cr$_2$ CAS(24e,30o)",11900,164.13994656886643
cr2_cas24e30o,"Cr$_2$ CAS(24e,30o)",11910,166.24130128093384
cr2_cas24e30o,"Cr$_2$ CAS(24e,30o)",11920,165.2619178380519
cr2_cas24e30o,"Cr$_2$ CAS(24e,30o)",11930,165.5013602685358
cr2_cas24e30o,"Cr$_2$ CAS(24e,30o)",11940,165.85299601183578
cr2_cas24e30o,"Cr$_2$ CAS(24e,30o)",11950,164.673290668361
cr2_cas24e30o,"Cr$_2$ CAS(24e,30o)",11960,164.78408876491812
cr2_cas24e30o,"Cr$_2$ CAS(24e,30o)",11970,163.88227669176558
cr2_cas24e30o,"Cr$_2$ CAS(24e,30o)",11980,182.34990901055426
cr2_cas24e30o,"Cr$_2$ CAS(24e,30o)",11990,166.4536941239021
cr2_cas24e30o,"Cr$_2$ CAS(24e,30o)",12000,168.94254353292126
cr2_cas24e30o,"Cr$_2$ CAS(24e,30o)",12010,169.72606764829834
cr2_cas24e30o,"Cr$_2$ CAS(24e,30o)",12020,177.92370289043902
cr2_cas24e30o,"Cr$_2$ CAS(24e,30o)",12030,169.80735255447144
cr2_cas24e30o,"Cr$_2$ CAS(24e,30o)",12040,165.69632093296605
cr2_cas24e30o,"Cr$_2$ CAS(24e,30o)",12050,165.20383336637678
cr2_cas24e30o,"Cr$_2$ CAS(24e,30o)",12060,163.70456430695413
cr2_cas24e30o,"Cr$_2$ CAS(24e,30o)",12070,163.61857144102032
cr2_cas24e30o,"Cr$_2$ CAS(24e,30o)",12080,166.3214473978769
cr2_cas24e30o,"Cr$_2$ CAS(24e,30o)",12090,164.11639810030465
cr2_cas24e30o,"Cr$_2$ CAS(24e,30o)",12100,162.90696161058804
cr2_cas24e30o,"Cr$_2$ CAS(24e,30o)",12110,163.8342413261853
cr2_cas24e30o,"Cr$_2$ CAS(24e,30o)",12120,163.59808407059973
cr2_cas24e30o,"Cr$_2$ CAS(24e,30o)",12130,164.59287585257698
cr2_cas24e30o,"Cr$_2$ CAS(24e,30o)",12140,168.6092024865502
cr2_cas24e30o,"Cr$_2$ CAS(24e,30o)",12150,165.8738598293894
cr2_cas24e30o,"Cr$_2$ CAS(24e,30o)",12160,164.68370935399435
cr2_cas24e30o,"Cr$_2$ CAS(24e,30o)",12170,162.6815071990677
cr2_cas24e30o,"Cr$_2$ CAS(24e,30o)",12180,165.57586192993767
cr2_cas24e30o,"Cr$_2$ CAS(24e,30o)",12190,164.13405646108004
cr2_cas24e30o,"Cr$_2$ CAS(24e,30o)",12200,174.0408070149897
cr2_cas24e30o,"Cr$_2$ CAS(24e,30o)",12210,165.96890748996884
cr2_cas24e30o,"Cr$_2$ CAS(24e,30o)",12220,167.66881994817595
cr2_cas24e30o,"Cr$_2$ CAS(24e,30o)",12230,164.4261873675532
cr2_cas24e30o,"Cr$_2$ CAS(24e,30o)",12240,163.23360392971153
cr2_cas24e30o,"Cr$_2$ CAS(24e,30o)",12250,163.1194701030836
cr2_cas24e30o,"Cr$_2$ CAS(24e,30o)",12260,164.98041325303348
cr2_cas24e30o,"Cr$_2$ CAS(24e,30o)",12270,162.6408990227901
cr2_cas24e30o,"Cr$_2$ CAS(24e,30o)",12280,167.4822816298729
cr2_cas24e30o,"Cr$_2$ CAS(24e,30o)",12290,166.71821801946862
cr2_cas24e30o,"Cr$_2$ CAS(24e,30o)",12300,164.3516847339015
cr2_cas24e30o,"Cr$_2$ CAS(24e,30o)",12310,164.11162622171105
cr2_cas24e30o,"Cr$_2$ CAS(24e,30o)",12320,163.95688779584816
cr2_cas24e30o,"Cr$_2$ CAS(24e,30o)",12330,163.9949157411138
cr2_cas24e30o,"Cr$_2$ CAS(24e,30o)",12340,164.60755543630512
cr2_cas24e30o,"Cr$_2$ CAS(24e,30o)",12350,168.37703501960277
cr2_cas24e30o,"Cr$_2$ CAS(24e,30o)",12360,171.78020572418973
cr2_cas24e30o,"Cr$_2$ CAS(24e,30o)",12370,165.833865861714
cr2_cas24e30o,"Cr$_2$ CAS(24e,30o)",12380,164.81467808671368
cr2_cas24e30o,"Cr$_2$ CAS(24e,30o)",12390,163.54033120524036
cr2_cas24e30o,"Cr$_2$ CAS(24e,30o)",12400,163.57523684700936
cr2_cas24e30o,"Cr$_2$ CAS(24e,30o)",12410,161.89454688719707
cr2_cas24e30o,"Cr$_2$ CAS(24e,30o)",12420,164.3092566669111
cr2_cas24e30o,"Cr$_2$ CAS(24e,30o)",12430,168.54537297467687
cr2_cas24e30o,"Cr$_2$ CAS(24e,30o)",12440,163.4834071737714
cr2_cas24e30o,"Cr$_2$ CAS(24e,30o)",12450,166.15191558139486
cr2_cas24e30o,"Cr$_2$ CAS(24e,30o)",12460,163.81248610150578
cr2_cas24e30o,"Cr$_2$ CAS(24e,30o)",12470,162.60536799245529
cr2_cas24e30o,"Cr$_2$ CAS(24e,30o)",12480,162.92573505097607
cr2_cas24e30o,"Cr$_2$ CAS(24e,30o)",12490,162.19107091683327
cr2_cas24e30o,"Cr$_2$ CAS(24e,30o)",12500,168.4271989320223
cr2_cas24e30o,"Cr$_2$ CAS(24e,30o)",12510,164.00479573667326
cr2_cas24e30o,"Cr$_2$ CAS(24e,30o)",12520,165.65793795552963
cr2_cas24e30o,"Cr$_2$ CAS(24e,30o)",12530,164.1496401734912
cr2_cas24e30o,"Cr$_2$ CAS(24e,30o)",12540,162.8396501678253
cr2_cas24e30o,"Cr$_2$ CAS(24e,30o)",12550,164.581695749348
cr2_cas24e30o,"Cr$_2$ CAS(24e,30o)",12560,162.2400715632466
cr2_cas24e30o,"Cr$_2$ CAS(24e,30o)",12570,163.3393023435019
cr2_cas24e30o,"Cr$_2$ CAS(24e,30o)",12580,163.43622053818763
cr2_cas24e30o,"Cr$_2$ CAS(24e,30o)",12590,165.63781851391468
cr2_cas24e30o,"Cr$_2$ CAS(24e,30o)",12600,163.56945590996474
cr2_cas24e30o,"Cr$_2$ CAS(24e,30o)",12610,163.2147935742978
cr2_cas24e30o,"Cr$_2$ CAS(24e,30o)",12620,164.0371623811916
cr2_cas24e30o,"Cr$_2$ CAS(24e,30o)",12630,162.8891782138453
cr2_cas24e30o,"Cr$_2$ CAS(24e,30o)",12640,162.5703558179339
cr2_cas24e30o,"Cr$_2$ CAS(24e,30o)",12650,164.8265865446774
cr2_cas24e30o,"Cr$_2$ CAS(24e,30o)",12660,164.00092722005866
cr2_cas24e30o,"Cr$_2$ CAS(24e,30o)",12670,163.24832574173342
cr2_cas24e30o,"Cr$_2$ CAS(24e,30o)",12680,167.42840902224998
cr2_cas24e30o,"Cr$_2$ CAS(24e,30o)",12690,164.04225501855763
cr2_cas24e30o,"Cr$_2$ CAS(24e,30o)",12700,164.86456765233015
cr2_cas24e30o,"Cr$_2$ CAS(24e,30o)",12710,165.30897885286322
cr2_cas24e30o,"Cr$_2$ CAS(24e,30o)",12720,161.7788455164373
cr2_cas24e30o,"Cr$_2$ CAS(24e,30o)",12730,166.45410855153386
cr2_cas24e30o,"Cr$_2$ CAS(24e,30o)",12740,167.99405312031013
cr2_cas24e30o,"Cr$_2$ CAS(24e,30o)",12750,164.72929626206678
cr2_cas24e30o,"Cr$_2$ CAS(24e,30o)",12760,166.92050808842396
cr2_cas24e30o,"Cr$_2$ CAS(24e,30o)",12770,164.52817693107136
cr2_cas24e30o,"Cr$_2$ CAS(24e,30o)",12780,162.4038882473542
cr2_cas24e30o,"Cr$_2$ CAS(24e,30o)",12790,161.41232705285802
cr2_cas24e30o,"Cr$_2$ CAS(24e,30o)",12800,163.59123065421954
cr2_cas24e30o,"Cr$_2$ CAS(24e,30o)",12810,168.4822495312801
cr2_cas24e30o,"Cr$_2$ CAS(24e,30o)",12820,163.78259995235567
cr2_cas24e30o,"Cr$_2$ CAS(24e,30o)",12830,163.1933083444892
cr2_cas24e30o,"Cr$_2$ CAS(24e,30o)",12840,162.74784439838186
cr2_cas24e30o,"Cr$_2$ CAS(24e,30o)",12850,162.72225409193197
cr2_cas24e30o,"Cr$_2$ CAS(24e,30o)",12860,163.44167918305175
cr2_cas24e30o,"Cr$_2$ CAS(24e,30o)",12870,162.96450240179183
cr2_cas24e30o,"Cr$_2$ CAS(24e,30o)",12880,162.29407590844858
cr2_cas24e30o,"Cr$_2$ CAS(24e,30o)",12890,162.55270434567137
cr2_cas24e30o,"Cr$_2$ CAS(24e,30o)",12900,161.5259427753699
cr2_cas24e30o,"Cr$_2$ CAS(24e,30o)",12910,160.25053305338588
cr2_cas24e30o,"Cr$_2$ CAS(24e,30o)",12920,166.22721758540138
cr2_cas24e30o,"Cr$_2$ CAS(24e,30o)",12930,161.7011586940862
cr2_cas24e30o,"Cr$_2$ CAS(24e,30o)",12940,171.43453197013514
cr2_cas24e30o,"Cr$_2$ CAS(24e,30o)",12950,164.49969341738324
cr2_cas24e30o,"Cr$_2$ CAS(24e,30o)",12960,162.57176806357165
cr2_cas24e30o,"Cr$_2$ CAS(24e,30o)",12970,164.57145234107884
cr2_cas24e30o,"Cr$_2$ CAS(24e,30o)",12980,162.06138508960066
cr2_cas24e30o,"Cr$_2$ CAS(24e,30o)",12990,164.09825613527573
cr2_cas24e30o,"Cr$_2$ CAS(24e,30o)",13000,172.06417485931524
cr2_cas24e30o,"Cr$_2$ CAS(24e,30o)",13010,163.2731528320619
cr2_cas24e30o,"Cr$_2$ CAS(24e,30o)",13020,166.831686376554
cr2_cas24e30o,"Cr$_2$ CAS(24e,30o)",13030,163.98358559945336
cr2_cas24e30o,"Cr$_2$ CAS(24e,30o)",13040,162.47608976664196
cr2_cas24e30o,"Cr$_2$ CAS(24e,30o)",13050,161.1126695074745
cr2_cas24e30o,"Cr$_2$ CAS(24e,30o)",13060,165.40187662849348
cr2_cas24e30o,"Cr$_2$ CAS(24e,30o)",13070,163.50959719738967
cr2_cas24e30o,"Cr$_2$ CAS(24e,30o)",13080,161.30599086091024
cr2_cas24e30o,"Cr$_2$ CAS(24e,30o)",13090,159.18800731969895
cr2_cas24e30o,"Cr$_2$ CAS(24e,30o)",13100,163.0330987427442
cr2_cas24e30o,"Cr$_2$ CAS(24e,30o)",13110,160.29417079289487
cr2_cas24e30o,"Cr$_2$ CAS(24e,30o)",13120,162.80962677865318
cr2_cas24e30o,"Cr$_2$ CAS(24e,30o)",13130,164.40487539784954
cr2_cas24e30o,"Cr$_2$ CAS(24e,30o)",13140,163.54123544169852
cr2_cas24e30o,"Cr$_2$ CAS(24e,30o)",13150,162.51195483437186
cr2_cas24e30o,"Cr$_2$ CAS(24e,30o)",13160,161.95010831461332
cr2_cas24e30o,"Cr$_2$ CAS(24e,30o)",13170,161.46161344204302
cr2_cas24e30o,"Cr$_2$ CAS(24e,30o)",13180,159.68265574019824
cr2_cas24e30o,"Cr$_2$ CAS(24e,30o)",13190,162.92949033186233
cr2_cas24e30o,"Cr$_2$ CAS(24e,30o)",13200,166.67640231162295
cr2_cas24e30o,"Cr$_2$ CAS(24e,30o)",13210,163.66670853949472
cr2_cas24e30o,"Cr$_2$ CAS(24e,30o)",13220,162.6775850509148
cr2_cas24e30o,"Cr$_2$ CAS(24e,30o)",13230,161.75260343470654
cr2_cas24e30o,"Cr$_2$ CAS(24e,30o)",13240,160.90049684089536
cr2_cas24e30o,"Cr$_2$ CAS(24e,30o)",13250,169.09741081235552
cr2_cas24e30o,"Cr$_2$ CAS(24e,30o)",13260,166.39534461546646
cr2_cas24e30o,"Cr$_2$ CAS(24e,30o)",13270,165.0905942310601
cr2_cas24e30o,"Cr$_2$ CAS(24e,30o)",13280,161.1103366367388
cr2_cas24e30o,"Cr$_2$ CAS(24e,30o)",13290,160.79416917409617
cr2_cas24e30o,"Cr$_2$ CAS(24e,30o)",13300,161.34382617201481
cr2_cas24e30o,"Cr$_2$ CAS(24e,30o)",13310,161.13258607629177
cr2_cas24e30o,"Cr$_2$ CAS(24e,30o)",13320,172.57541426852185
cr2_cas24e30o,"Cr$_2$ CAS(24e,30o)",13330,167.13509239934865
cr2_cas24e30o,"Cr$_2$ CAS(24e,30o)",13340,161.36164679710419
cr2_cas24e30o,"Cr$_2$ CAS(24e,30o)",13350,159.7084220134093
cr2_cas24e30o,"Cr$_2$ CAS(24e,30o)",13360,166.19819345078213
cr2_cas24e30o,"Cr$_2$ CAS(24e,30o)",13370,172.45006024859322
cr2_cas24e30o,"Cr$_2$ CAS(24e,30o)",13380,165.94153753840146
cr2_cas24e30o,"Cr$_2$ CAS(24e,30o)",13390,162.09223374153225
cr2_cas24e30o,"Cr$_2$ CAS(24e,30o)",13400,160.60643643550065
cr2_cas24e30o,"Cr$_2$ CAS(24e,30o)",13410,162.8238343587327
cr2_cas24e30o,"Cr$_2$ CAS(24e,30o)",13420,159.52523815849418
cr2_cas24e30o,"Cr$_2$ CAS(24e,30o)",13430,161.38554810049754
cr2_cas24e30o,"Cr$_2$ CAS(24e,30o)",13440,160.61093159078155
cr2_cas24e30o,"Cr$_2$ CAS(24e,30o)",13450,160.20536739461022
cr2_cas24e30o,"Cr$_2$ CAS(24e,30o)",13460,163.8074526008495
cr2_cas24e30o,"Cr$_2$ CAS(24e,30o)",13470,162.26056459163374
cr2_cas24e30o,"Cr$_2$ CAS(24e,30o)",13480,162.39224533546803
cr2_cas24e30o,"Cr$_2$ CAS(24e,30o)",13490,159.97320175847562
cr2_cas24e30o,"Cr$_2$ CAS(24e,30o)",13500,159.47729711342618
cr2_cas24e30o,"Cr$_2$ CAS(24e,30o)",13510,164.85744976125716
cr2_cas24e30o,"Cr$_2$ CAS(24e,30o)",13520,163.01946694557046
cr2_cas24e30o,"Cr$_2$ CAS(24e,30o)",13530,159.43514363470968
cr2_cas24e30o,"Cr$_2$ CAS(24e,30o)",13540,159.5810480498585
cr2_cas24e30o,"Cr$_2$ CAS(24e,30o)",13550,159.9852662889134
cr2_cas24e30o,"Cr$_2$ CAS(24e,30o)",13560,160.51519347001886
cr2_cas24e30o,"Cr$_2$ CAS(24e,30o)",13570,163.94687175716172
cr2_cas24e30o,"Cr$_2$ CAS(24e,30o)",13580,162.35405186580465
cr2_cas24e30o,"Cr$_2$ CAS(24e,30o)",13590,161.13965272052155
cr2_cas24e30o,"Cr$_2$ CAS(24e,30o)",13600,161.62809326033312
cr2_cas24e30o,"Cr$_2$ CAS(24e,30o)",13610,159.95269950326474
cr2_cas24e30o,"Cr$_2$ CAS(24e,30o)",13620,158.83822902060274
cr2_cas24e30o,"Cr$_2$ CAS(24e,30o)",13630,171.8046160076483
cr2_cas24e30o,"Cr$_2$ CAS(24e,30o)",13640,160.31233758121743
cr2_cas24e30o,"Cr$_2$ CAS(24e,30o)",13650,167.0959324615069
cr2_cas24e30o,"Cr$_2$ CAS(24e,30o)",13660,169.4900810107356
cr2_cas24e30o,"Cr$_2$ CAS(24e,30o)",13670,164.0324838399465
cr2_cas24e30o,"Cr$_2$ CAS(24e,30o)",13680,160.18332632893362
cr2_cas24e30o,"Cr$_2$ CAS(24e,30o)",13690,158.03887939455308
cr2_cas24e30o,"Cr$_2$ CAS(24e,30o)",13700,157.96211983570174
cr2_cas24e30o,"Cr$_2$ CAS(24e,30o)",13710,167.78486521116065
cr2_cas24e30o,"Cr$_2$ CAS(24e,30o)",13720,162.4202494972451
cr2_cas24e30o,"Cr$_2$ CAS(24e,30o)",13730,162.00336695601436
cr2_cas24e30o,"Cr$_2$ CAS(24e,30o)",13740,158.1710337509321
cr2_cas24e30o,"Cr$_2$ CAS(24e,30o)",13750,158.5595314272723
cr2_cas24e30o,"Cr$_2$ CAS(24e,30o)",13760,159.36475794160287
cr2_cas24e30o,"Cr$_2$ CAS(24e,30o)",13770,160.1239475580769
cr2_cas24e30o,"Cr$_2$ CAS(24e,30o)",13780,160.0882285579246
cr2_cas24e30o,"Cr$_2$ CAS(24e,30o)",13790,162.4709110369622
cr2_cas24e30o,"Cr$_2$ CAS(24e,30o)",13800,160.49461679949673
cr2_cas24e30o,"Cr$_2$ CAS(24e,30o)",13810,158.30406790428242
cr2_cas24e30o,"Cr$_2$ CAS(24e,30o)",13820,160.3803978068754
cr2_cas24e30o,"Cr$_2$ CAS(24e,30o)",13830,160.1536085177031
cr2_cas24e30o,"Cr$_2$ CAS(24e,30o)",13840,158.34240039384895
cr2_cas24e30o,"Cr$_2$ CAS(24e,30o)",13850,160.79064814630328
cr2_cas24e30o,"Cr$_2$ CAS(24e,30o)",13860,159.35349096116624
cr2_cas24e30o,"Cr$_2$ CAS(24e,30o)",13870,160.6895453355719
cr2_cas24e30o,"Cr$_2$ CAS(24e,30o)",13880,163.98199132981972
cr2_cas24e30o,"Cr$_2$ CAS(24e,30o)",13890,164.9470189809108
cr2_cas24e30o,"Cr$_2$ CAS(24e,30o)",13900,161.10137187661167
cr2_cas24e30o,"Cr$_2$ CAS(24e,30o)",13910,159.301975861581
cr2_cas24e30o,"Cr$_2$ CAS(24e,30o)",13920,161.19494913573362
cr2_cas24e30o,"Cr$_2$ CAS(24e,30o)",13930,158.5217651468156
cr2_cas24e30o,"Cr$_2$ CAS(24e,30o)",13940,157.34267977086347
cr2_cas24e30o,"Cr$_2$ CAS(24e,30o)",13950,158.5740131949933
cr2_cas24e30o,"Cr$_2$ CAS(24e,30o)",13960,159.5674553527715
cr2_cas24e30o,"Cr$_2$ CAS(24e,30o)",13970,158.73220766115992
cr2_cas24e30o,"Cr$_2$ CAS(24e,30o)",13980,159.9422938816133
cr2_cas24e30o,"Cr$_2$ CAS(24e,30o)",13990,159.773659889197
cr2_cas24e30o,"Cr$_2$ CAS(24e,30o)",14000,159.9531639894849
cr2_cas24e30o,"Cr$_2$ CAS(24e,30o)",14010,161.0791011389665
cr2_cas24e30o,"Cr$_2$ CAS(24e,30o)",14020,158.9994190139805
cr2_cas24e30o,"Cr$_2$ CAS(24e,30o)",14030,158.58908424115725
cr2_cas24e30o,"Cr$_2$ CAS(24e,30o)",14040,157.84899944401332
cr2_cas24e30o,"Cr$_2$ CAS(24e,30o)",14050,158.22189894788607
cr2_cas24e30o,"Cr$_2$ CAS(24e,30o)",14060,159.50629807366568
cr2_cas24e30o,"Cr$_2$ CAS(24e,30o)",14070,159.62752466157326
cr2_cas24e30o,"Cr$_2$ CAS(24e,30o)",14080,161.5097376443373
cr2_cas24e30o,"Cr$_2$ CAS(24e,30o)",14090,158.86187299111043
cr2_cas24e30o,"Cr$_2$ CAS(24e,30o)",14100,157.39888214966413
cr2_cas24e30o,"Cr$_2$ CAS(24e,30o)",14110,158.64186848739337
cr2_cas24e30o,"Cr$_2$ CAS(24e,30o)",14120,157.72221103270567
cr2_cas24e30o,"Cr$_2$ CAS(24e,30o)",14130,160.29217041113952
cr2_cas24e30o,"Cr$_2$ CAS(24e,30o)",14140,158.35967606744816
cr2_cas24e30o,"Cr$_2$ CAS(24e,30o)",14150,160.809500047435
cr2_cas24e30o,"Cr$_2$ CAS(24e,30o)",14160,160.0451612107463
cr2_cas24e30o,"Cr$_2$ CAS(24e,30o)",14170,158.73630216810852
cr2_cas24e30o,"Cr$_2$ CAS(24e,30o)",14180,157.9758297407352
cr2_cas24e30o,"Cr$_2$ CAS(24e,30o)",14190,161.4832807658786
cr2_cas24e30o,"Cr$_2$ CAS(24e,30o)",14200,157.13480945532865
cr2_cas24e30o,"Cr$_2$ CAS(24e,30o)",14210,160.29750975621937
cr2_cas24e30o,"Cr$_2$ CAS(24e,30o)",14220,159.0930898296392
cr2_cas24e30o,"Cr$_2$ CAS(24e,30o)",14230,158.1731962928643
cr2_cas24e30o,"Cr$_2$ CAS(24e,30o)",14240,171.8653865827946
cr2_cas24e30o,"Cr$_2$ CAS(24e,30o)",14250,164.15269979506775
cr2_cas24e30o,"Cr$_2$ CAS(24e,30o)",14260,162.7436582516566
cr2_cas24e30o,"Cr$_2$ CAS(24e,30o)",14270,160.54556843710088
cr2_cas24e30o,"Cr$_2$ CAS(24e,30o)",14280,157.45254886587645
cr2_cas24e30o,"Cr$_2$ CAS(24e,30o)",14290,157.2344050268839
cr2_cas24e30o,"Cr$_2$ CAS(24e,30o)",14300,156.4072040287101
cr2_cas24e30o,"Cr$_2$ CAS(24e,30o)",14310,157.54342509944763
cr2_cas24e30o,"Cr$_2$ CAS(24e,30o)",14320,157.74423041966656
cr2_cas24e30o,"Cr$_2$ CAS(24e,30o)",14330,158.22585996693306
cr2_cas24e30o,"Cr$_2$ CAS(24e,30o)",14340,160.6189130243365
cr2_cas24e30o,"Cr$_2$ CAS(24e,30o)",14350,158.454006419106
cr2_cas24e30o,"Cr$_2$ CAS(24e,30o)",14360,158.16450962438466
cr2_cas24e30o,"Cr$_2$ CAS(24e,30o)",14370,157.6590587087594
cr2_cas24e30o,"Cr$_2$ CAS(24e,30o)",14380,157.81956270984665
cr2_cas24e30o,"Cr$_2$ CAS(24e,30o)",14390,157.44131245764947
cr2_cas24e30o,"Cr$_2$ CAS(24e,30o)",14400,161.9060302687103
cr2_cas24e30o,"Cr$_2$ CAS(24e,30o)",14410,159.53286891272
cr2_cas24e30o,"Cr$_2$ CAS(24e,30o)",14420,158.54904934485603
cr2_cas24e30o,"Cr$_2$ CAS(24e,30o)",14430,157.99251542284765
cr2_cas24e30o,"Cr$_2$ CAS(24e,30o)",14440,156.58714782375682
cr2_cas24e30o,"Cr$_2$ CAS(24e,30o)",14450,159.5936141770835
cr2_cas24e30o,"Cr$_2$ CAS(24e,30o)",14460,161.34850970320258
cr2_cas24e30o,"Cr$_2$ CAS(24e,30o)",14470,166.21503959004258
cr2_cas24e30o,"Cr$_2$ CAS(24e,30o)",14480,160.63083723156524
cr2_cas24e30o,"Cr$_2$ CAS(24e,30o)",14490,158.70919388225957
cr2_cas24e30o,"Cr$_2$ CAS(24e,30o)",14500,158.16093113198804
cr2_cas24e30o,"Cr$_2$ CAS(24e,30o)",14510,157.17163363615327
cr2_cas24e30o,"Cr$_2$ CAS(24e,30o)",14520,157.21822152818277
cr2_cas24e30o,"Cr$_2$ CAS(24e,30o)",14530,157.13401326775056
cr2_cas24e30o,"Cr$_2$ CAS(24e,30o)",14540,157.7109739350817
cr2_cas24e30o,"Cr$_2$ CAS(24e,30o)",14550,167.1399546853536
cr2_cas24e30o,"Cr$_2$ CAS(24e,30o)",14560,160.55125013235738
cr2_cas24e30o,"Cr$_2$ CAS(24e,30o)",14570,170.04242925804647
cr2_cas24e30o,"Cr$_2$ CAS(24e,30o)",14580,159.52379532836858
cr2_cas24e30o,"Cr$_2$ CAS(24e,30o)",14590,156.74604176138018
cr2_cas24e30o,"Cr$_2$ CAS(24e,30o)",14600,156.07721746937386
cr2_cas24e30o,"Cr$_2$ CAS(24e,30o)",14610,157.5613444147166
cr2_cas24e30o,"Cr$_2$ CAS(24e,30o)",14620,156.92669206873688
cr2_cas24e30o,"Cr$_2$ CAS(24e,30o)",14630,156.3783447941205
cr2_cas24e30o,"Cr$_2$ CAS(24e,30o)",14640,156.58894875286933
cr2_cas24e30o,"Cr$_2$ CAS(24e,30o)",14650,158.82043069723295
cr2_cas24e30o,"Cr$_2$ CAS(24e,30o)",14660,156.8506293547216
cr2_cas24e30o,"Cr$_2$ CAS(24e,30o)",14670,158.17962363053084
cr2_cas24e30o,"Cr$_2$ CAS(24e,30o)",14680,158.42599676579994
cr2_cas24e30o,"Cr$_2$ CAS(24e,30o)",14690,157.0336252511879
cr2_cas24e30o,"Cr$_2$ CAS(24e,30o)",14700,156.7740749078439
cr2_cas24e30o,"Cr$_2$ CAS(24e,30o)",14710,157.562518326813
cr2_cas24e30o,"Cr$_2$ CAS(24e,30o)",14720,158.2860111948321
cr2_cas24e30o,"Cr$_2$ CAS(24e,30o)",14730,156.07516138243227
cr2_cas24e30o,"Cr$_2$ CAS(24e,30o)",14740,158.17203510096078
cr2_cas24e30o,"Cr$_2$ CAS(24e,30o)",14750,158.04953559336354
cr2_cas24e30o,"Cr$_2$ CAS(24e,30o)",14760,157.63432771018415
cr2_cas24e30o,"Cr$_2$ CAS(24e,30o)",14770,156.93887909037585
cr2_cas24e30o,"Cr$_2$ CAS(24e,30o)",14780,160.45942224582177
cr2_cas24e30o,"Cr$_2$ CAS(24e,30o)",14790,157.04578610257158
cr2_cas24e30o,"Cr$_2$ CAS(24e,30o)",14800,156.09058479367377
cr2_cas24e30o,"Cr$_2$ CAS(24e,30o)",14810,160.605526404197
cr2_cas24e30o,"Cr$_2$ CAS(24e,30o)",14820,166.00302621691299
cr2_cas24e30o,"Cr$_2$ CAS(24e,30o)",14830,161.5729624904816
cr2_cas24e30o,"Cr$_2$ CAS(24e,30o)",14840,162.71397237460405
cr2_cas24e30o,"Cr$_2$ CAS(24e,30o)",14850,156.39254885672926
cr2_cas24e30o,"Cr$_2$ CAS(24e,30o)",14860,155.72330781105848
cr2_cas24e30o,"Cr$_2$ CAS(24e,30o)",14870,154.3467303545185
cr2_cas24e30o,"Cr$_2$ CAS(24e,30o)",14880,156.8048811736844
cr2_cas24e30o,"Cr$_2$ CAS(24e,30o)",14890,157.69571353803258
cr2_cas24e30o,"Cr$_2$ CAS(24e,30o)",14900,157.77183470027012
cr2_cas24e30o,"Cr$_2$ CAS(24e,30o)",14910,156.89809895866347
cr2_cas24e30o,"Cr$_2$ CAS(24e,30o)",14920,157.8132861773156
cr2_cas24e30o,"Cr$_2$ CAS(24e,30o)",14930,156.62525350762735
cr2_cas24e30o,"Cr$_2$ CAS(24e,30o)",14940,155.32054644063464
cr2_cas24e30o,"Cr$_2$ CAS(24e,30o)",14950,154.3415913379249
cr2_cas24e30o,"Cr$_2$ CAS(24e,30o)",14960,160.74202908885127
cr2_cas24e30o,"Cr$_2$ CAS(24e,30o)",14970,158.94384455987165
cr2_cas24e30o,"Cr$_2$ CAS(24e,30o)",14980,156.14079404031145
cr2_cas24e30o,"Cr$_2$ CAS(24e,30o)",14990,157.17726701450374
cr2_cas24e30o,"Cr$_2$ CAS(24e,30o)",15000,157.03438655191349
cr2_cas24e30o,"Cr$_2$ CAS(24e,30o)",15010,155.39655411112108
cr2_cas24e30o,"Cr$_2$ CAS(24e,30o)",15020,154.60955927073883
cr2_cas24e30o,"Cr$_2$ CAS(24e,30o)",15030,164.4103427747723
cr2_cas24e30o,"Cr$_2$ CAS(24e,30o)",15040,157.06035885023084
cr2_cas24e30o,"Cr$_2$ CAS(24e,30o)",15050,156.2950535303571
cr2_cas24e30o,"Cr$_2$ CAS(24e,30o)",15060,154.78923937780564
cr2_cas24e30o,"Cr$_2$ CAS(24e,30o)",15070,157.53743969571588
cr2_cas24e30o,"Cr$_2$ CAS(24e,30o)",15080,157.20052015922192
cr2_cas24e30o,"Cr$_2$ CAS(24e,30o)",15090,157.20242358474934
cr2_cas24e30o,"Cr$_2$ CAS(24e,30o)",15100,154.88562753535007
cr2_cas24e30o,"Cr$_2$ CAS(24e,30o)",15110,157.675632828159
cr2_cas24e30o,"Cr$_2$ CAS(24e,30o)",15120,158.03697502497016
cr2_cas24e30o,"Cr$_2$ CAS(24e,30o)",15130,155.83085245771144
cr2_cas24e30o,"Cr$_2$ CAS(24e,30o)",15140,155.35531400928448
cr2_cas24e30o,"Cr$_2$ CAS(24e,30o)",15150,155.80136362632402
cr2_cas24e30o,"Cr$_2$ CAS(24e,30o)",15160,156.18547509302516
cr2_cas24e30o,"Cr$_2$ CAS(24e,30o)",15170,158.589779896829
cr2_cas24e30o,"Cr$_2$ CAS(24e,30o)",15180,173.5158841165685
cr2_cas24e30o,"Cr$_2$ CAS(24e,30o)",15190,164.4863753381287
cr2_cas24e30o,"Cr$_2$ CAS(24e,30o)",15200,157.06348173034712
cr2_cas24e30o,"Cr$_2$ CAS(24e,30o)",15210,155.2354197274326
cr2_cas24e30o,"Cr$_2$ CAS(24e,30o)",15220,153.69110472738612
cr2_cas24e30o,"Cr$_2$ CAS(24e,30o)",15230,153.53964040332357
cr2_cas24e30o,"Cr$_2$ CAS(24e,30o)",15240,157.30232271789646
cr2_cas24e30o,"Cr$_2$ CAS(24e,30o)",15250,161.04151942317912
cr2_cas24e30o,"Cr$_2$ CAS(24e,30o)",15260,157.50434876690633
cr2_cas24e30o,"Cr$_2$ CAS(24e,30o)",15270,158.07353401123692
cr2_cas24e30o,"Cr$_2$ CAS(24e,30o)",15280,154.647304916125
cr2_cas24e30o,"Cr$_2$ CAS(24e,30o)",15290,154.50320268200812
cr2_cas24e30o,"Cr$_2$ CAS(24e,30o)",15300,157.6721863689272
cr2_cas24e30o,"Cr$_2$ CAS(24e,30o)",15310,154.35388618107027
cr2_cas24e30o,"Cr$_2$ CAS(24e,30o)",15320,159.86389709860305
cr2_cas24e30o,"Cr$_2$ CAS(24e,30o)",15330,154.73445999532487
cr2_cas24e30o,"Cr$_2$ CAS(24e,30o)",15340,153.80769130570116
cr2_cas24e30o,"Cr$_2$ CAS(24e,30o)",15350,155.11123644546387
cr2_cas24e30o,"Cr$_2$ CAS(24e,30o)",15360,156.6660725161455
cr2_cas24e30o,"Cr$_2$ CAS(24e,30o)",15370,158.45038522229515
cr2_cas24e30o,"Cr$_2$ CAS(24e,30o)",15380,156.49310746721312
cr2_cas24e30o,"Cr$_2$ CAS(24e,30o)",15390,153.52125557774343
cr2_cas24e30o,"Cr$_2$ CAS(24e,30o)",15400,153.31156413685676
cr2_cas24e30o,"Cr$_2$ CAS(24e,30o)",15410,153.54444911190512
cr2_cas24e30o,"Cr$_2$ CAS(24e,30o)",15420,153.8496713897075
cr2_cas24e30o,"Cr$_2$ CAS(24e,30o)",15430,157.56705071271426
cr2_cas24e30o,"Cr$_2$ CAS(24e,30o)",15440,154.71496669033513
cr2_cas24e30o,"Cr$_2$ CAS(24e,30o)",15450,156.4805951834387
cr2_cas24e30o,"Cr$_2$ CAS(24e,30o)",15460,165.2655021098326
cr2_cas24e30o,"Cr$_2$ CAS(24e,30o)",15470,155.70849570804057
cr2_cas24e30o,"Cr$_2$ CAS(24e,30o)",15480,155.13314530517164
cr2_cas24e30o,"Cr$_2$ CAS(24e,30o)",15490,153.627920663439
cr2_cas24e30o,"Cr$_2$ CAS(24e,30o)",15500,153.26496094576214
cr2_cas24e30o,"Cr$_2$ CAS(24e,30o)",15510,154.65134925352686
cr2_cas24e30o,"Cr$_2$ CAS(24e,30o)",15520,153.94539206181435
cr2_cas24e30o,"Cr$_2$ CAS(24e,30o)",15530,155.62191776416512
cr2_cas24e30o,"Cr$_2$ CAS(24e,30o)",15540,154.47027042000627
cr2_cas24e30o,"Cr$_2$ CAS(24e,30o)",15550,158.5855488647212
cr2_cas24e30o,"Cr$_2$ CAS(24e,30o)",15560,158.11708457385976
cr2_cas24e30o,"Cr$_2$ CAS(24e,30o)",15570,154.38962462258132
cr2_cas24e30o,"Cr$_2$ CAS(24e,30o)",15580,152.9095136243086
cr2_cas24e30o,"Cr$_2$ CAS(24e,30o)",15590,155.45411834182232
cr2_cas24e30o,"Cr$_2$ CAS(24e,30o)",15600,156.79055061627878
cr2_cas24e30o,"Cr$_2$ CAS(24e,30o)",15610,158.11313285394135
cr2_cas24e30o,"Cr$_2$ CAS(24e,30o)",15620,153.1065941626366
cr2_cas24e30o,"Cr$_2$ CAS(24e,30o)",15630,152.79442257451592
cr2_cas24e30o,"Cr$_2$ CAS(24e,30o)",15640,154.64485511392922
cr2_cas24e30o,"Cr$_2$ CAS(24e,30o)",15650,157.72006057977705
cr2_cas24e30o,"Cr$_2$ CAS(24e,30o)",15660,155.0255394377018
cr2_cas24e30o,"Cr$_2$ CAS(24e,30o)",15670,158.7019688181499
cr2_cas24e30o,"Cr$_2$ CAS(24e,30o)",15680,152.64935941604563
cr2_cas24e30o,"Cr$_2$ CAS(24e,30o)",15690,153.40889076151143
cr2_cas24e30o,"Cr$_2$ CAS(24e,30o)",15700,152.4000581734981
cr2_cas24e30o,"Cr$_2$ CAS(24e,30o)",15710,156.69361493792167
cr2_cas24e30o,"Cr$_2$ CAS(24e,30o)",15720,158.0222309853525
cr2_cas24e30o,"Cr$_2$ CAS(24e,30o)",15730,157.57954215905556
cr2_cas24e30o,"Cr$_2$ CAS(24e,30o)",15740,153.04163226073797
cr2_cas24e30o,"Cr$_2$ CAS(24e,30o)",15750,153.9465831610869
cr2_cas24e30o,"Cr$_2$ CAS(24e,30o)",15760,154.36362846276097
cr2_cas24e30o,"Cr$_2$ CAS(24e,30o)",15770,153.53191090298424
cr2_cas24e30o,"Cr$_2$ CAS(24e,30o)",15780,154.3668578474353
cr2_cas24e30o,"Cr$_2$ CAS(24e,30o)",15790,154.25414586843544
cr2_cas24e30o,"Cr$_2$ CAS(24e,30o)",15800,159.56458282698804
cr2_cas24e30o,"Cr$_2$ CAS(24e,30o)",15810,155.77016171619107
cr2_cas24e30o,"Cr$_2$ CAS(24e,30o)",15820,153.70007828141752
cr2_cas24e30o,"Cr$_2$ CAS(24e,30o)",15830,151.99149820637103
cr2_cas24e30o,"Cr$_2$ CAS(24e,30o)",15840,154.53163113943447
cr2_cas24e30o,"Cr$_2$ CAS(24e,30o)",15850,154.37417642306173
cr2_cas24e30o,"Cr$_2$ CAS(24e,30o)",15860,152.6034098897071
cr2_cas24e30o,"Cr$_2$ CAS(24e,30o)",15870,153.945571422355
cr2_cas24e30o,"Cr$_2$ CAS(24e,30o)",15880,155.8893515575619
cr2_cas24e30o,"Cr$_2$ CAS(24e,30o)",15890,157.56037172968718
cr2_cas24e30o,"Cr$_2$ CAS(24e,30o)",15900,155.07947703645186
cr2_cas24e30o,"Cr$_2$ CAS(24e,30o)",15910,158.62632629477957
cr2_cas24e30o,"Cr$_2$ CAS(24e,30o)",15920,154.07329317395124
cr2_cas24e30o,"Cr$_2$ CAS(24e,30o)",15930,153.01391489992966
cr2_cas24e30o,"Cr$_2$ CAS(24e,30o)",15940,153.57133797897404
cr2_cas24e30o,"Cr$_2$ CAS(24e,30o)",15950,152.52275364628076
cr2_cas24e30o,"Cr$_2$ CAS(24e,30o)",15960,156.19828301032612
cr2_cas24e30o,"Cr$_2$ CAS(24e,30o)",15970,156.3187973033564
cr2_cas24e30o,"Cr$_2$ CAS(24e,30o)",15980,153.65385175937263
cr2_cas24e30o,"Cr$_2$ CAS(24e,30o)",15990,154.1291665753306
cr2_cas24e30o,"Cr$_2$ CAS(24e,30o)",16000,154.11740542094776
cr2_cas24e30o,"Cr$_2$ CAS(24e,30o)",16010,159.9632886773179
cr2_cas24e30o,"Cr$_2$ CAS(24e,30o)",16020,154.23962190652674
cr2_cas24e30o,"Cr$_2$ CAS(24e,30o)",16030,152.0485677929173
cr2_cas24e30o,"Cr$_2$ CAS(24e,30o)",16040,153.00114346791815
cr2_cas24e30o,"Cr$_2$ CAS(24e,30o)",16050,152.72686117396006
cr2_cas24e30o,"Cr$_2$ CAS(24e,30o)",16060,153.59474779006632
cr2_cas24e30o,"Cr$_2$ CAS(24e,30o)",16070,156.7883629663811
cr2_cas24e30o,"Cr$_2$ CAS(24e,30o)",16080,153.89610267266107
cr2_cas24e30o,"Cr$_2$ CAS(24e,30o)",16090,152.79575829799796
cr2_cas24e30o,"Cr$_2$ CAS(24e,30o)",16100,153.51950635340472
cr2_cas24e30o,"Cr$_2$ CAS(24e,30o)",16110,153.3148708463159
cr2_cas24e30o,"Cr$_2$ CAS(24e,30o)",16120,151.9690164413987
cr2_cas24e30o,"Cr$_2$ CAS(24e,30o)",16130,158.1638012385156
cr2_cas24e30o,"Cr$_2$ CAS(24e,30o)",16140,155.08984199232145
cr2_cas24e30o,"Cr$_2$ CAS(24e,30o)",16150,152.32093166059713
cr2_cas24e30o,"Cr$_2$ CAS(24e,30o)",16160,151.86947409119966
cr2_cas24e30o,"Cr$_2$ CAS(24e,30o)",16170,156.92532894991018
cr2_cas24e30o,"Cr$_2$ CAS(24e,30o)",16180,155.2288164507445
cr2_cas24e30o,"Cr$_2$ CAS(24e,30o)",16190,153.45700064244738
cr2_cas24e30o,"Cr$_2$ CAS(24e,30o)",16200,151.55214325477573
cr2_cas24e30o,"Cr$_2$ CAS(24e,30o)",16210,152.96194464872315
cr2_cas24e30o,"Cr$_2$ CAS(24e,30o)",16220,156.21751623757518
cr2_cas24e30o,"Cr$_2$ CAS(24e,30o)",16230,155.3995228423446
cr2_cas24e30o,"Cr$_2$ CAS(24e,30o)",16240,163.07294402804473
cr2_cas24e30o,"Cr$_2$ CAS(24e,30o)",16250,156.00010393927732
cr2_cas24e30o,"Cr$_2$ CAS(24e,30o)",16260,150.66739431631504
cr2_cas24e30o,"Cr$_2$ CAS(24e,30o)",16270,151.96430037349273
cr2_cas24e30o,"Cr$_2$ CAS(24e,30o)",16280,152.22632605855324
cr2_cas24e30o,"Cr$_2$ CAS(24e,30o)",16290,151.89841023902773
cr2_cas24e30o,"Cr$_2$ CAS(24e,30o)",16300,150.81370491998314
cr2_cas24e30o,"Cr$_2$ CAS(24e,30o)",16310,152.58885198591088
cr2_cas24e30o,"Cr$_2$ CAS(24e,30o)",16320,153.3389592518688
cr2_cas24e30o,"Cr$_2$ CAS(24e,30o)",16330,153.32564253458258
cr2_cas24e30o,"Cr$_2$ CAS(24e,30o)",16340,154.35504469814987
cr2_cas24e30o,"Cr$_2$ CAS(24e,30o)",16350,154.04573568639535
cr2_cas24e30o,"Cr$_2$ CAS(24e,30o)",16360,156.6142760771072
cr2_cas24e30o,"Cr$_2$ CAS(24e,30o)",16370,152.9313308565179
cr2_cas24e30o,"Cr$_2$ CAS(24e,30o)",16380,158.13706297785757
cr2_cas24e30o,"Cr$_2$ CAS(24e,30o)",16390,154.5357748045717
cr2_cas24e30o,"Cr$_2$ CAS(24e,30o)",16400,152.83677764227832
cr2_cas24e30o,"Cr$_2$ CAS(24e,30o)",16410,163.81997027065154
cr2_cas24e30o,"Cr$_2$ CAS(24e,30o)",16420,155.46770623905104
cr2_cas24e30o,"Cr$_2$ CAS(24e,30o)",16430,152.4163325725567
cr2_cas24e30o,"Cr$_2$ CAS(24e,30o)",16440,154.0528786968025
cr2_cas24e30o,"Cr$_2$ CAS(24e,30o)",16450,156.19785038052214
cr2_cas24e30o,"Cr$_2$ CAS(24e,30o)",16460,153.37562619015443
cr2_cas24e30o,"Cr$_2$ CAS(24e,30o)",16470,160.5830480516488
cr2_cas24e30o,"Cr$_2$ CAS(24e,30o)",16480,154.16630987647295
cr2_cas24e30o,"Cr$_2$ CAS(24e,30o)",16490,151.27611028583487
cr2_cas24e30o,"Cr$_2$ CAS(24e,30o)",16500,150.7779843186654
cr2_cas24e30o,"Cr$_2$ CAS(24e,30o)",16510,167.90781447070913
cr2_cas24e30o,"Cr$_2$ CAS(24e,30o)",16520,161.12175206490065
cr2_cas24e30o,"Cr$_2$ CAS(24e,30o)",16530,156.49915944504755
cr2_cas24e30o,"Cr$_2$ CAS(24e,30o)",16540,152.01735934988392
cr2_cas24e30o,"Cr$_2$ CAS(24e,30o)",16550,150.79111766681308
cr2_cas24e30o,"Cr$_2$ CAS(24e,30o)",16560,152.50975603885308
cr2_cas24e30o,"Cr$_2$ CAS(24e,30o)",16570,151.3186621323257
cr2_cas24e30o,"Cr$_2$ CAS(24e,30o)",16580,151.60397168301643
cr2_cas24e30o,"Cr$_2$ CAS(24e,30o)",16590,151.8662138819309
cr2_cas24e30o,"Cr$_2$ CAS(24e,30o)",16600,151.4652014980129
cr2_cas24e30o,"Cr$_2$ CAS(24e,30o)",16610,149.8352779653942
cr2_cas24e30o,"Cr$_2$ CAS(24e,30o)",16620,150.03916016894436
cr2_cas24e30o,"Cr$_2$ CAS(24e,30o)",16630,150.8823178523926
cr2_cas24e30o,"Cr$_2$ CAS(24e,30o)",16640,149.9511799429456
cr2_cas24e30o,"Cr$_2$ CAS(24e,30o)",16650,150.42174589461865
cr2_cas24e30o,"Cr$_2$ CAS(24e,30o)",16660,154.34014371885496
cr2_cas24e30o,"Cr$_2$ CAS(24e,30o)",16670,152.2407814395592
cr2_cas24e30o,"Cr$_2$ CAS(24e,30o)",16680,150.4759133645166
cr2_cas24e30o,"Cr$_2$ CAS(24e,30o)",16690,152.62330795349044
cr2_cas24e30o,"Cr$_2$ CAS(24e,30o)",16700,153.97277282272626
cr2_cas24e30o,"Cr$_2$ CAS(24e,30o)",16710,156.51147467133342
cr2_cas24e30o,"Cr$_2$ CAS(24e,30o)",16720,153.03850654390772
cr2_cas24e30o,"Cr$_2$ CAS(24e,30o)",16730,152.59575029767802
cr2_cas24e30o,"Cr$_2$ CAS(24e,30o)",16740,150.61501407399192
cr2_cas24e30o,"Cr$_2$ CAS(24e,30o)",16750,150.79426454349232
cr2_cas24e30o,"Cr$_2$ CAS(24e,30o)",16760,150.51486905304046
cr2_cas24e30o,"Cr$_2$ CAS(24e,30o)",16770,150.84093205996396
cr2_cas24e30o,"Cr$_2$ CAS(24e,30o)",16780,151.60359932178835
cr2_cas24e30o,"Cr$_2$ CAS(24e,30o)",16790,151.87591898711617
cr2_cas24e30o,"Cr$_2$ CAS(24e,30o)",16800,150.66624488235902
cr2_cas24e30o,"Cr$_2$ CAS(24e,30o)",16810,150.38909709210202
cr2_cas24e30o,"Cr$_2$ CAS(24e,30o)",16820,154.18404481897596
cr2_cas24e30o,"Cr$_2$ CAS(24e,30o)",16830,153.91016469902752
cr2_cas24e30o,"Cr$_2$ CAS(24e,30o)",16840,151.36133021724163
cr2_cas24e30o,"Cr$_2$ CAS(24e,30o)",16850,151.48509426944656
cr2_cas24e30o,"Cr$_2$ CAS(24e,30o)",16860,154.28729204131741
cr2_cas24e30o,"Cr$_2$ CAS(24e,30o)",16870,158.4851685679496
cr2_cas24e30o,"Cr$_2$ CAS(24e,30o)",16880,153.10834947604235
cr2_cas24e30o,"Cr$_2$ CAS(24e,30o)",16890,152.87784329075293
cr2_cas24e30o,"Cr$_2$ CAS(24e,30o)",16900,150.6163278081658
cr2_cas24e30o,"Cr$_2$ CAS(24e,30o)",16910,149.61255097841786
cr2_cas24e30o,"Cr$_2$ CAS(24e,30o)",16920,154.03954176190382
cr2_cas24e30o,"Cr$_2$ CAS(24e,30o)",16930,167.17279407339447
cr2_cas24e30o,"Cr$_2$ CAS(24e,30o)",16940,155.48385186775704
cr2_cas24e30o,"Cr$_2$ CAS(24e,30o)",16950,153.71632944606972
cr2_cas24e30o,"Cr$_2$ CAS(24e,30o)",16960,150.97908659345194
cr2_cas24e30o,"Cr$_2$ CAS(24e,30o)",16970,149.76640038639744
cr2_cas24e30o,"Cr$_2$ CAS(24e,30o)",16980,149.52840005798862
cr2_cas24e30o,"Cr$_2$ CAS(24e,30o)",16990,153.83818648615488
cr2_cas24e30o,"Cr$_2$ CAS(24e,30o)",17000,152.0223538946084
cr2_cas24e30o,"Cr$_2$ CAS(24e,30o)",17010,151.0985586987772
cr2_cas24e30o,"Cr$_2$ CAS(24e,30o)",17020,152.2992872969553
cr2_cas24e30o,"Cr$_2$ CAS(24e,30o)",17030,156.90731514223444
cr2_cas24e30o,"Cr$_2$ CAS(24e,30o)",17040,151.27607503609397
cr2_cas24e30o,"Cr$_2$ CAS(24e,30o)",17050,150.22211914902073
cr2_cas24e30o,"Cr$_2$ CAS(24e,30o)",17060,150.41757757944652
cr2_cas24e30o,"Cr$_2$ CAS(24e,30o)",17070,154.91019371620496
cr2_cas24e30o,"Cr$_2$ CAS(24e,30o)",17080,155.92122286170707
cr2_cas24e30o,"Cr$_2$ CAS(24e,30o)",17090,152.1417151757305
cr2_cas24e30o,"Cr$_2$ CAS(24e,30o)",17100,151.61797459631998
cr2_cas24e30o,"Cr$_2$ CAS(24e,30o)",17110,149.90583049029738
cr2_cas24e30o,"Cr$_2$ CAS(24e,30o)",17120,149.65118854615866
cr2_cas24e30o,"Cr$_2$ CAS(24e,30o)",17130,151.6570499320551
cr2_cas24e30o,"Cr$_2$ CAS(24e,30o)",17140,151.63745435802412
cr2_cas24e30o,"Cr$_2$ CAS(24e,30o)",17150,149.06417586234966
cr2_cas24e30o,"Cr$_2$ CAS(24e,30o)",17160,152.38764091373014
cr2_cas24e30o,"Cr$_2$ CAS(24e,30o)",17170,168.7642112233334
cr2_cas24e30o,"Cr$_2$ CAS(24e,30o)",17180,159.29618145491986
cr2_cas24e30o,"Cr$_2$ CAS(24e,30o)",17190,154.8248278736537
cr2_cas24e30o,"Cr$_2$ CAS(24e,30o)",17200,149.6969639706549
cr2_cas24e30o,"Cr$_2$ CAS(24e,30o)",17210,149.7495446510584
cr2_cas24e30o,"Cr$_2$ CAS(24e,30o)",17220,148.74434898456457
cr2_cas24e30o,"Cr$_2$ CAS(24e,30o)",17230,149.12305855978047
cr2_cas24e30o,"Cr$_2$ CAS(24e,30o)",17240,158.26772398577305
cr2_cas24e30o,"Cr$_2$ CAS(24e,30o)",17250,152.64518518097248
cr2_cas24e30o,"Cr$_2$ CAS(24e,30o)",17260,154.3269807584693
cr2_cas24e30o,"Cr$_2$ CAS(24e,30o)",17270,151.45918388998325
cr2_cas24e30o,"Cr$_2$ CAS(24e,30o)",17280,149.10386808423937
cr2_cas24e30o,"Cr$_2$ CAS(24e,30o)",17290,151.29905084495476
cr2_cas24e30o,"Cr$_2$ CAS(24e,30o)",17300,151.57099545058372
cr2_cas24e30o,"Cr$_2$ CAS(24e,30o)",17310,152.33390055254858
cr2_cas24e30o,"Cr$_2$ CAS(24e,30o)",17320,151.15684065176538
cr2_cas24e30o,"Cr$_2$ CAS(24e,30o)",17330,149.75745923356953
cr2_cas24e30o,"Cr$_2$ CAS(24e,30o)",17340,150.6069723350265
cr2_cas24e30o,"Cr$_2$ CAS(24e,30o)",17350,150.27217999386266
cr2_cas24e30o,"Cr$_2$ CAS(24e,30o)",17360,153.24454065694226
cr2_cas24e30o,"Cr$_2$ CAS(24e,30o)",17370,149.87689457984743
cr2_cas24e30o,"Cr$_2$ CAS(24e,30o)",17380,153.35037860313605
cr2_cas24e30o,"Cr$_2$ CAS(24e,30o)",17390,149.84542357569808
cr2_cas24e30o,"Cr$_2$ CAS(24e,30o)",17400,150.839171633379
cr2_cas24e30o,"Cr$_2$ CAS(24e,30o)",17410,152.38296554844055
cr2_cas24e30o,"Cr$_2$ CAS(24e,30o)",17420,150.5809829923237
cr2_cas24e30o,"Cr$_2$ CAS(24e,30o)",17430,150.8692993970726
cr2_cas24e30o,"Cr$_2$ CAS(24e,30o)",17440,151.52973743897746
cr2_cas24e30o,"Cr$_2$ CAS(24e,30o)",17450,157.055135545761
cr2_cas24e30o,"Cr$_2$ CAS(24e,30o)",17460,150.74444987067182
cr2_cas24e30o,"Cr$_2$ CAS(24e,30o)",17470,151.35184947621383
cr2_cas24e30o,"Cr$_2$ CAS(24e,30o)",17480,149.68026092492437
cr2_cas24e30o,"Cr$_2$ CAS(24e,30o)",17490,150.4551074117444
cr2_cas24e30o,"Cr$_2$ CAS(24e,30o)",17500,150.88869147348305
cr2_cas24e30o,"Cr$_2$ CAS(24e,30o)",17510,151.274633641151
cr2_cas24e30o,"Cr$_2$ CAS(24e,30o)",17520,149.52943286471054
cr2_cas24e30o,"Cr$_2$ CAS(24e,30o)",17530,151.29858870068347
cr2_cas24e30o,"Cr$_2$ CAS(24e,30o)",17540,151.9653786622257
cr2_cas24e30o,"Cr$_2$ CAS(24e,30o)",17550,149.43460395397778
cr2_cas24e30o,"Cr$_2$ CAS(24e,30o)",17560,149.94227373517788
cr2_cas24e30o,"Cr$_2$ CAS(24e,30o)",17570,154.17401680360854
cr2_cas24e30o,"Cr$_2$ CAS(24e,30o)",17580,150.90038490870938
cr2_cas24e30o,"Cr$_2$ CAS(24e,30o)",17590,148.82673898000576
cr2_cas24e30o,"Cr$_2$ CAS(24e,30o)",17600,148.54640088060478
cr2_cas24e30o,"Cr$_2$ CAS(24e,30o)",17610,153.87518459465355
cr2_cas24e30o,"Cr$_2$ CAS(24e,30o)",17620,150.40232369256046
cr2_cas24e30o,"Cr$_2$ CAS(24e,30o)",17630,152.27906242489553
cr2_cas24e30o,"Cr$_2$ CAS(24e,30o)",17640,152.08815399228115
cr2_cas24e30o,"Cr$_2$ CAS(24e,30o)",17650,150.91750681676785
cr2_cas24e30o,"Cr$_2$ CAS(24e,30o)",17660,158.40248249332944
cr2_cas24e30o,"Cr$_2$ CAS(24e,30o)",17670,150.2373073826675
cr2_cas24e30o,"Cr$_2$ CAS(24e,30o)",17680,151.95560596976065
cr2_cas24e30o,"Cr$_2$ CAS(24e,30o)",17690,149.28827106950848
cr2_cas24e30o,"Cr$_2$ CAS(24e,30o)",17700,152.47519550075594
cr2_cas24e30o,"Cr$_2$ CAS(24e,30o)",17710,149.00207615983163
cr2_cas24e30o,"Cr$_2$ CAS(24e,30o)",17720,149.5211568767445
cr2_cas24e30o,"Cr$_2$ CAS(24e,30o)",17730,149.74688696884186
cr2_cas24e30o,"Cr$_2$ CAS(24e,30o)",17740,152.75998955121395
cr2_cas24e30o,"Cr$_2$ CAS(24e,30o)",17750,149.8198425292685
cr2_cas24e30o,"Cr$_2$ CAS(24e,30o)",17760,149.0982464129047
cr2_cas24e30o,"Cr$_2$ CAS(24e,30o)",17770,149.54470572911305
cr2_cas24e30o,"Cr$_2$ CAS(24e,30o)",17780,149.99365309040513
cr2_cas24e30o,"Cr$_2$ CAS(24e,30o)",17790,151.5640175275621
cr2_cas24e30o,"Cr$_2$ CAS(24e,30o)",17800,150.12168997782283
cr2_cas24e30o,"Cr$_2$ CAS(24e,30o)",17810,148.69665765945683
cr2_cas24e30o,"Cr$_2$ CAS(24e,30o)",17820,148.52626580068318
cr2_cas24e30o,"Cr$_2$ CAS(24e,30o)",17830,151.11419750792265
cr2_cas24e30o,"Cr$_2$ CAS(24e,30o)",17840,151.3489965336703
cr2_cas24e30o,"Cr$_2$ CAS(24e,30o)",17850,150.28870460673716
cr2_cas24e30o,"Cr$_2$ CAS(24e,30o)",17860,158.35761632388312
cr2_cas24e30o,"Cr$_2$ CAS(24e,30o)",17870,150.10159651819777
cr2_cas24e30o,"Cr$_2$ CAS(24e,30o)",17880,153.59734566891348
cr2_cas24e30o,"Cr$_2$ CAS(24e,30o)",17890,148.84456844947636
cr2_cas24e30o,"Cr$_2$ CAS(24e,30o)",17900,148.45961917581008
cr2_cas24e30o,"Cr$_2$ CAS(24e,30o)",17910,148.79317686973081
cr2_cas24e30o,"Cr$_2$ CAS(24e,30o)",17920,152.09844441824316
cr2_cas24e30o,"Cr$_2$ CAS(24e,30o)",17930,149.05447877117695
cr2_cas24e30o,"Cr$_2$ CAS(24e,30o)",17940,154.14736687625918
cr2_cas24e30o,"Cr$_2$ CAS(24e,30o)",17950,150.7892270328739
cr2_cas24e30o,"Cr$_2$ CAS(24e,30o)",17960,150.01883897730295
cr2_cas24e30o,"Cr$_2$ CAS(24e,30o)",17970,149.23032346268883
cr2_cas24e30o,"Cr$_2$ CAS(24e,30o)",17980,148.51761196950974
cr2_cas24e30o,"Cr$_2$ CAS(24e,30o)",17990,151.78739392513307
cr2_cas24e30o,"Cr$_2$ CAS(24e,30o)",18000,154.01744786458949
cr2_cas24e30o,"Cr$_2$ CAS(24e,30o)",18010,149.1865728603443
cr2_cas24e30o,"Cr$_2$ CAS(24e,30o)",18020,148.81496271073047
cr2_cas24e30o,"Cr$_2$ CAS(24e,30o)",18030,150.57898369786926
cr2_cas24e30o,"Cr$_2$ CAS(24e,30o)",18040,149.5133767725747
cr2_cas24e30o,"Cr$_2$ CAS(24e,30o)",18050,148.69800617407236
cr2_cas24e30o,"Cr$_2$ CAS(24e,30o)",18060,148.98226162995343
cr2_cas24e30o,"Cr$_2$ CAS(24e,30o)",18070,150.07630484569745
cr2_cas24e30o,"Cr$_2$ CAS(24e,30o)",18080,150.62177416211853
cr2_cas24e30o,"Cr$_2$ CAS(24e,30o)",18090,148.6077618710624
cr2_cas24e30o,"Cr$_2$ CAS(24e,30o)",18100,149.43297161153168
cr2_cas24e30o,"Cr$_2$ CAS(24e,30o)",18110,152.7919275044951
cr2_cas24e30o,"Cr$_2$ CAS(24e,30o)",18120,150.14913591676304
cr2_cas24e30o,"Cr$_2$ CAS(24e,30o)",18130,149.60910765921653
cr2_cas24e30o,"Cr$_2$ CAS(24e,30o)",18140,150.14696102343805
cr2_cas24e30o,"Cr$_2$ CAS(24e,30o)",18150,149.47363578403383
cr2_cas24e30o,"Cr$_2$ CAS(24e,30o)",18160,149.9007583806815
cr2_cas24e30o,"Cr$_2$ CAS(24e,30o)",18170,149.83693347539884
cr2_cas24e30o,"Cr$_2$ CAS(24e,30o)",18180,147.91945753586333
cr2_cas24e30o,"Cr$_2$ CAS(24e,30o)",18190,147.372938389708
cr2_cas24e30o,"Cr$_2$ CAS(24e,30o)",18200,149.85519915626355
cr2_cas24e30o,"Cr$_2$ CAS(24e,30o)",18210,156.35612297819534
cr2_cas24e30o,"Cr$_2$ CAS(24e,30o)",18220,154.0875910864088
cr2_cas24e30o,"Cr$_2$ CAS(24e,30o)",18230,152.05885491832305
cr2_cas24e30o,"Cr$_2$ CAS(24e,30o)",18240,149.53906179698606
cr2_cas24e30o,"Cr$_2$ CAS(24e,30o)",18250,148.04395193868913
cr2_cas24e30o,"Cr$_2$ CAS(24e,30o)",18260,147.18371143453624
cr2_cas24e30o,"Cr$_2$ CAS(24e,30o)",18270,150.6187207032781
cr2_cas24e30o,"Cr$_2$ CAS(24e,30o)",18280,147.0796526709819
cr2_cas24e30o,"Cr$_2$ CAS(24e,30o)",18290,148.01406327524091
cr2_cas24e30o,"Cr$_2$ CAS(24e,30o)",18300,161.55146064784276
cr2_cas24e30o,"Cr$_2$ CAS(24e,30o)",18310,154.08954718031964
cr2_cas24e30o,"Cr$_2$ CAS(24e,30o)",18320,148.10953524965953
cr2_cas24e30o,"Cr$_2$ CAS(24e,30o)",18330,149.85789615229805
cr2_cas24e30o,"Cr$_2$ CAS(24e,30o)",18340,148.4107844535174
cr2_cas24e30o,"Cr$_2$ CAS(24e,30o)",18350,149.04124956547093
cr2_cas24e30o,"Cr$_2$ CAS(24e,30o)",18360,148.3307552698534
cr2_cas24e30o,"Cr$_2$ CAS(24e,30o)",18370,147.2768983471724
cr2_cas24e30o,"Cr$_2$ CAS(24e,30o)",18380,148.60885516782218
cr2_cas24e30o,"Cr$_2$ CAS(24e,30o)",18390,148.2703084534478
cr2_cas24e30o,"Cr$_2$ CAS(24e,30o)",18400,154.59154335258063
cr2_cas24e30o,"Cr$_2$ CAS(24e,30o)",18410,152.00005115048043
cr2_cas24e30o,"Cr$_2$ CAS(24e,30o)",18420,151.22900990400012
cr2_cas24e30o,"Cr$_2$ CAS(24e,30o)",18430,149.92605947782067
cr2_cas24e30o,"Cr$_2$ CAS(24e,30o)",18440,147.73015332184514
cr2_cas24e30o,"Cr$_2$ CAS(24e,30o)",18450,148.64618431829513
cr2_cas24e30o,"Cr$_2$ CAS(24e,30o)",18460,151.7603198094548
cr2_cas24e30o,"Cr$_2$ CAS(24e,30o)",18470,146.95855912577827
cr2_cas24e30o,"Cr$_2$ CAS(24e,30o)",18480,147.43433462444955
cr2_cas24e30o,"Cr$_2$ CAS(24e,30o)",18490,148.86340964767442
cr2_cas24e30o,"Cr$_2$ CAS(24e,30o)",18500,149.470392576859
cr2_cas24e30o,"Cr$_2$ CAS(24e,30o)",18510,149.17927658643748
cr2_cas24e30o,"Cr$_2$ CAS(24e,30o)",18520,148.3058759499727
cr2_cas24e30o,"Cr$_2$ CAS(24e,30o)",18530,149.68101191334426
cr2_cas24e30o,"Cr$_2$ CAS(24e,30o)",18540,153.2414922044154
cr2_cas24e30o,"Cr$_2$ CAS(24e,30o)",18550,152.85834090900607
cr2_cas24e30o,"Cr$_2$ CAS(24e,30o)",18560,149.95396957237972
cr2_cas24e30o,"Cr$_2$ CAS(24e,30o)",18570,148.89971608545238
cr2_cas24e30o,"Cr$_2$ CAS(24e,30o)",18580,148.546278232061
cr2_cas24e30o,"Cr$_2$ CAS(24e,30o)",18590,149.55135795526076
cr2_cas24e30o,"Cr$_2$ CAS(24e,30o)",18600,152.8878183175948
cr2_cas24e30o,"Cr$_2$ CAS(24e,30o)",18610,160.63701363555083
cr2_cas24e30o,"Cr$_2$ CAS(24e,30o)",18620,152.79486785038898
cr2_cas24e30o,"Cr$_2$ CAS(24e,30o)",18630,149.63512430813353
cr2_cas24e30o,"Cr$_2$ CAS(24e,30o)",18640,147.42977879313912
cr2_cas24e30o,"Cr$_2$ CAS(24e,30o)",18650,155.17984571306442
cr2_cas24e30o,"Cr$_2$ CAS(24e,30o)",18660,147.62271300651264
cr2_cas24e30o,"Cr$_2$ CAS(24e,30o)",18670,150.97426590364194
cr2_cas24e30o,"Cr$_2$ CAS(24e,30o)",18680,147.18147896473965
cr2_cas24e30o,"Cr$_2$ CAS(24e,30o)",18690,146.8869496343359
cr2_cas24e30o,"Cr$_2$ CAS(24e,30o)",18700,147.69582146072935
cr2_cas24e30o,"Cr$_2$ CAS(24e,30o)",18710,148.69754266010204
cr2_cas24e30o,"Cr$_2$ CAS(24e,30o)",18720,154.8130063838471
cr2_cas24e30o,"Cr$_2$ CAS(24e,30o)",18730,150.25205467873093
cr2_cas24e30o,"Cr$_2$ CAS(24e,30o)",18740,149.34551765963988
cr2_cas24e30o,"Cr$_2$ CAS(24e,30o)",18750,147.20413597933657
cr2_cas24e30o,"Cr$_2$ CAS(24e,30o)",18760,147.7336149655457
cr2_cas24e30o,"Cr$_2$ CAS(24e,30o)",18770,151.13541205892034
cr2_cas24e30o,"Cr$_2$ CAS(24e,30o)",18780,147.68195239594206
cr2_cas24e30o,"Cr$_2$ CAS(24e,30o)",18790,146.99752454725967
cr2_cas24e30o,"Cr$_2$ CAS(24e,30o)",18800,148.1975721812887
cr2_cas24e30o,"Cr$_2$ CAS(24e,30o)",18810,149.0955977583326
cr2_cas24e30o,"Cr$_2$ CAS(24e,30o)",18820,149.46815404346125
cr2_cas24e30o,"Cr$_2$ CAS(24e,30o)",18830,147.3790251329774
cr2_cas24e30o,"Cr$_2$ CAS(24e,30o)",18840,147.91316134142107
cr2_cas24e30o,"Cr$_2$ CAS(24e,30o)",18850,147.43060965929544
cr2_cas24e30o,"Cr$_2$ CAS(24e,30o)",18860,146.46176693850066
cr2_cas24e30o,"Cr$_2$ CAS(24e,30o)",18870,147.38385010650745
cr2_cas24e30o,"Cr$_2$ CAS(24e,30o)",18880,147.85110344428176
cr2_cas24e30o,"Cr$_2$ CAS(24e,30o)",18890,153.7943940866171
cr2_cas24e30o,"Cr$_2$ CAS(24e,30o)",18900,155.33606613007578
cr2_cas24e30o,"Cr$_2$ CAS(24e,30o)",18910,151.017317327387
cr2_cas24e30o,"Cr$_2$ CAS(24e,30o)",18920,147.82231408798907
cr2_cas24e30o,"Cr$_2$ CAS(24e,30o)",18930,146.88320010827738
cr2_cas24e30o,"Cr$_2$ CAS(24e,30o)",18940,146.53394014385412
cr2_cas24e30o,"Cr$_2$ CAS(24e,30o)",18950,146.44021845788302
cr2_cas24e30o,"Cr$_2$ CAS(24e,30o)",18960,149.28903862892184
cr2_cas24e30o,"Cr$_2$ CAS(24e,30o)",18970,149.656940951445
cr2_cas24e30o,"Cr$_2$ CAS(24e,30o)",18980,155.3457306963537
cr2_cas24e30o,"Cr$_2$ CAS(24e,30o)",18990,149.18272113936837
cr2_cas24e30o,"Cr$_2$ CAS(24e,30o)",19000,147.79908369837358
cr2_cas24e30o,"Cr$_2$ CAS(24e,30o)",19010,146.9585745180666
cr2_cas24e30o,"Cr$_2$ CAS(24e,30o)",19020,146.88870864802084
cr2_cas24e30o,"Cr$_2$ CAS(24e,30o)",19030,148.36200962599833
cr2_cas24e30o,"Cr$_2$ CAS(24e,30o)",19040,146.38758825776677
cr2_cas24e30o,"Cr$_2$ CAS(24e,30o)",19050,147.08082165316227
cr2_cas24e30o,"Cr$_2$ CAS(24e,30o)",19060,152.3208857975078
cr2_cas24e30o,"Cr$_2$ CAS(24e,30o)",19070,147.17102928716486
cr2_cas24e30o,"Cr$_2$ CAS(24e,30o)",19080,147.88808969524325
cr2_cas24e30o,"Cr$_2$ CAS(24e,30o)",19090,149.14409161292497
cr2_cas24e30o,"Cr$_2$ CAS(24e,30o)",19100,161.5645022498029
cr2_cas24e30o,"Cr$_2$ CAS(24e,30o)",19110,158.57893350812446
cr2_cas24e30o,"Cr$_2$ CAS(24e,30o)",19120,152.26959824303776
cr2_cas24e30o,"Cr$_2$ CAS(24e,30o)",19130,152.65743164263768
cr2_cas24e30o,"Cr$_2$ CAS(24e,30o)",19140,146.94513333188297
cr2_cas24e30o,"Cr$_2$ CAS(24e,30o)",19150,146.66135440938888
cr2_cas24e30o,"Cr$_2$ CAS(24e,30o)",19160,146.072628793263
cr2_cas24e30o,"Cr$_2$ CAS(24e,30o)",19170,145.67501368037483
cr2_cas24e30o,"Cr$_2$ CAS(24e,30o)",19180,145.82690309498503
cr2_cas24e30o,"Cr$_2$ CAS(24e,30o)",19190,147.63929925402408
cr2_cas24e30o,"Cr$_2$ CAS(24e,30o)",19200,147.2780436638459
cr2_cas24e30o,"Cr$_2$ CAS(24e,30o)",19210,147.55169620502784
cr2_cas24e30o,"Cr$_2$ CAS(24e,30o)",19220,147.21715616497022
cr2_cas24e30o,"Cr$_2$ CAS(24e,30o)",19230,146.4639386053932
cr2_cas24e30o,"Cr$_2$ CAS(24e,30o)",19240,146.6415223817421
cr2_cas24e30o,"Cr$_2$ CAS(24e,30o)",19250,151.1314644740196
cr2_cas24e30o,"Cr$_2$ CAS(24e,30o)",19260,156.05292706004548
cr2_cas24e30o,"Cr$_2$ CAS(24e,30o)",19270,150.95035221975195
cr2_cas24e30o,"Cr$_2$ CAS(24e,30o)",19280,148.49580217560288
cr2_cas24e30o,"Cr$_2$ CAS(24e,30o)",19290,146.34090879371797
cr2_cas24e30o,"Cr$_2$ CAS(24e,30o)",19300,145.86744526059192
cr2_cas24e30o,"Cr$_2$ CAS(24e,30o)",19310,145.9392878136896
cr2_cas24e30o,"Cr$_2$ CAS(24e,30o)",19320,148.27143310458268
cr2_cas24e30o,"Cr$_2$ CAS(24e,30o)",19330,164.23501957433473
cr2_cas24e30o,"Cr$_2$ CAS(24e,30o)",19340,155.33595246643017
cr2_cas24e30o,"Cr$_2$ CAS(24e,30o)",19350,156.66485432620902
cr2_cas24e30o,"Cr$_2$ CAS(24e,30o)",19360,149.80547985669546
cr2_cas24e30o,"Cr$_2$ CAS(24e,30o)",19370,147.5367457737775
cr2_cas24e30o,"Cr$_2$ CAS(24e,30o)",19380,146.40767091850648
cr2_cas24e30o,"Cr$_2$ CAS(24e,30o)",19390,145.69140161711402
cr2_cas24e30o,"Cr$_2$ CAS(24e,30o)",19400,145.69193822580928
cr2_cas24e30o,"Cr$_2$ CAS(24e,30o)",19410,146.63103103157482
cr2_cas24e30o,"Cr$_2$ CAS(24e,30o)",19420,145.90191871911884
cr2_cas24e30o,"Cr$_2$ CAS(24e,30o)",19430,148.89933882977857
cr2_cas24e30o,"Cr$_2$ CAS(24e,30o)",19440,155.7464268894364
cr2_cas24e30o,"Cr$_2$ CAS(24e,30o)",19450,152.96483849351716
cr2_cas24e30o,"Cr$_2$ CAS(24e,30o)",19460,148.62118124028711
cr2_cas24e30o,"Cr$_2$ CAS(24e,30o)",19470,147.1719014411974
cr2_cas24e30o,"Cr$_2$ CAS(24e,30o)",19480,146.12651504376117
cr2_cas24e30o,"Cr$_2$ CAS(24e,30o)",19490,145.8115644204554
cr2_cas24e30o,"Cr$_2$ CAS(24e,30o)",19500,145.71379478411473
cr2_cas24e30o,"Cr$_2$ CAS(24e,30o)",19510,147.67161213103464
cr2_cas24e30o,"Cr$_2$ CAS(24e,30o)",19520,151.25354951987902
cr2_cas24e30o,"Cr$_2$ CAS(24e,30o)",19530,154.67116373838508
cr2_cas24e30o,"Cr$_2$ CAS(24e,30o)",19540,150.732708194937
cr2_cas24e30o,"Cr$_2$ CAS(24e,30o)",19550,149.34135278917893
cr2_cas24e30o,"Cr$_2$ CAS(24e,30o)",19560,146.95814211245306
cr2_cas24e30o,"Cr$_2$ CAS(24e,30o)",19570,150.42169019534413
cr2_cas24e30o,"Cr$_2$ CAS(24e,30o)",19580,147.45363001475198
cr2_cas24e30o,"Cr$_2$ CAS(24e,30o)",19590,146.7209236011513
cr2_cas24e30o,"Cr$_2$ CAS(24e,30o)",19600,145.9086035074506
cr2_cas24e30o,"Cr$_2$ CAS(24e,30o)",19610,145.3861825493732
cr2_cas24e30o,"Cr$_2$ CAS(24e,30o)",19620,145.60297077514406
cr2_cas24e30o,"Cr$_2$ CAS(24e,30o)",19630,146.11839109556968
cr2_cas24e30o,"Cr$_2$ CAS(24e,30o)",19640,148.686586542226
cr2_cas24e30o,"Cr$_2$ CAS(24e,30o)",19650,146.48298758311284
cr2_cas24e30o,"Cr$_2$ CAS(24e,30o)",19660,147.2476725857632
cr2_cas24e30o,"Cr$_2$ CAS(24e,30o)",19670,145.77118445822634
cr2_cas24e30o,"Cr$_2$ CAS(24e,30o)",19680,148.21826324123322
cr2_cas24e30o,"Cr$_2$ CAS(24e,30o)",19690,150.5626182506603
cr2_cas24e30o,"Cr$_2$ CAS(24e,30o)",19700,150.76828570590806
cr2_cas24e30o,"Cr$_2$ CAS(24e,30o)",19710,148.68863436959145
cr2_cas24e30o,"Cr$_2$ CAS(24e,30o)",19720,146.66033051707927
cr2_cas24e30o,"Cr$_2$ CAS(24e,30o)",19730,145.69217066764395
cr2_cas24e30o,"Cr$_2$ CAS(24e,30o)",19740,145.3827127384102
cr2_cas24e30o,"Cr$_2$ CAS(24e,30o)",19750,145.57540739451724
cr2_cas24e30o,"Cr$_2$ CAS(24e,30o)",19760,150.16879353834156
cr2_cas24e30o,"Cr$_2$ CAS(24e,30o)",19770,150.67585475890155
cr2_cas24e30o,"Cr$_2$ CAS(24e,30o)",19780,148.6152536363079
cr2_cas24e30o,"Cr$_2$ CAS(24e,30o)",19790,147.34732294118658
cr2_cas24e30o,"Cr$_2$ CAS(24e,30o)",19800,147.314266351259
cr2_cas24e30o,"Cr$_2$ CAS(24e,30o)",19810,146.3146137325566
cr2_cas24e30o,"Cr$_2$ CAS(24e,30o)",19820,146.06302360971313
cr2_cas24e30o,"Cr$_2$ CAS(24e,30o)",19830,146.003789747283
cr2_cas24e30o,"Cr$_2$ CAS(24e,30o)",19840,149.339240928839
cr2_cas24e30o,"Cr$_2$ CAS(24e,30o)",19850,150.351067667998
cr2_cas24e30o,"Cr$_2$ CAS(24e,30o)",19860,147.46918303126222
cr2_cas24e30o,"Cr$_2$ CAS(24e,30o)",19870,146.63936609531447
cr2_cas24e30o,"Cr$_2$ CAS(24e,30o)",19880,146.92059588651318
cr2_cas24e30o,"Cr$_2$ CAS(24e,30o)",19890,146.14467844012324
cr2_cas24e30o,"Cr$_2$ CAS(24e,30o)",19900,148.11528894551884
cr2_cas24e30o,"Cr$_2$ CAS(24e,30o)",19910,146.69568009094291
cr2_cas24e30o,"Cr$_2$ CAS(24e,30o)",19920,147.40680217209956
cr2_cas24e30o,"Cr$_2$ CAS(24e,30o)",19930,145.6073306194412
cr2_cas24e30o,"Cr$_2$ CAS(24e,30o)",19940,145.21990689263475
cr2_cas24e30o,"Cr$_2$ CAS(24e,30o)",19950,150.7507127862482
cr2_cas24e30o,"Cr$_2$ CAS(24e,30o)",19960,158.02908697787643
cr2_cas24e30o,"Cr$_2$ CAS(24e,30o)",19970,150.21354529199016
cr2_cas24e30o,"Cr$_2$ CAS(24e,30o)",19980,147.93506065689144
cr2_cas24e30o,"Cr$_2$ CAS(24e,30o)",19990,145.28951117699762
cr2_cas24e30o,"Cr$_2$ CAS(24e,30o)",20000,144.71941685451384
cr2_cas24e30o,"Cr$_2$ CAS(24e,30o)",20010,145.3256209524625
cr2_cas24e30o,"Cr$_2$ CAS(24e,30o)",20020,145.52635086192822
cr2_cas24e30o,"Cr$_2$ CAS(24e,30o)",20030,147.02365745233692
cr2_cas24e30o,"Cr$_2$ CAS(24e,30o)",20040,170.2545734119667
cr2_cas24e30o,"Cr$_2$ CAS(24e,30o)",20050,161.5124257309617
cr2_cas24e30o,"Cr$_2$ CAS(24e,30o)",20060,151.4251467997383
cr2_cas24e30o,"Cr$_2$ CAS(24e,30o)",20070,149.47480406863178
cr2_cas24e30o,"Cr$_2$ CAS(24e,30o)",20080,148.87118994238335
cr2_cas24e30o,"Cr$_2$ CAS(24e,30o)",20090,146.2638156704088
cr2_cas24e30o,"Cr$_2$ CAS(24e,30o)",20100,145.36148341630906
cr2_cas24e30o,"Cr$_2$ CAS(24e,30o)",20110,144.8535203649044
cr2_cas24e30o,"Cr$_2$ CAS(24e,30o)",20120,144.60101302802286
cr2_cas24e30o,"Cr$_2$ CAS(24e,30o)",20130,146.96995774011157
cr2_cas24e30o,"Cr$_2$ CAS(24e,30o)",20140,145.03032070115296
cr2_cas24e30o,"Cr$_2$ CAS(24e,30o)",20150,144.8367916514144
cr2_cas24e30o,"Cr$_2$ CAS(24e,30o)",20160,144.90723108383463
cr2_cas24e30o,"Cr$_2$ CAS(24e,30o)",20170,146.26754469236403
cr2_cas24e30o,"Cr$_2$ CAS(24e,30o)",20180,146.04984337802307
cr2_cas24e30o,"Cr$_2$ CAS(24e,30o)",20190,149.10397229277805
cr2_cas24e30o,"Cr$_2$ CAS(24e,30o)",20200,148.24163691446302
cr2_cas24e30o,"Cr$_2$ CAS(24e,30o)",20210,149.1970131828566
cr2_cas24e30o,"Cr$_2$ CAS(24e,30o)",20220,146.41973174730083
cr2_cas24e30o,"Cr$_2$ CAS(24e,30o)",20230,145.44193152914886
cr2_cas24e30o,"Cr$_2$ CAS(24e,30o)",20240,144.9891821807796
cr2_cas24e30o,"Cr$_2$ CAS(24e,30o)",20250,145.64430983818966
cr2_cas24e30o,"Cr$_2$ CAS(24e,30o)",20260,145.19116249948638
cr2_cas24e30o,"Cr$_2$ CAS(24e,30o)",20270,146.42566448264915
cr2_cas24e30o,"Cr$_2$ CAS(24e,30o)",20280,145.69570121557263
cr2_cas24e30o,"Cr$_2$ CAS(24e,30o)",20290,147.24908050584418
cr2_cas24e30o,"Cr$_2$ CAS(24e,30o)",20300,145.66793336007322
cr2_cas24e30o,"Cr$_2$ CAS(24e,30o)",20310,145.5757073931636
cr2_cas24e30o,"Cr$_2$ CAS(24e,30o)",20320,145.38614867478827
cr2_cas24e30o,"Cr$_2$ CAS(24e,30o)",20330,147.99951080522078
cr2_cas24e30o,"Cr$_2$ CAS(24e,30o)",20340,145.96994821567932
cr2_cas24e30o,"Cr$_2$ CAS(24e,30o)",20350,146.70026686553683
cr2_cas24e30o,"Cr$_2$ CAS(24e,30o)",20360,146.84986738529915
cr2_cas24e30o,"Cr$_2$ CAS(24e,30o)",20370,147.69146600792737
cr2_cas24e30o,"Cr$_2$ CAS(24e,30o)",20380,145.96265593309
cr2_cas24e30o,"Cr$_2$ CAS(24e,30o)",20390,146.2001510326445
cr2_cas24e30o,"Cr$_2$ CAS(24e,30o)",20400,145.63273994508563
cr2_cas24e30o,"Cr$_2$ CAS(24e,30o)",20410,151.26584264453413
cr2_cas24e30o,"Cr$_2$ CAS(24e,30o)",20420,153.90361224899607
cr2_cas24e30o,"Cr$_2$ CAS(24e,30o)",20430,149.6219380992443
cr2_cas24e30o,"Cr$_2$ CAS(24e,30o)",20440,145.81152719074453
cr2_cas24e30o,"Cr$_2$ CAS(24e,30o)",20450,145.41484907522317
cr2_cas24e30o,"Cr$_2$ CAS(24e,30o)",20460,144.83123020681887
cr2_cas24e30o,"Cr$_2$ CAS(24e,30o)",20470,145.69728612104882
cr2_cas24e30o,"Cr$_2$ CAS(24e,30o)",20480,147.36198702166803
cr2_cas24e30o,"Cr$_2$ CAS(24e,30o)",20490,145.54848388570463
cr2_cas24e30o,"Cr$_2$ CAS(24e,30o)",20500,144.47414860342178
cr2_cas24e30o,"Cr$_2$ CAS(24e,30o)",20510,156.2864999523299
cr2_cas24e30o,"Cr$_2$ CAS(24e,30o)",20520,152.72382557759556
cr2_cas24e30o,"Cr$_2$ CAS(24e,30o)",20530,149.46848047702588
cr2_cas24e30o,"Cr$_2$ CAS(24e,30o)",20540,155.3816829286916
cr2_cas24e30o,"Cr$_2$ CAS(24e,30o)",20550,148.41864810887273
cr2_cas24e30o,"Cr$_2$ CAS(24e,30o)",20560,146.11068870954114
cr2_cas24e30o,"Cr$_2$ CAS(24e,30o)",20570,144.27624593463406
cr2_cas24e30o,"Cr$_2$ CAS(24e,30o)",20580,144.4788710746252
cr2_cas24e30o,"Cr$_2$ CAS(24e,30o)",20590,144.65478928968878
cr2_cas24e30o,"Cr$_2$ CAS(24e,30o)",20600,147.56176737455462
cr2_cas24e30o,"Cr$_2$ CAS(24e,30o)",20610,146.0899141425216
cr2_cas24e30o,"Cr$_2$ CAS(24e,30o)",20620,144.63354036615783
cr2_cas24e30o,"Cr$_2$ CAS(24e,30o)",20630,144.12036350859125
cr2_cas24e30o,"Cr$_2$ CAS(24e,30o)",20640,147.3991038742497
cr2_cas24e30o,"Cr$_2$ CAS(24e,30o)",20650,148.1355092787453
cr2_cas24e30o,"Cr$_2$ CAS(24e,30o)",20660,146.1760002216579
cr2_cas24e30o,"Cr$_2$ CAS(24e,30o)",20670,145.79264170151873
cr2_cas24e30o,"Cr$_2$ CAS(24e,30o)",20680,147.99956644992562
cr2_cas24e30o,"Cr$_2$ CAS(24e,30o)",20690,145.53829082706216
cr2_cas24e30o,"Cr$_2$ CAS(24e,30o)",20700,145.39266406382012
cr2_cas24e30o,"Cr$_2$ CAS(24e,30o)",20710,145.13462378045006
cr2_cas24e30o,"Cr$_2$ CAS(24e,30o)",20720,146.09235121452002
cr2_cas24e30o,"Cr$_2$ CAS(24e,30o)",20730,146.32138101615055
cr2_cas24e30o,"Cr$_2$ CAS(24e,30o)",20740,160.52786228465266
cr2_cas24e30o,"Cr$_2$ CAS(24e,30o)",20750,148.9979841717286
cr2_cas24e30o,"Cr$_2$ CAS(24e,30o)",20760,145.49506197818118
cr2_cas24e30o,"Cr$_2$ CAS(24e,30o)",20770,144.4111419032197
cr2_cas24e30o,"Cr$_2$ CAS(24e,30o)",20780,144.84697259103996
cr2_cas24e30o,"Cr$_2$ CAS(24e,30o)",20790,145.1984219129372
cr2_cas24e30o,"Cr$_2$ CAS(24e,30o)",20800,144.3237643311477
cr2_cas24e30o,"Cr$_2$ CAS(24e,30o)",20810,144.70283631408165
cr2_cas24e30o,"Cr$_2$ CAS(24e,30o)",20820,144.3905729515791
cr2_cas24e30o,"Cr$_2$ CAS(24e,30o)",20830,148.79943943060425
cr2_cas24e30o,"Cr$_2$ CAS(24e,30o)",20840,145.6927621502473
cr2_cas24e30o,"Cr$_2$ CAS(24e,30o)",20850,148.7289294459515
cr2_cas24e30o,"Cr$_2$ CAS(24e,30o)",20860,147.839805759304
cr2_cas24e30o,"Cr$_2$ CAS(24e,30o)",20870,145.17340541169688
cr2_cas24e30o,"Cr$_2$ CAS(24e,30o)",20880,147.34521564651004
cr2_cas24e30o,"Cr$_2$ CAS(24e,30o)",20890,149.05894096318661
cr2_cas24e30o,"Cr$_2$ CAS(24e,30o)",20900,149.4113696048771
cr2_cas24e30o,"Cr$_2$ CAS(24e,30o)",20910,150.02333197571716
cr2_cas24e30o,"Cr$_2$ CAS(24e,30o)",20920,146.5646892206678
cr2_cas24e30o,"Cr$_2$ CAS(24e,30o)",20930,144.03364747795422
cr2_cas24e30o,"Cr$_2$ CAS(24e,30o)",20940,143.85809984696607
cr2_cas24e30o,"Cr$_2$ CAS(24e,30o)",20950,143.6829732951992
cr2_cas24e30o,"Cr$_2$ CAS(24e,30o)",20960,147.9207148245223
cr2_cas24e30o,"Cr$_2$ CAS(24e,30o)",20970,151.5621610897142
cr2_cas24e30o,"Cr$_2$ CAS(24e,30o)",20980,145.77058706663593
cr2_cas24e30o,"Cr$_2$ CAS(24e,30o)",20990,149.01312072606743
cr2_cas24e30o,"Cr$_2$ CAS(24e,30o)",21000,144.6632990832768
cr2_cas24e30o,"Cr$_2$ CAS(24e,30o)",21010,144.1819255237533
cr2_cas24e30o,"Cr$_2$ CAS(24e,30o)",21020,146.66680053687742
cr2_cas24e30o,"Cr$_2$ CAS(24e,30o)",21030,145.58413605800524
cr2_cas24e30o,"Cr$_2$ CAS(24e,30o)",21040,148.85500227001103
cr2_cas24e30o,"Cr$_2$ CAS(24e,30o)",21050,146.80807281956731
cr2_cas24e30o,"Cr$_2$ CAS(24e,30o)",21060,145.40593093306597
cr2_cas24e30o,"Cr$_2$ CAS(24e,30o)",21070,144.7217112463477
cr2_cas24e30o,"Cr$_2$ CAS(24e,30o)",21080,144.73186442728547
cr2_cas24e30o,"Cr$_2$ CAS(24e,30o)",21090,145.72090364390533
cr2_cas24e30o,"Cr$_2$ CAS(24e,30o)",21100,148.25756199843454
cr2_cas24e30o,"Cr$_2$ CAS(24e,30o)",21110,144.75214684716775
cr2_cas24e30o,"Cr$_2$ CAS(24e,30o)",21120,144.0822159788695
cr2_cas24e30o,"Cr$_2$ CAS(24e,30o)",21130,144.45675249862688
cr2_cas24e30o,"Cr$_2$ CAS(24e,30o)",21140,145.21851921472262
cr2_cas24e30o,"Cr$_2$ CAS(24e,30o)",21150,144.6894581649758
cr2_cas24e30o,"Cr$_2$ CAS(24e,30o)",21160,146.12417549415113
cr2_cas24e30o,"Cr$_2$ CAS(24e,30o)",21170,147.219130726171
cr2_cas24e30o,"Cr$_2$ CAS(24e,30o)",21180,144.4890021084575
cr2_cas24e30o,"Cr$_2$ CAS(24e,30o)",21190,144.6048676434657
cr2_cas24e30o,"Cr$_2$ CAS(24e,30o)",21200,147.4493304558564
cr2_cas24e30o,"Cr$_2$ CAS(24e,30o)",21210,145.41451156537732
cr2_cas24e30o,"Cr$_2$ CAS(24e,30o)",21220,144.27761519846172
cr2_cas24e30o,"Cr$_2$ CAS(24e,30o)",21230,144.70755239108257
cr2_cas24e30o,"Cr$_2$ CAS(24e,30o)",21240,146.50964275915612
cr2_cas24e30o,"Cr$_2$ CAS(24e,30o)",21250,145.1146306803821
cr2_cas24e30o,"Cr$_2$ CAS(24e,30o)",21260,147.846342277262
cr2_cas24e30o,"Cr$_2$ CAS(24e,30o)",21270,147.5634879639074
cr2_cas24e30o,"Cr$_2$ CAS(24e,30o)",21280,146.3150691483861
cr2_cas24e30o,"Cr$_2$ CAS(24e,30o)",21290,146.77776363350858
cr2_cas24e30o,"Cr$_2$ CAS(24e,30o)",21300,145.5392073726216
cr2_cas24e30o,"Cr$_2$ CAS(24e,30o)",21310,145.48351279927374
cr2_cas24e30o,"Cr$_2$ CAS(24e,30o)",21320,147.78179966242533
cr2_cas24e30o,"Cr$_2$ CAS(24e,30o)",21330,146.21775039313434
cr2_cas24e30o,"Cr$_2$ CAS(24e,30o)",21340,148.2635607899283
cr2_cas24e30o,"Cr$_2$ CAS(24e,30o)",21350,148.73464864149355
cr2_cas24e30o,"Cr$_2$ CAS(24e,30o)",21360,146.42659519222434
cr2_cas24e30o,"Cr$_2$ CAS(24e,30o)",21370,144.5933045069978
cr2_cas24e30o,"Cr$_2$ CAS(24e,30o)",21380,143.84164559805868
cr2_cas24e30o,"Cr$_2$ CAS(24e,30o)",21390,154.71963883283024
cr2_cas24e30o,"Cr$_2$ CAS(24e,30o)",21400,146.091136207815
cr2_cas24e30o,"Cr$_2$ CAS(24e,30o)",21410,144.313214597787
cr2_cas24e30o,"Cr$_2$ CAS(24e,30o)",21420,146.02157253193582
cr2_cas24e30o,"Cr$_2$ CAS(24e,30o)",21430,152.4408586951722
cr2_cas24e30o,"Cr$_2$ CAS(24e,30o)",21440,146.20041520902305
cr2_cas24e30o,"Cr$_2$ CAS(24e,30o)",21450,143.92109201662606
cr2_cas24e30o,"Cr$_2$ CAS(24e,30o)",21460,143.7735247609453
cr2_cas24e30o,"Cr$_2$ CAS(24e,30o)",21470,143.76149062945842
cr2_cas24e30o,"Cr$_2$ CAS(24e,30o)",21480,144.14785848885003
cr2_cas24e30o,"Cr$_2$ CAS(24e,30o)",21490,144.65630253516792
cr2_cas24e30o,"Cr$_2$ CAS(24e,30o)",21500,145.45774094131048
cr2_cas24e30o,"Cr$_2$ CAS(24e,30o)",21510,150.2663484011464
cr2_cas24e30o,"Cr$_2$ CAS(24e,30o)",21520,144.1255017984986
cr2_cas24e30o,"Cr$_2$ CAS(24e,30o)",21530,143.12627639856146
cr2_cas24e30o,"Cr$_2$ CAS(24e,30o)",21540,147.88750063826228
cr2_cas24e30o,"Cr$_2$ CAS(24e,30o)",21550,146.55361472296136
cr2_cas24e30o,"Cr$_2$ CAS(24e,30o)",21560,144.61743409492556
cr2_cas24e30o,"Cr$_2$ CAS(24e,30o)",21570,142.86518521157632
cr2_cas24e30o,"Cr$_2$ CAS(24e,30o)",21580,144.3508015054249
cr2_cas24e30o,"Cr$_2$ CAS(24e,30o)",21590,143.48444959159679
cr2_cas24e30o,"Cr$_2$ CAS(24e,30o)",21600,143.6465226920518
cr2_cas24e30o,"Cr$_2$ CAS(24e,30o)",21610,145.2323218231868
cr2_cas24e30o,"Cr$_2$ CAS(24e,30o)",21620,149.0718026043396
cr2_cas24e30o,"Cr$_2$ CAS(24e,30o)",21630,145.88596998646608
cr2_cas24e30o,"Cr$_2$ CAS(24e,30o)",21640,146.8935750926903
cr2_cas24e30o,"Cr$_2$ CAS(24e,30o)",21650,144.24827711400212
cr2_cas24e30o,"Cr$_2$ CAS(24e,30o)",21660,144.7249530906447
cr2_cas24e30o,"Cr$_2$ CAS(24e,30o)",21670,143.97419218812502
cr2_cas24e30o,"Cr$_2$ CAS(24e,30o)",21680,148.51614757526477
cr2_cas24e30o,"Cr$_2$ CAS(24e,30o)",21690,144.4134506446062
cr2_cas24e30o,"Cr$_2$ CAS(24e,30o)",21700,153.76988807474845
cr2_cas24e30o,"Cr$_2$ CAS(24e,30o)",21710,145.37836261524717
cr2_cas24e30o,"Cr$_2$ CAS(24e,30o)",21720,146.2162376797096
cr2_cas24e30o,"Cr$_2$ CAS(24e,30o)",21730,143.23344133435967
cr2_cas24e30o,"Cr$_2$ CAS(24e,30o)",21740,155.95821955776046
cr2_cas24e30o,"Cr$_2$ CAS(24e,30o)",21750,148.5568812636302
cr2_cas24e30o,"Cr$_2$ CAS(24e,30o)",21760,145.43932418064287
cr2_cas24e30o,"Cr$_2$ CAS(24e,30o)",21770,144.27750836512132
cr2_cas24e30o,"Cr$_2$ CAS(24e,30o)",21780,143.35118194048846
cr2_cas24e30o,"Cr$_2$ CAS(24e,30o)",21790,143.8740202797817
cr2_cas24e30o,"Cr$_2$ CAS(24e,30o)",21800,143.44886252183642
cr2_cas24e30o,"Cr$_2$ CAS(24e,30o)",21810,144.47319649571
cr2_cas24e30o,"Cr$_2$ CAS(24e,30o)",21820,143.0129584846327
cr2_cas24e30o,"Cr$_2$ CAS(24e,30o)",21830,144.35145185279907
cr2_cas24e30o,"Cr$_2$ CAS(24e,30o)",21840,144.6773448501517
cr2_cas24e30o,"Cr$_2$ CAS(24e,30o)",21850,148.8286636176781
cr2_cas24e30o,"Cr$_2$ CAS(24e,30o)",21860,144.58365514337856
cr2_cas24e30o,"Cr$_2$ CAS(24e,30o)",21870,144.94355472743337
cr2_cas24e30o,"Cr$_2$ CAS(24e,30o)",21880,143.50497959958375
cr2_cas24e30o,"Cr$_2$ CAS(24e,30o)",21890,144.12407107329273
cr2_cas24e30o,"Cr$_2$ CAS(24e,30o)",21900,144.5881351828575
cr2_cas24e30o,"Cr$_2$ CAS(24e,30o)",21910,149.96546003067124
cr2_cas24e30o,"Cr$_2$ CAS(24e,30o)",21920,143.3743308366502
cr2_cas24e30o,"Cr$_2$ CAS(24e,30o)",21930,152.04771195249123
cr2_cas24e30o,"Cr$_2$ CAS(24e,30o)",21940,145.66472151864218
cr2_cas24e30o,"Cr$_2$ CAS(24e,30o)",21950,144.2721889088716
cr2_cas24e30o,"Cr$_2$ CAS(24e,30o)",21960,143.61253441666122
cr2_cas24e30o,"Cr$_2$ CAS(24e,30o)",21970,146.8381920963111
cr2_cas24e30o,"Cr$_2$ CAS(24e,30o)",21980,142.75276819944338
cr2_cas24e30o,"Cr$_2$ CAS(24e,30o)",21990,143.29335310412716
cr2_cas24e30o,"Cr$_2$ CAS(24e,30o)",22000,145.46526960430128
cr2_cas24e30o,"Cr$_2$ CAS(24e,30o)",22010,149.10468512061925
cr2_cas24e30o,"Cr$_2$ CAS(24e,30o)",22020,143.47815574046763
cr2_cas24e30o,"Cr$_2$ CAS(24e,30o)",22030,145.01529869630758
cr2_cas24e30o,"Cr$_2$ CAS(24e,30o)",22040,144.83374173187258
cr2_cas24e30o,"Cr$_2$ CAS(24e,30o)",22050,143.55845053114535
cr2_cas24e30o,"Cr$_2$ CAS(24e,30o)",22060,143.97272024416452
cr2_cas24e30o,"Cr$_2$ CAS(24e,30o)",22070,147.16666629192332
cr2_cas24e30o,"Cr$_2$ CAS(24e,30o)",22080,144.8840271109475
cr2_cas24e30o,"Cr$_2$ CAS(24e,30o)",22090,146.60449403845632
cr2_cas24e30o,"Cr$_2$ CAS(24e,30o)",22100,146.08982122854286
cr2_cas24e30o,"Cr$_2$ CAS(24e,30o)",22110,143.74166486231843
cr2_cas24e30o,"Cr$_2$ CAS(24e,30o)",22120,142.6586403354122
cr2_cas24e30o,"Cr$_2$ CAS(24e,30o)",22130,142.81718506299512
cr2_cas24e30o,"Cr$_2$ CAS(24e,30o)",22140,143.0003296468385
cr2_cas24e30o,"Cr$_2$ CAS(24e,30o)",22150,147.1999947848417
cr2_cas24e30o,"Cr$_2$ CAS(24e,30o)",22160,148.65130000453064
cr2_cas24e30o,"Cr$_2$ CAS(24e,30o)",22170,146.41759977621405
cr2_cas24e30o,"Cr$_2$ CAS(24e,30o)",22180,145.4339805836753
cr2_cas24e30o,"Cr$_2$ CAS(24e,30o)",22190,145.40311741120604
cr2_cas24e30o,"Cr$_2$ CAS(24e,30o)",22200,144.45768648647572
cr2_cas24e30o,"Cr$_2$ CAS(24e,30o)",22210,142.95701753326284
cr2_cas24e30o,"Cr$_2$ CAS(24e,30o)",22220,143.19457503597732
cr2_cas24e30o,"Cr$_2$ CAS(24e,30o)",22230,150.4088906672223
cr2_cas24e30o,"Cr$_2$ CAS(24e,30o)",22240,146.0324487698017
cr2_cas24e30o,"Cr$_2$ CAS(24e,30o)",22250,149.01680569346354
cr2_cas24e30o,"Cr$_2$ CAS(24e,30o)",22260,145.97713799685152
cr2_cas24e30o,"Cr$_2$ CAS(24e,30o)",22270,144.17593829057296
cr2_cas24e30o,"Cr$_2$ CAS(24e,30o)",22280,142.3914223164502
cr2_cas24e30o,"Cr$_2$ CAS(24e,30o)",22290,142.55576038931395
cr2_cas24e30o,"Cr$_2$ CAS(24e,30o)",22300,146.2298518413263
cr2_cas24e30o,"Cr$_2$ CAS(24e,30o)",22310,142.85569752928495
cr2_cas24e30o,"Cr$_2$ CAS(24e,30o)",22320,143.73031093737154
cr2_cas24e30o,"Cr$_2$ CAS(24e,30o)",22330,143.81788161108489
cr2_cas24e30o,"Cr$_2$ CAS(24e,30o)",22340,146.350500002427
cr2_cas24e30o,"Cr$_2$ CAS(24e,30o)",22350,145.0776585506901
cr2_cas24e30o,"Cr$_2$ CAS(24e,30o)",22360,143.8865785935377
cr2_cas24e30o,"Cr$_2$ CAS(24e,30o)",22370,142.97194316941386
cr2_cas24e30o,"Cr$_2$ CAS(24e,30o)",22380,146.46906196912823
cr2_cas24e30o,"Cr$_2$ CAS(24e,30o)",22390,144.51657974268528
cr2_cas24e30o,"Cr$_2$ CAS(24e,30o)",22400,145.08178228425095
cr2_cas24e30o,"Cr$_2$ CAS(24e,30o)",22410,143.30550051545288
cr2_cas24e30o,"Cr$_2$ CAS(24e,30o)",22420,142.94377951819115
cr2_cas24e30o,"Cr$_2$ CAS(24e,30o)",22430,143.3872605102806
cr2_cas24e30o,"Cr$_2$ CAS(24e,30o)",22440,145.38801339267593
cr2_cas24e30o,"Cr$_2$ CAS(24e,30o)",22450,146.858803998839
cr2_cas24e30o,"Cr$_2$ CAS(24e,30o)",22460,143.47114672273165
cr2_cas24e30o,"Cr$_2$ CAS(24e,30o)",22470,144.84531614607477
cr2_cas24e30o,"Cr$_2$ CAS(24e,30o)",22480,148.39298863307704
cr2_cas24e30o,"Cr$_2$ CAS(24e,30o)",22490,144.1912175150719
cr2_cas24e30o,"Cr$_2$ CAS(24e,30o)",22500,143.02088791009737
cr2_cas24e30o,"Cr$_2$ CAS(24e,30o)",22510,142.6665669932845
cr2_cas24e30o,"Cr$_2$ CAS(24e,30o)",22520,145.85398278495632
cr2_cas24e30o,"Cr$_2$ CAS(24e,30o)",22530,144.33096506672882
cr2_cas24e30o,"Cr$_2$ CAS(24e,30o)",22540,143.6051335972479
cr2_cas24e30o,"Cr$_2$ CAS(24e,30o)",22550,143.2872040431903
cr2_cas24e30o,"Cr$_2$ CAS(24e,30o)",22560,145.32551879983657
cr2_cas24e30o,"Cr$_2$ CAS(24e,30o)",22570,147.0271533662526
cr2_cas24e30o,"Cr$_2$ CAS(24e,30o)",22580,145.04198201211693
cr2_cas24e30o,"Cr$_2$ CAS(24e,30o)",22590,147.50510229941938
cr2_cas24e30o,"Cr$_2$ CAS(24e,30o)",22600,145.37104828332303
cr2_cas24e30o,"Cr$_2$ CAS(24e,30o)",22610,144.28709707908638
cr2_cas24e30o,"Cr$_2$ CAS(24e,30o)",22620,142.80371823542737
cr2_cas24e30o,"Cr$_2$ CAS(24e,30o)",22630,143.60679405581322
cr2_cas24e30o,"Cr$_2$ CAS(24e,30o)",22640,145.41807263049122
cr2_cas24e30o,"Cr$_2$ CAS(24e,30o)",22650,143.84221104319295
cr2_cas24e30o,"Cr$_2$ CAS(24e,30o)",22660,142.51398844635332
cr2_cas24e30o,"Cr$_2$ CAS(24e,30o)",22670,157.01044344086768
cr2_cas24e30o,"Cr$_2$ CAS(24e,30o)",22680,144.50912404481642
cr2_cas24e30o,"Cr$_2$ CAS(24e,30o)",22690,145.5264828291547
cr2_cas24e30o,"Cr$_2$ CAS(24e,30o)",22700,143.22259753998878
cr2_cas24e30o,"Cr$_2$ CAS(24e,30o)",22710,142.74828771931425
cr2_cas24e30o,"Cr$_2$ CAS(24e,30o)",22720,142.7463259783508
cr2_cas24e30o,"Cr$_2$ CAS(24e,30o)",22730,142.0021632229691
cr2_cas24e30o,"Cr$_2$ CAS(24e,30o)",22740,143.77000544754992
cr2_cas24e30o,"Cr$_2$ CAS(24e,30o)",22750,144.43334963061716
cr2_cas24e30o,"Cr$_2$ CAS(24e,30o)",22760,142.49990333019014
cr2_cas24e30o,"Cr$_2$ CAS(24e,30o)",22770,141.76926630671005
cr2_cas24e30o,"Cr$_2$ CAS(24e,30o)",22780,145.76665580307235
cr2_cas24e30o,"Cr$_2$ CAS(24e,30o)",22790,145.86473447025128
cr2_cas24e30o,"Cr$_2$ CAS(24e,30o)",22800,147.9191860503306
cr2_cas24e30o,"Cr$_2$ CAS(24e,30o)",22810,143.8275794303081
cr2_cas24e30o,"Cr$_2$ CAS(24e,30o)",22820,142.76366763215265
cr2_cas24e30o,"Cr$_2$ CAS(24e,30o)",22830,142.95655520936634
cr2_cas24e30o,"Cr$_2$ CAS(24e,30o)",22840,146.00783780906568
cr2_cas24e30o,"Cr$_2$ CAS(24e,30o)",22850,145.41620102545494
cr2_cas24e30o,"Cr$_2$ CAS(24e,30o)",22860,144.25401605558363
cr2_cas24e30o,"Cr$_2$ CAS(24e,30o)",22870,142.94265794478633
cr2_cas24e30o,"Cr$_2$ CAS(24e,30o)",22880,144.44033578274684
cr2_cas24e30o,"Cr$_2$ CAS(24e,30o)",22890,148.8562000836282
cr2_cas24e30o,"Cr$_2$ CAS(24e,30o)",22900,151.324888754516
cr2_cas24e30o,"Cr$_2$ CAS(24e,30o)",22910,144.5420350778477
cr2_cas24e30o,"Cr$_2$ CAS(24e,30o)",22920,143.52695991738074
cr2_cas24e30o,"Cr$_2$ CAS(24e,30o)",22930,141.83796313591301
cr2_cas24e30o,"Cr$_2$ CAS(24e,30o)",22940,142.95424832562276
cr2_cas24e30o,"Cr$_2$ CAS(24e,30o)",22950,143.49654945408474
cr2_cas24e30o,"Cr$_2$ CAS(24e,30o)",22960,143.84194353306157
cr2_cas24e30o,"Cr$_2$ CAS(24e,30o)",22970,145.53824290987905
cr2_cas24e30o,"Cr$_2$ CAS(24e,30o)",22980,142.41320074643227
cr2_cas24e30o,"Cr$_2$ CAS(24e,30o)",22990,142.36028811410506
cr2_cas24e30o,"Cr$_2$ CAS(24e,30o)",23000,147.7675767632718
cr2_cas24e30o,"Cr$_2$ CAS(24e,30o)",23010,143.81993708502705
cr2_cas24e30o,"Cr$_2$ CAS(24e,30o)",23020,143.09250473024804
cr2_cas24e30o,"Cr$_2$ CAS(24e,30o)",23030,142.74945070292233
cr2_cas24e30o,"Cr$_2$ CAS(24e,30o)",23040,145.50763949046086
cr2_cas24e30o,"Cr$_2$ CAS(24e,30o)",23050,148.51313765257146
cr2_cas24e30o,"Cr$_2$ CAS(24e,30o)",23060,149.50145206739762
cr2_cas24e30o,"Cr$_2$ CAS(24e,30o)",23070,145.82988994470725
cr2_cas24e30o,"Cr$_2$ CAS(24e,30o)",23080,143.07535124498827
cr2_cas24e30o,"Cr$_2$ CAS(24e,30o)",23090,141.99878758699924
cr2_cas24e30o,"Cr$_2$ CAS(24e,30o)",23100,143.39422258171908
cr2_cas24e30o,"Cr$_2$ CAS(24e,30o)",23110,142.59963699669242
cr2_cas24e30o,"Cr$_2$ CAS(24e,30o)",23120,142.31202622522687
cr2_cas24e30o,"Cr$_2$ CAS(24e,30o)",23130,143.15449586456452
cr2_cas24e30o,"Cr$_2$ CAS(24e,30o)",23140,146.74196527585082
cr2_cas24e30o,"Cr$_2$ CAS(24e,30o)",23150,144.57072756158595
cr2_cas24e30o,"Cr$_2$ CAS(24e,30o)",23160,146.59129472192944
cr2_cas24e30o,"Cr$_2$ CAS(24e,30o)",23170,144.95981128811763
cr2_cas24e30o,"Cr$_2$ CAS(24e,30o)",23180,142.52909122797064
cr2_cas24e30o,"Cr$_2$ CAS(24e,30o)",23190,142.1670412782987
cr2_cas24e30o,"Cr$_2$ CAS(24e,30o)",23200,141.2593392406052
cr2_cas24e30o,"Cr$_2$ CAS(24e,30o)",23210,145.86103213059687
cr2_cas24e30o,"Cr$_2$ CAS(24e,30o)",23220,145.1682060501298
cr2_cas24e30o,"Cr$_2$ CAS(24e,30o)",23230,142.9739218801842
cr2_cas24e30o,"Cr$_2$ CAS(24e,30o)",23240,142.2790997107768
cr2_cas24e30o,"Cr$_2$ CAS(24e,30o)",23250,141.89839519531233
cr2_cas24e30o,"Cr$_2$ CAS(24e,30o)",23260,143.08447767189136
cr2_cas24e30o,"Cr$_2$ CAS(24e,30o)",23270,142.8220608590891
cr2_cas24e30o,"Cr$_2$ CAS(24e,30o)",23280,142.89189320425066
cr2_cas24e30o,"Cr$_2$ CAS(24e,30o)",23290,144.58094535484634
cr2_cas24e30o,"Cr$_2$ CAS(24e,30o)",23300,145.44884417909998
cr2_cas24e30o,"Cr$_2$ CAS(24e,30o)",23310,142.1738850544898
cr2_cas24e30o,"Cr$_2$ CAS(24e,30o)",23320,141.41236244586253
cr2_cas24e30o,"Cr$_2$ CAS(24e,30o)",23330,145.40491378693332
cr2_cas24e30o,"Cr$_2$ CAS(24e,30o)",23340,142.75527278414302
cr2_cas24e30o,"Cr$_2$ CAS(24e,30o)",23350,143.30026242305394
cr2_cas24e30o,"Cr$_2$ CAS(24e,30o)",23360,142.86539693284794
cr2_cas24e30o,"Cr$_2$ CAS(24e,30o)",23370,141.58419807972678
cr2_cas24e30o,"Cr$_2$ CAS(24e,30o)",23380,141.74865775385115
cr2_cas24e30o,"Cr$_2$ CAS(24e,30o)",23390,143.1601370932185
cr2_cas24e30o,"Cr$_2$ CAS(24e,30o)",23400,142.65733208185338
cr2_cas24e30o,"Cr$_2$ CAS(24e,30o)",23410,145.2430271801859
cr2_cas24e30o,"Cr$_2$ CAS(24e,30o)",23420,142.3164253315008
cr2_cas24e30o,"Cr$_2$ CAS(24e,30o)",23430,142.31885098706698
cr2_cas24e30o,"Cr$_2$ CAS(24e,30o)",23440,141.97566956181618
cr2_cas24e30o,"Cr$_2$ CAS(24e,30o)",23450,143.69940640017376
cr2_cas24e30o,"Cr$_2$ CAS(24e,30o)",23460,141.54458158282068
cr2_cas24e30o,"Cr$_2$ CAS(24e,30o)",23470,142.10715145827635
cr2_cas24e30o,"Cr$_2$ CAS(24e,30o)",23480,144.46304688271994
cr2_cas24e30o,"Cr$_2$ CAS(24e,30o)",23490,143.78598983466873
cr2_cas24e30o,"Cr$_2$ CAS(24e,30o)",23500,142.71251013178698
cr2_cas24e30o,"Cr$_2$ CAS(24e,30o)",23510,142.94662778138445
cr2_cas24e30o,"Cr$_2$ CAS(24e,30o)",23520,143.58195889826675
cr2_cas24e30o,"Cr$_2$ CAS(24e,30o)",23530,142.56707035337968
cr2_cas24e30o,"Cr$_2$ CAS(24e,30o)",23540,143.6161222463852
cr2_cas24e30o,"Cr$_2$ CAS(24e,30o)",23550,142.91899809359165
cr2_cas24e30o,"Cr$_2$ CAS(24e,30o)",23560,142.75750561091627
cr2_cas24e30o,"Cr$_2$ CAS(24e,30o)",23570,141.47194044880962
cr2_cas24e30o,"Cr$_2$ CAS(24e,30o)",23580,141.98028302553212
cr2_cas24e30o,"Cr$_2$ CAS(24e,30o)",23590,148.2045844413733
cr2_cas24e30o,"Cr$_2$ CAS(24e,30o)",23600,145.36174881095576
cr2_cas24e30o,"Cr$_2$ CAS(24e,30o)",23610,142.08044887482174
cr2_cas24e30o,"Cr$_2$ CAS(24e,30o)",23620,141.73838023043572
cr2_cas24e30o,"Cr$_2$ CAS(24e,30o)",23630,143.08909148940074
cr2_cas24e30o,"Cr$_2$ CAS(24e,30o)",23640,145.0024271730399
cr2_cas24e30o,"Cr$_2$ CAS(24e,30o)",23650,144.332974919962
cr2_cas24e30o,"Cr$_2$ CAS(24e,30o)",23660,142.8822583402507
cr2_cas24e30o,"Cr$_2$ CAS(24e,30o)",23670,148.25831716098037
cr2_cas24e30o,"Cr$_2$ CAS(24e,30o)",23680,142.67132445866082
cr2_cas24e30o,"Cr$_2$ CAS(24e,30o)",23690,141.319033376476
cr2_cas24e30o,"Cr$_2$ CAS(24e,30o)",23700,142.66704268811736
cr2_cas24e30o,"Cr$_2$ CAS(24e,30o)",23710,141.28586152628486
cr2_cas24e30o,"Cr$_2$ CAS(24e,30o)",23720,141.86090587054423
cr2_cas24e30o,"Cr$_2$ CAS(24e,30o)",23730,142.11095039172505
cr2_cas24e30o,"Cr$_2$ CAS(24e,30o)",23740,142.47182003191483
cr2_cas24e30o,"Cr$_2$ CAS(24e,30o)",23750,141.6936543864722
cr2_cas24e30o,"Cr$_2$ CAS(24e,30o)",23760,141.67587595466102
cr2_cas24e30o,"Cr$_2$ CAS(24e,30o)",23770,142.5949653266798
cr2_cas24e30o,"Cr$_2$ CAS(24e,30o)",23780,144.88958531046592
cr2_cas24e30o,"Cr$_2$ CAS(24e,30o)",23790,144.89707739176083
cr2_cas24e30o,"Cr$_2$ CAS(24e,30o)",23800,142.00583215915685
cr2_cas24e30o,"Cr$_2$ CAS(24e,30o)",23810,143.10864597018735
cr2_cas24e30o,"Cr$_2$ CAS(24e,30o)",23820,141.89452851815076
cr2_cas24e30o,"Cr$_2$ CAS(24e,30o)",23830,144.61357321260948
cr2_cas24e30o,"Cr$_2$ CAS(24e,30o)",23840,144.26705539199247
cr2_cas24e30o,"Cr$_2$ CAS(24e,30o)",23850,142.48655716437497
cr2_cas24e30o,"Cr$_2$ CAS(24e,30o)",23860,142.71501405391973
cr2_cas24e30o,"Cr$_2$ CAS(24e,30o)",23870,143.72257432387414
cr2_cas24e30o,"Cr$_2$ CAS(24e,30o)",23880,152.17460830808704
cr2_cas24e30o,"Cr$_2$ CAS(24e,30o)",23890,142.83205120864295
cr2_cas24e30o,"Cr$_2$ CAS(24e,30o)",23900,142.99803941366918
cr2_cas24e30o,"Cr$_2$ CAS(24e,30o)",23910,142.21589059161488
cr2_cas24e30o,"Cr$_2$ CAS(24e,30o)",23920,140.836642731756
cr2_cas24e30o,"Cr$_2$ CAS(24e,30o)",23930,141.79247272431894
cr2_cas24e30o,"Cr$_2$ CAS(24e,30o)",23940,142.2908739673403
cr2_cas24e30o,"Cr$_2$ CAS(24e,30o)",23950,141.3279150597191
cr2_cas24e30o,"Cr$_2$ CAS(24e,30o)",23960,141.07831367891777
cr2_cas24e30o,"Cr$_2$ CAS(24e,30o)",23970,143.96240947689876
cr2_cas24e30o,"Cr$_2$ CAS(24e,30o)",23980,147.37885379918225
cr2_cas24e30o,"Cr$_2$ CAS(24e,30o)",23990,147.2696377786633
cr2_cas24e30o,"Cr$_2$ CAS(24e,30o)",24000,142.31459681423075
cr2_cas24e30o,"Cr$_2$ CAS(24e,30o)",24010,141.31427980100852
cr2_cas24e30o,"Cr$_2$ CAS(24e,30o)",24020,145.57245186233558
cr2_cas24e30o,"Cr$_2$ CAS(24e,30o)",24030,141.45798186245884
cr2_cas24e30o,"Cr$_2$ CAS(24e,30o)",24040,141.10953982617502
cr2_cas24e30o,"Cr$_2$ CAS(24e,30o)",24050,141.07576271362632
cr2_cas24e30o,"Cr$_2$ CAS(24e,30o)",24060,143.91346643151337
cr2_cas24e30o,"Cr$_2$ CAS(24e,30o)",24070,142.23429548337663
cr2_cas24e30o,"Cr$_2$ CAS(24e,30o)",24080,145.2752228801728
cr2_cas24e30o,"Cr$_2$ CAS(24e,30o)",24090,155.32035691785495
cr2_cas24e30o,"Cr$_2$ CAS(24e,30o)",24100,146.23483614559518
cr2_cas24e30o,"Cr$_2$ CAS(24e,30o)",24110,143.40275272707004
cr2_cas24e30o,"Cr$_2$ CAS(24e,30o)",24120,141.52896638279344
cr2_cas24e30o,"Cr$_2$ CAS(24e,30o)",24130,140.57528809507858
cr2_cas24e30o,"Cr$_2$ CAS(24e,30o)",24140,140.06349161854814
cr2_cas24e30o,"Cr$_2$ CAS(24e,30o)",24150,140.19324575747305
cr2_cas24e30o,"Cr$_2$ CAS(24e,30o)",24160,142.17968239017864
cr2_cas24e30o,"Cr$_2$ CAS(24e,30o)",24170,141.39081817802435
cr2_cas24e30o,"Cr$_2$ CAS(24e,30o)",24180,140.58770415749677
cr2_cas24e30o,"Cr$_2$ CAS(24e,30o)",24190,149.93368719387945
cr2_cas24e30o,"Cr$_2$ CAS(24e,30o)",24200,150.77806153703932
cr2_cas24e30o,"Cr$_2$ CAS(24e,30o)",24210,144.69821777311154
cr2_cas24e30o,"Cr$_2$ CAS(24e,30o)",24220,143.32260563242016
cr2_cas24e30o,"Cr$_2$ CAS(24e,30o)",24230,141.8816662203426
cr2_cas24e30o,"Cr$_2$ CAS(24e,30o)",24240,140.59931630117717
cr2_cas24e30o,"Cr$_2$ CAS(24e,30o)",24250,140.43460089442306
cr2_cas24e30o,"Cr$_2$ CAS(24e,30o)",24260,140.86831632403118
cr2_cas24e30o,"Cr$_2$ CAS(24e,30o)",24270,141.7142272343881
cr2_cas24e30o,"Cr$_2$ CAS(24e,30o)",24280,141.92382850023932
cr2_cas24e30o,"Cr$_2$ CAS(24e,30o)",24290,141.5847864600437
cr2_cas24e30o,"Cr$_2$ CAS(24e,30o)",24300,144.35045472964703
cr2_cas24e30o,"Cr$_2$ CAS(24e,30o)",24310,146.04501932308267
cr2_cas24e30o,"Cr$_2$ CAS(24e,30o)",24320,141.80568123674675
cr2_cas24e30o,"Cr$_2$ CAS(24e,30o)",24330,142.42238704719057
cr2_cas24e30o,"Cr$_2$ CAS(24e,30o)",24340,142.108908245973
cr2_cas24e30o,"Cr$_2$ CAS(24e,30o)",24350,140.5925275057598
cr2_cas24e30o,"Cr$_2$ CAS(24e,30o)",24360,141.88750271478057
cr2_cas24e30o,"Cr$_2$ CAS(24e,30o)",24370,143.2736698620829
cr2_cas24e30o,"Cr$_2$ CAS(24e,30o)",24380,142.57424590141454
cr2_cas24e30o,"Cr$_2$ CAS(24e,30o)",24390,144.05399017823584
cr2_cas24e30o,"Cr$_2$ CAS(24e,30o)",24400,144.28986501297913
cr2_cas24e30o,"Cr$_2$ CAS(24e,30o)",24410,142.18695605677567
cr2_cas24e30o,"Cr$_2$ CAS(24e,30o)",24420,140.75299060050384
cr2_cas24e30o,"Cr$_2$ CAS(24e,30o)",24430,143.67002309109012
cr2_cas24e30o,"Cr$_2$ CAS(24e,30o)",24440,144.88224431261187
cr2_cas24e30o,"Cr$_2$ CAS(24e,30o)",24450,147.05904219772492
cr2_cas24e30o,"Cr$_2$ CAS(24e,30o)",24460,143.5981811378042
cr2_cas24e30o,"Cr$_2$ CAS(24e,30o)",24470,141.06682388455738
cr2_cas24e30o,"Cr$_2$ CAS(24e,30o)",24480,140.53049241283588
cr2_cas24e30o,"Cr$_2$ CAS(24e,30o)",24490,140.40124031907908
cr2_cas24e30o,"Cr$_2$ CAS(24e,30o)",24500,151.88990507658673
cr2_cas24e30o,"Cr$_2$ CAS(24e,30o)",24510,141.33609986356532
cr2_cas24e30o,"Cr$_2$ CAS(24e,30o)",24520,141.05577479358544
cr2_cas24e30o,"Cr$_2$ CAS(24e,30o)",24530,141.86090904695448
cr2_cas24e30o,"Cr$_2$ CAS(24e,30o)",24540,141.75857016380178
cr2_cas24e30o,"Cr$_2$ CAS(24e,30o)",24550,140.60754371257644
cr2_cas24e30o,"Cr$_2$ CAS(24e,30o)",24560,141.24942970693155
cr2_cas24e30o,"Cr$_2$ CAS(24e,30o)",24570,143.01444385591822
cr2_cas24e30o,"Cr$_2$ CAS(24e,30o)",24580,143.62030115535163
cr2_cas24e30o,"Cr$_2$ CAS(24e,30o)",24590,142.66161836440006
cr2_cas24e30o,"Cr$_2$ CAS(24e,30o)",24600,142.60247650827296
cr2_cas24e30o,"Cr$_2$ CAS(24e,30o)",24610,141.4610441916011
cr2_cas24e30o,"Cr$_2$ CAS(24e,30o)",24620,141.28790787754042
cr2_cas24e30o,"Cr$_2$ CAS(24e,30o)",24630,145.70248312656986
cr2_cas24e30o,"Cr$_2$ CAS(24e,30o)",24640,142.0735371743831
cr2_cas24e30o,"Cr$_2$ CAS(24e,30o)",24650,141.67470813163163
cr2_cas24e30o,"Cr$_2$ CAS(24e,30o)",24660,142.064690209736
cr2_cas24e30o,"Cr$_2$ CAS(24e,30o)",24670,140.7326215685316
cr2_cas24e30o,"Cr$_2$ CAS(24e,30o)",24680,142.23320451083055
cr2_cas24e30o,"Cr$_2$ CAS(24e,30o)",24690,142.53287187966635
cr2_cas24e30o,"Cr$_2$ CAS(24e,30o)",24700,144.0631891691737
cr2_cas24e30o,"Cr$_2$ CAS(24e,30o)",24710,141.82449319741863
cr2_cas24e30o,"Cr$_2$ CAS(24e,30o)",24720,141.35541127780016
cr2_cas24e30o,"Cr$_2$ CAS(24e,30o)",24730,141.04352615686366
cr2_cas24e30o,"Cr$_2$ CAS(24e,30o)",24740,142.31451211571766
cr2_cas24e30o,"Cr$_2$ CAS(24e,30o)",24750,141.78702662002252
cr2_cas24e30o,"Cr$_2$ CAS(24e,30o)",24760,142.82988783043038
cr2_cas24e30o,"Cr$_2$ CAS(24e,30o)",24770,141.9537557262629
cr2_cas24e30o,"Cr$_2$ CAS(24e,30o)",24780,142.32427606793863
cr2_cas24e30o,"Cr$_2$ CAS(24e,30o)",24790,143.34449349871647
cr2_cas24e30o,"Cr$_2$ CAS(24e,30o)",24800,141.16871256283048
cr2_cas24e30o,"Cr$_2$ CAS(24e,30o)",24810,143.1659833347112
cr2_cas24e30o,"Cr$_2$ CAS(24e,30o)",24820,148.7845880410532
cr2_cas24e30o,"Cr$_2$ CAS(24e,30o)",24830,144.39045634526337
cr2_cas24e30o,"Cr$_2$ CAS(24e,30o)",24840,141.24811654664882
cr2_cas24e30o,"Cr$_2$ CAS(24e,30o)",24850,140.84945244849223
cr2_cas24e30o,"Cr$_2$ CAS(24e,30o)",24860,141.27209869639046
cr2_cas24e30o,"Cr$_2$ CAS(24e,30o)",24870,140.40037768336333
cr2_cas24e30o,"Cr$_2$ CAS(24e,30o)",24880,140.04693481183494
cr2_cas24e30o,"Cr$_2$ CAS(24e,30o)",24890,143.80992435553708
cr2_cas24e30o,"Cr$_2$ CAS(24e,30o)",24900,144.58583823534354
cr2_cas24e30o,"Cr$_2$ CAS(24e,30o)",24910,141.3635877438537
cr2_cas24e30o,"Cr$_2$ CAS(24e,30o)",24920,148.32143742069093
cr2_cas24e30o,"Cr$_2$ CAS(24e,30o)",24930,142.71184268272918
cr2_cas24e30o,"Cr$_2$ CAS(24e,30o)",24940,141.40191248816336
cr2_cas24e30o,"Cr$_2$ CAS(24e,30o)",24950,140.48598056660921
cr2_cas24e30o,"Cr$_2$ CAS(24e,30o)",24960,141.61655173438703
cr2_cas24e30o,"Cr$_2$ CAS(24e,30o)",24970,141.57357795102143
cr2_cas24e30o,"Cr$_2$ CAS(24e,30o)",24980,140.12893353583422
cr2_cas24e30o,"Cr$_2$ CAS(24e,30o)",24990,142.58052523382503
cr2_cas24e30o,"Cr$_2$ CAS(24e,30o)",25000,140.61982385737792
cr2_cas24e30o,"Cr$_2$ CAS(24e,30o)",25010,141.73780627834276
cr2_cas24e30o,"Cr$_2$ CAS(24e,30o)",25020,142.8155400230935
cr2_cas24e30o,"Cr$_2$ CAS(24e,30o)",25030,146.3189844594126
cr2_cas24e30o,"Cr$_2$ CAS(24e,30o)",25040,146.8047924554412
cr2_cas24e30o,"Cr$_2$ CAS(24e,30o)",25050,141.94559964744258
cr2_cas24e30o,"Cr$_2$ CAS(24e,30o)",25060,142.17171045993382
cr2_cas24e30o,"Cr$_2$ CAS(24e,30o)",25070,140.0993843735705
cr2_cas24e30o,"Cr$_2$ CAS(24e,30o)",25080,139.76757987302335
cr2_cas24e30o,"Cr$_2$ CAS(24e,30o)",25090,139.96980436195372
cr2_cas24e30o,"Cr$_2$ CAS(24e,30o)",25100,139.87152461504593
cr2_cas24e30o,"Cr$_2$ CAS(24e,30o)",25110,141.50441639458222
cr2_cas24e30o,"Cr$_2$ CAS(24e,30o)",25120,144.47608006003065
cr2_cas24e30o,"Cr$_2$ CAS(24e,30o)",25130,144.92414453343372
cr2_cas24e30o,"Cr$_2$ CAS(24e,30o)",25140,140.8839213727333
cr2_cas24e30o,"Cr$_2$ CAS(24e,30o)",25150,141.70267183817487
cr2_cas24e30o,"Cr$_2$ CAS(24e,30o)",25160,140.61379055010548
cr2_cas24e30o,"Cr$_2$ CAS(24e,30o)",25170,140.236302906942
cr2_cas24e30o,"Cr$_2$ CAS(24e,30o)",25180,140.6934892274876
cr2_cas24e30o,"Cr$_2$ CAS(24e,30o)",25190,141.64074455129594
cr2_cas24e30o,"Cr$_2$ CAS(24e,30o)",25200,150.631118488036
cr2_cas24e30o,"Cr$_2$ CAS(24e,30o)",25210,160.48502795001696
cr2_cas24e30o,"Cr$_2$ CAS(24e,30o)",25220,147.17125966080857
cr2_cas24e30o,"Cr$_2$ CAS(24e,30o)",25230,142.13089065196982
cr2_cas24e30o,"Cr$_2$ CAS(24e,30o)",25240,139.98713256569317
cr2_cas24e30o,"Cr$_2$ CAS(24e,30o)",25250,139.73983199457507
cr2_cas24e30o,"Cr$_2$ CAS(24e,30o)",25260,139.38811416392127
cr2_cas24e30o,"Cr$_2$ CAS(24e,30o)",25270,141.96511076670504
cr2_cas24e30o,"Cr$_2$ CAS(24e,30o)",25280,140.2078703808911
cr2_cas24e30o,"Cr$_2$ CAS(24e,30o)",25290,139.341574943046
cr2_cas24e30o,"Cr$_2$ CAS(24e,30o)",25300,142.01405846279158
cr2_cas24e30o,"Cr$_2$ CAS(24e,30o)",25310,142.38284949487934
cr2_cas24e30o,"Cr$_2$ CAS(24e,30o)",25320,143.93786580694723
cr2_cas24e30o,"Cr$_2$ CAS(24e,30o)",25330,142.90907720305768
cr2_cas24e30o,"Cr$_2$ CAS(24e,30o)",25340,143.49343587036856
cr2_cas24e30o,"Cr$_2$ CAS(24e,30o)",25350,140.31834649313168
cr2_cas24e30o,"Cr$_2$ CAS(24e,30o)",25360,142.80425343258685
cr2_cas24e30o,"Cr$_2$ CAS(24e,30o)",25370,140.02804461188134
cr2_cas24e30o,"Cr$_2$ CAS(24e,30o)",25380,140.08881191284672
cr2_cas24e30o,"Cr$_2$ CAS(24e,30o)",25390,141.37715700508124
cr2_cas24e30o,"Cr$_2$ CAS(24e,30o)",25400,140.23067320204063
cr2_cas24e30o,"Cr$_2$ CAS(24e,30o)",25410,140.12338244765488
cr2_cas24e30o,"Cr$_2$ CAS(24e,30o)",25420,139.97514253696863
cr2_cas24e30o,"Cr$_2$ CAS(24e,30o)",25430,142.73744987804093
cr2_cas24e30o,"Cr$_2$ CAS(24e,30o)",25440,144.8430926529909
cr2_cas24e30o,"Cr$_2$ CAS(24e,30o)",25450,144.0836478136589
cr2_cas24e30o,"Cr$_2$ CAS(24e,30o)",25460,142.6105265895785
cr2_cas24e30o,"Cr$_2$ CAS(24e,30o)",25470,141.29432847585122
cr2_cas24e30o,"Cr$_2$ CAS(24e,30o)",25480,139.62102381492514
cr2_cas24e30o,"Cr$_2$ CAS(24e,30o)",25490,140.6611141060239
cr2_cas24e30o,"Cr$_2$ CAS(24e,30o)",25500,140.64391813008115
cr2_cas24e30o,"Cr$_2$ CAS(24e,30o)",25510,141.18523837396424
cr2_cas24e30o,"Cr$_2$ CAS(24e,30o)",25520,140.78291807663845
cr2_cas24e30o,"Cr$_2$ CAS(24e,30o)",25530,142.73113408398785
cr2_cas24e30o,"Cr$_2$ CAS(24e,30o)",25540,141.83245734284355
cr2_cas24e30o,"Cr$_2$ CAS(24e,30o)",25550,141.13309624917747
cr2_cas24e30o,"Cr$_2$ CAS(24e,30o)",25560,141.57422852349555
cr2_cas24e30o,"Cr$_2$ CAS(24e,30o)",25570,141.45352318746518
cr2_cas24e30o,"Cr$_2$ CAS(24e,30o)",25580,140.76904975854632
cr2_cas24e30o,"Cr$_2$ CAS(24e,30o)",25590,142.47616247212136
cr2_cas24e30o,"Cr$_2$ CAS(24e,30o)",25600,140.7493224155587
cr2_cas24e30o,"Cr$_2$ CAS(24e,30o)",25610,139.99782497921842
cr2_cas24e30o,"Cr$_2$ CAS(24e,30o)",25620,141.24941982572636
cr2_cas24e30o,"Cr$_2$ CAS(24e,30o)",25630,143.1035326450001
cr2_cas24e30o,"Cr$_2$ CAS(24e,30o)",25640,144.70882350678949
cr2_cas24e30o,"Cr$_2$ CAS(24e,30o)",25650,141.37265635736185
cr2_cas24e30o,"Cr$_2$ CAS(24e,30o)",25660,142.36121314570482
cr2_cas24e30o,"Cr$_2$ CAS(24e,30o)",25670,140.52056759510378
cr2_cas24e30o,"Cr$_2$ CAS(24e,30o)",25680,141.1860911630356
cr2_cas24e30o,"Cr$_2$ CAS(24e,30o)",25690,145.43307990061294
cr2_cas24e30o,"Cr$_2$ CAS(24e,30o)",25700,141.06417031143792
cr2_cas24e30o,"Cr$_2$ CAS(24e,30o)",25710,140.15112527704332
cr2_cas24e30o,"Cr$_2$ CAS(24e,30o)",25720,139.5359516386634
cr2_cas24e30o,"Cr$_2$ CAS(24e,30o)",25730,140.2567455188546
cr2_cas24e30o,"Cr$_2$ CAS(24e,30o)",25740,139.8627510930055
cr2_cas24e30o,"Cr$_2$ CAS(24e,30o)",25750,143.37197322220163
cr2_cas24e30o,"Cr$_2$ CAS(24e,30o)",25760,142.3300905303222
cr2_cas24e30o,"Cr$_2$ CAS(24e,30o)",25770,139.93635687938877
cr2_cas24e30o,"Cr$_2$ CAS(24e,30o)",25780,140.37666919512048
cr2_cas24e30o,"Cr$_2$ CAS(24e,30o)",25790,140.6199131138237
cr2_cas24e30o,"Cr$_2$ CAS(24e,30o)",25800,141.7480842446821
cr2_cas24e30o,"Cr$_2$ CAS(24e,30o)",25810,140.75327132741222
cr2_cas24e30o,"Cr$_2$ CAS(24e,30o)",25820,143.9297052470465
cr2_cas24e30o,"Cr$_2$ CAS(24e,30o)",25830,140.45189522630608
cr2_cas24e30o,"Cr$_2$ CAS(24e,30o)",25840,140.10062452780403
cr2_cas24e30o,"Cr$_2$ CAS(24e,30o)",25850,143.46990275998905
cr2_cas24e30o,"Cr$_2$ CAS(24e,30o)",25860,150.48647728508513
cr2_cas24e30o,"Cr$_2$ CAS(24e,30o)",25870,143.65557996143252
cr2_cas24e30o,"Cr$_2$ CAS(24e,30o)",25880,140.89021066092755
cr2_cas24e30o,"Cr$_2$ CAS(24e,30o)",25890,139.64024169763434
cr2_cas24e30o,"Cr$_2$ CAS(24e,30o)",25900,139.2156731212708
cr2_cas24e30o,"Cr$_2$ CAS(24e,30o)",25910,140.13937664640252
cr2_cas24e30o,"Cr$_2$ CAS(24e,30o)",25920,139.20952509215567
cr2_cas24e30o,"Cr$_2$ CAS(24e,30o)",25930,141.5257321414174
cr2_cas24e30o,"Cr$_2$ CAS(24e,30o)",25940,139.75194228214605
cr2_cas24e30o,"Cr$_2$ CAS(24e,30o)",25950,140.14344237966725
cr2_cas24e30o,"Cr$_2$ CAS(24e,30o)",25960,153.95956456768545
cr2_cas24e30o,"Cr$_2$ CAS(24e,30o)",25970,142.85939197134212
cr2_cas24e30o,"Cr$_2$ CAS(24e,30o)",25980,140.01537399644803
cr2_cas24e30o,"Cr$_2$ CAS(24e,30o)",25990,139.99189903552178
cr2_cas24e30o,"Cr$_2$ CAS(24e,30o)",26000,139.18984639030896
cr2_cas24e30o,"Cr$_2$ CAS(24e,30o)",26010,140.0978324472817
cr2_cas24e30o,"Cr$_2$ CAS(24e,30o)",26020,140.97989815854817
cr2_cas24e30o,"Cr$_2$ CAS(24e,30o)",26030,140.80189423521006
cr2_cas24e30o,"Cr$_2$ CAS(24e,30o)",26040,144.68699682674924
cr2_cas24e30o,"Cr$_2$ CAS(24e,30o)",26050,140.8541220830557
cr2_cas24e30o,"Cr$_2$ CAS(24e,30o)",26060,146.43195320604718
cr2_cas24e30o,"Cr$_2$ CAS(24e,30o)",26070,142.01734203243177
cr2_cas24e30o,"Cr$_2$ CAS(24e,30o)",26080,140.2149683940479
cr2_cas24e30o,"Cr$_2$ CAS(24e,30o)",26090,139.46407814546546
cr2_cas24e30o,"Cr$_2$ CAS(24e,30o)",26100,139.3222239962597
cr2_cas24e30o,"Cr$_2$ CAS(24e,30o)",26110,143.85744936498668
cr2_cas24e30o,"Cr$_2$ CAS(24e,30o)",26120,141.16275430797032
cr2_cas24e30o,"Cr$_2$ CAS(24e,30o)",26130,141.0779535472102
cr2_cas24e30o,"Cr$_2$ CAS(24e,30o)",26140,140.7868247215447
cr2_cas24e30o,"Cr$_2$ CAS(24e,30o)",26150,140.00099954728285
cr2_cas24e30o,"Cr$_2$ CAS(24e,30o)",26160,139.37378333275774
cr2_cas24e30o,"Cr$_2$ CAS(24e,30o)",26170,141.89416731824167
cr2_cas24e30o,"Cr$_2$ CAS(24e,30o)",26180,139.7943435426896
cr2_cas24e30o,"Cr$_2$ CAS(24e,30o)",26190,139.8845467724641
cr2_cas24e30o,"Cr$_2$ CAS(24e,30o)",26200,141.46346333427573
cr2_cas24e30o,"Cr$_2$ CAS(24e,30o)",26210,140.7159411851353
cr2_cas24e30o,"Cr$_2$ CAS(24e,30o)",26220,139.99639415123966
cr2_cas24e30o,"Cr$_2$ CAS(24e,30o)",26230,141.05466062210326
cr2_cas24e30o,"Cr$_2$ CAS(24e,30o)",26240,142.0349998970778
cr2_cas24e30o,"Cr$_2$ CAS(24e,30o)",26250,140.62851242124452
cr2_cas24e30o,"Cr$_2$ CAS(24e,30o)",26260,140.10882753518672
cr2_cas24e30o,"Cr$_2$ CAS(24e,30o)",26270,144.3176011534888
cr2_cas24e30o,"Cr$_2$ CAS(24e,30o)",26280,143.55844724786948
cr2_cas24e30o,"Cr$_2$ CAS(24e,30o)",26290,142.9689414853783
cr2_cas24e30o,"Cr$_2$ CAS(24e,30o)",26300,139.39292529676095
cr2_cas24e30o,"Cr$_2$ CAS(24e,30o)",26310,139.04993120559084
cr2_cas24e30o,"Cr$_2$ CAS(24e,30o)",26320,139.38556652101397
cr2_cas24e30o,"Cr$_2$ CAS(24e,30o)",26330,143.18606819188062
cr2_cas24e30o,"Cr$_2$ CAS(24e,30o)",26340,140.50976871294552
cr2_cas24e30o,"Cr$_2$ CAS(24e,30o)",26350,146.00146223074262
cr2_cas24e30o,"Cr$_2$ CAS(24e,30o)",26360,142.99511602075654
cr2_cas24e30o,"Cr$_2$ CAS(24e,30o)",26370,140.72547629712062
cr2_cas24e30o,"Cr$_2$ CAS(24e,30o)",26380,139.37983702680867
cr2_cas24e30o,"Cr$_2$ CAS(24e,30o)",26390,139.10950946683442
cr2_cas24e30o,"Cr$_2$ CAS(24e,30o)",26400,138.5088531887959
cr2_cas24e30o,"Cr$_2$ CAS(24e,30o)",26410,144.5978307774567
cr2_cas24e30o,"Cr$_2$ CAS(24e,30o)",26420,143.01069707607894
cr2_cas24e30o,"Cr$_2$ CAS(24e,30o)",26430,140.34381007013508
cr2_cas24e30o,"Cr$_2$ CAS(24e,30o)",26440,140.09625157586925
cr2_cas24e30o,"Cr$_2$ CAS(24e,30o)",26450,141.27797865876346
cr2_cas24e30o,"Cr$_2$ CAS(24e,30o)",26460,141.25176382140125
cr2_cas24e30o,"Cr$_2$ CAS(24e,30o)",26470,139.72756949215182
cr2_cas24e30o,"Cr$_2$ CAS(24e,30o)",26480,148.96953044217298
cr2_cas24e30o,"Cr$_2$ CAS(24e,30o)",26490,144.49931293120244
cr2_cas24e30o,"Cr$_2$ CAS(24e,30o)",26500,140.93677070422927
cr2_cas24e30o,"Cr$_2$ CAS(24e,30o)",26510,139.98357594027766
cr2_cas24e30o,"Cr$_2$ CAS(24e,30o)",26520,138.47174866850764
cr2_cas24e30o,"Cr$_2$ CAS(24e,30o)",26530,139.15348226964852
cr2_cas24e30o,"Cr$_2$ CAS(24e,30o)",26540,140.5652280313916
cr2_cas24e30o,"Cr$_2$ CAS(24e,30o)",26550,139.98891236542477
cr2_cas24e30o,"Cr$_2$ CAS(24e,30o)",26560,140.2471402802803
cr2_cas24e30o,"Cr$_2$ CAS(24e,30o)",26570,139.86960029205875
cr2_cas24e30o,"Cr$_2$ CAS(24e,30o)",26580,141.99915861536283
cr2_cas24e30o,"Cr$_2$ CAS(24e,30o)",26590,141.18965991428922
cr2_cas24e30o,"Cr$_2$ CAS(24e,30o)",26600,139.53277128121044
cr2_cas24e30o,"Cr$_2$ CAS(24e,30o)",26610,140.07911252792837
cr2_cas24e30o,"Cr$_2$ CAS(24e,30o)",26620,139.3446840343131
cr2_cas24e30o,"Cr$_2$ CAS(24e,30o)",26630,140.84335858842678
cr2_cas24e30o,"Cr$_2$ CAS(24e,30o)",26640,141.68789350469524
cr2_cas24e30o,"Cr$_2$ CAS(24e,30o)",26650,140.4441443974065
cr2_cas24e30o,"Cr$_2$ CAS(24e,30o)",26660,141.5515369321838
cr2_cas24e30o,"Cr$_2$ CAS(24e,30o)",26670,141.59988446454008
cr2_cas24e30o,"Cr$_2$ CAS(24e,30o)",26680,140.66802520937927
cr2_cas24e30o,"Cr$_2$ CAS(24e,30o)",26690,139.57332618747387
cr2_cas24e30o,"Cr$_2$ CAS(24e,30o)",26700,139.20169513085057
cr2_cas24e30o,"Cr$_2$ CAS(24e,30o)",26710,144.63308948279519
cr2_cas24e30o,"Cr$_2$ CAS(24e,30o)",26720,139.64096054269248
cr2_cas24e30o,"Cr$_2$ CAS(24e,30o)",26730,138.74249638274705
cr2_cas24e30o,"Cr$_2$ CAS(24e,30o)",26740,144.72237675227007
cr2_cas24e30o,"Cr$_2$ CAS(24e,30o)",26750,141.64477377380535
cr2_cas24e30o,"Cr$_2$ CAS(24e,30o)",26760,142.01756718512115
cr2_cas24e30o,"Cr$_2$ CAS(24e,30o)",26770,139.7121387867628
cr2_cas24e30o,"Cr$_2$ CAS(24e,30o)",26780,138.84475496206505
cr2_cas24e30o,"Cr$_2$ CAS(24e,30o)",26790,146.04108170351537
cr2_cas24e30o,"Cr$_2$ CAS(24e,30o)",26800,142.1240752642916
cr2_cas24e30o,"Cr$_2$ CAS(24e,30o)",26810,139.53246846540424
cr2_cas24e30o,"Cr$_2$ CAS(24e,30o)",26820,138.68844926719248
cr2_cas24e30o,"Cr$_2$ CAS(24e,30o)",26830,139.21012112177777
cr2_cas24e30o,"Cr$_2$ CAS(24e,30o)",26840,138.75302592032313
cr2_cas24e30o,"Cr$_2$ CAS(24e,30o)",26850,139.68697410973618
cr2_cas24e30o,"Cr$_2$ CAS(24e,30o)",26860,139.4872091891557
cr2_cas24e30o,"Cr$_2$ CAS(24e,30o)",26870,138.49140820047978
cr2_cas24e30o,"Cr$_2$ CAS(24e,30o)",26880,140.38755678166126
cr2_cas24e30o,"Cr$_2$ CAS(24e,30o)",26890,141.8621627522043
cr2_cas24e30o,"Cr$_2$ CAS(24e,30o)",26900,153.6570006455804
cr2_cas24e30o,"Cr$_2$ CAS(24e,30o)",26910,142.93701171527573
cr2_cas24e30o,"Cr$_2$ CAS(24e,30o)",26920,140.29093653653035
cr2_cas24e30o,"Cr$_2$ CAS(24e,30o)",26930,139.35504328401294
cr2_cas24e30o,"Cr$_2$ CAS(24e,30o)",26940,142.36925312161475
cr2_cas24e30o,"Cr$_2$ CAS(24e,30o)",26950,138.36519855294682
cr2_cas24e30o,"Cr$_2$ CAS(24e,30o)",26960,139.14887723012725
cr2_cas24e30o,"Cr$_2$ CAS(24e,30o)",26970,139.6693831666198
cr2_cas24e30o,"Cr$_2$ CAS(24e,30o)",26980,139.80344364063058
cr2_cas24e30o,"Cr$_2$ CAS(24e,30o)",26990,138.4308845867963
cr2_cas24e30o,"Cr$_2$ CAS(24e,30o)",27000,139.01126926930374
cr2_cas24e30o,"Cr$_2$ CAS(24e,30o)",27010,139.7484243616418
cr2_cas24e30o,"Cr$_2$ CAS(24e,30o)",27020,146.97272491139302
cr2_cas24e30o,"Cr$_2$ CAS(24e,30o)",27030,146.69528258400533
cr2_cas24e30o,"Cr$_2$ CAS(24e,30o)",27040,141.84459682883244
cr2_cas24e30o,"Cr$_2$ CAS(24e,30o)",27050,140.0014428245413
cr2_cas24e30o,"Cr$_2$ CAS(24e,30o)",27060,138.29779764409977
cr2_cas24e30o,"Cr$_2$ CAS(24e,30o)",27070,138.22751374891595
cr2_cas24e30o,"Cr$_2$ CAS(24e,30o)",27080,138.06797681581884
cr2_cas24e30o,"Cr$_2$ CAS(24e,30o)",27090,138.12551022738262
cr2_cas24e30o,"Cr$_2$ CAS(24e,30o)",27100,143.1853399544707
cr2_cas24e30o,"Cr$_2$ CAS(24e,30o)",27110,144.392582378714
cr2_cas24e30o,"Cr$_2$ CAS(24e,30o)",27120,143.28602774548926
cr2_cas24e30o,"Cr$_2$ CAS(24e,30o)",27130,139.61159839573156
cr2_cas24e30o,"Cr$_2$ CAS(24e,30o)",27140,139.2812530966694
cr2_cas24e30o,"Cr$_2$ CAS(24e,30o)",27150,138.92445201463488
cr2_cas24e30o,"Cr$_2$ CAS(24e,30o)",27160,140.67570644328953
cr2_cas24e30o,"Cr$_2$ CAS(24e,30o)",27170,139.0066834233039
cr2_cas24e30o,"Cr$_2$ CAS(24e,30o)",27180,142.63483995409842
cr2_cas24e30o,"Cr$_2$ CAS(24e,30o)",27190,140.67182158578362
cr2_cas24e30o,"Cr$_2$ CAS(24e,30o)",27200,138.36541161390414
cr2_cas24e30o,"Cr$_2$ CAS(24e,30o)",27210,138.70592919602132
cr2_cas24e30o,"Cr$_2$ CAS(24e,30o)",27220,139.72588712704237
cr2_cas24e30o,"Cr$_2$ CAS(24e,30o)",27230,139.19188337558808
cr2_cas24e30o,"Cr$_2$ CAS(24e,30o)",27240,139.32628423071947
cr2_cas24e30o,"Cr$_2$ CAS(24e,30o)",27250,144.91733115937677
cr2_cas24e30o,"Cr$_2$ CAS(24e,30o)",27260,144.32575995533625
cr2_cas24e30o,"Cr$_2$ CAS(24e,30o)",27270,140.87088922906332
cr2_cas24e30o,"Cr$_2$ CAS(24e,30o)",27280,143.81304039125098
cr2_cas24e30o,"Cr$_2$ CAS(24e,30o)",27290,140.59615262294756
cr2_cas24e30o,"Cr$_2$ CAS(24e,30o)",27300,138.40139710919175
cr2_cas24e30o,"Cr$_2$ CAS(24e,30o)",27310,137.3818616830249
cr2_cas24e30o,"Cr$_2$ CAS(24e,30o)",27320,140.42034289013827
cr2_cas24e30o,"Cr$_2$ CAS(24e,30o)",27330,143.22077875522154
cr2_cas24e30o,"Cr$_2$ CAS(24e,30o)",27340,139.0697294950769
cr2_cas24e30o,"Cr$_2$ CAS(24e,30o)",27350,138.9279147929301
cr2_cas24e30o,"Cr$_2$ CAS(24e,30o)",27360,138.41944794648953
cr2_cas24e30o,"Cr$_2$ CAS(24e,30o)",27370,140.96924826435497
cr2_cas24e30o,"Cr$_2$ CAS(24e,30o)",27380,138.86812081318567
cr2_cas24e30o,"Cr$_2$ CAS(24e,30o)",27390,138.0315974511177
cr2_cas24e30o,"Cr$_2$ CAS(24e,30o)",27400,143.57386857182064
cr2_cas24e30o,"Cr$_2$ CAS(24e,30o)",27410,141.348755953004
cr2_cas24e30o,"Cr$_2$ CAS(24e,30o)",27420,142.4441407498307
cr2_cas24e30o,"Cr$_2$ CAS(24e,30o)",27430,140.60516977633597
cr2_cas24e30o,"Cr$_2$ CAS(24e,30o)",27440,139.23439574136864
cr2_cas24e30o,"Cr$_2$ CAS(24e,30o)",27450,138.55819950504156
cr2_cas24e30o,"Cr$_2$ CAS(24e,30o)",27460,141.65201582954978
cr2_cas24e30o,"Cr$_2$ CAS(24e,30o)",27470,139.04680625319088
cr2_cas24e30o,"Cr$_2$ CAS(24e,30o)",27480,139.72713344946897
cr2_cas24e30o,"Cr$_2$ CAS(24e,30o)",27490,138.5141156647478
cr2_cas24e30o,"Cr$_2$ CAS(24e,30o)",27500,145.39588853631358
cr2_cas24e30o,"Cr$_2$ CAS(24e,30o)",27510,142.88572108534936
cr2_cas24e30o,"Cr$_2$ CAS(24e,30o)",27520,139.85800463024134
cr2_cas24e30o,"Cr$_2$ CAS(24e,30o)",27530,138.76456793650505
cr2_cas24e30o,"Cr$_2$ CAS(24e,30o)",27540,137.8927016266971
cr2_cas24e30o,"Cr$_2$ CAS(24e,30o)",27550,138.85242405149256
cr2_cas24e30o,"Cr$_2$ CAS(24e,30o)",27560,140.53218645176457
cr2_cas24e30o,"Cr$_2$ CAS(24e,30o)",27570,138.39779550744424
cr2_cas24e30o,"Cr$_2$ CAS(24e,30o)",27580,139.22412026840902
cr2_cas24e30o,"Cr$_2$ CAS(24e,30o)",27590,137.6750057620484
cr2_cas24e30o,"Cr$_2$ CAS(24e,30o)",27600,137.84311677000005
cr2_cas24e30o,"Cr$_2$ CAS(24e,30o)",27610,138.78509497226332
cr2_cas24e30o,"Cr$_2$ CAS(24e,30o)",27620,145.07029082733425
cr2_cas24e30o,"Cr$_2$ CAS(24e,30o)",27630,141.25010788529835
cr2_cas24e30o,"Cr$_2$ CAS(24e,30o)",27640,140.61556581191326
cr2_cas24e30o,"Cr$_2$ CAS(24e,30o)",27650,138.59488332445835
cr2_cas24e30o,"Cr$_2$ CAS(24e,30o)",27660,141.01657072978924
cr2_cas24e30o,"Cr$_2$ CAS(24e,30o)",27670,142.53702254654854
cr2_cas24e30o,"Cr$_2$ CAS(24e,30o)",27680,138.29447371153947
cr2_cas24e30o,"Cr$_2$ CAS(24e,30o)",27690,138.64194930010854
cr2_cas24e30o,"Cr$_2$ CAS(24e,30o)",27700,137.5571548192056
cr2_cas24e30o,"Cr$_2$ CAS(24e,30o)",27710,144.58580139807964
cr2_cas24e30o,"Cr$_2$ CAS(24e,30o)",27720,140.63470643714027
cr2_cas24e30o,"Cr$_2$ CAS(24e,30o)",27730,139.3936628596748
cr2_cas24e30o,"Cr$_2$ CAS(24e,30o)",27740,142.76332270264902
cr2_cas24e30o,"Cr$_2$ CAS(24e,30o)",27750,139.43536877604856
cr2_cas24e30o,"Cr$_2$ CAS(24e,30o)",27760,138.114729903009
cr2_cas24e30o,"Cr$_2$ CAS(24e,30o)",27770,137.47122710083204
cr2_cas24e30o,"Cr$_2$ CAS(24e,30o)",27780,137.34767949335946
cr2_cas24e30o,"Cr$_2$ CAS(24e,30o)",27790,144.83861319013158
cr2_cas24e30o,"Cr$_2$ CAS(24e,30o)",27800,139.73705797116054
cr2_cas24e30o,"Cr$_2$ CAS(24e,30o)",27810,138.9389386640687
cr2_cas24e30o,"Cr$_2$ CAS(24e,30o)",27820,138.959820000764
cr2_cas24e30o,"Cr$_2$ CAS(24e,30o)",27830,137.56221557014214
cr2_cas24e30o,"Cr$_2$ CAS(24e,30o)",27840,137.46729191188933
cr2_cas24e30o,"Cr$_2$ CAS(24e,30o)",27850,139.10997023140226
cr2_cas24e30o,"Cr$_2$ CAS(24e,30o)",27860,143.19508178459728
cr2_cas24e30o,"Cr$_2$ CAS(24e,30o)",27870,139.87137762660495
cr2_cas24e30o,"Cr$_2$ CAS(24e,30o)",27880,140.9736582036203
cr2_cas24e30o,"Cr$_2$ CAS(24e,30o)",27890,138.0249385188108
cr2_cas24e30o,"Cr$_2$ CAS(24e,30o)",27900,137.12302089970763
cr2_cas24e30o,"Cr$_2$ CAS(24e,30o)",27910,137.58456685400233
cr2_cas24e30o,"Cr$_2$ CAS(24e,30o)",27920,137.3302900692579
cr2_cas24e30o,"Cr$_2$ CAS(24e,30o)",27930,137.4563883950941
cr2_cas24e30o,"Cr$_2$ CAS(24e,30o)",27940,139.90863353319583
cr2_cas24e30o,"Cr$_2$ CAS(24e,30o)",27950,141.70971610883498
cr2_cas24e30o,"Cr$_2$ CAS(24e,30o)",27960,139.90846585920735
cr2_cas24e30o,"Cr$_2$ CAS(24e,30o)",27970,140.39031378206346
cr2_cas24e30o,"Cr$_2$ CAS(24e,30o)",27980,138.51436263394135
cr2_cas24e30o,"Cr$_2$ CAS(24e,30o)",27990,139.36449912171156
cr2_cas24e30o,"Cr$_2$ CAS(24e,30o)",28000,137.19536405506005
cr2_cas24e30o,"Cr$_2$ CAS(24e,30o)",28010,138.8474333166414
cr2_cas24e30o,"Cr$_2$ CAS(24e,30o)",28020,138.67240285026128
cr2_cas24e30o,"Cr$_2$ CAS(24e,30o)",28030,138.05521087624584
cr2_cas24e30o,"Cr$_2$ CAS(24e,30o)",28040,136.95678635940567
cr2_cas24e30o,"Cr$_2$ CAS(24e,30o)",28050,139.0946970591358
cr2_cas24e30o,"Cr$_2$ CAS(24e,30o)",28060,141.7352520024906
cr2_cas24e30o,"Cr$_2$ CAS(24e,30o)",28070,139.77941899065627
cr2_cas24e30o,"Cr$_2$ CAS(24e,30o)",28080,137.82475479047207
cr2_cas24e30o,"Cr$_2$ CAS(24e,30o)",28090,139.225735940272
cr2_cas24e30o,"Cr$_2$ CAS(24e,30o)",28100,141.15657355205258
cr2_cas24e30o,"Cr$_2$ CAS(24e,30o)",28110,140.28890524195958
cr2_cas24e30o,"Cr$_2$ CAS(24e,30o)",28120,137.04804740746113
cr2_cas24e30o,"Cr$_2$ CAS(24e,30o)",28130,138.0535588868952
cr2_cas24e30o,"Cr$_2$ CAS(24e,30o)",28140,139.3203791490123
cr2_cas24e30o,"Cr$_2$ CAS(24e,30o)",28150,137.6793316826479
cr2_cas24e30o,"Cr$_2$ CAS(24e,30o)",28160,138.02529678514475
cr2_cas24e30o,"Cr$_2$ CAS(24e,30o)",28170,139.60183020026307
cr2_cas24e30o,"Cr$_2$ CAS(24e,30o)",28180,141.46501795676159
cr2_cas24e30o,"Cr$_2$ CAS(24e,30o)",28190,138.10096144652562
cr2_cas24e30o,"Cr$_2$ CAS(24e,30o)",28200,138.44464740441254
cr2_cas24e30o,"Cr$_2$ CAS(24e,30o)",28210,138.4195927048495
cr2_cas24e30o,"Cr$_2$ CAS(24e,30o)",28220,138.45962025925473
cr2_cas24e30o,"Cr$_2$ CAS(24e,30o)",28230,143.32347537174428
cr2_cas24e30o,"Cr$_2$ CAS(24e,30o)",28240,141.85504358238177
cr2_cas24e30o,"Cr$_2$ CAS(24e,30o)",28250,138.0591057604761
cr2_cas24e30o,"Cr$_2$ CAS(24e,30o)",28260,137.54080904709554
cr2_cas24e30o,"Cr$_2$ CAS(24e,30o)",28270,137.67765036345736
cr2_cas24e30o,"Cr$_2$ CAS(24e,30o)",28280,137.8565368800082
cr2_cas24e30o,"Cr$_2$ CAS(24e,30o)",28290,137.37049646260857
cr2_cas24e30o,"Cr$_2$ CAS(24e,30o)",28300,137.83398092482457
cr2_cas24e30o,"Cr$_2$ CAS(24e,30o)",28310,137.2639183909996
cr2_cas24e30o,"Cr$_2$ CAS(24e,30o)",28320,139.37137519633325
cr2_cas24e30o,"Cr$_2$ CAS(24e,30o)",28330,137.5641100557914
cr2_cas24e30o,"Cr$_2$ CAS(24e,30o)",28340,138.19664661605202
cr2_cas24e30o,"Cr$_2$ CAS(24e,30o)",28350,138.2179955612628
cr2_cas24e30o,"Cr$_2$ CAS(24e,30o)",28360,137.89569934806423
cr2_cas24e30o,"Cr$_2$ CAS(24e,30o)",28370,137.95957174033902
cr2_cas24e30o,"Cr$_2$ CAS(24e,30o)",28380,138.7351780172139
cr2_cas24e30o,"Cr$_2$ CAS(24e,30o)",28390,137.4133028812139
cr2_cas24e30o,"Cr$_2$ CAS(24e,30o)",28400,140.37211593267784
cr2_cas24e30o,"Cr$_2$ CAS(24e,30o)",28410,139.94406289975814
cr2_cas24e30o,"Cr$_2$ CAS(24e,30o)",28420,136.6504482266464
cr2_cas24e30o,"Cr$_2$ CAS(24e,30o)",28430,137.7789732846395
cr2_cas24e30o,"Cr$_2$ CAS(24e,30o)",28440,138.5373142707067
cr2_cas24e30o,"Cr$_2$ CAS(24e,30o)",28450,137.7813506419443
cr2_cas24e30o,"Cr$_2$ CAS(24e,30o)",28460,139.6409797735032
cr2_cas24e30o,"Cr$_2$ CAS(24e,30o)",28470,137.34147170816868
cr2_cas24e30o,"Cr$_2$ CAS(24e,30o)",28480,138.5144183691409
cr2_cas24e30o,"Cr$_2$ CAS(24e,30o)",28490,137.71026854692536
cr2_cas24e30o,"Cr$_2$ CAS(24e,30o)",28500,141.82857145897287
cr2_cas24e30o,"Cr$_2$ CAS(24e,30o)",28510,141.7572964764986
cr2_cas24e30o,"Cr$_2$ CAS(24e,30o)",28520,138.78237667086069
cr2_cas24e30o,"Cr$_2$ CAS(24e,30o)",28530,138.30234768965965
cr2_cas24e30o,"Cr$_2$ CAS(24e,30o)",28540,136.85609496087636
cr2_cas24e30o,"Cr$_2$ CAS(24e,30o)",28550,136.8431065839104
cr2_cas24e30o,"Cr$_2$ CAS(24e,30o)",28560,139.48017224493015
cr2_cas24e30o,"Cr$_2$ CAS(24e,30o)",28570,140.76114845011034
cr2_cas24e30o,"Cr$_2$ CAS(24e,30o)",28580,137.34225895086638
cr2_cas24e30o,"Cr$_2$ CAS(24e,30o)",28590,139.03782855004465
cr2_cas24e30o,"Cr$_2$ CAS(24e,30o)",28600,138.44715394452578
cr2_cas24e30o,"Cr$_2$ CAS(24e,30o)",28610,137.67320000033578
cr2_cas24e30o,"Cr$_2$ CAS(24e,30o)",28620,136.6065395041005
cr2_cas24e30o,"Cr$_2$ CAS(24e,30o)",28630,137.07695680250254
cr2_cas24e30o,"Cr$_2$ CAS(24e,30o)",28640,138.72854235114573
cr2_cas24e30o,"Cr$_2$ CAS(24e,30o)",28650,137.03998765595315
cr2_cas24e30o,"Cr$_2$ CAS(24e,30o)",28660,138.1839450446023
cr2_cas24e30o,"Cr$_2$ CAS(24e,30o)",28670,137.99473080962343
cr2_cas24e30o,"Cr$_2$ CAS(24e,30o)",28680,137.58786148810032
cr2_cas24e30o,"Cr$_2$ CAS(24e,30o)",28690,138.17655060756806
cr2_cas24e30o,"Cr$_2$ CAS(24e,30o)",28700,139.05461828971966
cr2_cas24e30o,"Cr$_2$ CAS(24e,30o)",28710,138.9881754016642
cr2_cas24e30o,"Cr$_2$ CAS(24e,30o)",28720,136.8743911079946
cr2_cas24e30o,"Cr$_2$ CAS(24e,30o)",28730,136.36563544196179
cr2_cas24e30o,"Cr$_2$ CAS(24e,30o)",28740,136.69293971770458
cr2_cas24e30o,"Cr$_2$ CAS(24e,30o)",28750,137.36096400498354
cr2_cas24e30o,"Cr$_2$ CAS(24e,30o)",28760,136.79977498213702
cr2_cas24e30o,"Cr$_2$ CAS(24e,30o)",28770,139.3047257138278
cr2_cas24e30o,"Cr$_2$ CAS(24e,30o)",28780,138.79744391624627
cr2_cas24e30o,"Cr$_2$ CAS(24e,30o)",28790,136.97476286733945
cr2_cas24e30o,"Cr$_2$ CAS(24e,30o)",28800,138.91458503030663
cr2_cas24e30o,"Cr$_2$ CAS(24e,30o)",28810,136.72053260916073
cr2_cas24e30o,"Cr$_2$ CAS(24e,30o)",28820,136.59994420459043
cr2_cas24e30o,"Cr$_2$ CAS(24e,30o)",28830,136.9177175324694
cr2_cas24e30o,"Cr$_2$ CAS(24e,30o)",28840,138.73536311984935
cr2_cas24e30o,"Cr$_2$ CAS(24e,30o)",28850,138.21476456951132
cr2_cas24e30o,"Cr$_2$ CAS(24e,30o)",28860,137.22477747842277
cr2_cas24e30o,"Cr$_2$ CAS(24e,30o)",28870,136.68290509713188
cr2_cas24e30o,"Cr$_2$ CAS(24e,30o)",28880,137.82175024653043
cr2_cas24e30o,"Cr$_2$ CAS(24e,30o)",28890,141.14494955811097
cr2_cas24e30o,"Cr$_2$ CAS(24e,30o)",28900,136.2953434904739
cr2_cas24e30o,"Cr$_2$ CAS(24e,30o)",28910,137.10717926824145
cr2_cas24e30o,"Cr$_2$ CAS(24e,30o)",28920,137.67197882862092
cr2_cas24e30o,"Cr$_2$ CAS(24e,30o)",28930,136.71676028252477
cr2_cas24e30o,"Cr$_2$ CAS(24e,30o)",28940,136.43298760598555
cr2_cas24e30o,"Cr$_2$ CAS(24e,30o)",28950,138.6402982020627
cr2_cas24e30o,"Cr$_2$ CAS(24e,30o)",28960,139.04246179254187
cr2_cas24e30o,"Cr$_2$ CAS(24e,30o)",28970,137.42350442589668
cr2_cas24e30o,"Cr$_2$ CAS(24e,30o)",28980,136.60759284312007
cr2_cas24e30o,"Cr$_2$ CAS(24e,30o)",28990,138.33789541695296
cr2_cas24e30o,"Cr$_2$ CAS(24e,30o)",29000,139.89239822649324
cr2_cas24e30o,"Cr$_2$ CAS(24e,30o)",29010,138.7388642760925
cr2_cas24e30o,"Cr$_2$ CAS(24e,30o)",29020,136.37122235422794
cr2_cas24e30o,"Cr$_2$ CAS(24e,30o)",29030,139.1594311926383
cr2_cas24e30o,"Cr$_2$ CAS(24e,30o)",29040,137.5252564866969
cr2_cas24e30o,"Cr$_2$ CAS(24e,30o)",29050,138.03511030164373
cr2_cas24e30o,"Cr$_2$ CAS(24e,30o)",29060,138.25114186874998
cr2_cas24e30o,"Cr$_2$ CAS(24e,30o)",29070,137.04366209367436
cr2_cas24e30o,"Cr$_2$ CAS(24e,30o)",29080,136.94020905904836
cr2_cas24e30o,"Cr$_2$ CAS(24e,30o)",29090,136.87454027831336
cr2_cas24e30o,"Cr$_2$ CAS(24e,30o)",29100,137.47642294674733
cr2_cas24e30o,"Cr$_2$ CAS(24e,30o)",29110,138.48491135922814
cr2_cas24e30o,"Cr$_2$ CAS(24e,30o)",29120,139.29830882807437
cr2_cas24e30o,"Cr$_2$ CAS(24e,30o)",29130,137.38058234139316
cr2_cas24e30o,"Cr$_2$ CAS(24e,30o)",29140,137.11254971940434
cr2_cas24e30o,"Cr$_2$ CAS(24e,30o)",29150,137.634309187888
cr2_cas24e30o,"Cr$_2$ CAS(24e,30o)",29160,136.47315777325275
cr2_cas24e30o,"Cr$_2$ CAS(24e,30o)",29170,137.45633388089118
cr2_cas24e30o,"Cr$_2$ CAS(24e,30o)",29180,148.08132677671892
cr2_cas24e30o,"Cr$_2$ CAS(24e,30o)",29190,140.68150346020047
cr2_cas24e30o,"Cr$_2$ CAS(24e,30o)",29200,139.02305600504405
cr2_cas24e30o,"Cr$_2$ CAS(24e,30o)",29210,137.65232746891343
cr2_cas24e30o,"Cr$_2$ CAS(24e,30o)",29220,136.07817169804548
cr2_cas24e30o,"Cr$_2$ CAS(24e,30o)",29230,135.94343228169237
cr2_cas24e30o,"Cr$_2$ CAS(24e,30o)",29240,140.15606834482242
cr2_cas24e30o,"Cr$_2$ CAS(24e,30o)",29250,137.7540807220612
cr2_cas24e30o,"Cr$_2$ CAS(24e,30o)",29260,138.03725091747765
cr2_cas24e30o,"Cr$_2$ CAS(24e,30o)",29270,138.6668931195345
cr2_cas24e30o,"Cr$_2$ CAS(24e,30o)",29280,136.94040098653204
cr2_cas24e30o,"Cr$_2$ CAS(24e,30o)",29290,136.22073560100034
cr2_cas24e30o,"Cr$_2$ CAS(24e,30o)",29300,136.17103640626738
cr2_cas24e30o,"Cr$_2$ CAS(24e,30o)",29310,136.39153984149743
cr2_cas24e30o,"Cr$_2$ CAS(24e,30o)",29320,136.3413757685521
cr2_cas24e30o,"Cr$_2$ CAS(24e,30o)",29330,140.4711552822846
cr2_cas24e30o,"Cr$_2$ CAS(24e,30o)",29340,140.92799121908683
cr2_cas24e30o,"Cr$_2$ CAS(24e,30o)",29350,142.21180847744108
cr2_cas24e30o,"Cr$_2$ CAS(24e,30o)",29360,137.08084675499776
cr2_cas24e30o,"Cr$_2$ CAS(24e,30o)",29370,136.78879294639046
cr2_cas24e30o,"Cr$_2$ CAS(24e,30o)",29380,136.20117771461082
cr2_cas24e30o,"Cr$_2$ CAS(24e,30o)",29390,141.39629540022725
cr2_cas24e30o,"Cr$_2$ CAS(24e,30o)",29400,138.3681169081683
cr2_cas24e30o,"Cr$_2$ CAS(24e,30o)",29410,136.44802957287538
cr2_cas24e30o,"Cr$_2$ CAS(24e,30o)",29420,137.04406418355575
cr2_cas24e30o,"Cr$_2$ CAS(24e,30o)",29430,135.75093947792993
cr2_cas24e30o,"Cr$_2$ CAS(24e,30o)",29440,136.77291502381195
cr2_cas24e30o,"Cr$_2$ CAS(24e,30o)",29450,146.0188464238854
cr2_cas24e30o,"Cr$_2$ CAS(24e,30o)",29460,140.5199850801182
cr2_cas24e30o,"Cr$_2$ CAS(24e,30o)",29470,145.94638903918167
cr2_cas24e30o,"Cr$_2$ CAS(24e,30o)",29480,144.29881460364413
cr2_cas24e30o,"Cr$_2$ CAS(24e,30o)",29490,138.65250619937797
cr2_cas24e30o,"Cr$_2$ CAS(24e,30o)",29500,136.53881626760267
cr2_cas24e30o,"Cr$_2$ CAS(24e,30o)",29510,135.6007332083209
cr2_cas24e30o,"Cr$_2$ CAS(24e,30o)",29520,135.46544982682462
cr2_cas24e30o,"Cr$_2$ CAS(24e,30o)",29530,136.15772944694982
cr2_cas24e30o,"Cr$_2$ CAS(24e,30o)",29540,135.55726329423123
cr2_cas24e30o,"Cr$_2$ CAS(24e,30o)",29550,134.9508667262853
cr2_cas24e30o,"Cr$_2$ CAS(24e,30o)",29560,137.02410423456968
cr2_cas24e30o,"Cr$_2$ CAS(24e,30o)",29570,139.1832404588058
cr2_cas24e30o,"Cr$_2$ CAS(24e,30o)",29580,137.98757346148705
cr2_cas24e30o,"Cr$_2$ CAS(24e,30o)",29590,136.85318434409055
cr2_cas24e30o,"Cr$_2$ CAS(24e,30o)",29600,136.71604795445091
cr2_cas24e30o,"Cr$_2$ CAS(24e,30o)",29610,136.19621203497445
cr2_cas24e30o,"Cr$_2$ CAS(24e,30o)",29620,137.09053322008913
cr2_cas24e30o,"Cr$_2$ CAS(24e,30o)",29630,139.3137472714443
cr2_cas24e30o,"Cr$_2$ CAS(24e,30o)",29640,138.61478459193677
cr2_cas24e30o,"Cr$_2$ CAS(24e,30o)",29650,136.67437119602255
cr2_cas24e30o,"Cr$_2$ CAS(24e,30o)",29660,135.67899307508924
cr2_cas24e30o,"Cr$_2$ CAS(24e,30o)",29670,136.20216691924725
cr2_cas24e30o,"Cr$_2$ CAS(24e,30o)",29680,136.4437770512268
cr2_cas24e30o,"Cr$_2$ CAS(24e,30o)",29690,135.75145027607505
cr2_cas24e30o,"Cr$_2$ CAS(24e,30o)",29700,135.827750968474
cr2_cas24e30o,"Cr$_2$ CAS(24e,30o)",29710,136.64122703767134
cr2_cas24e30o,"Cr$_2$ CAS(24e,30o)",29720,138.31132001905644
cr2_cas24e30o,"Cr$_2$ CAS(24e,30o)",29730,137.40926718264745
cr2_cas24e30o,"Cr$_2$ CAS(24e,30o)",29740,138.6769897794693
cr2_cas24e30o,"Cr$_2$ CAS(24e,30o)",29750,138.204696068442
cr2_cas24e30o,"Cr$_2$ CAS(24e,30o)",29760,139.79269033461605
cr2_cas24e30o,"Cr$_2$ CAS(24e,30o)",29770,137.81603293500666
cr2_cas24e30o,"Cr$_2$ CAS(24e,30o)",29780,135.80924345569656
cr2_cas24e30o,"Cr$_2$ CAS(24e,30o)",29790,137.34258109752773
cr2_cas24e30o,"Cr$_2$ CAS(24e,30o)",29800,137.0241708186768
cr2_cas24e30o,"Cr$_2$ CAS(24e,30o)",29810,135.98621259598076
cr2_cas24e30o,"Cr$_2$ CAS(24e,30o)",29820,135.90414135751416
cr2_cas24e30o,"Cr$_2$ CAS(24e,30o)",29830,140.54620165688902
cr2_cas24e30o,"Cr$_2$ CAS(24e,30o)",29840,137.57431523254127
cr2_cas24e30o,"Cr$_2$ CAS(24e,30o)",29850,139.19423608922443
cr2_cas24e30o,"Cr$_2$ CAS(24e,30o)",29860,137.25529237990486
cr2_cas24e30o,"Cr$_2$ CAS(24e,30o)",29870,135.7779005957127
cr2_cas24e30o,"Cr$_2$ CAS(24e,30o)",29880,135.72375199782982
cr2_cas24e30o,"Cr$_2$ CAS(24e,30o)",29890,135.47097113269047
cr2_cas24e30o,"Cr$_2$ CAS(24e,30o)",29900,138.85122340161615
cr2_cas24e30o,"Cr$_2$ CAS(24e,30o)",29910,138.8585271733973
cr2_cas24e30o,"Cr$_2$ CAS(24e,30o)",29920,137.86397387229954
cr2_cas24e30o,"Cr$_2$ CAS(24e,30o)",29930,136.53363874709612
cr2_cas24e30o,"Cr$_2$ CAS(24e,30o)",29940,135.51832828397892
cr2_cas24e30o,"Cr$_2$ CAS(24e,30o)",29950,135.48156515616938
cr2_cas24e30o,"Cr$_2$ CAS(24e,30o)",29960,136.72680922400104
cr2_cas24e30o,"Cr$_2$ CAS(24e,30o)",29970,136.72763902877705
cr2_cas24e30o,"Cr$_2$ CAS(24e,30o)",29980,137.6443183394258
cr2_cas24e30o,"Cr$_2$ CAS(24e,30o)",29990,137.15380632038432
cr2_cas24e30o,"Cr$_2$ CAS(24e,30o)",30000,135.22007548135662
fe2s2_cas30e20o,"Fe$_2$S$_2$ CAS(30e,20o)",1,263.34517585605965
fe2s2_cas30e20o,"Fe$_2$S$_2$ CAS(30e,20o)",10,259.8553340040297
fe2s2_cas30e20o,"Fe$_2$S$_2$ CAS(30e,20o)",20,258.1070599439954
fe2s2_cas30e20o,"Fe$_2$S$_2$ CAS(30e,20o)",30,256.66994896893414
fe2s2_cas30e20o,"Fe$_2$S$_2$ CAS(30e,20o)",40,255.40055253334515
fe2s2_cas30e20o,"Fe$_2$S$_2$ CAS(30e,20o)",50,255.5160495521136
fe2s2_cas30e20o,"Fe$_2$S$_2$ CAS(30e,20o)",60,255.68767645425794
fe2s2_cas30e20o,"Fe$_2$S$_2$ CAS(30e,20o)",70,253.93933351163867
fe2s2_cas30e20o,"Fe$_2$S$_2$ CAS(30e,20o)",80,254.90408529314834
fe2s2_cas30e20o,"Fe$_2$S$_2$ CAS(30e,20o)",90,256.456148862128
fe2s2_cas30e20o,"Fe$_2$S$_2$ CAS(30e,20o)",100,253.00873654157385
fe2s2_cas30e20o,"Fe$_2$S$_2$ CAS(30e,20o)",110,253.21342902562094
fe2s2_cas30e20o,"Fe$_2$S$_2$ CAS(30e,20o)",120,255.02079938853228
fe2s2_cas30e20o,"Fe$_2$S$_2$ CAS(30e,20o)",130,258.24717310666756
fe2s2_cas30e20o,"Fe$_2$S$_2$ CAS(30e,20o)",140,254.27260073037417
fe2s2_cas30e20o,"Fe$_2$S$_2$ CAS(30e,20o)",150,253.10192960590427
fe2s2_cas30e20o,"Fe$_2$S$_2$ CAS(30e,20o)",160,251.95658641194996
fe2s2_cas30e20o,"Fe$_2$S$_2$ CAS(30e,20o)",170,251.33282667800927
fe2s2_cas30e20o,"Fe$_2$S$_2$ CAS(30e,20o)",180,252.4846797308129
fe2s2_cas30e20o,"Fe$_2$S$_2$ CAS(30e,20o)",190,254.0305582016913
fe2s2_cas30e20o,"Fe$_2$S$_2$ CAS(30e,20o)",200,253.49099114002627
fe2s2_cas30e20o,"Fe$_2$S$_2$ CAS(30e,20o)",210,251.1788788845024
fe2s2_cas30e20o,"Fe$_2$S$_2$ CAS(30e,20o)",220,250.5080227603429
fe2s2_cas30e20o,"Fe$_2$S$_2$ CAS(30e,20o)",230,251.2686701152944
fe2s2_cas30e20o,"Fe$_2$S$_2$ CAS(30e,20o)",240,256.22830363867877
fe2s2_cas30e20o,"Fe$_2$S$_2$ CAS(30e,20o)",250,252.68537821141024
fe2s2_cas30e20o,"Fe$_2$S$_2$ CAS(30e,20o)",260,250.5506144902796
fe2s2_cas30e20o,"Fe$_2$S$_2$ CAS(30e,20o)",270,250.22452709383458
fe2s2_cas30e20o,"Fe$_2$S$_2$ CAS(30e,20o)",280,249.73345463199337
fe2s2_cas30e20o,"Fe$_2$S$_2$ CAS(30e,20o)",290,249.6403527142519
fe2s2_cas30e20o,"Fe$_2$S$_2$ CAS(30e,20o)",300,250.69002223155223
fe2s2_cas30e20o,"Fe$_2$S$_2$ CAS(30e,20o)",310,249.58714011872019
fe2s2_cas30e20o,"Fe$_2$S$_2$ CAS(30e,20o)",320,251.6363945097595
fe2s2_cas30e20o,"Fe$_2$S$_2$ CAS(30e,20o)",330,250.01271127085545
fe2s2_cas30e20o,"Fe$_2$S$_2$ CAS(30e,20o)",340,250.48475349916544
fe2s2_cas30e20o,"Fe$_2$S$_2$ CAS(30e,20o)",350,249.19741620752234
fe2s2_cas30e20o,"Fe$_2$S$_2$ CAS(30e,20o)",360,249.7067192245197
fe2s2_cas30e20o,"Fe$_2$S$_2$ CAS(30e,20o)",370,248.63585466466986
fe2s2_cas30e20o,"Fe$_2$S$_2$ CAS(30e,20o)",380,249.5061881733136
fe2s2_cas30e20o,"Fe$_2$S$_2$ CAS(30e,20o)",390,250.03453834806066
fe2s2_cas30e20o,"Fe$_2$S$_2$ CAS(30e,20o)",400,249.73591405637308
fe2s2_cas30e20o,"Fe$_2$S$_2$ CAS(30e,20o)",410,249.43352228102356
fe2s2_cas30e20o,"Fe$_2$S$_2$ CAS(30e,20o)",420,248.222442940488
fe2s2_cas30e20o,"Fe$_2$S$_2$ CAS(30e,20o)",430,248.59623570634426
fe2s2_cas30e20o,"Fe$_2$S$_2$ CAS(30e,20o)",440,249.23821680492608
fe2s2_cas30e20o,"Fe$_2$S$_2$ CAS(30e,20o)",450,251.06741017270906
fe2s2_cas30e20o,"Fe$_2$S$_2$ CAS(30e,20o)",460,250.38733823741666
fe2s2_cas30e20o,"Fe$_2$S$_2$ CAS(30e,20o)",470,248.7834512538285
fe2s2_cas30e20o,"Fe$_2$S$_2$ CAS(30e,20o)",480,247.90042849082283
fe2s2_cas30e20o,"Fe$_2$S$_2$ CAS(30e,20o)",490,247.50618941784808
fe2s2_cas30e20o,"Fe$_2$S$_2$ CAS(30e,20o)",500,250.32788514187132
fe2s2_cas30e20o,"Fe$_2$S$_2$ CAS(30e,20o)",510,248.0640722439631
fe2s2_cas30e20o,"Fe$_2$S$_2$ CAS(30e,20o)",520,249.20252506375107
fe2s2_cas30e20o,"Fe$_2$S$_2$ CAS(30e,20o)",530,247.9503320655283
fe2s2_cas30e20o,"Fe$_2$S$_2$ CAS(30e,20o)",540,247.49781356705114
fe2s2_cas30e20o,"Fe$_2$S$_2$ CAS(30e,20o)",550,246.9803912379831
fe2s2_cas30e20o,"Fe$_2$S$_2$ CAS(30e,20o)",560,249.44600441696707
fe2s2_cas30e20o,"Fe$_2$S$_2$ CAS(30e,20o)",570,248.07030649591866
fe2s2_cas30e20o,"Fe$_2$S$_2$ CAS(30e,20o)",580,248.67222998808813
fe2s2_cas30e20o,"Fe$_2$S$_2$ CAS(30e,20o)",590,247.93124346875572
fe2s2_cas30e20o,"Fe$_2$S$_2$ CAS(30e,20o)",600,247.00398030846316
fe2s2_cas30e20o,"Fe$_2$S$_2$ CAS(30e,20o)",610,247.09734696170926
fe2s2_cas30e20o,"Fe$_2$S$_2$ CAS(30e,20o)",620,246.6120374975418
fe2s2_cas30e20o,"Fe$_2$S$_2$ CAS(30e,20o)",630,247.12579533127155
fe2s2_cas30e20o,"Fe$_2$S$_2$ CAS(30e,20o)",640,250.6635462755895
fe2s2_cas30e20o,"Fe$_2$S$_2$ CAS(30e,20o)",650,250.26932137949132
fe2s2_cas30e20o,"Fe$_2$S$_2$ CAS(30e,20o)",660,248.4654937739066
fe2s2_cas30e20o,"Fe$_2$S$_2$ CAS(30e,20o)",670,247.228664932166
fe2s2_cas30e20o,"Fe$_2$S$_2$ CAS(30e,20o)",680,246.44148067035587
fe2s2_cas30e20o,"Fe$_2$S$_2$ CAS(30e,20o)",690,246.60453775787516
fe2s2_cas30e20o,"Fe$_2$S$_2$ CAS(30e,20o)",700,247.1579793517691
fe2s2_cas30e20o,"Fe$_2$S$_2$ CAS(30e,20o)",710,247.38222487685846
fe2s2_cas30e20o,"Fe$_2$S$_2$ CAS(30e,20o)",720,246.84940663290433
fe2s2_cas30e20o,"Fe$_2$S$_2$ CAS(30e,20o)",730,247.69903761534806
fe2s2_cas30e20o,"Fe$_2$S$_2$ CAS(30e,20o)",740,246.75132785908716
fe2s2_cas30e20o,"Fe$_2$S$_2$ CAS(30e,20o)",750,246.5106781761648
fe2s2_cas30e20o,"Fe$_2$S$_2$ CAS(30e,20o)",760,249.51199813638425
fe2s2_cas30e20o,"Fe$_2$S$_2$ CAS(30e,20o)",770,249.03404116217587
fe2s2_cas30e20o,"Fe$_2$S$_2$ CAS(30e,20o)",780,246.59319918706046
fe2s2_cas30e20o,"Fe$_2$S$_2$ CAS(30e,20o)",790,245.88390464073484
fe2s2_cas30e20o,"Fe$_2$S$_2$ CAS(30e,20o)",800,245.37332037030524
fe2s2_cas30e20o,"Fe$_2$S$_2$ CAS(30e,20o)",810,246.08625757365132
fe2s2_cas30e20o,"Fe$_2$S$_2$ CAS(30e,20o)",820,246.49812048987485
fe2s2_cas30e20o,"Fe$_2$S$_2$ CAS(30e,20o)",830,245.8696522963919
fe2s2_cas30e20o,"Fe$_2$S$_2$ CAS(30e,20o)",840,247.30076092494357
fe2s2_cas30e20o,"Fe$_2$S$_2$ CAS(30e,20o)",850,245.69737288237548
fe2s2_cas30e20o,"Fe$_2$S$_2$ CAS(30e,20o)",860,245.1759618900411
fe2s2_cas30e20o,"Fe$_2$S$_2$ CAS(30e,20o)",870,245.32369769205786
fe2s2_cas30e20o,"Fe$_2$S$_2$ CAS(30e,20o)",880,244.47558128298397
fe2s2_cas30e20o,"Fe$_2$S$_2$ CAS(30e,20o)",890,246.99598669521095
fe2s2_cas30e20o,"Fe$_2$S$_2$ CAS(30e,20o)",900,246.65580693691425
fe2s2_cas30e20o,"Fe$_2$S$_2$ CAS(30e,20o)",910,248.17915503901133
fe2s2_cas30e20o,"Fe$_2$S$_2$ CAS(30e,20o)",920,249.43470160164338
fe2s2_cas30e20o,"Fe$_2$S$_2$ CAS(30e,20o)",930,246.2882990989641
fe2s2_cas30e20o,"Fe$_2$S$_2$ CAS(30e,20o)",940,244.82355304139958
fe2s2_cas30e20o,"Fe$_2$S$_2$ CAS(30e,20o)",950,244.1576384131139
fe2s2_cas30e20o,"Fe$_2$S$_2$ CAS(30e,20o)",960,244.23890045088115
fe2s2_cas30e20o,"Fe$_2$S$_2$ CAS(30e,20o)",970,243.83774340402908
fe2s2_cas30e20o,"Fe$_2$S$_2$ CAS(30e,20o)",980,246.9375139363308
fe2s2_cas30e20o,"Fe$_2$S$_2$ CAS(30e,20o)",990,245.0673048171268
fe2s2_cas30e20o,"Fe$_2$S$_2$ CAS(30e,20o)",1000,245.7102390171002
fe2s2_cas30e20o,"Fe$_2$S$_2$ CAS(30e,20o)",1010,243.5596642261686
fe2s2_cas30e20o,"Fe$_2$S$_2$ CAS(30e,20o)",1020,243.700066537599
fe2s2_cas30e20o,"Fe$_2$S$_2$ CAS(30e,20o)",1030,244.4311947800344
fe2s2_cas30e20o,"Fe$_2$S$_2$ CAS(30e,20o)",1040,244.23046529852854
fe2s2_cas30e20o,"Fe$_2$S$_2$ CAS(30e,20o)",1050,244.18822545892738
fe2s2_cas30e20o,"Fe$_2$S$_2$ CAS(30e,20o)",1060,243.70373569581716
fe2s2_cas30e20o,"Fe$_2$S$_2$ CAS(30e,20o)",1070,243.39845130845106
fe2s2_cas30e20o,"Fe$_2$S$_2$ CAS(30e,20o)",1080,243.31392257285245
fe2s2_cas30e20o,"Fe$_2$S$_2$ CAS(30e,20o)",1090,246.2081631055213
fe2s2_cas30e20o,"Fe$_2$S$_2$ CAS(30e,20o)",1100,244.09050440597468
fe2s2_cas30e20o,"Fe$_2$S$_2$ CAS(30e,20o)",1110,243.61035046963764
fe2s2_cas30e20o,"Fe$_2$S$_2$ CAS(30e,20o)",1120,242.69633704774662
fe2s2_cas30e20o,"Fe$_2$S$_2$ CAS(30e,20o)",1130,243.07769589616157
fe2s2_cas30e20o,"Fe$_2$S$_2$ CAS(30e,20o)",1140,247.09974485456598
fe2s2_cas30e20o,"Fe$_2$S$_2$ CAS(30e,20o)",1150,246.78829107172362
fe2s2_cas30e20o,"Fe$_2$S$_2$ CAS(30e,20o)",1160,243.3337647028253
fe2s2_cas30e20o,"Fe$_2$S$_2$ CAS(30e,20o)",1170,242.83879567356337
fe2s2_cas30e20o,"Fe$_2$S$_2$ CAS(30e,20o)",1180,242.156092781741
fe2s2_cas30e20o,"Fe$_2$S$_2$ CAS(30e,20o)",1190,242.26005961205033
fe2s2_cas30e20o,"Fe$_2$S$_2$ CAS(30e,20o)",1200,242.52253371250276
fe2s2_cas30e20o,"Fe$_2$S$_2$ CAS(30e,20o)",1210,242.77862648256132
fe2s2_cas30e20o,"Fe$_2$S$_2$ CAS(30e,20o)",1220,242.90245406963606
fe2s2_cas30e20o,"Fe$_2$S$_2$ CAS(30e,20o)",1230,244.26408783027398
fe2s2_cas30e20o,"Fe$_2$S$_2$ CAS(30e,20o)",1240,243.22814496888157
fe2s2_cas30e20o,"Fe$_2$S$_2$ CAS(30e,20o)",1250,242.3869107347656
fe2s2_cas30e20o,"Fe$_2$S$_2$ CAS(30e,20o)",1260,241.7327234272193
fe2s2_cas30e20o,"Fe$_2$S$_2$ CAS(30e,20o)",1270,243.06851086059567
fe2s2_cas30e20o,"Fe$_2$S$_2$ CAS(30e,20o)",1280,244.01229655143197
fe2s2_cas30e20o,"Fe$_2$S$_2$ CAS(30e,20o)",1290,242.389234681454
fe2s2_cas30e20o,"Fe$_2$S$_2$ CAS(30e,20o)",1300,241.78672608704233
fe2s2_cas30e20o,"Fe$_2$S$_2$ CAS(30e,20o)",1310,242.02710408565054
fe2s2_cas30e20o,"Fe$_2$S$_2$ CAS(30e,20o)",1320,241.88188012571743
fe2s2_cas30e20o,"Fe$_2$S$_2$ CAS(30e,20o)",1330,242.26674247174174
fe2s2_cas30e20o,"Fe$_2$S$_2$ CAS(30e,20o)",1340,242.565064159038
fe2s2_cas30e20o,"Fe$_2$S$_2$ CAS(30e,20o)",1350,241.76249712758136
fe2s2_cas30e20o,"Fe$_2$S$_2$ CAS(30e,20o)",1360,242.31055551931036
fe2s2_cas30e20o,"Fe$_2$S$_2$ CAS(30e,20o)",1370,243.18342318814246
fe2s2_cas30e20o,"Fe$_2$S$_2$ CAS(30e,20o)",1380,242.29237137657833
fe2s2_cas30e20o,"Fe$_2$S$_2$ CAS(30e,20o)",1390,242.35341014818346
fe2s2_cas30e20o,"Fe$_2$S$_2$ CAS(30e,20o)",1400,241.67801684090762
fe2s2_cas30e20o,"Fe$_2$S$_2$ CAS(30e,20o)",1410,241.03586617620465
fe2s2_cas30e20o,"Fe$_2$S$_2$ CAS(30e,20o)",1420,240.8961860591745
fe2s2_cas30e20o,"Fe$_2$S$_2$ CAS(30e,20o)",1430,244.32169437599782
fe2s2_cas30e20o,"Fe$_2$S$_2$ CAS(30e,20o)",1440,243.1193128571323
fe2s2_cas30e20o,"Fe$_2$S$_2$ CAS(30e,20o)",1450,241.8765386291426
fe2s2_cas30e20o,"Fe$_2$S$_2$ CAS(30e,20o)",1460,241.00796139174463
fe2s2_cas30e20o,"Fe$_2$S$_2$ CAS(30e,20o)",1470,240.4278906869166
fe2s2_cas30e20o,"Fe$_2$S$_2$ CAS(30e,20o)",1480,240.2206721958322
fe2s2_cas30e20o,"Fe$_2$S$_2$ CAS(30e,20o)",1490,241.20237966309332
fe2s2_cas30e20o,"Fe$_2$S$_2$ CAS(30e,20o)",1500,240.7209713324363
fe2s2_cas30e20o,"Fe$_2$S$_2$ CAS(30e,20o)",1510,240.76241033780832
fe2s2_cas30e20o,"Fe$_2$S$_2$ CAS(30e,20o)",1520,240.11257371296324
fe2s2_cas30e20o,"Fe$_2$S$_2$ CAS(30e,20o)",1530,242.29015713748936
fe2s2_cas30e20o,"Fe$_2$S$_2$ CAS(30e,20o)",1540,241.46656395367927
fe2s2_cas30e20o,"Fe$_2$S$_2$ CAS(30e,20o)",1550,241.44477603684322
fe2s2_cas30e20o,"Fe$_2$S$_2$ CAS(30e,20o)",1560,240.55639373371207
fe2s2_cas30e20o,"Fe$_2$S$_2$ CAS(30e,20o)",1570,240.15826706404653
fe2s2_cas30e20o,"Fe$_2$S$_2$ CAS(30e,20o)",1580,240.58753092195673
fe2s2_cas30e20o,"Fe$_2$S$_2$ CAS(30e,20o)",1590,240.1673531849582
fe2s2_cas30e20o,"Fe$_2$S$_2$ CAS(30e,20o)",1600,242.1315042662826
fe2s2_cas30e20o,"Fe$_2$S$_2$ CAS(30e,20o)",1610,240.67267965500605
fe2s2_cas30e20o,"Fe$_2$S$_2$ CAS(30e,20o)",1620,244.0830141158159
fe2s2_cas30e20o,"Fe$_2$S$_2$ CAS(30e,20o)",1630,240.54523849528664
fe2s2_cas30e20o,"Fe$_2$S$_2$ CAS(30e,20o)",1640,239.9186883916542
fe2s2_cas30e20o,"Fe$_2$S$_2$ CAS(30e,20o)",1650,239.68861314496337
fe2s2_cas30e20o,"Fe$_2$S$_2$ CAS(30e,20o)",1660,240.28564585867684
fe2s2_cas30e20o,"Fe$_2$S$_2$ CAS(30e,20o)",1670,239.70093910625678
fe2s2_cas30e20o,"Fe$_2$S$_2$ CAS(30e,20o)",1680,239.58531932701987
fe2s2_cas30e20o,"Fe$_2$S$_2$ CAS(30e,20o)",1690,239.04313453944326
fe2s2_cas30e20o,"Fe$_2$S$_2$ CAS(30e,20o)",1700,241.62386537359737
fe2s2_cas30e20o,"Fe$_2$S$_2$ CAS(30e,20o)",1710,240.23586059894342
fe2s2_cas30e20o,"Fe$_2$S$_2$ CAS(30e,20o)",1720,239.65285938353986
fe2s2_cas30e20o,"Fe$_2$S$_2$ CAS(30e,20o)",1730,238.73266361303536
fe2s2_cas30e20o,"Fe$_2$S$_2$ CAS(30e,20o)",1740,239.29628804604874
fe2s2_cas30e20o,"Fe$_2$S$_2$ CAS(30e,20o)",1750,240.1116298500483
fe2s2_cas30e20o,"Fe$_2$S$_2$ CAS(30e,20o)",1760,239.39095706217017
fe2s2_cas30e20o,"Fe$_2$S$_2$ CAS(30e,20o)",1770,242.05517431251167
fe2s2_cas30e20o,"Fe$_2$S$_2$ CAS(30e,20o)",1780,239.32438615726426
fe2s2_cas30e20o,"Fe$_2$S$_2$ CAS(30e,20o)",1790,238.53187200263903
fe2s2_cas30e20o,"Fe$_2$S$_2$ CAS(30e,20o)",1800,238.17551393837277
fe2s2_cas30e20o,"Fe$_2$S$_2$ CAS(30e,20o)",1810,240.24574653341801
fe2s2_cas30e20o,"Fe$_2$S$_2$ CAS(30e,20o)",1820,238.77609178573778
fe2s2_cas30e20o,"Fe$_2$S$_2$ CAS(30e,20o)",1830,238.72773776777478
fe2s2_cas30e20o,"Fe$_2$S$_2$ CAS(30e,20o)",1840,238.05565640094528
fe2s2_cas30e20o,"Fe$_2$S$_2$ CAS(30e,20o)",1850,239.354366618727
fe2s2_cas30e20o,"Fe$_2$S$_2$ CAS(30e,20o)",1860,238.55012219441107
fe2s2_cas30e20o,"Fe$_2$S$_2$ CAS(30e,20o)",1870,238.32745944913825
fe2s2_cas30e20o,"Fe$_2$S$_2$ CAS(30e,20o)",1880,237.68441385699646
fe2s2_cas30e20o,"Fe$_2$S$_2$ CAS(30e,20o)",1890,238.03352485747098
fe2s2_cas30e20o,"Fe$_2$S$_2$ CAS(30e,20o)",1900,237.54428509057846
fe2s2_cas30e20o,"Fe$_2$S$_2$ CAS(30e,20o)",1910,248.10152598938373
fe2s2_cas30e20o,"Fe$_2$S$_2$ CAS(30e,20o)",1920,239.5737588050082
fe2s2_cas30e20o,"Fe$_2$S$_2$ CAS(30e,20o)",1930,238.5808887867853
fe2s2_cas30e20o,"Fe$_2$S$_2$ CAS(30e,20o)",1940,237.30244260841005
fe2s2_cas30e20o,"Fe$_2$S$_2$ CAS(30e,20o)",1950,236.9390495443895
fe2s2_cas30e20o,"Fe$_2$S$_2$ CAS(30e,20o)",1960,236.76375410043704
fe2s2_cas30e20o,"Fe$_2$S$_2$ CAS(30e,20o)",1970,239.3976184138893
fe2s2_cas30e20o,"Fe$_2$S$_2$ CAS(30e,20o)",1980,236.97823332334167
fe2s2_cas30e20o,"Fe$_2$S$_2$ CAS(30e,20o)",1990,237.0486493734063
fe2s2_cas30e20o,"Fe$_2$S$_2$ CAS(30e,20o)",2000,236.65603802619728
fe2s2_cas30e20o,"Fe$_2$S$_2$ CAS(30e,20o)",2010,237.36135967959626
fe2s2_cas30e20o,"Fe$_2$S$_2$ CAS(30e,20o)",2020,237.15183074153856
fe2s2_cas30e20o,"Fe$_2$S$_2$ CAS(30e,20o)",2030,236.43016184067278
fe2s2_cas30e20o,"Fe$_2$S$_2$ CAS(30e,20o)",2040,238.17387656157507
fe2s2_cas30e20o,"Fe$_2$S$_2$ CAS(30e,20o)",2050,237.1931996099903
fe2s2_cas30e20o,"Fe$_2$S$_2$ CAS(30e,20o)",2060,236.84745941734775
fe2s2_cas30e20o,"Fe$_2$S$_2$ CAS(30e,20o)",2070,236.31465693188147
fe2s2_cas30e20o,"Fe$_2$S$_2$ CAS(30e,20o)",2080,235.58973188220023
fe2s2_cas30e20o,"Fe$_2$S$_2$ CAS(30e,20o)",2090,235.4292181024391
fe2s2_cas30e20o,"Fe$_2$S$_2$ CAS(30e,20o)",2100,237.530355632515
fe2s2_cas30e20o,"Fe$_2$S$_2$ CAS(30e,20o)",2110,236.69417322078345
fe2s2_cas30e20o,"Fe$_2$S$_2$ CAS(30e,20o)",2120,235.8779364416108
fe2s2_cas30e20o,"Fe$_2$S$_2$ CAS(30e,20o)",2130,235.18970626868452
fe2s2_cas30e20o,"Fe$_2$S$_2$ CAS(30e,20o)",2140,235.22424399705244
fe2s2_cas30e20o,"Fe$_2$S$_2$ CAS(30e,20o)",2150,235.91043516090338
fe2s2_cas30e20o,"Fe$_2$S$_2$ CAS(30e,20o)",2160,236.00387613119267
fe2s2_cas30e20o,"Fe$_2$S$_2$ CAS(30e,20o)",2170,235.4663591456614
fe2s2_cas30e20o,"Fe$_2$S$_2$ CAS(30e,20o)",2180,234.8930986343447
fe2s2_cas30e20o,"Fe$_2$S$_2$ CAS(30e,20o)",2190,235.62438013595965
fe2s2_cas30e20o,"Fe$_2$S$_2$ CAS(30e,20o)",2200,235.2593179367659
fe2s2_cas30e20o,"Fe$_2$S$_2$ CAS(30e,20o)",2210,235.71588031585122
fe2s2_cas30e20o,"Fe$_2$S$_2$ CAS(30e,20o)",2220,234.8980397366205
fe2s2_cas30e20o,"Fe$_2$S$_2$ CAS(30e,20o)",2230,235.90289360386407
fe2s2_cas30e20o,"Fe$_2$S$_2$ CAS(30e,20o)",2240,234.3807643519824
fe2s2_cas30e20o,"Fe$_2$S$_2$ CAS(30e,20o)",2250,236.11205160997883
fe2s2_cas30e20o,"Fe$_2$S$_2$ CAS(30e,20o)",2260,236.6757304106244
fe2s2_cas30e20o,"Fe$_2$S$_2$ CAS(30e,20o)",2270,234.84805032562406
fe2s2_cas30e20o,"Fe$_2$S$_2$ CAS(30e,20o)",2280,236.0278929159847
fe2s2_cas30e20o,"Fe$_2$S$_2$ CAS(30e,20o)",2290,234.47847705038782
fe2s2_cas30e20o,"Fe$_2$S$_2$ CAS(30e,20o)",2300,234.03547081814224
fe2s2_cas30e20o,"Fe$_2$S$_2$ CAS(30e,20o)",2310,233.5592411936176
fe2s2_cas30e20o,"Fe$_2$S$_2$ CAS(30e,20o)",2320,233.37788979929996
fe2s2_cas30e20o,"Fe$_2$S$_2$ CAS(30e,20o)",2330,234.79790037870885
fe2s2_cas30e20o,"Fe$_2$S$_2$ CAS(30e,20o)",2340,233.96829398720342
fe2s2_cas30e20o,"Fe$_2$S$_2$ CAS(30e,20o)",2350,233.49191962064708
fe2s2_cas30e20o,"Fe$_2$S$_2$ CAS(30e,20o)",2360,233.76190360470162
fe2s2_cas30e20o,"Fe$_2$S$_2$ CAS(30e,20o)",2370,236.91870637320278
fe2s2_cas30e20o,"Fe$_2$S$_2$ CAS(30e,20o)",2380,233.74862725269452
fe2s2_cas30e20o,"Fe$_2$S$_2$ CAS(30e,20o)",2390,233.9987935799428
fe2s2_cas30e20o,"Fe$_2$S$_2$ CAS(30e,20o)",2400,233.02191098004243
fe2s2_cas30e20o,"Fe$_2$S$_2$ CAS(30e,20o)",2410,233.08188278473096
fe2s2_cas30e20o,"Fe$_2$S$_2$ CAS(30e,20o)",2420,234.0900044767693
fe2s2_cas30e20o,"Fe$_2$S$_2$ CAS(30e,20o)",2430,233.31567387478458
fe2s2_cas30e20o,"Fe$_2$S$_2$ CAS(30e,20o)",2440,232.90205546400955
fe2s2_cas30e20o,"Fe$_2$S$_2$ CAS(30e,20o)",2450,232.62573078481807
fe2s2_cas30e20o,"Fe$_2$S$_2$ CAS(30e,20o)",2460,233.58920954076723
fe2s2_cas30e20o,"Fe$_2$S$_2$ CAS(30e,20o)",2470,232.50177283283335
fe2s2_cas30e20o,"Fe$_2$S$_2$ CAS(30e,20o)",2480,233.38288958939302
fe2s2_cas30e20o,"Fe$_2$S$_2$ CAS(30e,20o)",2490,233.1222634351633
fe2s2_cas30e20o,"Fe$_2$S$_2$ CAS(30e,20o)",2500,234.34894132047646
fe2s2_cas30e20o,"Fe$_2$S$_2$ CAS(30e,20o)",2510,233.2507290464889
fe2s2_cas30e20o,"Fe$_2$S$_2$ CAS(30e,20o)",2520,232.63326427077402
fe2s2_cas30e20o,"Fe$_2$S$_2$ CAS(30e,20o)",2530,232.62406572310113
fe2s2_cas30e20o,"Fe$_2$S$_2$ CAS(30e,20o)",2540,232.6276846850135
fe2s2_cas30e20o,"Fe$_2$S$_2$ CAS(30e,20o)",2550,239.45533743294334
fe2s2_cas30e20o,"Fe$_2$S$_2$ CAS(30e,20o)",2560,236.44424129300035
fe2s2_cas30e20o,"Fe$_2$S$_2$ CAS(30e,20o)",2570,233.3132504456188
fe2s2_cas30e20o,"Fe$_2$S$_2$ CAS(30e,20o)",2580,232.52462353448777
fe2s2_cas30e20o,"Fe$_2$S$_2$ CAS(30e,20o)",2590,233.0963670119104
fe2s2_cas30e20o,"Fe$_2$S$_2$ CAS(30e,20o)",2600,231.8482831320665
fe2s2_cas30e20o,"Fe$_2$S$_2$ CAS(30e,20o)",2610,231.633237904191
fe2s2_cas30e20o,"Fe$_2$S$_2$ CAS(30e,20o)",2620,237.27937503588237
fe2s2_cas30e20o,"Fe$_2$S$_2$ CAS(30e,20o)",2630,234.006760754653
fe2s2_cas30e20o,"Fe$_2$S$_2$ CAS(30e,20o)",2640,231.8500721860488
fe2s2_cas30e20o,"Fe$_2$S$_2$ CAS(30e,20o)",2650,231.51206558976867
fe2s2_cas30e20o,"Fe$_2$S$_2$ CAS(30e,20o)",2660,233.31268313690146
fe2s2_cas30e20o,"Fe$_2$S$_2$ CAS(30e,20o)",2670,231.4619646716949
fe2s2_cas30e20o,"Fe$_2$S$_2$ CAS(30e,20o)",2680,231.4860707305968
fe2s2_cas30e20o,"Fe$_2$S$_2$ CAS(30e,20o)",2690,233.7588833096902
fe2s2_cas30e20o,"Fe$_2$S$_2$ CAS(30e,20o)",2700,234.10617455277816
fe2s2_cas30e20o,"Fe$_2$S$_2$ CAS(30e,20o)",2710,232.2470912454122
fe2s2_cas30e20o,"Fe$_2$S$_2$ CAS(30e,20o)",2720,231.40987184325468
fe2s2_cas30e20o,"Fe$_2$S$_2$ CAS(30e,20o)",2730,231.67100516869255
fe2s2_cas30e20o,"Fe$_2$S$_2$ CAS(30e,20o)",2740,231.45392881697546
fe2s2_cas30e20o,"Fe$_2$S$_2$ CAS(30e,20o)",2750,232.75189554344422
fe2s2_cas30e20o,"Fe$_2$S$_2$ CAS(30e,20o)",2760,231.9908130092614
fe2s2_cas30e20o,"Fe$_2$S$_2$ CAS(30e,20o)",2770,231.4072687168789
fe2s2_cas30e20o,"Fe$_2$S$_2$ CAS(30e,20o)",2780,231.17226486995435
fe2s2_cas30e20o,"Fe$_2$S$_2$ CAS(30e,20o)",2790,231.9902650957033
fe2s2_cas30e20o,"Fe$_2$S$_2$ CAS(30e,20o)",2800,231.1245559806565
fe2s2_cas30e20o,"Fe$_2$S$_2$ CAS(30e,20o)",2810,232.51661686808234
fe2s2_cas30e20o,"Fe$_2$S$_2$ CAS(30e,20o)",2820,232.80326873968704
fe2s2_cas30e20o,"Fe$_2$S$_2$ CAS(30e,20o)",2830,231.88659074500606
fe2s2_cas30e20o,"Fe$_2$S$_2$ CAS(30e,20o)",2840,231.8782441774232
fe2s2_cas30e20o,"Fe$_2$S$_2$ CAS(30e,20o)",2850,230.65967715854185
fe2s2_cas30e20o,"Fe$_2$S$_2$ CAS(30e,20o)",2860,230.6621358385854
fe2s2_cas30e20o,"Fe$_2$S$_2$ CAS(30e,20o)",2870,231.0734011636839
fe2s2_cas30e20o,"Fe$_2$S$_2$ CAS(30e,20o)",2880,230.63642627086267
fe2s2_cas30e20o,"Fe$_2$S$_2$ CAS(30e,20o)",2890,231.41262541578556
fe2s2_cas30e20o,"Fe$_2$S$_2$ CAS(30e,20o)",2900,231.34645193430003
fe2s2_cas30e20o,"Fe$_2$S$_2$ CAS(30e,20o)",2910,230.9854414965713
fe2s2_cas30e20o,"Fe$_2$S$_2$ CAS(30e,20o)",2920,230.85681992608897
fe2s2_cas30e20o,"Fe$_2$S$_2$ CAS(30e,20o)",2930,230.8283345221298
fe2s2_cas30e20o,"Fe$_2$S$_2$ CAS(30e,20o)",2940,230.7336743537718
fe2s2_cas30e20o,"Fe$_2$S$_2$ CAS(30e,20o)",2950,231.19816968970497
fe2s2_cas30e20o,"Fe$_2$S$_2$ CAS(30e,20o)",2960,231.16249363286556
fe2s2_cas30e20o,"Fe$_2$S$_2$ CAS(30e,20o)",2970,230.5323591021846
fe2s2_cas30e20o,"Fe$_2$S$_2$ CAS(30e,20o)",2980,230.3071899353739
fe2s2_cas30e20o,"Fe$_2$S$_2$ CAS(30e,20o)",2990,233.55723102766035
fe2s2_cas30e20o,"Fe$_2$S$_2$ CAS(30e,20o)",3000,240.81018186676317
fe2s2_cas30e20o,"Fe$_2$S$_2$ CAS(30e,20o)",3010,235.73840787511813
fe2s2_cas30e20o,"Fe$_2$S$_2$ CAS(30e,20o)",3020,234.28314968337816
fe2s2_cas30e20o,"Fe$_2$S$_2$ CAS(30e,20o)",3030,232.0617367381459
fe2s2_cas30e20o,"Fe$_2$S$_2$ CAS(30e,20o)",3040,230.79727632462266
fe2s2_cas30e20o,"Fe$_2$S$_2$ CAS(30e,20o)",3050,230.2531402155239
fe2s2_cas30e20o,"Fe$_2$S$_2$ CAS(30e,20o)",3060,230.01739696695722
fe2s2_cas30e20o,"Fe$_2$S$_2$ CAS(30e,20o)",3070,229.8972439205187
fe2s2_cas30e20o,"Fe$_2$S$_2$ CAS(30e,20o)",3080,229.82907492303184
fe2s2_cas30e20o,"Fe$_2$S$_2$ CAS(30e,20o)",3090,229.80176626022342
fe2s2_cas30e20o,"Fe$_2$S$_2$ CAS(30e,20o)",3100,230.2021004585839
fe2s2_cas30e20o,"Fe$_2$S$_2$ CAS(30e,20o)",3110,232.7805130280467
fe2s2_cas30e20o,"Fe$_2$S$_2$ CAS(30e,20o)",3120,231.71053467065406
fe2s2_cas30e20o,"Fe$_2$S$_2$ CAS(30e,20o)",3130,230.35559125492
fe2s2_cas30e20o,"Fe$_2$S$_2$ CAS(30e,20o)",3140,230.23903634631893
fe2s2_cas30e20o,"Fe$_2$S$_2$ CAS(30e,20o)",3150,230.07678511801544
fe2s2_cas30e20o,"Fe$_2$S$_2$ CAS(30e,20o)",3160,229.88688603405194
fe2s2_cas30e20o,"Fe$_2$S$_2$ CAS(30e,20o)",3170,230.20214300407815
fe2s2_cas30e20o,"Fe$_2$S$_2$ CAS(30e,20o)",3180,231.8668662077954
fe2s2_cas30e20o,"Fe$_2$S$_2$ CAS(30e,20o)",3190,233.9849989906071
fe2s2_cas30e20o,"Fe$_2$S$_2$ CAS(30e,20o)",3200,235.1840641654519
fe2s2_cas30e20o,"Fe$_2$S$_2$ CAS(30e,20o)",3210,231.95601977730007
fe2s2_cas30e20o,"Fe$_2$S$_2$ CAS(30e,20o)",3220,230.5681287833039
fe2s2_cas30e20o,"Fe$_2$S$_2$ CAS(30e,20o)",3230,229.8242493170619
fe2s2_cas30e20o,"Fe$_2$S$_2$ CAS(30e,20o)",3240,229.54370021822967
fe2s2_cas30e20o,"Fe$_2$S$_2$ CAS(30e,20o)",3250,229.61555880563367
fe2s2_cas30e20o,"Fe$_2$S$_2$ CAS(30e,20o)",3260,229.61448464327816
fe2s2_cas30e20o,"Fe$_2$S$_2$ CAS(30e,20o)",3270,229.64021125748957
fe2s2_cas30e20o,"Fe$_2$S$_2$ CAS(30e,20o)",3280,230.03325287062637
fe2s2_cas30e20o,"Fe$_2$S$_2$ CAS(30e,20o)",3290,229.54106308458222
fe2s2_cas30e20o,"Fe$_2$S$_2$ CAS(30e,20o)",3300,229.39684079449307
fe2s2_cas30e20o,"Fe$_2$S$_2$ CAS(30e,20o)",3310,229.16042740560272
fe2s2_cas30e20o,"Fe$_2$S$_2$ CAS(30e,20o)",3320,229.20187736696107
fe2s2_cas30e20o,"Fe$_2$S$_2$ CAS(30e,20o)",3330,229.55320895108855
fe2s2_cas30e20o,"Fe$_2$S$_2$ CAS(30e,20o)",3340,230.0065778603937
fe2s2_cas30e20o,"Fe$_2$S$_2$ CAS(30e,20o)",3350,230.18127253519083
fe2s2_cas30e20o,"Fe$_2$S$_2$ CAS(30e,20o)",3360,229.51145179651178
fe2s2_cas30e20o,"Fe$_2$S$_2$ CAS(30e,20o)",3370,229.4451960805617
fe2s2_cas30e20o,"Fe$_2$S$_2$ CAS(30e,20o)",3380,230.93360641338734
fe2s2_cas30e20o,"Fe$_2$S$_2$ CAS(30e,20o)",3390,230.32178438462836
fe2s2_cas30e20o,"Fe$_2$S$_2$ CAS(30e,20o)",3400,229.15186337181126
fe2s2_cas30e20o,"Fe$_2$S$_2$ CAS(30e,20o)",3410,229.15972661509443
fe2s2_cas30e20o,"Fe$_2$S$_2$ CAS(30e,20o)",3420,229.02037951268994
fe2s2_cas30e20o,"Fe$_2$S$_2$ CAS(30e,20o)",3430,229.42038123325403
fe2s2_cas30e20o,"Fe$_2$S$_2$ CAS(30e,20o)",3440,229.00767442673953
fe2s2_cas30e20o,"Fe$_2$S$_2$ CAS(30e,20o)",3450,229.07510287426192
fe2s2_cas30e20o,"Fe$_2$S$_2$ CAS(30e,20o)",3460,229.19408544234443
fe2s2_cas30e20o,"Fe$_2$S$_2$ CAS(30e,20o)",3470,228.6934947218242
fe2s2_cas30e20o,"Fe$_2$S$_2$ CAS(30e,20o)",3480,229.98515218152704
fe2s2_cas30e20o,"Fe$_2$S$_2$ CAS(30e,20o)",3490,229.32845608761454
fe2s2_cas30e20o,"Fe$_2$S$_2$ CAS(30e,20o)",3500,230.5954103309773
fe2s2_cas30e20o,"Fe$_2$S$_2$ CAS(30e,20o)",3510,228.9216332499251
fe2s2_cas30e20o,"Fe$_2$S$_2$ CAS(30e,20o)",3520,228.60171630026116
fe2s2_cas30e20o,"Fe$_2$S$_2$ CAS(30e,20o)",3530,228.5707529538854
fe2s2_cas30e20o,"Fe$_2$S$_2$ CAS(30e,20o)",3540,229.11653301839863
fe2s2_cas30e20o,"Fe$_2$S$_2$ CAS(30e,20o)",3550,233.22080806842393
fe2s2_cas30e20o,"Fe$_2$S$_2$ CAS(30e,20o)",3560,229.32836547276736
fe2s2_cas30e20o,"Fe$_2$S$_2$ CAS(30e,20o)",3570,228.68543657385487
fe2s2_cas30e20o,"Fe$_2$S$_2$ CAS(30e,20o)",3580,228.5120420628033
fe2s2_cas30e20o,"Fe$_2$S$_2$ CAS(30e,20o)",3590,228.59530989886423
fe2s2_cas30e20o,"Fe$_2$S$_2$ CAS(30e,20o)",3600,228.3257458795731
fe2s2_cas30e20o,"Fe$_2$S$_2$ CAS(30e,20o)",3610,229.62826762233135
fe2s2_cas30e20o,"Fe$_2$S$_2$ CAS(30e,20o)",3620,228.80389015681146
fe2s2_cas30e20o,"Fe$_2$S$_2$ CAS(30e,20o)",3630,228.3797477665246
fe2s2_cas30e20o,"Fe$_2$S$_2$ CAS(30e,20o)",3640,228.10501847692422
fe2s2_cas30e20o,"Fe$_2$S$_2$ CAS(30e,20o)",3650,231.05114325136356
fe2s2_cas30e20o,"Fe$_2$S$_2$ CAS(30e,20o)",3660,228.88101737225952
fe2s2_cas30e20o,"Fe$_2$S$_2$ CAS(30e,20o)",3670,229.09086369885756
fe2s2_cas30e20o,"Fe$_2$S$_2$ CAS(30e,20o)",3680,228.2864527966666
fe2s2_cas30e20o,"Fe$_2$S$_2$ CAS(30e,20o)",3690,228.05011332938818
fe2s2_cas30e20o,"Fe$_2$S$_2$ CAS(30e,20o)",3700,228.2051505729754
fe2s2_cas30e20o,"Fe$_2$S$_2$ CAS(30e,20o)",3710,228.7808562536071
fe2s2_cas30e20o,"Fe$_2$S$_2$ CAS(30e,20o)",3720,228.2669351307618
fe2s2_cas30e20o,"Fe$_2$S$_2$ CAS(30e,20o)",3730,228.12489458097218
fe2s2_cas30e20o,"Fe$_2$S$_2$ CAS(30e,20o)",3740,228.23793873635623
fe2s2_cas30e20o,"Fe$_2$S$_2$ CAS(30e,20o)",3750,228.0808976398987
fe2s2_cas30e20o,"Fe$_2$S$_2$ CAS(30e,20o)",3760,228.23612526273962
fe2s2_cas30e20o,"Fe$_2$S$_2$ CAS(30e,20o)",3770,228.2127527909239
fe2s2_cas30e20o,"Fe$_2$S$_2$ CAS(30e,20o)",3780,228.45269588657402
fe2s2_cas30e20o,"Fe$_2$S$_2$ CAS(30e,20o)",3790,228.9114263755181
fe2s2_cas30e20o,"Fe$_2$S$_2$ CAS(30e,20o)",3800,227.90799292819486
fe2s2_cas30e20o,"Fe$_2$S$_2$ CAS(30e,20o)",3810,227.7308792898367
fe2s2_cas30e20o,"Fe$_2$S$_2$ CAS(30e,20o)",3820,228.68440390763567
fe2s2_cas30e20o,"Fe$_2$S$_2$ CAS(30e,20o)",3830,228.11765260520644
fe2s2_cas30e20o,"Fe$_2$S$_2$ CAS(30e,20o)",3840,228.9062120772627
fe2s2_cas30e20o,"Fe$_2$S$_2$ CAS(30e,20o)",3850,228.2984398553367
fe2s2_cas30e20o,"Fe$_2$S$_2$ CAS(30e,20o)",3860,227.87484988445783
fe2s2_cas30e20o,"Fe$_2$S$_2$ CAS(30e,20o)",3870,227.6576812715092
fe2s2_cas30e20o,"Fe$_2$S$_2$ CAS(30e,20o)",3880,228.25108259223725
fe2s2_cas30e20o,"Fe$_2$S$_2$ CAS(30e,20o)",3890,228.07959060791916
fe2s2_cas30e20o,"Fe$_2$S$_2$ CAS(30e,20o)",3900,227.5546544866387
fe2s2_cas30e20o,"Fe$_2$S$_2$ CAS(30e,20o)",3910,227.42550435285125
fe2s2_cas30e20o,"Fe$_2$S$_2$ CAS(30e,20o)",3920,227.39171076042908
fe2s2_cas30e20o,"Fe$_2$S$_2$ CAS(30e,20o)",3930,228.17927932592852
fe2s2_cas30e20o,"Fe$_2$S$_2$ CAS(30e,20o)",3940,227.89761480527204
fe2s2_cas30e20o,"Fe$_2$S$_2$ CAS(30e,20o)",3950,227.66023899168886
fe2s2_cas30e20o,"Fe$_2$S$_2$ CAS(30e,20o)",3960,227.59542266281585
fe2s2_cas30e20o,"Fe$_2$S$_2$ CAS(30e,20o)",3970,227.64887413667623
fe2s2_cas30e20o,"Fe$_2$S$_2$ CAS(30e,20o)",3980,227.53594956186873
fe2s2_cas30e20o,"Fe$_2$S$_2$ CAS(30e,20o)",3990,227.85212194990834
fe2s2_cas30e20o,"Fe$_2$S$_2$ CAS(30e,20o)",4000,229.5790211127411
fe2s2_cas30e20o,"Fe$_2$S$_2$ CAS(30e,20o)",4010,240.41832271167607
fe2s2_cas30e20o,"Fe$_2$S$_2$ CAS(30e,20o)",4020,231.4597387800319
fe2s2_cas30e20o,"Fe$_2$S$_2$ CAS(30e,20o)",4030,229.4934510055242
fe2s2_cas30e20o,"Fe$_2$S$_2$ CAS(30e,20o)",4040,228.00800244452546
fe2s2_cas30e20o,"Fe$_2$S$_2$ CAS(30e,20o)",4050,227.81007905142303
fe2s2_cas30e20o,"Fe$_2$S$_2$ CAS(30e,20o)",4060,227.3444932048534
fe2s2_cas30e20o,"Fe$_2$S$_2$ CAS(30e,20o)",4070,227.18787221042192
fe2s2_cas30e20o,"Fe$_2$S$_2$ CAS(30e,20o)",4080,227.11986125524675
fe2s2_cas30e20o,"Fe$_2$S$_2$ CAS(30e,20o)",4090,227.0986807263995
fe2s2_cas30e20o,"Fe$_2$S$_2$ CAS(30e,20o)",4100,227.71166890581185
fe2s2_cas30e20o,"Fe$_2$S$_2$ CAS(30e,20o)",4110,227.11878474841285
fe2s2_cas30e20o,"Fe$_2$S$_2$ CAS(30e,20o)",4120,227.1386202391028
fe2s2_cas30e20o,"Fe$_2$S$_2$ CAS(30e,20o)",4130,227.18921398337955
fe2s2_cas30e20o,"Fe$_2$S$_2$ CAS(30e,20o)",4140,227.17928831400513
fe2s2_cas30e20o,"Fe$_2$S$_2$ CAS(30e,20o)",4150,227.99983011252323
fe2s2_cas30e20o,"Fe$_2$S$_2$ CAS(30e,20o)",4160,228.2014075486387
fe2s2_cas30e20o,"Fe$_2$S$_2$ CAS(30e,20o)",4170,227.2123677904716
fe2s2_cas30e20o,"Fe$_2$S$_2$ CAS(30e,20o)",4180,226.97519401663158
fe2s2_cas30e20o,"Fe$_2$S$_2$ CAS(30e,20o)",4190,227.41229432614318
fe2s2_cas30e20o,"Fe$_2$S$_2$ CAS(30e,20o)",4200,227.16038251407156
fe2s2_cas30e20o,"Fe$_2$S$_2$ CAS(30e,20o)",4210,227.2143580052699
fe2s2_cas30e20o,"Fe$_2$S$_2$ CAS(30e,20o)",4220,227.2532945836332
fe2s2_cas30e20o,"Fe$_2$S$_2$ CAS(30e,20o)",4230,226.83677065865027
fe2s2_cas30e20o,"Fe$_2$S$_2$ CAS(30e,20o)",4240,227.1791446514868
fe2s2_cas30e20o,"Fe$_2$S$_2$ CAS(30e,20o)",4250,227.4943590533951
fe2s2_cas30e20o,"Fe$_2$S$_2$ CAS(30e,20o)",4260,227.53064698829917
fe2s2_cas30e20o,"Fe$_2$S$_2$ CAS(30e,20o)",4270,227.30679750053184
fe2s2_cas30e20o,"Fe$_2$S$_2$ CAS(30e,20o)",4280,226.80063679642615
fe2s2_cas30e20o,"Fe$_2$S$_2$ CAS(30e,20o)",4290,226.90176240575965
fe2s2_cas30e20o,"Fe$_2$S$_2$ CAS(30e,20o)",4300,229.88295368766387
fe2s2_cas30e20o,"Fe$_2$S$_2$ CAS(30e,20o)",4310,228.41029814330227
fe2s2_cas30e20o,"Fe$_2$S$_2$ CAS(30e,20o)",4320,227.11902391242234
fe2s2_cas30e20o,"Fe$_2$S$_2$ CAS(30e,20o)",4330,226.84212539218152
fe2s2_cas30e20o,"Fe$_2$S$_2$ CAS(30e,20o)",4340,226.61661621120288
fe2s2_cas30e20o,"Fe$_2$S$_2$ CAS(30e,20o)",4350,226.57417253265066
fe2s2_cas30e20o,"Fe$_2$S$_2$ CAS(30e,20o)",4360,227.34185400361184
fe2s2_cas30e20o,"Fe$_2$S$_2$ CAS(30e,20o)",4370,228.02516459888977
fe2s2_cas30e20o,"Fe$_2$S$_2$ CAS(30e,20o)",4380,227.08263569516873
fe2s2_cas30e20o,"Fe$_2$S$_2$ CAS(30e,20o)",4390,227.1895698107329
fe2s2_cas30e20o,"Fe$_2$S$_2$ CAS(30e,20o)",4400,226.55665602131592
fe2s2_cas30e20o,"Fe$_2$S$_2$ CAS(30e,20o)",4410,227.13037986561346
fe2s2_cas30e20o,"Fe$_2$S$_2$ CAS(30e,20o)",4420,226.6597289175536
fe2s2_cas30e20o,"Fe$_2$S$_2$ CAS(30e,20o)",4430,226.7229226029741
fe2s2_cas30e20o,"Fe$_2$S$_2$ CAS(30e,20o)",4440,227.8927583197401
fe2s2_cas30e20o,"Fe$_2$S$_2$ CAS(30e,20o)",4450,226.59001877627816
fe2s2_cas30e20o,"Fe$_2$S$_2$ CAS(30e,20o)",4460,227.28140398079688
fe2s2_cas30e20o,"Fe$_2$S$_2$ CAS(30e,20o)",4470,226.531768522662
fe2s2_cas30e20o,"Fe$_2$S$_2$ CAS(30e,20o)",4480,226.58362198224324
fe2s2_cas30e20o,"Fe$_2$S$_2$ CAS(30e,20o)",4490,226.39648583427174
fe2s2_cas30e20o,"Fe$_2$S$_2$ CAS(30e,20o)",4500,226.38952903123766
fe2s2_cas30e20o,"Fe$_2$S$_2$ CAS(30e,20o)",4510,226.7408993858595
fe2s2_cas30e20o,"Fe$_2$S$_2$ CAS(30e,20o)",4520,226.52694684765606
fe2s2_cas30e20o,"Fe$_2$S$_2$ CAS(30e,20o)",4530,227.42761169543257
fe2s2_cas30e20o,"Fe$_2$S$_2$ CAS(30e,20o)",4540,227.1262216772385
fe2s2_cas30e20o,"Fe$_2$S$_2$ CAS(30e,20o)",4550,226.7481339486892
fe2s2_cas30e20o,"Fe$_2$S$_2$ CAS(30e,20o)",4560,226.38403741920854
fe2s2_cas30e20o,"Fe$_2$S$_2$ CAS(30e,20o)",4570,226.385513065523
fe2s2_cas30e20o,"Fe$_2$S$_2$ CAS(30e,20o)",4580,227.3808567719442
fe2s2_cas30e20o,"Fe$_2$S$_2$ CAS(30e,20o)",4590,226.86187143946768
fe2s2_cas30e20o,"Fe$_2$S$_2$ CAS(30e,20o)",4600,226.58240825674625
fe2s2_cas30e20o,"Fe$_2$S$_2$ CAS(30e,20o)",4610,226.49981828540433
fe2s2_cas30e20o,"Fe$_2$S$_2$ CAS(30e,20o)",4620,226.78140086642884
fe2s2_cas30e20o,"Fe$_2$S$_2$ CAS(30e,20o)",4630,226.32228565105095
fe2s2_cas30e20o,"Fe$_2$S$_2$ CAS(30e,20o)",4640,226.16370663931207
fe2s2_cas30e20o,"Fe$_2$S$_2$ CAS(30e,20o)",4650,226.3483716411372
fe2s2_cas30e20o,"Fe$_2$S$_2$ CAS(30e,20o)",4660,226.9354989982446
fe2s2_cas30e20o,"Fe$_2$S$_2$ CAS(30e,20o)",4670,226.51998176637278
fe2s2_cas30e20o,"Fe$_2$S$_2$ CAS(30e,20o)",4680,226.15479360347024
fe2s2_cas30e20o,"Fe$_2$S$_2$ CAS(30e,20o)",4690,226.4390375989933
fe2s2_cas30e20o,"Fe$_2$S$_2$ CAS(30e,20o)",4700,226.62841210593854
fe2s2_cas30e20o,"Fe$_2$S$_2$ CAS(30e,20o)",4710,227.03916553085435
fe2s2_cas30e20o,"Fe$_2$S$_2$ CAS(30e,20o)",4720,226.34448357906933
fe2s2_cas30e20o,"Fe$_2$S$_2$ CAS(30e,20o)",4730,226.12748319767206
fe2s2_cas30e20o,"Fe$_2$S$_2$ CAS(30e,20o)",4740,230.47042288997943
fe2s2_cas30e20o,"Fe$_2$S$_2$ CAS(30e,20o)",4750,230.33798039399755
fe2s2_cas30e20o,"Fe$_2$S$_2$ CAS(30e,20o)",4760,228.43874324514957
fe2s2_cas30e20o,"Fe$_2$S$_2$ CAS(30e,20o)",4770,226.54518613840935
fe2s2_cas30e20o,"Fe$_2$S$_2$ CAS(30e,20o)",4780,226.0075854187562
fe2s2_cas30e20o,"Fe$_2$S$_2$ CAS(30e,20o)",4790,226.13101018767168
fe2s2_cas30e20o,"Fe$_2$S$_2$ CAS(30e,20o)",4800,226.0734158762716
fe2s2_cas30e20o,"Fe$_2$S$_2$ CAS(30e,20o)",4810,225.81957506614003
fe2s2_cas30e20o,"Fe$_2$S$_2$ CAS(30e,20o)",4820,225.86793452953202
fe2s2_cas30e20o,"Fe$_2$S$_2$ CAS(30e,20o)",4830,226.91011829360264
fe2s2_cas30e20o,"Fe$_2$S$_2$ CAS(30e,20o)",4840,226.8123771077626
fe2s2_cas30e20o,"Fe$_2$S$_2$ CAS(30e,20o)",4850,226.0183335581445
fe2s2_cas30e20o,"Fe$_2$S$_2$ CAS(30e,20o)",4860,225.97889442650398
fe2s2_cas30e20o,"Fe$_2$S$_2$ CAS(30e,20o)",4870,226.0555363828729
fe2s2_cas30e20o,"Fe$_2$S$_2$ CAS(30e,20o)",4880,226.5880319431659
fe2s2_cas30e20o,"Fe$_2$S$_2$ CAS(30e,20o)",4890,226.37256994121913
fe2s2_cas30e20o,"Fe$_2$S$_2$ CAS(30e,20o)",4900,225.90626660394264
fe2s2_cas30e20o,"Fe$_2$S$_2$ CAS(30e,20o)",4910,225.7940966457994
fe2s2_cas30e20o,"Fe$_2$S$_2$ CAS(30e,20o)",4920,225.73346320348264
fe2s2_cas30e20o,"Fe$_2$S$_2$ CAS(30e,20o)",4930,225.89895990473963
fe2s2_cas30e20o,"Fe$_2$S$_2$ CAS(30e,20o)",4940,227.14417214947957
fe2s2_cas30e20o,"Fe$_2$S$_2$ CAS(30e,20o)",4950,226.80481241908979
fe2s2_cas30e20o,"Fe$_2$S$_2$ CAS(30e,20o)",4960,225.98360145173046
fe2s2_cas30e20o,"Fe$_2$S$_2$ CAS(30e,20o)",4970,225.84656984486173
fe2s2_cas30e20o,"Fe$_2$S$_2$ CAS(30e,20o)",4980,225.69250986497025
fe2s2_cas30e20o,"Fe$_2$S$_2$ CAS(30e,20o)",4990,227.5023730096848
fe2s2_cas30e20o,"Fe$_2$S$_2$ CAS(30e,20o)",5000,226.4730220318114
fe2s2_cas30e20o,"Fe$_2$S$_2$ CAS(30e,20o)",5010,225.8702621778781
fe2s2_cas30e20o,"Fe$_2$S$_2$ CAS(30e,20o)",5020,225.86213485371331
fe2s2_cas30e20o,"Fe$_2$S$_2$ CAS(30e,20o)",5030,225.82554383463105
fe2s2_cas30e20o,"Fe$_2$S$_2$ CAS(30e,20o)",5040,225.65099081474216
fe2s2_cas30e20o,"Fe$_2$S$_2$ CAS(30e,20o)",5050,225.59099191909127
fe2s2_cas30e20o,"Fe$_2$S$_2$ CAS(30e,20o)",5060,225.40482600658152
fe2s2_cas30e20o,"Fe$_2$S$_2$ CAS(30e,20o)",5070,225.9497457220334
fe2s2_cas30e20o,"Fe$_2$S$_2$ CAS(30e,20o)",5080,226.04275148270858
fe2s2_cas30e20o,"Fe$_2$S$_2$ CAS(30e,20o)",5090,225.7796715652347
fe2s2_cas30e20o,"Fe$_2$S$_2$ CAS(30e,20o)",5100,225.49360766757331
fe2s2_cas30e20o,"Fe$_2$S$_2$ CAS(30e,20o)",5110,226.09005100657953
fe2s2_cas30e20o,"Fe$_2$S$_2$ CAS(30e,20o)",5120,227.24248204208664
fe2s2_cas30e20o,"Fe$_2$S$_2$ CAS(30e,20o)",5130,225.72874762045103
fe2s2_cas30e20o,"Fe$_2$S$_2$ CAS(30e,20o)",5140,225.43989450223023
fe2s2_cas30e20o,"Fe$_2$S$_2$ CAS(30e,20o)",5150,225.56031297291668
fe2s2_cas30e20o,"Fe$_2$S$_2$ CAS(30e,20o)",5160,226.0133909792188
fe2s2_cas30e20o,"Fe$_2$S$_2$ CAS(30e,20o)",5170,225.51229590710875
fe2s2_cas30e20o,"Fe$_2$S$_2$ CAS(30e,20o)",5180,226.5986035047689
fe2s2_cas30e20o,"Fe$_2$S$_2$ CAS(30e,20o)",5190,226.07756988806216
fe2s2_cas30e20o,"Fe$_2$S$_2$ CAS(30e,20o)",5200,225.457814367914
fe2s2_cas30e20o,"Fe$_2$S$_2$ CAS(30e,20o)",5210,225.45173835646892
fe2s2_cas30e20o,"Fe$_2$S$_2$ CAS(30e,20o)",5220,225.5262194086356
fe2s2_cas30e20o,"Fe$_2$S$_2$ CAS(30e,20o)",5230,225.03979513113848
fe2s2_cas30e20o,"Fe$_2$S$_2$ CAS(30e,20o)",5240,226.08878561561596
fe2s2_cas30e20o,"Fe$_2$S$_2$ CAS(30e,20o)",5250,225.0485131558122
fe2s2_cas30e20o,"Fe$_2$S$_2$ CAS(30e,20o)",5260,225.84475524062952
fe2s2_cas30e20o,"Fe$_2$S$_2$ CAS(30e,20o)",5270,225.27325294439038
fe2s2_cas30e20o,"Fe$_2$S$_2$ CAS(30e,20o)",5280,226.3391588102337
fe2s2_cas30e20o,"Fe$_2$S$_2$ CAS(30e,20o)",5290,225.15254613678337
fe2s2_cas30e20o,"Fe$_2$S$_2$ CAS(30e,20o)",5300,224.91838182547497
fe2s2_cas30e20o,"Fe$_2$S$_2$ CAS(30e,20o)",5310,225.1492362751435
fe2s2_cas30e20o,"Fe$_2$S$_2$ CAS(30e,20o)",5320,225.09080605770748
fe2s2_cas30e20o,"Fe$_2$S$_2$ CAS(30e,20o)",5330,225.04395553937684
fe2s2_cas30e20o,"Fe$_2$S$_2$ CAS(30e,20o)",5340,225.52984059795733
fe2s2_cas30e20o,"Fe$_2$S$_2$ CAS(30e,20o)",5350,225.35740729122722
fe2s2_cas30e20o,"Fe$_2$S$_2$ CAS(30e,20o)",5360,226.01169800483945
fe2s2_cas30e20o,"Fe$_2$S$_2$ CAS(30e,20o)",5370,225.45724610543516
fe2s2_cas30e20o,"Fe$_2$S$_2$ CAS(30e,20o)",5380,225.03103933642876
fe2s2_cas30e20o,"Fe$_2$S$_2$ CAS(30e,20o)",5390,224.81432636767806
fe2s2_cas30e20o,"Fe$_2$S$_2$ CAS(30e,20o)",5400,224.8882976953155
fe2s2_cas30e20o,"Fe$_2$S$_2$ CAS(30e,20o)",5410,225.26361367708603
fe2s2_cas30e20o,"Fe$_2$S$_2$ CAS(30e,20o)",5420,224.7919805794254
fe2s2_cas30e20o,"Fe$_2$S$_2$ CAS(30e,20o)",5430,225.15701390932463
fe2s2_cas30e20o,"Fe$_2$S$_2$ CAS(30e,20o)",5440,224.9507402791977
fe2s2_cas30e20o,"Fe$_2$S$_2$ CAS(30e,20o)",5450,224.87279646516356
fe2s2_cas30e20o,"Fe$_2$S$_2$ CAS(30e,20o)",5460,225.87074731387702
fe2s2_cas30e20o,"Fe$_2$S$_2$ CAS(30e,20o)",5470,224.80761046165298
fe2s2_cas30e20o,"Fe$_2$S$_2$ CAS(30e,20o)",5480,224.63075342162142
fe2s2_cas30e20o,"Fe$_2$S$_2$ CAS(30e,20o)",5490,224.6245949203569
fe2s2_cas30e20o,"Fe$_2$S$_2$ CAS(30e,20o)",5500,224.96758773341696
fe2s2_cas30e20o,"Fe$_2$S$_2$ CAS(30e,20o)",5510,224.8234236930955
fe2s2_cas30e20o,"Fe$_2$S$_2$ CAS(30e,20o)",5520,224.62501754920083
fe2s2_cas30e20o,"Fe$_2$S$_2$ CAS(30e,20o)",5530,224.64651036801797
fe2s2_cas30e20o,"Fe$_2$S$_2$ CAS(30e,20o)",5540,225.19154844103184
fe2s2_cas30e20o,"Fe$_2$S$_2$ CAS(30e,20o)",5550,224.46850048393685
fe2s2_cas30e20o,"Fe$_2$S$_2$ CAS(30e,20o)",5560,224.96940945042354
fe2s2_cas30e20o,"Fe$_2$S$_2$ CAS(30e,20o)",5570,224.87009365241306
fe2s2_cas30e20o,"Fe$_2$S$_2$ CAS(30e,20o)",5580,224.6166754306813
fe2s2_cas30e20o,"Fe$_2$S$_2$ CAS(30e,20o)",5590,224.500117555138
fe2s2_cas30e20o,"Fe$_2$S$_2$ CAS(30e,20o)",5600,224.42279149630906
fe2s2_cas30e20o,"Fe$_2$S$_2$ CAS(30e,20o)",5610,224.36572318132164
fe2s2_cas30e20o,"Fe$_2$S$_2$ CAS(30e,20o)",5620,225.46685796584143
fe2s2_cas30e20o,"Fe$_2$S$_2$ CAS(30e,20o)",5630,224.8367628427701
fe2s2_cas30e20o,"Fe$_2$S$_2$ CAS(30e,20o)",5640,224.68571172724694
fe2s2_cas30e20o,"Fe$_2$S$_2$ CAS(30e,20o)",5650,224.7395204721272
fe2s2_cas30e20o,"Fe$_2$S$_2$ CAS(30e,20o)",5660,224.2815852693809
fe2s2_cas30e20o,"Fe$_2$S$_2$ CAS(30e,20o)",5670,224.229147351096
fe2s2_cas30e20o,"Fe$_2$S$_2$ CAS(30e,20o)",5680,226.0121464562843
fe2s2_cas30e20o,"Fe$_2$S$_2$ CAS(30e,20o)",5690,224.63937135437106
fe2s2_cas30e20o,"Fe$_2$S$_2$ CAS(30e,20o)",5700,224.54316117654116
fe2s2_cas30e20o,"Fe$_2$S$_2$ CAS(30e,20o)",5710,225.74779092065
fe2s2_cas30e20o,"Fe$_2$S$_2$ CAS(30e,20o)",5720,224.7627952877309
fe2s2_cas30e20o,"Fe$_2$S$_2$ CAS(30e,20o)",5730,224.59952096015456
fe2s2_cas30e20o,"Fe$_2$S$_2$ CAS(30e,20o)",5740,224.3188083793939
fe2s2_cas30e20o,"Fe$_2$S$_2$ CAS(30e,20o)",5750,224.07853227991836
fe2s2_cas30e20o,"Fe$_2$S$_2$ CAS(30e,20o)",5760,224.29754444853245
fe2s2_cas30e20o,"Fe$_2$S$_2$ CAS(30e,20o)",5770,224.25611552867508
fe2s2_cas30e20o,"Fe$_2$S$_2$ CAS(30e,20o)",5780,224.1295634111964
fe2s2_cas30e20o,"Fe$_2$S$_2$ CAS(30e,20o)",5790,224.48773594523175
fe2s2_cas30e20o,"Fe$_2$S$_2$ CAS(30e,20o)",5800,224.39728039240947
fe2s2_cas30e20o,"Fe$_2$S$_2$ CAS(30e,20o)",5810,224.28475476218068
fe2s2_cas30e20o,"Fe$_2$S$_2$ CAS(30e,20o)",5820,223.95391519074792
fe2s2_cas30e20o,"Fe$_2$S$_2$ CAS(30e,20o)",5830,224.13335762416864
fe2s2_cas30e20o,"Fe$_2$S$_2$ CAS(30e,20o)",5840,224.54092253322244
fe2s2_cas30e20o,"Fe$_2$S$_2$ CAS(30e,20o)",5850,224.79636046787732
fe2s2_cas30e20o,"Fe$_2$S$_2$ CAS(30e,20o)",5860,224.51615523083035
fe2s2_cas30e20o,"Fe$_2$S$_2$ CAS(30e,20o)",5870,224.00761558017734
fe2s2_cas30e20o,"Fe$_2$S$_2$ CAS(30e,20o)",5880,224.01850905609422
fe2s2_cas30e20o,"Fe$_2$S$_2$ CAS(30e,20o)",5890,224.8258855892118
fe2s2_cas30e20o,"Fe$_2$S$_2$ CAS(30e,20o)",5900,224.59889260979082
fe2s2_cas30e20o,"Fe$_2$S$_2$ CAS(30e,20o)",5910,224.04597733694231
fe2s2_cas30e20o,"Fe$_2$S$_2$ CAS(30e,20o)",5920,223.9737280144709
fe2s2_cas30e20o,"Fe$_2$S$_2$ CAS(30e,20o)",5930,223.8514809768759
fe2s2_cas30e20o,"Fe$_2$S$_2$ CAS(30e,20o)",5940,223.99517533982305
fe2s2_cas30e20o,"Fe$_2$S$_2$ CAS(30e,20o)",5950,223.7187012665487
fe2s2_cas30e20o,"Fe$_2$S$_2$ CAS(30e,20o)",5960,224.9714603589723
fe2s2_cas30e20o,"Fe$_2$S$_2$ CAS(30e,20o)",5970,224.42706047584693
fe2s2_cas30e20o,"Fe$_2$S$_2$ CAS(30e,20o)",5980,223.8978848934181
fe2s2_cas30e20o,"Fe$_2$S$_2$ CAS(30e,20o)",5990,224.3050589701312
fe2s2_cas30e20o,"Fe$_2$S$_2$ CAS(30e,20o)",6000,225.23668984391065
fe2s2_cas30e20o,"Fe$_2$S$_2$ CAS(30e,20o)",6010,224.16756820007322
fe2s2_cas30e20o,"Fe$_2$S$_2$ CAS(30e,20o)",6020,223.85674756874607
fe2s2_cas30e20o,"Fe$_2$S$_2$ CAS(30e,20o)",6030,223.70702757255856
fe2s2_cas30e20o,"Fe$_2$S$_2$ CAS(30e,20o)",6040,223.6410898183152
fe2s2_cas30e20o,"Fe$_2$S$_2$ CAS(30e,20o)",6050,223.83931625263642
fe2s2_cas30e20o,"Fe$_2$S$_2$ CAS(30e,20o)",6060,223.8779822188377
fe2s2_cas30e20o,"Fe$_2$S$_2$ CAS(30e,20o)",6070,223.85901559961496
fe2s2_cas30e20o,"Fe$_2$S$_2$ CAS(30e,20o)",6080,223.88164467294303
fe2s2_cas30e20o,"Fe$_2$S$_2$ CAS(30e,20o)",6090,223.89540716599754
fe2s2_cas30e20o,"Fe$_2$S$_2$ CAS(30e,20o)",6100,223.90757906043746
fe2s2_cas30e20o,"Fe$_2$S$_2$ CAS(30e,20o)",6110,223.67429084010837
fe2s2_cas30e20o,"Fe$_2$S$_2$ CAS(30e,20o)",6120,223.68801777751912
fe2s2_cas30e20o,"Fe$_2$S$_2$ CAS(30e,20o)",6130,223.84988069410383
fe2s2_cas30e20o,"Fe$_2$S$_2$ CAS(30e,20o)",6140,223.7702313837957
fe2s2_cas30e20o,"Fe$_2$S$_2$ CAS(30e,20o)",6150,223.90138872265197
fe2s2_cas30e20o,"Fe$_2$S$_2$ CAS(30e,20o)",6160,223.5078276676319
fe2s2_cas30e20o,"Fe$_2$S$_2$ CAS(30e,20o)",6170,223.58789088629294
fe2s2_cas30e20o,"Fe$_2$S$_2$ CAS(30e,20o)",6180,223.9393321420522
fe2s2_cas30e20o,"Fe$_2$S$_2$ CAS(30e,20o)",6190,223.87913183321473
fe2s2_cas30e20o,"Fe$_2$S$_2$ CAS(30e,20o)",6200,223.46107834465556
fe2s2_cas30e20o,"Fe$_2$S$_2$ CAS(30e,20o)",6210,224.44245663034224
fe2s2_cas30e20o,"Fe$_2$S$_2$ CAS(30e,20o)",6220,223.50580887834326
fe2s2_cas30e20o,"Fe$_2$S$_2$ CAS(30e,20o)",6230,223.62810062868732
fe2s2_cas30e20o,"Fe$_2$S$_2$ CAS(30e,20o)",6240,223.4665110380547
fe2s2_cas30e20o,"Fe$_2$S$_2$ CAS(30e,20o)",6250,228.60136652755614
fe2s2_cas30e20o,"Fe$_2$S$_2$ CAS(30e,20o)",6260,225.7386011659719
fe2s2_cas30e20o,"Fe$_2$S$_2$ CAS(30e,20o)",6270,224.54313921691949
fe2s2_cas30e20o,"Fe$_2$S$_2$ CAS(30e,20o)",6280,223.58640337547797
fe2s2_cas30e20o,"Fe$_2$S$_2$ CAS(30e,20o)",6290,223.45315307322267
fe2s2_cas30e20o,"Fe$_2$S$_2$ CAS(30e,20o)",6300,224.17164504884113
fe2s2_cas30e20o,"Fe$_2$S$_2$ CAS(30e,20o)",6310,223.35849053239087
fe2s2_cas30e20o,"Fe$_2$S$_2$ CAS(30e,20o)",6320,223.3402140520866
fe2s2_cas30e20o,"Fe$_2$S$_2$ CAS(30e,20o)",6330,223.2452225863284
fe2s2_cas30e20o,"Fe$_2$S$_2$ CAS(30e,20o)",6340,223.78636101218774
fe2s2_cas30e20o,"Fe$_2$S$_2$ CAS(30e,20o)",6350,223.8181662780505
fe2s2_cas30e20o,"Fe$_2$S$_2$ CAS(30e,20o)",6360,223.40424463341435
fe2s2_cas30e20o,"Fe$_2$S$_2$ CAS(30e,20o)",6370,223.3641204736898
fe2s2_cas30e20o,"Fe$_2$S$_2$ CAS(30e,20o)",6380,223.33913606844646
fe2s2_cas30e20o,"Fe$_2$S$_2$ CAS(30e,20o)",6390,223.66848194484135
fe2s2_cas30e20o,"Fe$_2$S$_2$ CAS(30e,20o)",6400,223.30963059197018
fe2s2_cas30e20o,"Fe$_2$S$_2$ CAS(30e,20o)",6410,223.35357665895117
fe2s2_cas30e20o,"Fe$_2$S$_2$ CAS(30e,20o)",6420,223.45991074242022
fe2s2_cas30e20o,"Fe$_2$S$_2$ CAS(30e,20o)",6430,223.30320713739127
fe2s2_cas30e20o,"Fe$_2$S$_2$ CAS(30e,20o)",6440,224.23117743214505
fe2s2_cas30e20o,"Fe$_2$S$_2$ CAS(30e,20o)",6450,223.18264384146858
fe2s2_cas30e20o,"Fe$_2$S$_2$ CAS(30e,20o)",6460,223.41877368002372
fe2s2_cas30e20o,"Fe$_2$S$_2$ CAS(30e,20o)",6470,223.19539294092294
fe2s2_cas30e20o,"Fe$_2$S$_2$ CAS(30e,20o)",6480,224.04707375798694
fe2s2_cas30e20o,"Fe$_2$S$_2$ CAS(30e,20o)",6490,223.57359422169054
fe2s2_cas30e20o,"Fe$_2$S$_2$ CAS(30e,20o)",6500,223.15176628299582
fe2s2_cas30e20o,"Fe$_2$S$_2$ CAS(30e,20o)",6510,223.6954941507321
fe2s2_cas30e20o,"Fe$_2$S$_2$ CAS(30e,20o)",6520,223.7474712272558
fe2s2_cas30e20o,"Fe$_2$S$_2$ CAS(30e,20o)",6530,224.56304572422425
fe2s2_cas30e20o,"Fe$_2$S$_2$ CAS(30e,20o)",6540,223.2097960264099
fe2s2_cas30e20o,"Fe$_2$S$_2$ CAS(30e,20o)",6550,223.10693521492908
fe2s2_cas30e20o,"Fe$_2$S$_2$ CAS(30e,20o)",6560,223.0039973654101
fe2s2_cas30e20o,"Fe$_2$S$_2$ CAS(30e,20o)",6570,223.12303899606434
fe2s2_cas30e20o,"Fe$_2$S$_2$ CAS(30e,20o)",6580,223.96360752567546
fe2s2_cas30e20o,"Fe$_2$S$_2$ CAS(30e,20o)",6590,223.42460698926914
fe2s2_cas30e20o,"Fe$_2$S$_2$ CAS(30e,20o)",6600,223.18929796074372
fe2s2_cas30e20o,"Fe$_2$S$_2$ CAS(30e,20o)",6610,223.15772565293912
fe2s2_cas30e20o,"Fe$_2$S$_2$ CAS(30e,20o)",6620,223.19536930706363
fe2s2_cas30e20o,"Fe$_2$S$_2$ CAS(30e,20o)",6630,223.03623879277268
fe2s2_cas30e20o,"Fe$_2$S$_2$ CAS(30e,20o)",6640,223.0671030325908
fe2s2_cas30e20o,"Fe$_2$S$_2$ CAS(30e,20o)",6650,223.06858010654196
fe2s2_cas30e20o,"Fe$_2$S$_2$ CAS(30e,20o)",6660,223.6333758193041
fe2s2_cas30e20o,"Fe$_2$S$_2$ CAS(30e,20o)",6670,223.1467034781076
fe2s2_cas30e20o,"Fe$_2$S$_2$ CAS(30e,20o)",6680,222.88424772540338
fe2s2_cas30e20o,"Fe$_2$S$_2$ CAS(30e,20o)",6690,224.52006599712604
fe2s2_cas30e20o,"Fe$_2$S$_2$ CAS(30e,20o)",6700,223.0303583609441
fe2s2_cas30e20o,"Fe$_2$S$_2$ CAS(30e,20o)",6710,222.98544132812026
fe2s2_cas30e20o,"Fe$_2$S$_2$ CAS(30e,20o)",6720,222.98419234492428
fe2s2_cas30e20o,"Fe$_2$S$_2$ CAS(30e,20o)",6730,222.96105764876017
fe2s2_cas30e20o,"Fe$_2$S$_2$ CAS(30e,20o)",6740,223.8361684188277
fe2s2_cas30e20o,"Fe$_2$S$_2$ CAS(30e,20o)",6750,223.23897784637836
fe2s2_cas30e20o,"Fe$_2$S$_2$ CAS(30e,20o)",6760,223.36594721201664
fe2s2_cas30e20o,"Fe$_2$S$_2$ CAS(30e,20o)",6770,222.8717590143532
fe2s2_cas30e20o,"Fe$_2$S$_2$ CAS(30e,20o)",6780,223.1807753489221
fe2s2_cas30e20o,"Fe$_2$S$_2$ CAS(30e,20o)",6790,223.17856876468056
fe2s2_cas30e20o,"Fe$_2$S$_2$ CAS(30e,20o)",6800,223.0826778696411
fe2s2_cas30e20o,"Fe$_2$S$_2$ CAS(30e,20o)",6810,223.18801664469845
fe2s2_cas30e20o,"Fe$_2$S$_2$ CAS(30e,20o)",6820,222.94418501287794
fe2s2_cas30e20o,"Fe$_2$S$_2$ CAS(30e,20o)",6830,222.93896658759138
fe2s2_cas30e20o,"Fe$_2$S$_2$ CAS(30e,20o)",6840,222.97379530918704
fe2s2_cas30e20o,"Fe$_2$S$_2$ CAS(30e,20o)",6850,223.34137806778642
fe2s2_cas30e20o,"Fe$_2$S$_2$ CAS(30e,20o)",6860,223.0121981023956
fe2s2_cas30e20o,"Fe$_2$S$_2$ CAS(30e,20o)",6870,222.76565037570606
fe2s2_cas30e20o,"Fe$_2$S$_2$ CAS(30e,20o)",6880,222.70128033244418
fe2s2_cas30e20o,"Fe$_2$S$_2$ CAS(30e,20o)",6890,223.24739578540687
fe2s2_cas30e20o,"Fe$_2$S$_2$ CAS(30e,20o)",6900,223.36586031352113
fe2s2_cas30e20o,"Fe$_2$S$_2$ CAS(30e,20o)",6910,223.2664329881402
fe2s2_cas30e20o,"Fe$_2$S$_2$ CAS(30e,20o)",6920,222.82848484005058
fe2s2_cas30e20o,"Fe$_2$S$_2$ CAS(30e,20o)",6930,222.72759746805093
fe2s2_cas30e20o,"Fe$_2$S$_2$ CAS(30e,20o)",6940,222.94448756019847
fe2s2_cas30e20o,"Fe$_2$S$_2$ CAS(30e,20o)",6950,222.58509364446866
fe2s2_cas30e20o,"Fe$_2$S$_2$ CAS(30e,20o)",6960,222.55805378632942
fe2s2_cas30e20o,"Fe$_2$S$_2$ CAS(30e,20o)",6970,223.27498305013194
fe2s2_cas30e20o,"Fe$_2$S$_2$ CAS(30e,20o)",6980,222.89261042062947
fe2s2_cas30e20o,"Fe$_2$S$_2$ CAS(30e,20o)",6990,222.64499418572825
fe2s2_cas30e20o,"Fe$_2$S$_2$ CAS(30e,20o)",7000,223.03784363487011
fe2s2_cas30e20o,"Fe$_2$S$_2$ CAS(30e,20o)",7010,222.93475537451002
fe2s2_cas30e20o,"Fe$_2$S$_2$ CAS(30e,20o)",7020,222.86467548754274
fe2s2_cas30e20o,"Fe$_2$S$_2$ CAS(30e,20o)",7030,222.51904031891456
fe2s2_cas30e20o,"Fe$_2$S$_2$ CAS(30e,20o)",7040,222.91298189550446
fe2s2_cas30e20o,"Fe$_2$S$_2$ CAS(30e,20o)",7050,222.8613426101731
fe2s2_cas30e20o,"Fe$_2$S$_2$ CAS(30e,20o)",7060,222.52785674574227
fe2s2_cas30e20o,"Fe$_2$S$_2$ CAS(30e,20o)",7070,222.87311601490956
fe2s2_cas30e20o,"Fe$_2$S$_2$ CAS(30e,20o)",7080,222.47210227004643
fe2s2_cas30e20o,"Fe$_2$S$_2$ CAS(30e,20o)",7090,222.42259635915218
fe2s2_cas30e20o,"Fe$_2$S$_2$ CAS(30e,20o)",7100,222.4550399537435
fe2s2_cas30e20o,"Fe$_2$S$_2$ CAS(30e,20o)",7110,222.43792962491682
fe2s2_cas30e20o,"Fe$_2$S$_2$ CAS(30e,20o)",7120,222.46880141729264
fe2s2_cas30e20o,"Fe$_2$S$_2$ CAS(30e,20o)",7130,223.3746103893708
fe2s2_cas30e20o,"Fe$_2$S$_2$ CAS(30e,20o)",7140,222.83124836661727
fe2s2_cas30e20o,"Fe$_2$S$_2$ CAS(30e,20o)",7150,222.55795108887355
fe2s2_cas30e20o,"Fe$_2$S$_2$ CAS(30e,20o)",7160,222.7094147537798
fe2s2_cas30e20o,"Fe$_2$S$_2$ CAS(30e,20o)",7170,222.5432976078423
fe2s2_cas30e20o,"Fe$_2$S$_2$ CAS(30e,20o)",7180,222.56765995659578
fe2s2_cas30e20o,"Fe$_2$S$_2$ CAS(30e,20o)",7190,222.51566411182466
fe2s2_cas30e20o,"Fe$_2$S$_2$ CAS(30e,20o)",7200,222.5050285260437
fe2s2_cas30e20o,"Fe$_2$S$_2$ CAS(30e,20o)",7210,222.46769922486465
fe2s2_cas30e20o,"Fe$_2$S$_2$ CAS(30e,20o)",7220,222.34528503179263
fe2s2_cas30e20o,"Fe$_2$S$_2$ CAS(30e,20o)",7230,222.34269084601976
fe2s2_cas30e20o,"Fe$_2$S$_2$ CAS(30e,20o)",7240,223.34520213203746
fe2s2_cas30e20o,"Fe$_2$S$_2$ CAS(30e,20o)",7250,222.3407826725463
fe2s2_cas30e20o,"Fe$_2$S$_2$ CAS(30e,20o)",7260,222.22110349147783
fe2s2_cas30e20o,"Fe$_2$S$_2$ CAS(30e,20o)",7270,222.74884145639362
fe2s2_cas30e20o,"Fe$_2$S$_2$ CAS(30e,20o)",7280,222.39727827206934
fe2s2_cas30e20o,"Fe$_2$S$_2$ CAS(30e,20o)",7290,222.3773368177433
fe2s2_cas30e20o,"Fe$_2$S$_2$ CAS(30e,20o)",7300,222.64093587209288
fe2s2_cas30e20o,"Fe$_2$S$_2$ CAS(30e,20o)",7310,222.85790697129926
fe2s2_cas30e20o,"Fe$_2$S$_2$ CAS(30e,20o)",7320,222.4736753979215
fe2s2_cas30e20o,"Fe$_2$S$_2$ CAS(30e,20o)",7330,222.47591382343046
fe2s2_cas30e20o,"Fe$_2$S$_2$ CAS(30e,20o)",7340,222.06136449086955
fe2s2_cas30e20o,"Fe$_2$S$_2$ CAS(30e,20o)",7350,222.2388279937917
fe2s2_cas30e20o,"Fe$_2$S$_2$ CAS(30e,20o)",7360,222.51126552559697
fe2s2_cas30e20o,"Fe$_2$S$_2$ CAS(30e,20o)",7370,222.27015607978728
fe2s2_cas30e20o,"Fe$_2$S$_2$ CAS(30e,20o)",7380,222.02623186662152
fe2s2_cas30e20o,"Fe$_2$S$_2$ CAS(30e,20o)",7390,222.8768792451632
fe2s2_cas30e20o,"Fe$_2$S$_2$ CAS(30e,20o)",7400,222.39126460283387
fe2s2_cas30e20o,"Fe$_2$S$_2$ CAS(30e,20o)",7410,222.0653054175159
fe2s2_cas30e20o,"Fe$_2$S$_2$ CAS(30e,20o)",7420,222.04822045843287
fe2s2_cas30e20o,"Fe$_2$S$_2$ CAS(30e,20o)",7430,222.2074627124897
fe2s2_cas30e20o,"Fe$_2$S$_2$ CAS(30e,20o)",7440,222.0309998360932
fe2s2_cas30e20o,"Fe$_2$S$_2$ CAS(30e,20o)",7450,221.947827508302
fe2s2_cas30e20o,"Fe$_2$S$_2$ CAS(30e,20o)",7460,222.82541215464846
fe2s2_cas30e20o,"Fe$_2$S$_2$ CAS(30e,20o)",7470,222.24271632504156
fe2s2_cas30e20o,"Fe$_2$S$_2$ CAS(30e,20o)",7480,222.2774067120099
fe2s2_cas30e20o,"Fe$_2$S$_2$ CAS(30e,20o)",7490,221.9386274470594
fe2s2_cas30e20o,"Fe$_2$S$_2$ CAS(30e,20o)",7500,222.24654366407037
fe2s2_cas30e20o,"Fe$_2$S$_2$ CAS(30e,20o)",7510,222.18845954739663
fe2s2_cas30e20o,"Fe$_2$S$_2$ CAS(30e,20o)",7520,222.12731985202083
fe2s2_cas30e20o,"Fe$_2$S$_2$ CAS(30e,20o)",7530,221.98295333159024
fe2s2_cas30e20o,"Fe$_2$S$_2$ CAS(30e,20o)",7540,222.11554677430456
fe2s2_cas30e20o,"Fe$_2$S$_2$ CAS(30e,20o)",7550,221.91753753071453
fe2s2_cas30e20o,"Fe$_2$S$_2$ CAS(30e,20o)",7560,222.4616474615999
fe2s2_cas30e20o,"Fe$_2$S$_2$ CAS(30e,20o)",7570,222.11490538916223
fe2s2_cas30e20o,"Fe$_2$S$_2$ CAS(30e,20o)",7580,221.9464545988501
fe2s2_cas30e20o,"Fe$_2$S$_2$ CAS(30e,20o)",7590,221.82876703584498
fe2s2_cas30e20o,"Fe$_2$S$_2$ CAS(30e,20o)",7600,221.8003804241988
fe2s2_cas30e20o,"Fe$_2$S$_2$ CAS(30e,20o)",7610,223.03097079843326
fe2s2_cas30e20o,"Fe$_2$S$_2$ CAS(30e,20o)",7620,222.00502245760845
fe2s2_cas30e20o,"Fe$_2$S$_2$ CAS(30e,20o)",7630,222.24810877682444
fe2s2_cas30e20o,"Fe$_2$S$_2$ CAS(30e,20o)",7640,221.8208693031869
fe2s2_cas30e20o,"Fe$_2$S$_2$ CAS(30e,20o)",7650,222.1446566992853
fe2s2_cas30e20o,"Fe$_2$S$_2$ CAS(30e,20o)",7660,222.16563893944397
fe2s2_cas30e20o,"Fe$_2$S$_2$ CAS(30e,20o)",7670,221.71698113980653
fe2s2_cas30e20o,"Fe$_2$S$_2$ CAS(30e,20o)",7680,221.77463058547175
fe2s2_cas30e20o,"Fe$_2$S$_2$ CAS(30e,20o)",7690,222.4267734012244
fe2s2_cas30e20o,"Fe$_2$S$_2$ CAS(30e,20o)",7700,222.51650435930515
fe2s2_cas30e20o,"Fe$_2$S$_2$ CAS(30e,20o)",7710,221.92220776467764
fe2s2_cas30e20o,"Fe$_2$S$_2$ CAS(30e,20o)",7720,221.76983730470567
fe2s2_cas30e20o,"Fe$_2$S$_2$ CAS(30e,20o)",7730,221.71718035514232
fe2s2_cas30e20o,"Fe$_2$S$_2$ CAS(30e,20o)",7740,221.958145327946
fe2s2_cas30e20o,"Fe$_2$S$_2$ CAS(30e,20o)",7750,221.78199908073282
fe2s2_cas30e20o,"Fe$_2$S$_2$ CAS(30e,20o)",7760,221.61388018284356
fe2s2_cas30e20o,"Fe$_2$S$_2$ CAS(30e,20o)",7770,222.15549822986702
fe2s2_cas30e20o,"Fe$_2$S$_2$ CAS(30e,20o)",7780,221.73754016189662
fe2s2_cas30e20o,"Fe$_2$S$_2$ CAS(30e,20o)",7790,221.8622846959164
fe2s2_cas30e20o,"Fe$_2$S$_2$ CAS(30e,20o)",7800,221.5248806616188
fe2s2_cas30e20o,"Fe$_2$S$_2$ CAS(30e,20o)",7810,221.90436005350023
fe2s2_cas30e20o,"Fe$_2$S$_2$ CAS(30e,20o)",7820,222.33861293918267
fe2s2_cas30e20o,"Fe$_2$S$_2$ CAS(30e,20o)",7830,221.67875371285106
fe2s2_cas30e20o,"Fe$_2$S$_2$ CAS(30e,20o)",7840,221.57608554853425
fe2s2_cas30e20o,"Fe$_2$S$_2$ CAS(30e,20o)",7850,221.76574620124256
fe2s2_cas30e20o,"Fe$_2$S$_2$ CAS(30e,20o)",7860,221.58207918228356
fe2s2_cas30e20o,"Fe$_2$S$_2$ CAS(30e,20o)",7870,221.53839021970612
fe2s2_cas30e20o,"Fe$_2$S$_2$ CAS(30e,20o)",7880,222.85026684166098
fe2s2_cas30e20o,"Fe$_2$S$_2$ CAS(30e,20o)",7890,221.62846253969803
fe2s2_cas30e20o,"Fe$_2$S$_2$ CAS(30e,20o)",7900,221.57385305197863
fe2s2_cas30e20o,"Fe$_2$S$_2$ CAS(30e,20o)",7910,221.39730244289524
fe2s2_cas30e20o,"Fe$_2$S$_2$ CAS(30e,20o)",7920,221.6027705478325
fe2s2_cas30e20o,"Fe$_2$S$_2$ CAS(30e,20o)",7930,221.49500777386777
fe2s2_cas30e20o,"Fe$_2$S$_2$ CAS(30e,20o)",7940,222.62716461666798
fe2s2_cas30e20o,"Fe$_2$S$_2$ CAS(30e,20o)",7950,221.86057870020193
fe2s2_cas30e20o,"Fe$_2$S$_2$ CAS(30e,20o)",7960,222.87838715082842
fe2s2_cas30e20o,"Fe$_2$S$_2$ CAS(30e,20o)",7970,221.9104455702876
fe2s2_cas30e20o,"Fe$_2$S$_2$ CAS(30e,20o)",7980,221.52378830270436
fe2s2_cas30e20o,"Fe$_2$S$_2$ CAS(30e,20o)",7990,221.355071690283
fe2s2_cas30e20o,"Fe$_2$S$_2$ CAS(30e,20o)",8000,221.313511419595
fe2s2_cas30e20o,"Fe$_2$S$_2$ CAS(30e,20o)",8010,221.54833946498798
fe2s2_cas30e20o,"Fe$_2$S$_2$ CAS(30e,20o)",8020,221.50141192165052
fe2s2_cas30e20o,"Fe$_2$S$_2$ CAS(30e,20o)",8030,221.49834124603274
fe2s2_cas30e20o,"Fe$_2$S$_2$ CAS(30e,20o)",8040,221.5261598831404
fe2s2_cas30e20o,"Fe$_2$S$_2$ CAS(30e,20o)",8050,221.30168396022043
fe2s2_cas30e20o,"Fe$_2$S$_2$ CAS(30e,20o)",8060,222.5238436866448
fe2s2_cas30e20o,"Fe$_2$S$_2$ CAS(30e,20o)",8070,221.73899297867194
fe2s2_cas30e20o,"Fe$_2$S$_2$ CAS(30e,20o)",8080,221.5699961487445
fe2s2_cas30e20o,"Fe$_2$S$_2$ CAS(30e,20o)",8090,222.00905903186197
fe2s2_cas30e20o,"Fe$_2$S$_2$ CAS(30e,20o)",8100,221.4927433209226
fe2s2_cas30e20o,"Fe$_2$S$_2$ CAS(30e,20o)",8110,221.50315904428908
fe2s2_cas30e20o,"Fe$_2$S$_2$ CAS(30e,20o)",8120,221.81900905242458
fe2s2_cas30e20o,"Fe$_2$S$_2$ CAS(30e,20o)",8130,221.2725183824631
fe2s2_cas30e20o,"Fe$_2$S$_2$ CAS(30e,20o)",8140,221.9338936040316
fe2s2_cas30e20o,"Fe$_2$S$_2$ CAS(30e,20o)",8150,221.52709367000512
fe2s2_cas30e20o,"Fe$_2$S$_2$ CAS(30e,20o)",8160,221.2288511779974
fe2s2_cas30e20o,"Fe$_2$S$_2$ CAS(30e,20o)",8170,221.4422498381765
fe2s2_cas30e20o,"Fe$_2$S$_2$ CAS(30e,20o)",8180,221.85499763602934
fe2s2_cas30e20o,"Fe$_2$S$_2$ CAS(30e,20o)",8190,221.4620137761898
fe2s2_cas30e20o,"Fe$_2$S$_2$ CAS(30e,20o)",8200,221.8025621999402
fe2s2_cas30e20o,"Fe$_2$S$_2$ CAS(30e,20o)",8210,221.30782217861622
fe2s2_cas30e20o,"Fe$_2$S$_2$ CAS(30e,20o)",8220,221.2103981234037
fe2s2_cas30e20o,"Fe$_2$S$_2$ CAS(30e,20o)",8230,221.53689443288727
fe2s2_cas30e20o,"Fe$_2$S$_2$ CAS(30e,20o)",8240,221.3465644845769
fe2s2_cas30e20o,"Fe$_2$S$_2$ CAS(30e,20o)",8250,221.232824552672
fe2s2_cas30e20o,"Fe$_2$S$_2$ CAS(30e,20o)",8260,221.37348293554737
fe2s2_cas30e20o,"Fe$_2$S$_2$ CAS(30e,20o)",8270,221.44463863682518
fe2s2_cas30e20o,"Fe$_2$S$_2$ CAS(30e,20o)",8280,221.51057955851172
fe2s2_cas30e20o,"Fe$_2$S$_2$ CAS(30e,20o)",8290,221.38395445030312
fe2s2_cas30e20o,"Fe$_2$S$_2$ CAS(30e,20o)",8300,221.10189785225032
fe2s2_cas30e20o,"Fe$_2$S$_2$ CAS(30e,20o)",8310,221.32183942194672
fe2s2_cas30e20o,"Fe$_2$S$_2$ CAS(30e,20o)",8320,221.1643240436132
fe2s2_cas30e20o,"Fe$_2$S$_2$ CAS(30e,20o)",8330,221.18891666528384
fe2s2_cas30e20o,"Fe$_2$S$_2$ CAS(30e,20o)",8340,221.16818255531712
fe2s2_cas30e20o,"Fe$_2$S$_2$ CAS(30e,20o)",8350,221.68316829836954
fe2s2_cas30e20o,"Fe$_2$S$_2$ CAS(30e,20o)",8360,221.27035373108583
fe2s2_cas30e20o,"Fe$_2$S$_2$ CAS(30e,20o)",8370,221.1563056617365
fe2s2_cas30e20o,"Fe$_2$S$_2$ CAS(30e,20o)",8380,221.41621206399975
fe2s2_cas30e20o,"Fe$_2$S$_2$ CAS(30e,20o)",8390,221.28156633809226
fe2s2_cas30e20o,"Fe$_2$S$_2$ CAS(30e,20o)",8400,221.12376794476063
fe2s2_cas30e20o,"Fe$_2$S$_2$ CAS(30e,20o)",8410,221.25989277635938
fe2s2_cas30e20o,"Fe$_2$S$_2$ CAS(30e,20o)",8420,221.04618279951183
fe2s2_cas30e20o,"Fe$_2$S$_2$ CAS(30e,20o)",8430,221.12165745457446
fe2s2_cas30e20o,"Fe$_2$S$_2$ CAS(30e,20o)",8440,221.28778834905916
fe2s2_cas30e20o,"Fe$_2$S$_2$ CAS(30e,20o)",8450,221.25599800052953
fe2s2_cas30e20o,"Fe$_2$S$_2$ CAS(30e,20o)",8460,221.52833786869053
fe2s2_cas30e20o,"Fe$_2$S$_2$ CAS(30e,20o)",8470,221.191182063464
fe2s2_cas30e20o,"Fe$_2$S$_2$ CAS(30e,20o)",8480,221.0187886839492
fe2s2_cas30e20o,"Fe$_2$S$_2$ CAS(30e,20o)",8490,221.13352636641537
fe2s2_cas30e20o,"Fe$_2$S$_2$ CAS(30e,20o)",8500,221.21158275240305
fe2s2_cas30e20o,"Fe$_2$S$_2$ CAS(30e,20o)",8510,221.05311731303345
fe2s2_cas30e20o,"Fe$_2$S$_2$ CAS(30e,20o)",8520,220.99731316431814
fe2s2_cas30e20o,"Fe$_2$S$_2$ CAS(30e,20o)",8530,221.21615071478118
fe2s2_cas30e20o,"Fe$_2$S$_2$ CAS(30e,20o)",8540,221.57857396932457
fe2s2_cas30e20o,"Fe$_2$S$_2$ CAS(30e,20o)",8550,220.9323607766578
fe2s2_cas30e20o,"Fe$_2$S$_2$ CAS(30e,20o)",8560,220.94065949202957
fe2s2_cas30e20o,"Fe$_2$S$_2$ CAS(30e,20o)",8570,220.95237981945104
fe2s2_cas30e20o,"Fe$_2$S$_2$ CAS(30e,20o)",8580,221.02620045060917
fe2s2_cas30e20o,"Fe$_2$S$_2$ CAS(30e,20o)",8590,221.12432079077848
fe2s2_cas30e20o,"Fe$_2$S$_2$ CAS(30e,20o)",8600,221.0435870355525
fe2s2_cas30e20o,"Fe$_2$S$_2$ CAS(30e,20o)",8610,221.03832468299345
fe2s2_cas30e20o,"Fe$_2$S$_2$ CAS(30e,20o)",8620,221.79614683673776
fe2s2_cas30e20o,"Fe$_2$S$_2$ CAS(30e,20o)",8630,220.93925413345517
fe2s2_cas30e20o,"Fe$_2$S$_2$ CAS(30e,20o)",8640,220.8634627101702
fe2s2_cas30e20o,"Fe$_2$S$_2$ CAS(30e,20o)",8650,222.4180473162818
fe2s2_cas30e20o,"Fe$_2$S$_2$ CAS(30e,20o)",8660,221.23806527172007
fe2s2_cas30e20o,"Fe$_2$S$_2$ CAS(30e,20o)",8670,220.88086293452136
fe2s2_cas30e20o,"Fe$_2$S$_2$ CAS(30e,20o)",8680,220.79582325720537
fe2s2_cas30e20o,"Fe$_2$S$_2$ CAS(30e,20o)",8690,221.5233156506855
fe2s2_cas30e20o,"Fe$_2$S$_2$ CAS(30e,20o)",8700,221.3375866290903
fe2s2_cas30e20o,"Fe$_2$S$_2$ CAS(30e,20o)",8710,220.81685971163267
fe2s2_cas30e20o,"Fe$_2$S$_2$ CAS(30e,20o)",8720,220.92550071042183
fe2s2_cas30e20o,"Fe$_2$S$_2$ CAS(30e,20o)",8730,221.37509215627915
fe2s2_cas30e20o,"Fe$_2$S$_2$ CAS(30e,20o)",8740,221.14063485949487
fe2s2_cas30e20o,"Fe$_2$S$_2$ CAS(30e,20o)",8750,220.98819653182034
fe2s2_cas30e20o,"Fe$_2$S$_2$ CAS(30e,20o)",8760,221.20775350776967
fe2s2_cas30e20o,"Fe$_2$S$_2$ CAS(30e,20o)",8770,221.0394536761413
fe2s2_cas30e20o,"Fe$_2$S$_2$ CAS(30e,20o)",8780,221.9179539937386
fe2s2_cas30e20o,"Fe$_2$S$_2$ CAS(30e,20o)",8790,221.08359025712332
fe2s2_cas30e20o,"Fe$_2$S$_2$ CAS(30e,20o)",8800,220.9257064732384
fe2s2_cas30e20o,"Fe$_2$S$_2$ CAS(30e,20o)",8810,220.83542102267018
fe2s2_cas30e20o,"Fe$_2$S$_2$ CAS(30e,20o)",8820,221.24762756028815
fe2s2_cas30e20o,"Fe$_2$S$_2$ CAS(30e,20o)",8830,220.81889499152396
fe2s2_cas30e20o,"Fe$_2$S$_2$ CAS(30e,20o)",8840,220.75293222056303
fe2s2_cas30e20o,"Fe$_2$S$_2$ CAS(30e,20o)",8850,220.67784667775925
fe2s2_cas30e20o,"Fe$_2$S$_2$ CAS(30e,20o)",8860,222.04427783168512
fe2s2_cas30e20o,"Fe$_2$S$_2$ CAS(30e,20o)",8870,221.09161948343115
fe2s2_cas30e20o,"Fe$_2$S$_2$ CAS(30e,20o)",8880,220.8481621886733
fe2s2_cas30e20o,"Fe$_2$S$_2$ CAS(30e,20o)",8890,220.64650122497653
fe2s2_cas30e20o,"Fe$_2$S$_2$ CAS(30e,20o)",8900,221.45926426982498
fe2s2_cas30e20o,"Fe$_2$S$_2$ CAS(30e,20o)",8910,220.9161288635073
fe2s2_cas30e20o,"Fe$_2$S$_2$ CAS(30e,20o)",8920,220.78012891721244
fe2s2_cas30e20o,"Fe$_2$S$_2$ CAS(30e,20o)",8930,220.94090779025066
fe2s2_cas30e20o,"Fe$_2$S$_2$ CAS(30e,20o)",8940,220.9030980409068
fe2s2_cas30e20o,"Fe$_2$S$_2$ CAS(30e,20o)",8950,221.28518933806163
fe2s2_cas30e20o,"Fe$_2$S$_2$ CAS(30e,20o)",8960,221.15939004778795
fe2s2_cas30e20o,"Fe$_2$S$_2$ CAS(30e,20o)",8970,221.01399238043484
fe2s2_cas30e20o,"Fe$_2$S$_2$ CAS(30e,20o)",8980,221.10922262484678
fe2s2_cas30e20o,"Fe$_2$S$_2$ CAS(30e,20o)",8990,220.8334001577157
fe2s2_cas30e20o,"Fe$_2$S$_2$ CAS(30e,20o)",9000,221.6715860833034
fe2s2_cas30e20o,"Fe$_2$S$_2$ CAS(30e,20o)",9010,220.78038656896126
fe2s2_cas30e20o,"Fe$_2$S$_2$ CAS(30e,20o)",9020,220.53095839849846
fe2s2_cas30e20o,"Fe$_2$S$_2$ CAS(30e,20o)",9030,220.5151087866426
fe2s2_cas30e20o,"Fe$_2$S$_2$ CAS(30e,20o)",9040,221.41330209097987
fe2s2_cas30e20o,"Fe$_2$S$_2$ CAS(30e,20o)",9050,221.1704464280757
fe2s2_cas30e20o,"Fe$_2$S$_2$ CAS(30e,20o)",9060,220.74127776582486
fe2s2_cas30e20o,"Fe$_2$S$_2$ CAS(30e,20o)",9070,220.63956205569468
fe2s2_cas30e20o,"Fe$_2$S$_2$ CAS(30e,20o)",9080,221.04456956007823
fe2s2_cas30e20o,"Fe$_2$S$_2$ CAS(30e,20o)",9090,220.67498083903558
fe2s2_cas30e20o,"Fe$_2$S$_2$ CAS(30e,20o)",9100,220.825376661125
fe2s2_cas30e20o,"Fe$_2$S$_2$ CAS(30e,20o)",9110,220.63054753279232
fe2s2_cas30e20o,"Fe$_2$S$_2$ CAS(30e,20o)",9120,221.0488293903694
fe2s2_cas30e20o,"Fe$_2$S$_2$ CAS(30e,20o)",9130,220.55737911705364
fe2s2_cas30e20o,"Fe$_2$S$_2$ CAS(30e,20o)",9140,220.6131769763573
fe2s2_cas30e20o,"Fe$_2$S$_2$ CAS(30e,20o)",9150,220.76116264800305
fe2s2_cas30e20o,"Fe$_2$S$_2$ CAS(30e,20o)",9160,220.98507237114973
fe2s2_cas30e20o,"Fe$_2$S$_2$ CAS(30e,20o)",9170,220.66983605259338
fe2s2_cas30e20o,"Fe$_2$S$_2$ CAS(30e,20o)",9180,221.13194493624633
fe2s2_cas30e20o,"Fe$_2$S$_2$ CAS(30e,20o)",9190,220.53273435875553
fe2s2_cas30e20o,"Fe$_2$S$_2$ CAS(30e,20o)",9200,220.52088433206052
fe2s2_cas30e20o,"Fe$_2$S$_2$ CAS(30e,20o)",9210,221.92790532692186
fe2s2_cas30e20o,"Fe$_2$S$_2$ CAS(30e,20o)",9220,220.9634599066277
fe2s2_cas30e20o,"Fe$_2$S$_2$ CAS(30e,20o)",9230,220.636392683204
fe2s2_cas30e20o,"Fe$_2$S$_2$ CAS(30e,20o)",9240,220.44828148641216
fe2s2_cas30e20o,"Fe$_2$S$_2$ CAS(30e,20o)",9250,220.4348642042646
fe2s2_cas30e20o,"Fe$_2$S$_2$ CAS(30e,20o)",9260,220.462457708976
fe2s2_cas30e20o,"Fe$_2$S$_2$ CAS(30e,20o)",9270,221.68302546315033
fe2s2_cas30e20o,"Fe$_2$S$_2$ CAS(30e,20o)",9280,221.33083493478978
fe2s2_cas30e20o,"Fe$_2$S$_2$ CAS(30e,20o)",9290,220.74366373131227
fe2s2_cas30e20o,"Fe$_2$S$_2$ CAS(30e,20o)",9300,220.94716656830826
fe2s2_cas30e20o,"Fe$_2$S$_2$ CAS(30e,20o)",9310,220.5402491592139
fe2s2_cas30e20o,"Fe$_2$S$_2$ CAS(30e,20o)",9320,220.30786943335556
fe2s2_cas30e20o,"Fe$_2$S$_2$ CAS(30e,20o)",9330,220.29361762372446
fe2s2_cas30e20o,"Fe$_2$S$_2$ CAS(30e,20o)",9340,222.07282079730817
fe2s2_cas30e20o,"Fe$_2$S$_2$ CAS(30e,20o)",9350,220.6846744474973
fe2s2_cas30e20o,"Fe$_2$S$_2$ CAS(30e,20o)",9360,220.4565048233036
fe2s2_cas30e20o,"Fe$_2$S$_2$ CAS(30e,20o)",9370,220.3239894225959
fe2s2_cas30e20o,"Fe$_2$S$_2$ CAS(30e,20o)",9380,220.5146462497396
fe2s2_cas30e20o,"Fe$_2$S$_2$ CAS(30e,20o)",9390,220.82138772216808
fe2s2_cas30e20o,"Fe$_2$S$_2$ CAS(30e,20o)",9400,220.683172118612
fe2s2_cas30e20o,"Fe$_2$S$_2$ CAS(30e,20o)",9410,220.41504193622075
fe2s2_cas30e20o,"Fe$_2$S$_2$ CAS(30e,20o)",9420,220.2473899277635
fe2s2_cas30e20o,"Fe$_2$S$_2$ CAS(30e,20o)",9430,220.74967051958083
fe2s2_cas30e20o,"Fe$_2$S$_2$ CAS(30e,20o)",9440,221.76041148703973
fe2s2_cas30e20o,"Fe$_2$S$_2$ CAS(30e,20o)",9450,220.65344499038986
fe2s2_cas30e20o,"Fe$_2$S$_2$ CAS(30e,20o)",9460,220.28713819459256
fe2s2_cas30e20o,"Fe$_2$S$_2$ CAS(30e,20o)",9470,220.35763809323328
fe2s2_cas30e20o,"Fe$_2$S$_2$ CAS(30e,20o)",9480,220.360884646837
fe2s2_cas30e20o,"Fe$_2$S$_2$ CAS(30e,20o)",9490,220.28253348292992
fe2s2_cas30e20o,"Fe$_2$S$_2$ CAS(30e,20o)",9500,220.6506397056387
fe2s2_cas30e20o,"Fe$_2$S$_2$ CAS(30e,20o)",9510,220.80237797676716
fe2s2_cas30e20o,"Fe$_2$S$_2$ CAS(30e,20o)",9520,220.4556812686036
fe2s2_cas30e20o,"Fe$_2$S$_2$ CAS(30e,20o)",9530,220.62422970770967
fe2s2_cas30e20o,"Fe$_2$S$_2$ CAS(30e,20o)",9540,220.32529043600846
fe2s2_cas30e20o,"Fe$_2$S$_2$ CAS(30e,20o)",9550,220.26453585026218
fe2s2_cas30e20o,"Fe$_2$S$_2$ CAS(30e,20o)",9560,220.37396639034057
fe2s2_cas30e20o,"Fe$_2$S$_2$ CAS(30e,20o)",9570,220.35873304258757
fe2s2_cas30e20o,"Fe$_2$S$_2$ CAS(30e,20o)",9580,220.68536605857503
fe2s2_cas30e20o,"Fe$_2$S$_2$ CAS(30e,20o)",9590,220.4682676943861
fe2s2_cas30e20o,"Fe$_2$S$_2$ CAS(30e,20o)",9600,220.11937364527512
fe2s2_cas30e20o,"Fe$_2$S$_2$ CAS(30e,20o)",9610,220.24458943151615
fe2s2_cas30e20o,"Fe$_2$S$_2$ CAS(30e,20o)",9620,220.68463798693472
fe2s2_cas30e20o,"Fe$_2$S$_2$ CAS(30e,20o)",9630,220.579175939136
fe2s2_cas30e20o,"Fe$_2$S$_2$ CAS(30e,20o)",9640,220.18809034788944
fe2s2_cas30e20o,"Fe$_2$S$_2$ CAS(30e,20o)",9650,220.53841004301944
fe2s2_cas30e20o,"Fe$_2$S$_2$ CAS(30e,20o)",9660,221.181428991585
fe2s2_cas30e20o,"Fe$_2$S$_2$ CAS(30e,20o)",9670,220.62740565883132
fe2s2_cas30e20o,"Fe$_2$S$_2$ CAS(30e,20o)",9680,220.43781679215613
fe2s2_cas30e20o,"Fe$_2$S$_2$ CAS(30e,20o)",9690,220.16116227489135
fe2s2_cas30e20o,"Fe$_2$S$_2$ CAS(30e,20o)",9700,220.05000480929482
fe2s2_cas30e20o,"Fe$_2$S$_2$ CAS(30e,20o)",9710,220.90331027486343
fe2s2_cas30e20o,"Fe$_2$S$_2$ CAS(30e,20o)",9720,220.2456593948625
fe2s2_cas30e20o,"Fe$_2$S$_2$ CAS(30e,20o)",9730,220.15774663687182
fe2s2_cas30e20o,"Fe$_2$S$_2$ CAS(30e,20o)",9740,220.04722744726735
fe2s2_cas30e20o,"Fe$_2$S$_2$ CAS(30e,20o)",9750,220.4499776713078
fe2s2_cas30e20o,"Fe$_2$S$_2$ CAS(30e,20o)",9760,220.5478767250071
fe2s2_cas30e20o,"Fe$_2$S$_2$ CAS(30e,20o)",9770,220.2328160711602
fe2s2_cas30e20o,"Fe$_2$S$_2$ CAS(30e,20o)",9780,220.64702628748023
fe2s2_cas30e20o,"Fe$_2$S$_2$ CAS(30e,20o)",9790,220.20920283219425
fe2s2_cas30e20o,"Fe$_2$S$_2$ CAS(30e,20o)",9800,220.28060743065225
fe2s2_cas30e20o,"Fe$_2$S$_2$ CAS(30e,20o)",9810,220.15129629454577
fe2s2_cas30e20o,"Fe$_2$S$_2$ CAS(30e,20o)",9820,220.0267089427257
fe2s2_cas30e20o,"Fe$_2$S$_2$ CAS(30e,20o)",9830,220.54749560368236
fe2s2_cas30e20o,"Fe$_2$S$_2$ CAS(30e,20o)",9840,220.38653683513587
fe2s2_cas30e20o,"Fe$_2$S$_2$ CAS(30e,20o)",9850,220.0884299215744
fe2s2_cas30e20o,"Fe$_2$S$_2$ CAS(30e,20o)",9860,220.47345271539598
fe2s2_cas30e20o,"Fe$_2$S$_2$ CAS(30e,20o)",9870,220.19261978387306
fe2s2_cas30e20o,"Fe$_2$S$_2$ CAS(30e,20o)",9880,220.03741923059295
fe2s2_cas30e20o,"Fe$_2$S$_2$ CAS(30e,20o)",9890,220.42858478943117
fe2s2_cas30e20o,"Fe$_2$S$_2$ CAS(30e,20o)",9900,220.42413542099837
fe2s2_cas30e20o,"Fe$_2$S$_2$ CAS(30e,20o)",9910,219.97349812762934
fe2s2_cas30e20o,"Fe$_2$S$_2$ CAS(30e,20o)",9920,219.95082648737707
fe2s2_cas30e20o,"Fe$_2$S$_2$ CAS(30e,20o)",9930,220.59508583737397
fe2s2_cas30e20o,"Fe$_2$S$_2$ CAS(30e,20o)",9940,220.0071203358931
fe2s2_cas30e20o,"Fe$_2$S$_2$ CAS(30e,20o)",9950,219.9584340975207
fe2s2_cas30e20o,"Fe$_2$S$_2$ CAS(30e,20o)",9960,220.49818874492644
fe2s2_cas30e20o,"Fe$_2$S$_2$ CAS(30e,20o)",9970,220.11866449354045
fe2s2_cas30e20o,"Fe$_2$S$_2$ CAS(30e,20o)",9980,220.06284391588338
fe2s2_cas30e20o,"Fe$_2$S$_2$ CAS(30e,20o)",9990,220.47586636081462
fe2s2_cas30e20o,"Fe$_2$S$_2$ CAS(30e,20o)",10000,220.75152306089763
fe2s2_cas30e20o,"Fe$_2$S$_2$ CAS(30e,20o)",10010,219.99663146424098
fe2s2_cas30e20o,"Fe$_2$S$_2$ CAS(30e,20o)",10020,219.97529514347036
fe2s2_cas30e20o,"Fe$_2$S$_2$ CAS(30e,20o)",10030,219.94949268099617
fe2s2_cas30e20o,"Fe$_2$S$_2$ CAS(30e,20o)",10040,219.9034036669758
fe2s2_cas30e20o,"Fe$_2$S$_2$ CAS(30e,20o)",10050,219.9494574492462
fe2s2_cas30e20o,"Fe$_2$S$_2$ CAS(30e,20o)",10060,220.28216583855453
fe2s2_cas30e20o,"Fe$_2$S$_2$ CAS(30e,20o)",10070,220.12318963429323
fe2s2_cas30e20o,"Fe$_2$S$_2$ CAS(30e,20o)",10080,219.9755873842406
fe2s2_cas30e20o,"Fe$_2$S$_2$ CAS(30e,20o)",10090,219.90349772201512
fe2s2_cas30e20o,"Fe$_2$S$_2$ CAS(30e,20o)",10100,221.94318476201147
fe2s2_cas30e20o,"Fe$_2$S$_2$ CAS(30e,20o)",10110,220.15033253380523
fe2s2_cas30e20o,"Fe$_2$S$_2$ CAS(30e,20o)",10120,219.96456480690085
fe2s2_cas30e20o,"Fe$_2$S$_2$ CAS(30e,20o)",10130,219.8395341702195
fe2s2_cas30e20o,"Fe$_2$S$_2$ CAS(30e,20o)",10140,219.77717838862532
fe2s2_cas30e20o,"Fe$_2$S$_2$ CAS(30e,20o)",10150,220.25593746295158
fe2s2_cas30e20o,"Fe$_2$S$_2$ CAS(30e,20o)",10160,219.89293560520196
fe2s2_cas30e20o,"Fe$_2$S$_2$ CAS(30e,20o)",10170,219.97210647271004
fe2s2_cas30e20o,"Fe$_2$S$_2$ CAS(30e,20o)",10180,219.8586977399941
fe2s2_cas30e20o,"Fe$_2$S$_2$ CAS(30e,20o)",10190,220.02932967144773
fe2s2_cas30e20o,"Fe$_2$S$_2$ CAS(30e,20o)",10200,220.23090325545525
fe2s2_cas30e20o,"Fe$_2$S$_2$ CAS(30e,20o)",10210,219.90690633167276
fe2s2_cas30e20o,"Fe$_2$S$_2$ CAS(30e,20o)",10220,219.78599659165354
fe2s2_cas30e20o,"Fe$_2$S$_2$ CAS(30e,20o)",10230,220.17283783284824
fe2s2_cas30e20o,"Fe$_2$S$_2$ CAS(30e,20o)",10240,219.96281911332005
fe2s2_cas30e20o,"Fe$_2$S$_2$ CAS(30e,20o)",10250,219.70676361735286
fe2s2_cas30e20o,"Fe$_2$S$_2$ CAS(30e,20o)",10260,220.06178176778235
fe2s2_cas30e20o,"Fe$_2$S$_2$ CAS(30e,20o)",10270,219.87753159505985
fe2s2_cas30e20o,"Fe$_2$S$_2$ CAS(30e,20o)",10280,219.81222712174997
fe2s2_cas30e20o,"Fe$_2$S$_2$ CAS(30e,20o)",10290,220.0977477377961
fe2s2_cas30e20o,"Fe$_2$S$_2$ CAS(30e,20o)",10300,219.93691463413256
fe2s2_cas30e20o,"Fe$_2$S$_2$ CAS(30e,20o)",10310,219.65079097765283
fe2s2_cas30e20o,"Fe$_2$S$_2$ CAS(30e,20o)",10320,219.7659120148785
fe2s2_cas30e20o,"Fe$_2$S$_2$ CAS(30e,20o)",10330,220.04632482369857
fe2s2_cas30e20o,"Fe$_2$S$_2$ CAS(30e,20o)",10340,220.1483784703271
fe2s2_cas30e20o,"Fe$_2$S$_2$ CAS(30e,20o)",10350,220.0633935641605
fe2s2_cas30e20o,"Fe$_2$S$_2$ CAS(30e,20o)",10360,220.0481194697801
fe2s2_cas30e20o,"Fe$_2$S$_2$ CAS(30e,20o)",10370,219.75811893152297
fe2s2_cas30e20o,"Fe$_2$S$_2$ CAS(30e,20o)",10380,219.5971581751195
fe2s2_cas30e20o,"Fe$_2$S$_2$ CAS(30e,20o)",10390,220.29438711943783
fe2s2_cas30e20o,"Fe$_2$S$_2$ CAS(30e,20o)",10400,219.8305427881735
fe2s2_cas30e20o,"Fe$_2$S$_2$ CAS(30e,20o)",10410,219.73448861253075
fe2s2_cas30e20o,"Fe$_2$S$_2$ CAS(30e,20o)",10420,220.38951513918903
fe2s2_cas30e20o,"Fe$_2$S$_2$ CAS(30e,20o)",10430,219.67836676149943
fe2s2_cas30e20o,"Fe$_2$S$_2$ CAS(30e,20o)",10440,219.7307985976238
fe2s2_cas30e20o,"Fe$_2$S$_2$ CAS(30e,20o)",10450,219.73782692830923
fe2s2_cas30e20o,"Fe$_2$S$_2$ CAS(30e,20o)",10460,219.7438837322636
fe2s2_cas30e20o,"Fe$_2$S$_2$ CAS(30e,20o)",10470,219.61486882352688
fe2s2_cas30e20o,"Fe$_2$S$_2$ CAS(30e,20o)",10480,219.660107034386
fe2s2_cas30e20o,"Fe$_2$S$_2$ CAS(30e,20o)",10490,219.73628437268644
fe2s2_cas30e20o,"Fe$_2$S$_2$ CAS(30e,20o)",10500,219.8516915364479
fe2s2_cas30e20o,"Fe$_2$S$_2$ CAS(30e,20o)",10510,219.61344518972226
fe2s2_cas30e20o,"Fe$_2$S$_2$ CAS(30e,20o)",10520,219.8932719386164
fe2s2_cas30e20o,"Fe$_2$S$_2$ CAS(30e,20o)",10530,219.88527577090622
fe2s2_cas30e20o,"Fe$_2$S$_2$ CAS(30e,20o)",10540,219.66243921254147
fe2s2_cas30e20o,"Fe$_2$S$_2$ CAS(30e,20o)",10550,219.4633657045557
fe2s2_cas30e20o,"Fe$_2$S$_2$ CAS(30e,20o)",10560,219.48765673629111
fe2s2_cas30e20o,"Fe$_2$S$_2$ CAS(30e,20o)",10570,220.50558055676106
fe2s2_cas30e20o,"Fe$_2$S$_2$ CAS(30e,20o)",10580,219.8821015074941
fe2s2_cas30e20o,"Fe$_2$S$_2$ CAS(30e,20o)",10590,219.53328820428908
fe2s2_cas30e20o,"Fe$_2$S$_2$ CAS(30e,20o)",10600,219.51891805088053
fe2s2_cas30e20o,"Fe$_2$S$_2$ CAS(30e,20o)",10610,219.52521721860307
fe2s2_cas30e20o,"Fe$_2$S$_2$ CAS(30e,20o)",10620,219.57513116062444
fe2s2_cas30e20o,"Fe$_2$S$_2$ CAS(30e,20o)",10630,220.005196824971
fe2s2_cas30e20o,"Fe$_2$S$_2$ CAS(30e,20o)",10640,219.7687777032371
fe2s2_cas30e20o,"Fe$_2$S$_2$ CAS(30e,20o)",10650,219.5981561321645
fe2s2_cas30e20o,"Fe$_2$S$_2$ CAS(30e,20o)",10660,219.7005529396705
fe2s2_cas30e20o,"Fe$_2$S$_2$ CAS(30e,20o)",10670,219.49434953762648
fe2s2_cas30e20o,"Fe$_2$S$_2$ CAS(30e,20o)",10680,219.89813975210382
fe2s2_cas30e20o,"Fe$_2$S$_2$ CAS(30e,20o)",10690,219.7700078655629
fe2s2_cas30e20o,"Fe$_2$S$_2$ CAS(30e,20o)",10700,219.55595021570673
fe2s2_cas30e20o,"Fe$_2$S$_2$ CAS(30e,20o)",10710,219.71590065861335
fe2s2_cas30e20o,"Fe$_2$S$_2$ CAS(30e,20o)",10720,219.4314563061397
fe2s2_cas30e20o,"Fe$_2$S$_2$ CAS(30e,20o)",10730,219.47821611827578
fe2s2_cas30e20o,"Fe$_2$S$_2$ CAS(30e,20o)",10740,219.60641163973094
fe2s2_cas30e20o,"Fe$_2$S$_2$ CAS(30e,20o)",10750,219.46721689002402
fe2s2_cas30e20o,"Fe$_2$S$_2$ CAS(30e,20o)",10760,219.51060521406873
fe2s2_cas30e20o,"Fe$_2$S$_2$ CAS(30e,20o)",10770,220.1142465621757
fe2s2_cas30e20o,"Fe$_2$S$_2$ CAS(30e,20o)",10780,219.3809142997054
fe2s2_cas30e20o,"Fe$_2$S$_2$ CAS(30e,20o)",10790,219.33875400856095
fe2s2_cas30e20o,"Fe$_2$S$_2$ CAS(30e,20o)",10800,219.5222412696154
fe2s2_cas30e20o,"Fe$_2$S$_2$ CAS(30e,20o)",10810,219.46131186928142
fe2s2_cas30e20o,"Fe$_2$S$_2$ CAS(30e,20o)",10820,219.32882082485605
fe2s2_cas30e20o,"Fe$_2$S$_2$ CAS(30e,20o)",10830,219.3463760136467
fe2s2_cas30e20o,"Fe$_2$S$_2$ CAS(30e,20o)",10840,219.42932437049478
fe2s2_cas30e20o,"Fe$_2$S$_2$ CAS(30e,20o)",10850,219.76911836948432
fe2s2_cas30e20o,"Fe$_2$S$_2$ CAS(30e,20o)",10860,219.31265264582578
fe2s2_cas30e20o,"Fe$_2$S$_2$ CAS(30e,20o)",10870,219.27626027752467
fe2s2_cas30e20o,"Fe$_2$S$_2$ CAS(30e,20o)",10880,219.55093515600765
fe2s2_cas30e20o,"Fe$_2$S$_2$ CAS(30e,20o)",10890,219.30371223002965
fe2s2_cas30e20o,"Fe$_2$S$_2$ CAS(30e,20o)",10900,219.28102101834668
fe2s2_cas30e20o,"Fe$_2$S$_2$ CAS(30e,20o)",10910,219.37803980094372
fe2s2_cas30e20o,"Fe$_2$S$_2$ CAS(30e,20o)",10920,219.26813668919465
fe2s2_cas30e20o,"Fe$_2$S$_2$ CAS(30e,20o)",10930,219.31514587340928
fe2s2_cas30e20o,"Fe$_2$S$_2$ CAS(30e,20o)",10940,219.88434629982123
fe2s2_cas30e20o,"Fe$_2$S$_2$ CAS(30e,20o)",10950,219.36358969018954
fe2s2_cas30e20o,"Fe$_2$S$_2$ CAS(30e,20o)",10960,219.20903141503345
fe2s2_cas30e20o,"Fe$_2$S$_2$ CAS(30e,20o)",10970,219.53996940490583
fe2s2_cas30e20o,"Fe$_2$S$_2$ CAS(30e,20o)",10980,219.38260384685293
fe2s2_cas30e20o,"Fe$_2$S$_2$ CAS(30e,20o)",10990,219.40527326076165
fe2s2_cas30e20o,"Fe$_2$S$_2$ CAS(30e,20o)",11000,219.15025264900123
fe2s2_cas30e20o,"Fe$_2$S$_2$ CAS(30e,20o)",11010,219.14405076429944
fe2s2_cas30e20o,"Fe$_2$S$_2$ CAS(30e,20o)",11020,219.14727780873022
fe2s2_cas30e20o,"Fe$_2$S$_2$ CAS(30e,20o)",11030,219.87338501516263
fe2s2_cas30e20o,"Fe$_2$S$_2$ CAS(30e,20o)",11040,219.26130145010347
fe2s2_cas30e20o,"Fe$_2$S$_2$ CAS(30e,20o)",11050,219.28752176441435
fe2s2_cas30e20o,"Fe$_2$S$_2$ CAS(30e,20o)",11060,219.10783486546848
fe2s2_cas30e20o,"Fe$_2$S$_2$ CAS(30e,20o)",11070,219.6302261605041
fe2s2_cas30e20o,"Fe$_2$S$_2$ CAS(30e,20o)",11080,219.23651182459025
fe2s2_cas30e20o,"Fe$_2$S$_2$ CAS(30e,20o)",11090,219.11525529280595
fe2s2_cas30e20o,"Fe$_2$S$_2$ CAS(30e,20o)",11100,219.04084003089963
fe2s2_cas30e20o,"Fe$_2$S$_2$ CAS(30e,20o)",11110,219.45655705012257
fe2s2_cas30e20o,"Fe$_2$S$_2$ CAS(30e,20o)",11120,219.2549209278951
fe2s2_cas30e20o,"Fe$_2$S$_2$ CAS(30e,20o)",11130,219.16506628191712
fe2s2_cas30e20o,"Fe$_2$S$_2$ CAS(30e,20o)",11140,219.14493653392242
fe2s2_cas30e20o,"Fe$_2$S$_2$ CAS(30e,20o)",11150,219.5621610968317
fe2s2_cas30e20o,"Fe$_2$S$_2$ CAS(30e,20o)",11160,219.02833629603435
fe2s2_cas30e20o,"Fe$_2$S$_2$ CAS(30e,20o)",11170,219.0303869271304
fe2s2_cas30e20o,"Fe$_2$S$_2$ CAS(30e,20o)",11180,219.35635752367943
fe2s2_cas30e20o,"Fe$_2$S$_2$ CAS(30e,20o)",11190,219.60283027645744
fe2s2_cas30e20o,"Fe$_2$S$_2$ CAS(30e,20o)",11200,219.07175645499422
fe2s2_cas30e20o,"Fe$_2$S$_2$ CAS(30e,20o)",11210,219.00381243840172
fe2s2_cas30e20o,"Fe$_2$S$_2$ CAS(30e,20o)",11220,219.43406710458646
fe2s2_cas30e20o,"Fe$_2$S$_2$ CAS(30e,20o)",11230,219.04294569191052
fe2s2_cas30e20o,"Fe$_2$S$_2$ CAS(30e,20o)",11240,219.08441580778515
fe2s2_cas30e20o,"Fe$_2$S$_2$ CAS(30e,20o)",11250,219.16583562405378
fe2s2_cas30e20o,"Fe$_2$S$_2$ CAS(30e,20o)",11260,219.16956645496555
fe2s2_cas30e20o,"Fe$_2$S$_2$ CAS(30e,20o)",11270,218.92317182901877
fe2s2_cas30e20o,"Fe$_2$S$_2$ CAS(30e,20o)",11280,219.20254812509654
fe2s2_cas30e20o,"Fe$_2$S$_2$ CAS(30e,20o)",11290,219.05689318991506
fe2s2_cas30e20o,"Fe$_2$S$_2$ CAS(30e,20o)",11300,219.0578893361277
fe2s2_cas30e20o,"Fe$_2$S$_2$ CAS(30e,20o)",11310,218.98205428472295
fe2s2_cas30e20o,"Fe$_2$S$_2$ CAS(30e,20o)",11320,219.79136779252428
fe2s2_cas30e20o,"Fe$_2$S$_2$ CAS(30e,20o)",11330,219.05873282186406
fe2s2_cas30e20o,"Fe$_2$S$_2$ CAS(30e,20o)",11340,218.9806581465632
fe2s2_cas30e20o,"Fe$_2$S$_2$ CAS(30e,20o)",11350,218.89495042142926
fe2s2_cas30e20o,"Fe$_2$S$_2$ CAS(30e,20o)",11360,219.1731891121833
fe2s2_cas30e20o,"Fe$_2$S$_2$ CAS(30e,20o)",11370,219.22641839934442
fe2s2_cas30e20o,"Fe$_2$S$_2$ CAS(30e,20o)",11380,219.21287128270706
fe2s2_cas30e20o,"Fe$_2$S$_2$ CAS(30e,20o)",11390,218.9987828475921
fe2s2_cas30e20o,"Fe$_2$S$_2$ CAS(30e,20o)",11400,218.81093202522095
fe2s2_cas30e20o,"Fe$_2$S$_2$ CAS(30e,20o)",11410,218.93862324442637
fe2s2_cas30e20o,"Fe$_2$S$_2$ CAS(30e,20o)",11420,219.2944974272848
fe2s2_cas30e20o,"Fe$_2$S$_2$ CAS(30e,20o)",11430,219.10341759384266
fe2s2_cas30e20o,"Fe$_2$S$_2$ CAS(30e,20o)",11440,218.83427231915675
fe2s2_cas30e20o,"Fe$_2$S$_2$ CAS(30e,20o)",11450,218.7942474756568
fe2s2_cas30e20o,"Fe$_2$S$_2$ CAS(30e,20o)",11460,219.5482397119548
fe2s2_cas30e20o,"Fe$_2$S$_2$ CAS(30e,20o)",11470,218.85316751887274
fe2s2_cas30e20o,"Fe$_2$S$_2$ CAS(30e,20o)",11480,219.16244490286374
fe2s2_cas30e20o,"Fe$_2$S$_2$ CAS(30e,20o)",11490,219.05286252955136
fe2s2_cas30e20o,"Fe$_2$S$_2$ CAS(30e,20o)",11500,219.09888674515798
fe2s2_cas30e20o,"Fe$_2$S$_2$ CAS(30e,20o)",11510,218.8526272713176
fe2s2_cas30e20o,"Fe$_2$S$_2$ CAS(30e,20o)",11520,219.8573739275247
fe2s2_cas30e20o,"Fe$_2$S$_2$ CAS(30e,20o)",11530,219.51353785108552
fe2s2_cas30e20o,"Fe$_2$S$_2$ CAS(30e,20o)",11540,219.0349983131057
fe2s2_cas30e20o,"Fe$_2$S$_2$ CAS(30e,20o)",11550,219.0035240481194
fe2s2_cas30e20o,"Fe$_2$S$_2$ CAS(30e,20o)",11560,218.84269107614784
fe2s2_cas30e20o,"Fe$_2$S$_2$ CAS(30e,20o)",11570,218.80518794775128
fe2s2_cas30e20o,"Fe$_2$S$_2$ CAS(30e,20o)",11580,219.27414512656185
fe2s2_cas30e20o,"Fe$_2$S$_2$ CAS(30e,20o)",11590,218.91515888587776
fe2s2_cas30e20o,"Fe$_2$S$_2$ CAS(30e,20o)",11600,218.73346881857003
fe2s2_cas30e20o,"Fe$_2$S$_2$ CAS(30e,20o)",11610,218.73877594489954
fe2s2_cas30e20o,"Fe$_2$S$_2$ CAS(30e,20o)",11620,218.74643859413823
fe2s2_cas30e20o,"Fe$_2$S$_2$ CAS(30e,20o)",11630,219.41497690554002
fe2s2_cas30e20o,"Fe$_2$S$_2$ CAS(30e,20o)",11640,218.8946818092461
fe2s2_cas30e20o,"Fe$_2$S$_2$ CAS(30e,20o)",11650,218.7533609972263
fe2s2_cas30e20o,"Fe$_2$S$_2$ CAS(30e,20o)",11660,218.71398433982847
fe2s2_cas30e20o,"Fe$_2$S$_2$ CAS(30e,20o)",11670,218.7784671749995
fe2s2_cas30e20o,"Fe$_2$S$_2$ CAS(30e,20o)",11680,218.90206276007973
fe2s2_cas30e20o,"Fe$_2$S$_2$ CAS(30e,20o)",11690,219.12241460343296
fe2s2_cas30e20o,"Fe$_2$S$_2$ CAS(30e,20o)",11700,218.9497319422884
fe2s2_cas30e20o,"Fe$_2$S$_2$ CAS(30e,20o)",11710,218.81707671924744
fe2s2_cas30e20o,"Fe$_2$S$_2$ CAS(30e,20o)",11720,221.29232621013273
fe2s2_cas30e20o,"Fe$_2$S$_2$ CAS(30e,20o)",11730,220.15498988996285
fe2s2_cas30e20o,"Fe$_2$S$_2$ CAS(30e,20o)",11740,219.13932570170402
fe2s2_cas30e20o,"Fe$_2$S$_2$ CAS(30e,20o)",11750,218.7448194608237
fe2s2_cas30e20o,"Fe$_2$S$_2$ CAS(30e,20o)",11760,218.70212608608597
fe2s2_cas30e20o,"Fe$_2$S$_2$ CAS(30e,20o)",11770,218.65749162232362
fe2s2_cas30e20o,"Fe$_2$S$_2$ CAS(30e,20o)",11780,218.70180035861608
fe2s2_cas30e20o,"Fe$_2$S$_2$ CAS(30e,20o)",11790,219.19562363655132
fe2s2_cas30e20o,"Fe$_2$S$_2$ CAS(30e,20o)",11800,219.0101268071345
fe2s2_cas30e20o,"Fe$_2$S$_2$ CAS(30e,20o)",11810,218.68749135919074
fe2s2_cas30e20o,"Fe$_2$S$_2$ CAS(30e,20o)",11820,218.595571677767
fe2s2_cas30e20o,"Fe$_2$S$_2$ CAS(30e,20o)",11830,219.54240931283664
fe2s2_cas30e20o,"Fe$_2$S$_2$ CAS(30e,20o)",11840,218.88556307116858
fe2s2_cas30e20o,"Fe$_2$S$_2$ CAS(30e,20o)",11850,218.63373331514424
fe2s2_cas30e20o,"Fe$_2$S$_2$ CAS(30e,20o)",11860,218.74216195388385
fe2s2_cas30e20o,"Fe$_2$S$_2$ CAS(30e,20o)",11870,219.12543521649752
fe2s2_cas30e20o,"Fe$_2$S$_2$ CAS(30e,20o)",11880,218.5924321010475
fe2s2_cas30e20o,"Fe$_2$S$_2$ CAS(30e,20o)",11890,218.88643251477902
fe2s2_cas30e20o,"Fe$_2$S$_2$ CAS(30e,20o)",11900,218.86648032976552
fe2s2_cas30e20o,"Fe$_2$S$_2$ CAS(30e,20o)",11910,218.6001046411974
fe2s2_cas30e20o,"Fe$_2$S$_2$ CAS(30e,20o)",11920,218.85614739646542
fe2s2_cas30e20o,"Fe$_2$S$_2$ CAS(30e,20o)",11930,218.93178576864614
fe2s2_cas30e20o,"Fe$_2$S$_2$ CAS(30e,20o)",11940,218.77022697678683
fe2s2_cas30e20o,"Fe$_2$S$_2$ CAS(30e,20o)",11950,218.5641786798982
fe2s2_cas30e20o,"Fe$_2$S$_2$ CAS(30e,20o)",11960,218.56440638875085
fe2s2_cas30e20o,"Fe$_2$S$_2$ CAS(30e,20o)",11970,219.44642428455552
fe2s2_cas30e20o,"Fe$_2$S$_2$ CAS(30e,20o)",11980,218.87525255941398
fe2s2_cas30e20o,"Fe$_2$S$_2$ CAS(30e,20o)",11990,218.7775354391306
fe2s2_cas30e20o,"Fe$_2$S$_2$ CAS(30e,20o)",12000,218.8012187070285
fe2s2_cas30e20o,"Fe$_2$S$_2$ CAS(30e,20o)",12010,218.8012525523675
fe2s2_cas30e20o,"Fe$_2$S$_2$ CAS(30e,20o)",12020,218.66112319584374
fe2s2_cas30e20o,"Fe$_2$S$_2$ CAS(30e,20o)",12030,218.57968947959705
fe2s2_cas30e20o,"Fe$_2$S$_2$ CAS(30e,20o)",12040,218.56380581543533
fe2s2_cas30e20o,"Fe$_2$S$_2$ CAS(30e,20o)",12050,219.39485271178683
fe2s2_cas30e20o,"Fe$_2$S$_2$ CAS(30e,20o)",12060,218.83289516138404
fe2s2_cas30e20o,"Fe$_2$S$_2$ CAS(30e,20o)",12070,218.63687341711113
fe2s2_cas30e20o,"Fe$_2$S$_2$ CAS(30e,20o)",12080,218.89954605424577
fe2s2_cas30e20o,"Fe$_2$S$_2$ CAS(30e,20o)",12090,218.75208732070917
fe2s2_cas30e20o,"Fe$_2$S$_2$ CAS(30e,20o)",12100,218.5898338882879
fe2s2_cas30e20o,"Fe$_2$S$_2$ CAS(30e,20o)",12110,218.61055871903545
fe2s2_cas30e20o,"Fe$_2$S$_2$ CAS(30e,20o)",12120,218.6829941436912
fe2s2_cas30e20o,"Fe$_2$S$_2$ CAS(30e,20o)",12130,218.6198919821294
fe2s2_cas30e20o,"Fe$_2$S$_2$ CAS(30e,20o)",12140,218.5162677494361
fe2s2_cas30e20o,"Fe$_2$S$_2$ CAS(30e,20o)",12150,219.74660272229585
fe2s2_cas30e20o,"Fe$_2$S$_2$ CAS(30e,20o)",12160,218.60344142007193
fe2s2_cas30e20o,"Fe$_2$S$_2$ CAS(30e,20o)",12170,218.59434411753398
fe2s2_cas30e20o,"Fe$_2$S$_2$ CAS(30e,20o)",12180,218.39853841579782
fe2s2_cas30e20o,"Fe$_2$S$_2$ CAS(30e,20o)",12190,218.64240432216775
fe2s2_cas30e20o,"Fe$_2$S$_2$ CAS(30e,20o)",12200,219.39810350188793
fe2s2_cas30e20o,"Fe$_2$S$_2$ CAS(30e,20o)",12210,219.03655694130464
fe2s2_cas30e20o,"Fe$_2$S$_2$ CAS(30e,20o)",12220,218.58220190108568
fe2s2_cas30e20o,"Fe$_2$S$_2$ CAS(30e,20o)",12230,218.7012501023844
fe2s2_cas30e20o,"Fe$_2$S$_2$ CAS(30e,20o)",12240,218.48340356473273
fe2s2_cas30e20o,"Fe$_2$S$_2$ CAS(30e,20o)",12250,218.8774237672675
fe2s2_cas30e20o,"Fe$_2$S$_2$ CAS(30e,20o)",12260,218.89965781700482
fe2s2_cas30e20o,"Fe$_2$S$_2$ CAS(30e,20o)",12270,218.4634034804276
fe2s2_cas30e20o,"Fe$_2$S$_2$ CAS(30e,20o)",12280,218.46089198731988
fe2s2_cas30e20o,"Fe$_2$S$_2$ CAS(30e,20o)",12290,218.4081021684534
fe2s2_cas30e20o,"Fe$_2$S$_2$ CAS(30e,20o)",12300,219.24018990054606
fe2s2_cas30e20o,"Fe$_2$S$_2$ CAS(30e,20o)",12310,218.59298117200865
fe2s2_cas30e20o,"Fe$_2$S$_2$ CAS(30e,20o)",12320,218.40156952330858
fe2s2_cas30e20o,"Fe$_2$S$_2$ CAS(30e,20o)",12330,218.49009745686487
fe2s2_cas30e20o,"Fe$_2$S$_2$ CAS(30e,20o)",12340,218.37300459058895
fe2s2_cas30e20o,"Fe$_2$S$_2$ CAS(30e,20o)",12350,218.82262792381368
fe2s2_cas30e20o,"Fe$_2$S$_2$ CAS(30e,20o)",12360,219.1672924448369
fe2s2_cas30e20o,"Fe$_2$S$_2$ CAS(30e,20o)",12370,218.67917728549457
fe2s2_cas30e20o,"Fe$_2$S$_2$ CAS(30e,20o)",12380,218.77964321676302
fe2s2_cas30e20o,"Fe$_2$S$_2$ CAS(30e,20o)",12390,218.43493027560612
fe2s2_cas30e20o,"Fe$_2$S$_2$ CAS(30e,20o)",12400,218.36484766275532
fe2s2_cas30e20o,"Fe$_2$S$_2$ CAS(30e,20o)",12410,218.892850643428
fe2s2_cas30e20o,"Fe$_2$S$_2$ CAS(30e,20o)",12420,218.64047161172095
fe2s2_cas30e20o,"Fe$_2$S$_2$ CAS(30e,20o)",12430,218.3663392511761
fe2s2_cas30e20o,"Fe$_2$S$_2$ CAS(30e,20o)",12440,218.3680523092022
fe2s2_cas30e20o,"Fe$_2$S$_2$ CAS(30e,20o)",12450,218.6770587478719
fe2s2_cas30e20o,"Fe$_2$S$_2$ CAS(30e,20o)",12460,218.43087853763166
fe2s2_cas30e20o,"Fe$_2$S$_2$ CAS(30e,20o)",12470,218.91498021477673
fe2s2_cas30e20o,"Fe$_2$S$_2$ CAS(30e,20o)",12480,218.49129704783365
fe2s2_cas30e20o,"Fe$_2$S$_2$ CAS(30e,20o)",12490,218.53461006428176
fe2s2_cas30e20o,"Fe$_2$S$_2$ CAS(30e,20o)",12500,218.28193239008442
fe2s2_cas30e20o,"Fe$_2$S$_2$ CAS(30e,20o)",12510,219.3708904805476
fe2s2_cas30e20o,"Fe$_2$S$_2$ CAS(30e,20o)",12520,218.43512473027715
fe2s2_cas30e20o,"Fe$_2$S$_2$ CAS(30e,20o)",12530,218.40948463950838
fe2s2_cas30e20o,"Fe$_2$S$_2$ CAS(30e,20o)",12540,218.29387371791142
fe2s2_cas30e20o,"Fe$_2$S$_2$ CAS(30e,20o)",12550,219.8898554229629
fe2s2_cas30e20o,"Fe$_2$S$_2$ CAS(30e,20o)",12560,219.3059156998345
fe2s2_cas30e20o,"Fe$_2$S$_2$ CAS(30e,20o)",12570,218.511995402622
fe2s2_cas30e20o,"Fe$_2$S$_2$ CAS(30e,20o)",12580,218.33228154055462
fe2s2_cas30e20o,"Fe$_2$S$_2$ CAS(30e,20o)",12590,218.2922921361694
fe2s2_cas30e20o,"Fe$_2$S$_2$ CAS(30e,20o)",12600,218.20775638317969
fe2s2_cas30e20o,"Fe$_2$S$_2$ CAS(30e,20o)",12610,219.23232854383912
fe2s2_cas30e20o,"Fe$_2$S$_2$ CAS(30e,20o)",12620,218.62764848866334
fe2s2_cas30e20o,"Fe$_2$S$_2$ CAS(30e,20o)",12630,219.4875962632068
fe2s2_cas30e20o,"Fe$_2$S$_2$ CAS(30e,20o)",12640,218.54879934485894
fe2s2_cas30e20o,"Fe$_2$S$_2$ CAS(30e,20o)",12650,218.2797451176981
fe2s2_cas30e20o,"Fe$_2$S$_2$ CAS(30e,20o)",12660,218.30535174890997
fe2s2_cas30e20o,"Fe$_2$S$_2$ CAS(30e,20o)",12670,218.27315664914693
fe2s2_cas30e20o,"Fe$_2$S$_2$ CAS(30e,20o)",12680,219.48708352216784
fe2s2_cas30e20o,"Fe$_2$S$_2$ CAS(30e,20o)",12690,218.5962567915567
fe2s2_cas30e20o,"Fe$_2$S$_2$ CAS(30e,20o)",12700,218.34136798410952
fe2s2_cas30e20o,"Fe$_2$S$_2$ CAS(30e,20o)",12710,218.19648703163352
fe2s2_cas30e20o,"Fe$_2$S$_2$ CAS(30e,20o)",12720,219.23296179528506
fe2s2_cas30e20o,"Fe$_2$S$_2$ CAS(30e,20o)",12730,218.35476052048364
fe2s2_cas30e20o,"Fe$_2$S$_2$ CAS(30e,20o)",12740,218.3521950499454
fe2s2_cas30e20o,"Fe$_2$S$_2$ CAS(30e,20o)",12750,218.18628388436423
fe2s2_cas30e20o,"Fe$_2$S$_2$ CAS(30e,20o)",12760,218.6982493241061
fe2s2_cas30e20o,"Fe$_2$S$_2$ CAS(30e,20o)",12770,218.36023767946244
fe2s2_cas30e20o,"Fe$_2$S$_2$ CAS(30e,20o)",12780,218.31079358349825
fe2s2_cas30e20o,"Fe$_2$S$_2$ CAS(30e,20o)",12790,218.66796637318942
fe2s2_cas30e20o,"Fe$_2$S$_2$ CAS(30e,20o)",12800,218.9364659781603
fe2s2_cas30e20o,"Fe$_2$S$_2$ CAS(30e,20o)",12810,218.3744694686851
fe2s2_cas30e20o,"Fe$_2$S$_2$ CAS(30e,20o)",12820,218.20273579101013
fe2s2_cas30e20o,"Fe$_2$S$_2$ CAS(30e,20o)",12830,218.50842765392997
fe2s2_cas30e20o,"Fe$_2$S$_2$ CAS(30e,20o)",12840,218.30852655776312
fe2s2_cas30e20o,"Fe$_2$S$_2$ CAS(30e,20o)",12850,218.22616466930356
fe2s2_cas30e20o,"Fe$_2$S$_2$ CAS(30e,20o)",12860,218.33410937860265
fe2s2_cas30e20o,"Fe$_2$S$_2$ CAS(30e,20o)",12870,218.6699483462604
fe2s2_cas30e20o,"Fe$_2$S$_2$ CAS(30e,20o)",12880,218.24880272082225
fe2s2_cas30e20o,"Fe$_2$S$_2$ CAS(30e,20o)",12890,218.20602931546773
fe2s2_cas30e20o,"Fe$_2$S$_2$ CAS(30e,20o)",12900,219.3008521347366
fe2s2_cas30e20o,"Fe$_2$S$_2$ CAS(30e,20o)",12910,218.3422792390104
fe2s2_cas30e20o,"Fe$_2$S$_2$ CAS(30e,20o)",12920,218.30002063683196
fe2s2_cas30e20o,"Fe$_2$S$_2$ CAS(30e,20o)",12930,218.32124669911934
fe2s2_cas30e20o,"Fe$_2$S$_2$ CAS(30e,20o)",12940,218.38336946245818
fe2s2_cas30e20o,"Fe$_2$S$_2$ CAS(30e,20o)",12950,218.23499288704795
fe2s2_cas30e20o,"Fe$_2$S$_2$ CAS(30e,20o)",12960,218.19755552155584
fe2s2_cas30e20o,"Fe$_2$S$_2$ CAS(30e,20o)",12970,218.12378489758544
fe2s2_cas30e20o,"Fe$_2$S$_2$ CAS(30e,20o)",12980,218.77775801452515
fe2s2_cas30e20o,"Fe$_2$S$_2$ CAS(30e,20o)",12990,218.3980635183076
fe2s2_cas30e20o,"Fe$_2$S$_2$ CAS(30e,20o)",13000,218.1878344161987
fe2s2_cas30e20o,"Fe$_2$S$_2$ CAS(30e,20o)",13010,218.12495909902907
fe2s2_cas30e20o,"Fe$_2$S$_2$ CAS(30e,20o)",13020,219.55095181225204
fe2s2_cas30e20o,"Fe$_2$S$_2$ CAS(30e,20o)",13030,218.83785800748967
fe2s2_cas30e20o,"Fe$_2$S$_2$ CAS(30e,20o)",13040,218.72229412917932
fe2s2_cas30e20o,"Fe$_2$S$_2$ CAS(30e,20o)",13050,218.33046388887567
fe2s2_cas30e20o,"Fe$_2$S$_2$ CAS(30e,20o)",13060,218.09012668752814
fe2s2_cas30e20o,"Fe$_2$S$_2$ CAS(30e,20o)",13070,218.0685709579251
fe2s2_cas30e20o,"Fe$_2$S$_2$ CAS(30e,20o)",13080,219.04237843175167
fe2s2_cas30e20o,"Fe$_2$S$_2$ CAS(30e,20o)",13090,218.1742808583067
fe2s2_cas30e20o,"Fe$_2$S$_2$ CAS(30e,20o)",13100,218.19079390874663
fe2s2_cas30e20o,"Fe$_2$S$_2$ CAS(30e,20o)",13110,219.1528132740217
fe2s2_cas30e20o,"Fe$_2$S$_2$ CAS(30e,20o)",13120,218.1322457394259
fe2s2_cas30e20o,"Fe$_2$S$_2$ CAS(30e,20o)",13130,218.51481851958
fe2s2_cas30e20o,"Fe$_2$S$_2$ CAS(30e,20o)",13140,218.1102937051662
fe2s2_cas30e20o,"Fe$_2$S$_2$ CAS(30e,20o)",13150,218.10724455563957
fe2s2_cas30e20o,"Fe$_2$S$_2$ CAS(30e,20o)",13160,218.07896894378587
fe2s2_cas30e20o,"Fe$_2$S$_2$ CAS(30e,20o)",13170,218.25605108729462
fe2s2_cas30e20o,"Fe$_2$S$_2$ CAS(30e,20o)",13180,218.2415957097561
fe2s2_cas30e20o,"Fe$_2$S$_2$ CAS(30e,20o)",13190,218.1351383220118
fe2s2_cas30e20o,"Fe$_2$S$_2$ CAS(30e,20o)",13200,218.0217427614366
fe2s2_cas30e20o,"Fe$_2$S$_2$ CAS(30e,20o)",13210,219.0261940641136
fe2s2_cas30e20o,"Fe$_2$S$_2$ CAS(30e,20o)",13220,218.23109509649896
fe2s2_cas30e20o,"Fe$_2$S$_2$ CAS(30e,20o)",13230,218.1303470618019
fe2s2_cas30e20o,"Fe$_2$S$_2$ CAS(30e,20o)",13240,218.03541774522728
fe2s2_cas30e20o,"Fe$_2$S$_2$ CAS(30e,20o)",13250,218.43223468702888
fe2s2_cas30e20o,"Fe$_2$S$_2$ CAS(30e,20o)",13260,218.24581306579205
fe2s2_cas30e20o,"Fe$_2$S$_2$ CAS(30e,20o)",13270,218.0766814479682
fe2s2_cas30e20o,"Fe$_2$S$_2$ CAS(30e,20o)",13280,218.38914229395812
fe2s2_cas30e20o,"Fe$_2$S$_2$ CAS(30e,20o)",13290,218.2496398484517
fe2s2_cas30e20o,"Fe$_2$S$_2$ CAS(30e,20o)",13300,218.09611725046807
fe2s2_cas30e20o,"Fe$_2$S$_2$ CAS(30e,20o)",13310,217.9825621162621
fe2s2_cas30e20o,"Fe$_2$S$_2$ CAS(30e,20o)",13320,218.84000386221203
fe2s2_cas30e20o,"Fe$_2$S$_2$ CAS(30e,20o)",13330,218.26341721927633
fe2s2_cas30e20o,"Fe$_2$S$_2$ CAS(30e,20o)",13340,218.2849308303645
fe2s2_cas30e20o,"Fe$_2$S$_2$ CAS(30e,20o)",13350,218.08220890270036
fe2s2_cas30e20o,"Fe$_2$S$_2$ CAS(30e,20o)",13360,219.19363445995543
fe2s2_cas30e20o,"Fe$_2$S$_2$ CAS(30e,20o)",13370,219.33851754030798
fe2s2_cas30e20o,"Fe$_2$S$_2$ CAS(30e,20o)",13380,218.66483104609813
fe2s2_cas30e20o,"Fe$_2$S$_2$ CAS(30e,20o)",13390,218.01207480275764
fe2s2_cas30e20o,"Fe$_2$S$_2$ CAS(30e,20o)",13400,217.97535422383874
fe2s2_cas30e20o,"Fe$_2$S$_2$ CAS(30e,20o)",13410,218.1259272318954
fe2s2_cas30e20o,"Fe$_2$S$_2$ CAS(30e,20o)",13420,218.04892142958465
fe2s2_cas30e20o,"Fe$_2$S$_2$ CAS(30e,20o)",13430,218.16078365091585
fe2s2_cas30e20o,"Fe$_2$S$_2$ CAS(30e,20o)",13440,217.98843601703766
fe2s2_cas30e20o,"Fe$_2$S$_2$ CAS(30e,20o)",13450,217.93841588548446
fe2s2_cas30e20o,"Fe$_2$S$_2$ CAS(30e,20o)",13460,218.03058829878808
fe2s2_cas30e20o,"Fe$_2$S$_2$ CAS(30e,20o)",13470,218.16951416504082
fe2s2_cas30e20o,"Fe$_2$S$_2$ CAS(30e,20o)",13480,218.03225043356633
fe2s2_cas30e20o,"Fe$_2$S$_2$ CAS(30e,20o)",13490,218.19250918315447
fe2s2_cas30e20o,"Fe$_2$S$_2$ CAS(30e,20o)",13500,218.05568365404326
fe2s2_cas30e20o,"Fe$_2$S$_2$ CAS(30e,20o)",13510,217.95274149027932
fe2s2_cas30e20o,"Fe$_2$S$_2$ CAS(30e,20o)",13520,218.74181319218167
fe2s2_cas30e20o,"Fe$_2$S$_2$ CAS(30e,20o)",13530,218.31773649935826
fe2s2_cas30e20o,"Fe$_2$S$_2$ CAS(30e,20o)",13540,218.06244540688624
fe2s2_cas30e20o,"Fe$_2$S$_2$ CAS(30e,20o)",13550,217.93359859982786
fe2s2_cas30e20o,"Fe$_2$S$_2$ CAS(30e,20o)",13560,218.43386894023809
fe2s2_cas30e20o,"Fe$_2$S$_2$ CAS(30e,20o)",13570,218.36076835042206
fe2s2_cas30e20o,"Fe$_2$S$_2$ CAS(30e,20o)",13580,217.99565153003186
fe2s2_cas30e20o,"Fe$_2$S$_2$ CAS(30e,20o)",13590,217.93663598357682
fe2s2_cas30e20o,"Fe$_2$S$_2$ CAS(30e,20o)",13600,217.89015797949673
fe2s2_cas30e20o,"Fe$_2$S$_2$ CAS(30e,20o)",13610,219.1286405057582
fe2s2_cas30e20o,"Fe$_2$S$_2$ CAS(30e,20o)",13620,218.06891650497562
fe2s2_cas30e20o,"Fe$_2$S$_2$ CAS(30e,20o)",13630,218.10618831892725
fe2s2_cas30e20o,"Fe$_2$S$_2$ CAS(30e,20o)",13640,217.90676653317576
fe2s2_cas30e20o,"Fe$_2$S$_2$ CAS(30e,20o)",13650,217.94412961340015
fe2s2_cas30e20o,"Fe$_2$S$_2$ CAS(30e,20o)",13660,217.88354400469245
fe2s2_cas30e20o,"Fe$_2$S$_2$ CAS(30e,20o)",13670,217.9584551608258
fe2s2_cas30e20o,"Fe$_2$S$_2$ CAS(30e,20o)",13680,217.95329779540396
fe2s2_cas30e20o,"Fe$_2$S$_2$ CAS(30e,20o)",13690,218.28969433236978
fe2s2_cas30e20o,"Fe$_2$S$_2$ CAS(30e,20o)",13700,218.12475166510126
fe2s2_cas30e20o,"Fe$_2$S$_2$ CAS(30e,20o)",13710,218.09461659167084
fe2s2_cas30e20o,"Fe$_2$S$_2$ CAS(30e,20o)",13720,218.0416921592041
fe2s2_cas30e20o,"Fe$_2$S$_2$ CAS(30e,20o)",13730,217.92229295270715
fe2s2_cas30e20o,"Fe$_2$S$_2$ CAS(30e,20o)",13740,217.96568293181906
fe2s2_cas30e20o,"Fe$_2$S$_2$ CAS(30e,20o)",13750,217.95280314081822
fe2s2_cas30e20o,"Fe$_2$S$_2$ CAS(30e,20o)",13760,218.34223468023595
fe2s2_cas30e20o,"Fe$_2$S$_2$ CAS(30e,20o)",13770,218.0107018115507
fe2s2_cas30e20o,"Fe$_2$S$_2$ CAS(30e,20o)",13780,218.20137324901623
fe2s2_cas30e20o,"Fe$_2$S$_2$ CAS(30e,20o)",13790,218.5796556920252
fe2s2_cas30e20o,"Fe$_2$S$_2$ CAS(30e,20o)",13800,217.9309028039711
fe2s2_cas30e20o,"Fe$_2$S$_2$ CAS(30e,20o)",13810,217.8173401403427
fe2s2_cas30e20o,"Fe$_2$S$_2$ CAS(30e,20o)",13820,218.72647937448164
fe2s2_cas30e20o,"Fe$_2$S$_2$ CAS(30e,20o)",13830,218.34030327980258
fe2s2_cas30e20o,"Fe$_2$S$_2$ CAS(30e,20o)",13840,217.95910893460757
fe2s2_cas30e20o,"Fe$_2$S$_2$ CAS(30e,20o)",13850,217.77466437011128
fe2s2_cas30e20o,"Fe$_2$S$_2$ CAS(30e,20o)",13860,218.60227381965558
fe2s2_cas30e20o,"Fe$_2$S$_2$ CAS(30e,20o)",13870,217.87259366952583
fe2s2_cas30e20o,"Fe$_2$S$_2$ CAS(30e,20o)",13880,217.96505089341167
fe2s2_cas30e20o,"Fe$_2$S$_2$ CAS(30e,20o)",13890,217.85101381053096
fe2s2_cas30e20o,"Fe$_2$S$_2$ CAS(30e,20o)",13900,218.1863304520988
fe2s2_cas30e20o,"Fe$_2$S$_2$ CAS(30e,20o)",13910,217.89069351055446
fe2s2_cas30e20o,"Fe$_2$S$_2$ CAS(30e,20o)",13920,217.86532149455695
fe2s2_cas30e20o,"Fe$_2$S$_2$ CAS(30e,20o)",13930,217.99735690022715
fe2s2_cas30e20o,"Fe$_2$S$_2$ CAS(30e,20o)",13940,217.79037166402304
fe2s2_cas30e20o,"Fe$_2$S$_2$ CAS(30e,20o)",13950,218.03624483629847
fe2s2_cas30e20o,"Fe$_2$S$_2$ CAS(30e,20o)",13960,217.87327273645474
fe2s2_cas30e20o,"Fe$_2$S$_2$ CAS(30e,20o)",13970,217.9273977881877
fe2s2_cas30e20o,"Fe$_2$S$_2$ CAS(30e,20o)",13980,217.88149798975098
fe2s2_cas30e20o,"Fe$_2$S$_2$ CAS(30e,20o)",13990,217.79589627702478
fe2s2_cas30e20o,"Fe$_2$S$_2$ CAS(30e,20o)",14000,217.91553004145214
fe2s2_cas30e20o,"Fe$_2$S$_2$ CAS(30e,20o)",14010,217.97836424896389
fe2s2_cas30e20o,"Fe$_2$S$_2$ CAS(30e,20o)",14020,218.1572484948191
fe2s2_cas30e20o,"Fe$_2$S$_2$ CAS(30e,20o)",14030,217.90838633323517
fe2s2_cas30e20o,"Fe$_2$S$_2$ CAS(30e,20o)",14040,218.01007589662902
fe2s2_cas30e20o,"Fe$_2$S$_2$ CAS(30e,20o)",14050,217.87102527437696
fe2s2_cas30e20o,"Fe$_2$S$_2$ CAS(30e,20o)",14060,217.90403896855537
fe2s2_cas30e20o,"Fe$_2$S$_2$ CAS(30e,20o)",14070,217.89353143456935
fe2s2_cas30e20o,"Fe$_2$S$_2$ CAS(30e,20o)",14080,217.74697145065147
fe2s2_cas30e20o,"Fe$_2$S$_2$ CAS(30e,20o)",14090,217.7668781076818
fe2s2_cas30e20o,"Fe$_2$S$_2$ CAS(30e,20o)",14100,217.8238693822152
fe2s2_cas30e20o,"Fe$_2$S$_2$ CAS(30e,20o)",14110,218.1172396101374
fe2s2_cas30e20o,"Fe$_2$S$_2$ CAS(30e,20o)",14120,217.9360928517582
fe2s2_cas30e20o,"Fe$_2$S$_2$ CAS(30e,20o)",14130,217.91206747830927
fe2s2_cas30e20o,"Fe$_2$S$_2$ CAS(30e,20o)",14140,217.76806606079901
fe2s2_cas30e20o,"Fe$_2$S$_2$ CAS(30e,20o)",14150,217.6898090995678
fe2s2_cas30e20o,"Fe$_2$S$_2$ CAS(30e,20o)",14160,218.04639019117644
fe2s2_cas30e20o,"Fe$_2$S$_2$ CAS(30e,20o)",14170,218.44682774069213
fe2s2_cas30e20o,"Fe$_2$S$_2$ CAS(30e,20o)",14180,217.90922469588736
fe2s2_cas30e20o,"Fe$_2$S$_2$ CAS(30e,20o)",14190,217.753192837975
fe2s2_cas30e20o,"Fe$_2$S$_2$ CAS(30e,20o)",14200,217.672159786801
fe2s2_cas30e20o,"Fe$_2$S$_2$ CAS(30e,20o)",14210,217.7311066169949
fe2s2_cas30e20o,"Fe$_2$S$_2$ CAS(30e,20o)",14220,217.82381256969074
fe2s2_cas30e20o,"Fe$_2$S$_2$ CAS(30e,20o)",14230,218.098068417234
fe2s2_cas30e20o,"Fe$_2$S$_2$ CAS(30e,20o)",14240,217.81881531634895
fe2s2_cas30e20o,"Fe$_2$S$_2$ CAS(30e,20o)",14250,217.7643978227195
fe2s2_cas30e20o,"Fe$_2$S$_2$ CAS(30e,20o)",14260,217.69605795061864
fe2s2_cas30e20o,"Fe$_2$S$_2$ CAS(30e,20o)",14270,217.9952522730133
fe2s2_cas30e20o,"Fe$_2$S$_2$ CAS(30e,20o)",14280,217.72665922998158
fe2s2_cas30e20o,"Fe$_2$S$_2$ CAS(30e,20o)",14290,217.66592524163286
fe2s2_cas30e20o,"Fe$_2$S$_2$ CAS(30e,20o)",14300,218.69544147719466
fe2s2_cas30e20o,"Fe$_2$S$_2$ CAS(30e,20o)",14310,217.8681914548548
fe2s2_cas30e20o,"Fe$_2$S$_2$ CAS(30e,20o)",14320,217.690674343757
fe2s2_cas30e20o,"Fe$_2$S$_2$ CAS(30e,20o)",14330,217.61077421656694
fe2s2_cas30e20o,"Fe$_2$S$_2$ CAS(30e,20o)",14340,217.8818759362997
fe2s2_cas30e20o,"Fe$_2$S$_2$ CAS(30e,20o)",14350,217.8615665090291
fe2s2_cas30e20o,"Fe$_2$S$_2$ CAS(30e,20o)",14360,217.6739414693145
fe2s2_cas30e20o,"Fe$_2$S$_2$ CAS(30e,20o)",14370,217.6903065420248
fe2s2_cas30e20o,"Fe$_2$S$_2$ CAS(30e,20o)",14380,218.50717973754286
fe2s2_cas30e20o,"Fe$_2$S$_2$ CAS(30e,20o)",14390,217.6207829519825
fe2s2_cas30e20o,"Fe$_2$S$_2$ CAS(30e,20o)",14400,217.6512113966993
fe2s2_cas30e20o,"Fe$_2$S$_2$ CAS(30e,20o)",14410,217.90099389667716
fe2s2_cas30e20o,"Fe$_2$S$_2$ CAS(30e,20o)",14420,217.73894967246576
fe2s2_cas30e20o,"Fe$_2$S$_2$ CAS(30e,20o)",14430,217.62670228767433
fe2s2_cas30e20o,"Fe$_2$S$_2$ CAS(30e,20o)",14440,217.67304883667293
fe2s2_cas30e20o,"Fe$_2$S$_2$ CAS(30e,20o)",14450,218.35181402640558
fe2s2_cas30e20o,"Fe$_2$S$_2$ CAS(30e,20o)",14460,217.85795745876158
fe2s2_cas30e20o,"Fe$_2$S$_2$ CAS(30e,20o)",14470,217.8261889910118
fe2s2_cas30e20o,"Fe$_2$S$_2$ CAS(30e,20o)",14480,217.67587564383462
fe2s2_cas30e20o,"Fe$_2$S$_2$ CAS(30e,20o)",14490,217.68486812126753
fe2s2_cas30e20o,"Fe$_2$S$_2$ CAS(30e,20o)",14500,217.69502118904427
fe2s2_cas30e20o,"Fe$_2$S$_2$ CAS(30e,20o)",14510,217.8176249833257
fe2s2_cas30e20o,"Fe$_2$S$_2$ CAS(30e,20o)",14520,217.7649446759915
fe2s2_cas30e20o,"Fe$_2$S$_2$ CAS(30e,20o)",14530,217.71535422102772
fe2s2_cas30e20o,"Fe$_2$S$_2$ CAS(30e,20o)",14540,217.74943848191697
fe2s2_cas30e20o,"Fe$_2$S$_2$ CAS(30e,20o)",14550,217.70595403957316
fe2s2_cas30e20o,"Fe$_2$S$_2$ CAS(30e,20o)",14560,217.60655623286596
fe2s2_cas30e20o,"Fe$_2$S$_2$ CAS(30e,20o)",14570,218.35508231927747
fe2s2_cas30e20o,"Fe$_2$S$_2$ CAS(30e,20o)",14580,217.75738219503182
fe2s2_cas30e20o,"Fe$_2$S$_2$ CAS(30e,20o)",14590,217.63084027446666
fe2s2_cas30e20o,"Fe$_2$S$_2$ CAS(30e,20o)",14600,217.61068932126193
fe2s2_cas30e20o,"Fe$_2$S$_2$ CAS(30e,20o)",14610,218.12202225099497
fe2s2_cas30e20o,"Fe$_2$S$_2$ CAS(30e,20o)",14620,217.56294566891654
fe2s2_cas30e20o,"Fe$_2$S$_2$ CAS(30e,20o)",14630,218.4133362457743
fe2s2_cas30e20o,"Fe$_2$S$_2$ CAS(30e,20o)",14640,217.9752997808322
fe2s2_cas30e20o,"Fe$_2$S$_2$ CAS(30e,20o)",14650,217.54092697887017
fe2s2_cas30e20o,"Fe$_2$S$_2$ CAS(30e,20o)",14660,217.54263489413006
fe2s2_cas30e20o,"Fe$_2$S$_2$ CAS(30e,20o)",14670,218.24784849059142
fe2s2_cas30e20o,"Fe$_2$S$_2$ CAS(30e,20o)",14680,217.9207851868057
fe2s2_cas30e20o,"Fe$_2$S$_2$ CAS(30e,20o)",14690,217.5795680487056
fe2s2_cas30e20o,"Fe$_2$S$_2$ CAS(30e,20o)",14700,218.01930883799514
fe2s2_cas30e20o,"Fe$_2$S$_2$ CAS(30e,20o)",14710,217.73946911588382
fe2s2_cas30e20o,"Fe$_2$S$_2$ CAS(30e,20o)",14720,217.63984711957107
fe2s2_cas30e20o,"Fe$_2$S$_2$ CAS(30e,20o)",14730,217.66972898662118
fe2s2_cas30e20o,"Fe$_2$S$_2$ CAS(30e,20o)",14740,217.91000643396785
fe2s2_cas30e20o,"Fe$_2$S$_2$ CAS(30e,20o)",14750,217.56832738655874
fe2s2_cas30e20o,"Fe$_2$S$_2$ CAS(30e,20o)",14760,217.51107783521206
fe2s2_cas30e20o,"Fe$_2$S$_2$ CAS(30e,20o)",14770,217.5438149400435
fe2s2_cas30e20o,"Fe$_2$S$_2$ CAS(30e,20o)",14780,217.6029177890655
fe2s2_cas30e20o,"Fe$_2$S$_2$ CAS(30e,20o)",14790,217.9142597008621
fe2s2_cas30e20o,"Fe$_2$S$_2$ CAS(30e,20o)",14800,217.7970677846588
fe2s2_cas30e20o,"Fe$_2$S$_2$ CAS(30e,20o)",14810,217.84066626739218
fe2s2_cas30e20o,"Fe$_2$S$_2$ CAS(30e,20o)",14820,217.54830578426265
fe2s2_cas30e20o,"Fe$_2$S$_2$ CAS(30e,20o)",14830,217.48811898316944
fe2s2_cas30e20o,"Fe$_2$S$_2$ CAS(30e,20o)",14840,217.66178343190745
fe2s2_cas30e20o,"Fe$_2$S$_2$ CAS(30e,20o)",14850,217.91058558741838
fe2s2_cas30e20o,"Fe$_2$S$_2$ CAS(30e,20o)",14860,217.78303049329395
fe2s2_cas30e20o,"Fe$_2$S$_2$ CAS(30e,20o)",14870,217.53018552941228
fe2s2_cas30e20o,"Fe$_2$S$_2$ CAS(30e,20o)",14880,217.79509524787954
fe2s2_cas30e20o,"Fe$_2$S$_2$ CAS(30e,20o)",14890,217.6388864751715
fe2s2_cas30e20o,"Fe$_2$S$_2$ CAS(30e,20o)",14900,217.464619874022
fe2s2_cas30e20o,"Fe$_2$S$_2$ CAS(30e,20o)",14910,218.5900808079424
fe2s2_cas30e20o,"Fe$_2$S$_2$ CAS(30e,20o)",14920,217.67417747113882
fe2s2_cas30e20o,"Fe$_2$S$_2$ CAS(30e,20o)",14930,217.64742783228996
fe2s2_cas30e20o,"Fe$_2$S$_2$ CAS(30e,20o)",14940,217.4503743852938
fe2s2_cas30e20o,"Fe$_2$S$_2$ CAS(30e,20o)",14950,217.4526553413898
fe2s2_cas30e20o,"Fe$_2$S$_2$ CAS(30e,20o)",14960,217.8178340721928
fe2s2_cas30e20o,"Fe$_2$S$_2$ CAS(30e,20o)",14970,217.57090536725343
fe2s2_cas30e20o,"Fe$_2$S$_2$ CAS(30e,20o)",14980,217.517304291988
fe2s2_cas30e20o,"Fe$_2$S$_2$ CAS(30e,20o)",14990,217.59944580166746
fe2s2_cas30e20o,"Fe$_2$S$_2$ CAS(30e,20o)",15000,217.56367376664798
fe2s2_cas30e20o,"Fe$_2$S$_2$ CAS(30e,20o)",15010,217.57638136685387
fe2s2_cas30e20o,"Fe$_2$S$_2$ CAS(30e,20o)",15020,217.5368774068005
fe2s2_cas30e20o,"Fe$_2$S$_2$ CAS(30e,20o)",15030,217.992698657838
fe2s2_cas30e20o,"Fe$_2$S$_2$ CAS(30e,20o)",15040,217.52068166010474
fe2s2_cas30e20o,"Fe$_2$S$_2$ CAS(30e,20o)",15050,217.45289205536267
fe2s2_cas30e20o,"Fe$_2$S$_2$ CAS(30e,20o)",15060,217.90082763145335
fe2s2_cas30e20o,"Fe$_2$S$_2$ CAS(30e,20o)",15070,217.59507634075703
fe2s2_cas30e20o,"Fe$_2$S$_2$ CAS(30e,20o)",15080,217.60284030331434
fe2s2_cas30e20o,"Fe$_2$S$_2$ CAS(30e,20o)",15090,218.03084759378066
fe2s2_cas30e20o,"Fe$_2$S$_2$ CAS(30e,20o)",15100,217.71489181662673
fe2s2_cas30e20o,"Fe$_2$S$_2$ CAS(30e,20o)",15110,217.39707658835528
fe2s2_cas30e20o,"Fe$_2$S$_2$ CAS(30e,20o)",15120,217.49267287857776
fe2s2_cas30e20o,"Fe$_2$S$_2$ CAS(30e,20o)",15130,217.71362357689839
fe2s2_cas30e20o,"Fe$_2$S$_2$ CAS(30e,20o)",15140,217.54323689965815
fe2s2_cas30e20o,"Fe$_2$S$_2$ CAS(30e,20o)",15150,217.35542279223807
fe2s2_cas30e20o,"Fe$_2$S$_2$ CAS(30e,20o)",15160,217.5514023297609
fe2s2_cas30e20o,"Fe$_2$S$_2$ CAS(30e,20o)",15170,217.85415392295704
fe2s2_cas30e20o,"Fe$_2$S$_2$ CAS(30e,20o)",15180,217.88181613545987
fe2s2_cas30e20o,"Fe$_2$S$_2$ CAS(30e,20o)",15190,217.5544363782933
fe2s2_cas30e20o,"Fe$_2$S$_2$ CAS(30e,20o)",15200,217.41912381153838
fe2s2_cas30e20o,"Fe$_2$S$_2$ CAS(30e,20o)",15210,217.8448601970615
fe2s2_cas30e20o,"Fe$_2$S$_2$ CAS(30e,20o)",15220,217.56311942530715
fe2s2_cas30e20o,"Fe$_2$S$_2$ CAS(30e,20o)",15230,217.44011122626716
fe2s2_cas30e20o,"Fe$_2$S$_2$ CAS(30e,20o)",15240,217.36482960064052
fe2s2_cas30e20o,"Fe$_2$S$_2$ CAS(30e,20o)",15250,217.3388770822129
fe2s2_cas30e20o,"Fe$_2$S$_2$ CAS(30e,20o)",15260,217.60583302194902
fe2s2_cas30e20o,"Fe$_2$S$_2$ CAS(30e,20o)",15270,217.63694535955835
fe2s2_cas30e20o,"Fe$_2$S$_2$ CAS(30e,20o)",15280,217.80068507987949
fe2s2_cas30e20o,"Fe$_2$S$_2$ CAS(30e,20o)",15290,217.4816528345218
fe2s2_cas30e20o,"Fe$_2$S$_2$ CAS(30e,20o)",15300,217.36117237179542
fe2s2_cas30e20o,"Fe$_2$S$_2$ CAS(30e,20o)",15310,217.78005355936614
fe2s2_cas30e20o,"Fe$_2$S$_2$ CAS(30e,20o)",15320,217.54156914948908
fe2s2_cas30e20o,"Fe$_2$S$_2$ CAS(30e,20o)",15330,217.39637589442395
fe2s2_cas30e20o,"Fe$_2$S$_2$ CAS(30e,20o)",15340,217.35288379495898
fe2s2_cas30e20o,"Fe$_2$S$_2$ CAS(30e,20o)",15350,217.3720704251707
fe2s2_cas30e20o,"Fe$_2$S$_2$ CAS(30e,20o)",15360,217.30113530567507
fe2s2_cas30e20o,"Fe$_2$S$_2$ CAS(30e,20o)",15370,217.41545289184216
fe2s2_cas30e20o,"Fe$_2$S$_2$ CAS(30e,20o)",15380,217.75044586074443
fe2s2_cas30e20o,"Fe$_2$S$_2$ CAS(30e,20o)",15390,217.4863611208906
fe2s2_cas30e20o,"Fe$_2$S$_2$ CAS(30e,20o)",15400,217.35513150746044
fe2s2_cas30e20o,"Fe$_2$S$_2$ CAS(30e,20o)",15410,217.34649767587655
fe2s2_cas30e20o,"Fe$_2$S$_2$ CAS(30e,20o)",15420,217.60340542019208
fe2s2_cas30e20o,"Fe$_2$S$_2$ CAS(30e,20o)",15430,217.5015350007783
fe2s2_cas30e20o,"Fe$_2$S$_2$ CAS(30e,20o)",15440,217.53053700703617
fe2s2_cas30e20o,"Fe$_2$S$_2$ CAS(30e,20o)",15450,217.34168860916725
fe2s2_cas30e20o,"Fe$_2$S$_2$ CAS(30e,20o)",15460,217.31533943822967
fe2s2_cas30e20o,"Fe$_2$S$_2$ CAS(30e,20o)",15470,218.06293494863382
fe2s2_cas30e20o,"Fe$_2$S$_2$ CAS(30e,20o)",15480,217.66767274145593
fe2s2_cas30e20o,"Fe$_2$S$_2$ CAS(30e,20o)",15490,217.42554475464715
fe2s2_cas30e20o,"Fe$_2$S$_2$ CAS(30e,20o)",15500,217.29479117509243
fe2s2_cas30e20o,"Fe$_2$S$_2$ CAS(30e,20o)",15510,217.3399963568272
fe2s2_cas30e20o,"Fe$_2$S$_2$ CAS(30e,20o)",15520,217.86170359837342
fe2s2_cas30e20o,"Fe$_2$S$_2$ CAS(30e,20o)",15530,217.58846142074617
fe2s2_cas30e20o,"Fe$_2$S$_2$ CAS(30e,20o)",15540,217.27791387542084
fe2s2_cas30e20o,"Fe$_2$S$_2$ CAS(30e,20o)",15550,217.37654640863013
fe2s2_cas30e20o,"Fe$_2$S$_2$ CAS(30e,20o)",15560,217.89429297598417
fe2s2_cas30e20o,"Fe$_2$S$_2$ CAS(30e,20o)",15570,217.62321533238094
fe2s2_cas30e20o,"Fe$_2$S$_2$ CAS(30e,20o)",15580,217.347034629924
fe2s2_cas30e20o,"Fe$_2$S$_2$ CAS(30e,20o)",15590,217.37142040670676
fe2s2_cas30e20o,"Fe$_2$S$_2$ CAS(30e,20o)",15600,217.28471706850883
fe2s2_cas30e20o,"Fe$_2$S$_2$ CAS(30e,20o)",15610,217.74293259748845
fe2s2_cas30e20o,"Fe$_2$S$_2$ CAS(30e,20o)",15620,217.3198411786217
fe2s2_cas30e20o,"Fe$_2$S$_2$ CAS(30e,20o)",15630,217.2203258155747
fe2s2_cas30e20o,"Fe$_2$S$_2$ CAS(30e,20o)",15640,217.8083475061925
fe2s2_cas30e20o,"Fe$_2$S$_2$ CAS(30e,20o)",15650,217.633722932689
fe2s2_cas30e20o,"Fe$_2$S$_2$ CAS(30e,20o)",15660,217.35325287062324
fe2s2_cas30e20o,"Fe$_2$S$_2$ CAS(30e,20o)",15670,217.64555534979024
fe2s2_cas30e20o,"Fe$_2$S$_2$ CAS(30e,20o)",15680,217.50015309011417
fe2s2_cas30e20o,"Fe$_2$S$_2$ CAS(30e,20o)",15690,217.23180261263053
fe2s2_cas30e20o,"Fe$_2$S$_2$ CAS(30e,20o)",15700,217.25704960532255
fe2s2_cas30e20o,"Fe$_2$S$_2$ CAS(30e,20o)",15710,217.23579821130556
fe2s2_cas30e20o,"Fe$_2$S$_2$ CAS(30e,20o)",15720,218.32670110073593
fe2s2_cas30e20o,"Fe$_2$S$_2$ CAS(30e,20o)",15730,217.53099780372054
fe2s2_cas30e20o,"Fe$_2$S$_2$ CAS(30e,20o)",15740,217.29136196817933
fe2s2_cas30e20o,"Fe$_2$S$_2$ CAS(30e,20o)",15750,217.18187136735878
fe2s2_cas30e20o,"Fe$_2$S$_2$ CAS(30e,20o)",15760,217.84344187051374
fe2s2_cas30e20o,"Fe$_2$S$_2$ CAS(30e,20o)",15770,217.39670643945885
fe2s2_cas30e20o,"Fe$_2$S$_2$ CAS(30e,20o)",15780,217.28931361305115
fe2s2_cas30e20o,"Fe$_2$S$_2$ CAS(30e,20o)",15790,217.17323456134352
fe2s2_cas30e20o,"Fe$_2$S$_2$ CAS(30e,20o)",15800,217.78192519262518
fe2s2_cas30e20o,"Fe$_2$S$_2$ CAS(30e,20o)",15810,217.17906600007097
fe2s2_cas30e20o,"Fe$_2$S$_2$ CAS(30e,20o)",15820,217.24401375639957
fe2s2_cas30e20o,"Fe$_2$S$_2$ CAS(30e,20o)",15830,217.2130166104438
fe2s2_cas30e20o,"Fe$_2$S$_2$ CAS(30e,20o)",15840,217.28989937716392
fe2s2_cas30e20o,"Fe$_2$S$_2$ CAS(30e,20o)",15850,217.31109452802855
fe2s2_cas30e20o,"Fe$_2$S$_2$ CAS(30e,20o)",15860,217.67614206507346
fe2s2_cas30e20o,"Fe$_2$S$_2$ CAS(30e,20o)",15870,217.32559476008362
fe2s2_cas30e20o,"Fe$_2$S$_2$ CAS(30e,20o)",15880,217.26940094744407
fe2s2_cas30e20o,"Fe$_2$S$_2$ CAS(30e,20o)",15890,217.56844247579465
fe2s2_cas30e20o,"Fe$_2$S$_2$ CAS(30e,20o)",15900,217.35344122652123
fe2s2_cas30e20o,"Fe$_2$S$_2$ CAS(30e,20o)",15910,217.15419222640264
fe2s2_cas30e20o,"Fe$_2$S$_2$ CAS(30e,20o)",15920,217.17441965505202
fe2s2_cas30e20o,"Fe$_2$S$_2$ CAS(30e,20o)",15930,217.22494502269285
fe2s2_cas30e20o,"Fe$_2$S$_2$ CAS(30e,20o)",15940,217.20832299173765
fe2s2_cas30e20o,"Fe$_2$S$_2$ CAS(30e,20o)",15950,217.22371649980232
fe2s2_cas30e20o,"Fe$_2$S$_2$ CAS(30e,20o)",15960,217.14711475814852
fe2s2_cas30e20o,"Fe$_2$S$_2$ CAS(30e,20o)",15970,217.46650696017866
fe2s2_cas30e20o,"Fe$_2$S$_2$ CAS(30e,20o)",15980,217.46766865302902
fe2s2_cas30e20o,"Fe$_2$S$_2$ CAS(30e,20o)",15990,217.2312925936808
fe2s2_cas30e20o,"Fe$_2$S$_2$ CAS(30e,20o)",16000,217.15662770536426
fe2s2_cas30e20o,"Fe$_2$S$_2$ CAS(30e,20o)",16010,217.09097777768704
fe2s2_cas30e20o,"Fe$_2$S$_2$ CAS(30e,20o)",16020,217.62777148823886
fe2s2_cas30e20o,"Fe$_2$S$_2$ CAS(30e,20o)",16030,217.3477630352778
fe2s2_cas30e20o,"Fe$_2$S$_2$ CAS(30e,20o)",16040,217.50364808718814
fe2s2_cas30e20o,"Fe$_2$S$_2$ CAS(30e,20o)",16050,217.13574060575525
fe2s2_cas30e20o,"Fe$_2$S$_2$ CAS(30e,20o)",16060,217.14738619209584
fe2s2_cas30e20o,"Fe$_2$S$_2$ CAS(30e,20o)",16070,217.07219512643405
fe2s2_cas30e20o,"Fe$_2$S$_2$ CAS(30e,20o)",16080,217.40209146283007
fe2s2_cas30e20o,"Fe$_2$S$_2$ CAS(30e,20o)",16090,217.15702412133453
fe2s2_cas30e20o,"Fe$_2$S$_2$ CAS(30e,20o)",16100,217.13759038539138
fe2s2_cas30e20o,"Fe$_2$S$_2$ CAS(30e,20o)",16110,217.19654034947666
fe2s2_cas30e20o,"Fe$_2$S$_2$ CAS(30e,20o)",16120,217.1450800083221
fe2s2_cas30e20o,"Fe$_2$S$_2$ CAS(30e,20o)",16130,217.17218004997108
fe2s2_cas30e20o,"Fe$_2$S$_2$ CAS(30e,20o)",16140,217.08065739370852
fe2s2_cas30e20o,"Fe$_2$S$_2$ CAS(30e,20o)",16150,217.4529589484706
fe2s2_cas30e20o,"Fe$_2$S$_2$ CAS(30e,20o)",16160,217.337831951383
fe2s2_cas30e20o,"Fe$_2$S$_2$ CAS(30e,20o)",16170,217.2093495560432
fe2s2_cas30e20o,"Fe$_2$S$_2$ CAS(30e,20o)",16180,217.14847555188044
fe2s2_cas30e20o,"Fe$_2$S$_2$ CAS(30e,20o)",16190,218.02193254143276
fe2s2_cas30e20o,"Fe$_2$S$_2$ CAS(30e,20o)",16200,217.59269204866882
fe2s2_cas30e20o,"Fe$_2$S$_2$ CAS(30e,20o)",16210,217.2662735209343
fe2s2_cas30e20o,"Fe$_2$S$_2$ CAS(30e,20o)",16220,217.1958574931523
fe2s2_cas30e20o,"Fe$_2$S$_2$ CAS(30e,20o)",16230,217.05116683597225
fe2s2_cas30e20o,"Fe$_2$S$_2$ CAS(30e,20o)",16240,217.17911701013293
fe2s2_cas30e20o,"Fe$_2$S$_2$ CAS(30e,20o)",16250,217.0783227851274
fe2s2_cas30e20o,"Fe$_2$S$_2$ CAS(30e,20o)",16260,217.2236386019648
fe2s2_cas30e20o,"Fe$_2$S$_2$ CAS(30e,20o)",16270,217.0535331641048
fe2s2_cas30e20o,"Fe$_2$S$_2$ CAS(30e,20o)",16280,217.0058168207305
fe2s2_cas30e20o,"Fe$_2$S$_2$ CAS(30e,20o)",16290,217.4602738545417
fe2s2_cas30e20o,"Fe$_2$S$_2$ CAS(30e,20o)",16300,217.29500686386416
fe2s2_cas30e20o,"Fe$_2$S$_2$ CAS(30e,20o)",16310,217.10916108077072
fe2s2_cas30e20o,"Fe$_2$S$_2$ CAS(30e,20o)",16320,217.35352746144088
fe2s2_cas30e20o,"Fe$_2$S$_2$ CAS(30e,20o)",16330,217.20221388812888
fe2s2_cas30e20o,"Fe$_2$S$_2$ CAS(30e,20o)",16340,217.03913802573993
fe2s2_cas30e20o,"Fe$_2$S$_2$ CAS(30e,20o)",16350,217.41137221037832
fe2s2_cas30e20o,"Fe$_2$S$_2$ CAS(30e,20o)",16360,217.15988325276214
fe2s2_cas30e20o,"Fe$_2$S$_2$ CAS(30e,20o)",16370,217.00913691338997
fe2s2_cas30e20o,"Fe$_2$S$_2$ CAS(30e,20o)",16380,217.11119875010354
fe2s2_cas30e20o,"Fe$_2$S$_2$ CAS(30e,20o)",16390,217.37184394457643
fe2s2_cas30e20o,"Fe$_2$S$_2$ CAS(30e,20o)",16400,217.2722627741308
fe2s2_cas30e20o,"Fe$_2$S$_2$ CAS(30e,20o)",16410,217.0956615690045
fe2s2_cas30e20o,"Fe$_2$S$_2$ CAS(30e,20o)",16420,217.19664931688953
fe2s2_cas30e20o,"Fe$_2$S$_2$ CAS(30e,20o)",16430,216.99130570347336
fe2s2_cas30e20o,"Fe$_2$S$_2$ CAS(30e,20o)",16440,217.00655267505908
fe2s2_cas30e20o,"Fe$_2$S$_2$ CAS(30e,20o)",16450,217.08016557843735
fe2s2_cas30e20o,"Fe$_2$S$_2$ CAS(30e,20o)",16460,217.20477728771925
fe2s2_cas30e20o,"Fe$_2$S$_2$ CAS(30e,20o)",16470,218.0536133881219
fe2s2_cas30e20o,"Fe$_2$S$_2$ CAS(30e,20o)",16480,217.37599435789434
fe2s2_cas30e20o,"Fe$_2$S$_2$ CAS(30e,20o)",16490,217.01799248580755
fe2s2_cas30e20o,"Fe$_2$S$_2$ CAS(30e,20o)",16500,216.9494435134709
fe2s2_cas30e20o,"Fe$_2$S$_2$ CAS(30e,20o)",16510,217.67711309449567
fe2s2_cas30e20o,"Fe$_2$S$_2$ CAS(30e,20o)",16520,216.99872495767636
fe2s2_cas30e20o,"Fe$_2$S$_2$ CAS(30e,20o)",16530,216.9988334206323
fe2s2_cas30e20o,"Fe$_2$S$_2$ CAS(30e,20o)",16540,217.06658521564748
fe2s2_cas30e20o,"Fe$_2$S$_2$ CAS(30e,20o)",16550,217.3464167752428
fe2s2_cas30e20o,"Fe$_2$S$_2$ CAS(30e,20o)",16560,217.10705282153242
fe2s2_cas30e20o,"Fe$_2$S$_2$ CAS(30e,20o)",16570,216.99799094595562
fe2s2_cas30e20o,"Fe$_2$S$_2$ CAS(30e,20o)",16580,217.29622065153364
fe2s2_cas30e20o,"Fe$_2$S$_2$ CAS(30e,20o)",16590,218.01907087569816
fe2s2_cas30e20o,"Fe$_2$S$_2$ CAS(30e,20o)",16600,217.3731932592915
fe2s2_cas30e20o,"Fe$_2$S$_2$ CAS(30e,20o)",16610,217.00761776821764
fe2s2_cas30e20o,"Fe$_2$S$_2$ CAS(30e,20o)",16620,216.93635748803786
fe2s2_cas30e20o,"Fe$_2$S$_2$ CAS(30e,20o)",16630,216.96354210546076
fe2s2_cas30e20o,"Fe$_2$S$_2$ CAS(30e,20o)",16640,217.44402989770606
fe2s2_cas30e20o,"Fe$_2$S$_2$ CAS(30e,20o)",16650,217.13635156926614
fe2s2_cas30e20o,"Fe$_2$S$_2$ CAS(30e,20o)",16660,216.89495763062894
fe2s2_cas30e20o,"Fe$_2$S$_2$ CAS(30e,20o)",16670,216.9249342975661
fe2s2_cas30e20o,"Fe$_2$S$_2$ CAS(30e,20o)",16680,216.97807239566202
fe2s2_cas30e20o,"Fe$_2$S$_2$ CAS(30e,20o)",16690,217.12853180258662
fe2s2_cas30e20o,"Fe$_2$S$_2$ CAS(30e,20o)",16700,216.96393787759405
fe2s2_cas30e20o,"Fe$_2$S$_2$ CAS(30e,20o)",16710,216.94674555782
fe2s2_cas30e20o,"Fe$_2$S$_2$ CAS(30e,20o)",16720,217.20576885827825
fe2s2_cas30e20o,"Fe$_2$S$_2$ CAS(30e,20o)",16730,216.96284610275995
fe2s2_cas30e20o,"Fe$_2$S$_2$ CAS(30e,20o)",16740,216.86746891786868
fe2s2_cas30e20o,"Fe$_2$S$_2$ CAS(30e,20o)",16750,216.954022939305
fe2s2_cas30e20o,"Fe$_2$S$_2$ CAS(30e,20o)",16760,217.5115708877371
fe2s2_cas30e20o,"Fe$_2$S$_2$ CAS(30e,20o)",16770,217.0458688818968
fe2s2_cas30e20o,"Fe$_2$S$_2$ CAS(30e,20o)",16780,216.90140053672735
fe2s2_cas30e20o,"Fe$_2$S$_2$ CAS(30e,20o)",16790,216.9149918486255
fe2s2_cas30e20o,"Fe$_2$S$_2$ CAS(30e,20o)",16800,217.46071075328643
fe2s2_cas30e20o,"Fe$_2$S$_2$ CAS(30e,20o)",16810,217.04780265609713
fe2s2_cas30e20o,"Fe$_2$S$_2$ CAS(30e,20o)",16820,216.94786930713406
fe2s2_cas30e20o,"Fe$_2$S$_2$ CAS(30e,20o)",16830,217.04875451507633
fe2s2_cas30e20o,"Fe$_2$S$_2$ CAS(30e,20o)",16840,217.03929817601875
fe2s2_cas30e20o,"Fe$_2$S$_2$ CAS(30e,20o)",16850,216.97326247108606
fe2s2_cas30e20o,"Fe$_2$S$_2$ CAS(30e,20o)",16860,216.8846737711192
fe2s2_cas30e20o,"Fe$_2$S$_2$ CAS(30e,20o)",16870,217.22346602088294
fe2s2_cas30e20o,"Fe$_2$S$_2$ CAS(30e,20o)",16880,216.95385121887512
fe2s2_cas30e20o,"Fe$_2$S$_2$ CAS(30e,20o)",16890,216.8785872747776
fe2s2_cas30e20o,"Fe$_2$S$_2$ CAS(30e,20o)",16900,216.9978333392777
fe2s2_cas30e20o,"Fe$_2$S$_2$ CAS(30e,20o)",16910,216.95123480965606
fe2s2_cas30e20o,"Fe$_2$S$_2$ CAS(30e,20o)",16920,216.8572054278428
fe2s2_cas30e20o,"Fe$_2$S$_2$ CAS(30e,20o)",16930,217.55331152685642
fe2s2_cas30e20o,"Fe$_2$S$_2$ CAS(30e,20o)",16940,217.29978976136977
fe2s2_cas30e20o,"Fe$_2$S$_2$ CAS(30e,20o)",16950,216.97300861066537
fe2s2_cas30e20o,"Fe$_2$S$_2$ CAS(30e,20o)",16960,216.88240215664223
fe2s2_cas30e20o,"Fe$_2$S$_2$ CAS(30e,20o)",16970,217.09477793081078
fe2s2_cas30e20o,"Fe$_2$S$_2$ CAS(30e,20o)",16980,217.04344042038315
fe2s2_cas30e20o,"Fe$_2$S$_2$ CAS(30e,20o)",16990,216.9110291882248
fe2s2_cas30e20o,"Fe$_2$S$_2$ CAS(30e,20o)",17000,216.91033026209539
fe2s2_cas30e20o,"Fe$_2$S$_2$ CAS(30e,20o)",17010,217.51262141550853
fe2s2_cas30e20o,"Fe$_2$S$_2$ CAS(30e,20o)",17020,217.21019090868765
fe2s2_cas30e20o,"Fe$_2$S$_2$ CAS(30e,20o)",17030,216.9680938478109
fe2s2_cas30e20o,"Fe$_2$S$_2$ CAS(30e,20o)",17040,216.88377811373982
fe2s2_cas30e20o,"Fe$_2$S$_2$ CAS(30e,20o)",17050,217.07400966639057
fe2s2_cas30e20o,"Fe$_2$S$_2$ CAS(30e,20o)",17060,216.87858998409126
fe2s2_cas30e20o,"Fe$_2$S$_2$ CAS(30e,20o)",17070,217.03736638093574
fe2s2_cas30e20o,"Fe$_2$S$_2$ CAS(30e,20o)",17080,216.84991655935448
fe2s2_cas30e20o,"Fe$_2$S$_2$ CAS(30e,20o)",17090,217.18831959694285
fe2s2_cas30e20o,"Fe$_2$S$_2$ CAS(30e,20o)",17100,217.04165553624932
fe2s2_cas30e20o,"Fe$_2$S$_2$ CAS(30e,20o)",17110,216.9586417031013
fe2s2_cas30e20o,"Fe$_2$S$_2$ CAS(30e,20o)",17120,217.6525637897555
fe2s2_cas30e20o,"Fe$_2$S$_2$ CAS(30e,20o)",17130,216.96520295064659
fe2s2_cas30e20o,"Fe$_2$S$_2$ CAS(30e,20o)",17140,216.86524162139165
fe2s2_cas30e20o,"Fe$_2$S$_2$ CAS(30e,20o)",17150,216.81053202632938
fe2s2_cas30e20o,"Fe$_2$S$_2$ CAS(30e,20o)",17160,217.01300060061612
fe2s2_cas30e20o,"Fe$_2$S$_2$ CAS(30e,20o)",17170,216.8179938690855
fe2s2_cas30e20o,"Fe$_2$S$_2$ CAS(30e,20o)",17180,217.11338055037288
fe2s2_cas30e20o,"Fe$_2$S$_2$ CAS(30e,20o)",17190,216.96367907286174
fe2s2_cas30e20o,"Fe$_2$S$_2$ CAS(30e,20o)",17200,216.86195779608397
fe2s2_cas30e20o,"Fe$_2$S$_2$ CAS(30e,20o)",17210,217.01400189424191
fe2s2_cas30e20o,"Fe$_2$S$_2$ CAS(30e,20o)",17220,217.0366584869754
fe2s2_cas30e20o,"Fe$_2$S$_2$ CAS(30e,20o)",17230,216.79048488836372
fe2s2_cas30e20o,"Fe$_2$S$_2$ CAS(30e,20o)",17240,216.9243257150555
fe2s2_cas30e20o,"Fe$_2$S$_2$ CAS(30e,20o)",17250,216.98361660325816
fe2s2_cas30e20o,"Fe$_2$S$_2$ CAS(30e,20o)",17260,216.81601526472605
fe2s2_cas30e20o,"Fe$_2$S$_2$ CAS(30e,20o)",17270,216.74743489013792
fe2s2_cas30e20o,"Fe$_2$S$_2$ CAS(30e,20o)",17280,216.8193782081005
fe2s2_cas30e20o,"Fe$_2$S$_2$ CAS(30e,20o)",17290,217.4510047691598
fe2s2_cas30e20o,"Fe$_2$S$_2$ CAS(30e,20o)",17300,216.8661153442457
fe2s2_cas30e20o,"Fe$_2$S$_2$ CAS(30e,20o)",17310,216.9917872044067
fe2s2_cas30e20o,"Fe$_2$S$_2$ CAS(30e,20o)",17320,216.76586052304003
fe2s2_cas30e20o,"Fe$_2$S$_2$ CAS(30e,20o)",17330,217.06625274144642
fe2s2_cas30e20o,"Fe$_2$S$_2$ CAS(30e,20o)",17340,216.78424964339627
fe2s2_cas30e20o,"Fe$_2$S$_2$ CAS(30e,20o)",17350,216.71048357214318
fe2s2_cas30e20o,"Fe$_2$S$_2$ CAS(30e,20o)",17360,217.03731834082873
fe2s2_cas30e20o,"Fe$_2$S$_2$ CAS(30e,20o)",17370,216.81731075456412
fe2s2_cas30e20o,"Fe$_2$S$_2$ CAS(30e,20o)",17380,216.7651777263302
fe2s2_cas30e20o,"Fe$_2$S$_2$ CAS(30e,20o)",17390,217.0558538578149
fe2s2_cas30e20o,"Fe$_2$S$_2$ CAS(30e,20o)",17400,216.78918104183253
fe2s2_cas30e20o,"Fe$_2$S$_2$ CAS(30e,20o)",17410,216.91363716630008
fe2s2_cas30e20o,"Fe$_2$S$_2$ CAS(30e,20o)",17420,217.0284859664804
fe2s2_cas30e20o,"Fe$_2$S$_2$ CAS(30e,20o)",17430,216.82035172102587
fe2s2_cas30e20o,"Fe$_2$S$_2$ CAS(30e,20o)",17440,216.74362556444748
fe2s2_cas30e20o,"Fe$_2$S$_2$ CAS(30e,20o)",17450,216.86879992698493
fe2s2_cas30e20o,"Fe$_2$S$_2$ CAS(30e,20o)",17460,216.9238824759816
fe2s2_cas30e20o,"Fe$_2$S$_2$ CAS(30e,20o)",17470,216.8471024770895
fe2s2_cas30e20o,"Fe$_2$S$_2$ CAS(30e,20o)",17480,216.78022160573107
fe2s2_cas30e20o,"Fe$_2$S$_2$ CAS(30e,20o)",17490,216.72955899141755
fe2s2_cas30e20o,"Fe$_2$S$_2$ CAS(30e,20o)",17500,216.735566542539
fe2s2_cas30e20o,"Fe$_2$S$_2$ CAS(30e,20o)",17510,216.9936552122067
fe2s2_cas30e20o,"Fe$_2$S$_2$ CAS(30e,20o)",17520,216.85854097275126
fe2s2_cas30e20o,"Fe$_2$S$_2$ CAS(30e,20o)",17530,216.9586412660891
fe2s2_cas30e20o,"Fe$_2$S$_2$ CAS(30e,20o)",17540,216.90135760404416
fe2s2_cas30e20o,"Fe$_2$S$_2$ CAS(30e,20o)",17550,216.7623278021864
fe2s2_cas30e20o,"Fe$_2$S$_2$ CAS(30e,20o)",17560,216.87111602078346
fe2s2_cas30e20o,"Fe$_2$S$_2$ CAS(30e,20o)",17570,216.8249054339242
fe2s2_cas30e20o,"Fe$_2$S$_2$ CAS(30e,20o)",17580,216.91778485930513
fe2s2_cas30e20o,"Fe$_2$S$_2$ CAS(30e,20o)",17590,216.81270286114795
fe2s2_cas30e20o,"Fe$_2$S$_2$ CAS(30e,20o)",17600,216.75306772867486
fe2s2_cas30e20o,"Fe$_2$S$_2$ CAS(30e,20o)",17610,216.74675588349146
fe2s2_cas30e20o,"Fe$_2$S$_2$ CAS(30e,20o)",17620,217.17896848205953
fe2s2_cas30e20o,"Fe$_2$S$_2$ CAS(30e,20o)",17630,216.84034929471352
fe2s2_cas30e20o,"Fe$_2$S$_2$ CAS(30e,20o)",17640,216.79567311430503
fe2s2_cas30e20o,"Fe$_2$S$_2$ CAS(30e,20o)",17650,217.45359813208154
fe2s2_cas30e20o,"Fe$_2$S$_2$ CAS(30e,20o)",17660,216.98674683659647
fe2s2_cas30e20o,"Fe$_2$S$_2$ CAS(30e,20o)",17670,216.770085081734
fe2s2_cas30e20o,"Fe$_2$S$_2$ CAS(30e,20o)",17680,216.83889889926888
fe2s2_cas30e20o,"Fe$_2$S$_2$ CAS(30e,20o)",17690,216.77626953562878
fe2s2_cas30e20o,"Fe$_2$S$_2$ CAS(30e,20o)",17700,216.71604142606782
fe2s2_cas30e20o,"Fe$_2$S$_2$ CAS(30e,20o)",17710,216.68572314631263
fe2s2_cas30e20o,"Fe$_2$S$_2$ CAS(30e,20o)",17720,216.75425167589424
fe2s2_cas30e20o,"Fe$_2$S$_2$ CAS(30e,20o)",17730,216.7909185635608
fe2s2_cas30e20o,"Fe$_2$S$_2$ CAS(30e,20o)",17740,217.26962141114825
fe2s2_cas30e20o,"Fe$_2$S$_2$ CAS(30e,20o)",17750,216.78768016354866
fe2s2_cas30e20o,"Fe$_2$S$_2$ CAS(30e,20o)",17760,216.65013463326943
fe2s2_cas30e20o,"Fe$_2$S$_2$ CAS(30e,20o)",17770,216.89937647803958
fe2s2_cas30e20o,"Fe$_2$S$_2$ CAS(30e,20o)",17780,216.76752489840112
fe2s2_cas30e20o,"Fe$_2$S$_2$ CAS(30e,20o)",17790,216.84467428923426
fe2s2_cas30e20o,"Fe$_2$S$_2$ CAS(30e,20o)",17800,216.7526017307182
fe2s2_cas30e20o,"Fe$_2$S$_2$ CAS(30e,20o)",17810,216.7113573526791
fe2s2_cas30e20o,"Fe$_2$S$_2$ CAS(30e,20o)",17820,216.89310640182669
fe2s2_cas30e20o,"Fe$_2$S$_2$ CAS(30e,20o)",17830,216.74574308966044
fe2s2_cas30e20o,"Fe$_2$S$_2$ CAS(30e,20o)",17840,216.6682844582084
fe2s2_cas30e20o,"Fe$_2$S$_2$ CAS(30e,20o)",17850,216.81551941007626
fe2s2_cas30e20o,"Fe$_2$S$_2$ CAS(30e,20o)",17860,216.82539452778826
fe2s2_cas30e20o,"Fe$_2$S$_2$ CAS(30e,20o)",17870,216.8679084604861
fe2s2_cas30e20o,"Fe$_2$S$_2$ CAS(30e,20o)",17880,216.94898885725422
fe2s2_cas30e20o,"Fe$_2$S$_2$ CAS(30e,20o)",17890,216.65645435398062
fe2s2_cas30e20o,"Fe$_2$S$_2$ CAS(30e,20o)",17900,216.73457559339226
fe2s2_cas30e20o,"Fe$_2$S$_2$ CAS(30e,20o)",17910,216.69350601463577
fe2s2_cas30e20o,"Fe$_2$S$_2$ CAS(30e,20o)",17920,216.63724770819215
fe2s2_cas30e20o,"Fe$_2$S$_2$ CAS(30e,20o)",17930,216.71153234908047
fe2s2_cas30e20o,"Fe$_2$S$_2$ CAS(30e,20o)",17940,216.86176308493543
fe2s2_cas30e20o,"Fe$_2$S$_2$ CAS(30e,20o)",17950,216.6629559368829
fe2s2_cas30e20o,"Fe$_2$S$_2$ CAS(30e,20o)",17960,217.05765449556225
fe2s2_cas30e20o,"Fe$_2$S$_2$ CAS(30e,20o)",17970,216.88300223375734
fe2s2_cas30e20o,"Fe$_2$S$_2$ CAS(30e,20o)",17980,216.75455211828876
fe2s2_cas30e20o,"Fe$_2$S$_2$ CAS(30e,20o)",17990,216.7211634529167
fe2s2_cas30e20o,"Fe$_2$S$_2$ CAS(30e,20o)",18000,216.76959366462256
fe2s2_cas30e20o,"Fe$_2$S$_2$ CAS(30e,20o)",18010,216.63510455580592
fe2s2_cas30e20o,"Fe$_2$S$_2$ CAS(30e,20o)",18020,216.58422585841208
fe2s2_cas30e20o,"Fe$_2$S$_2$ CAS(30e,20o)",18030,216.55249269950616
fe2s2_cas30e20o,"Fe$_2$S$_2$ CAS(30e,20o)",18040,217.8964505028631
fe2s2_cas30e20o,"Fe$_2$S$_2$ CAS(30e,20o)",18050,217.16740466943918
fe2s2_cas30e20o,"Fe$_2$S$_2$ CAS(30e,20o)",18060,216.60477135189637
fe2s2_cas30e20o,"Fe$_2$S$_2$ CAS(30e,20o)",18070,216.81628756860505
fe2s2_cas30e20o,"Fe$_2$S$_2$ CAS(30e,20o)",18080,216.6520728539183
fe2s2_cas30e20o,"Fe$_2$S$_2$ CAS(30e,20o)",18090,217.5301911266132
fe2s2_cas30e20o,"Fe$_2$S$_2$ CAS(30e,20o)",18100,216.75859522483165
fe2s2_cas30e20o,"Fe$_2$S$_2$ CAS(30e,20o)",18110,216.70924046580353
fe2s2_cas30e20o,"Fe$_2$S$_2$ CAS(30e,20o)",18120,216.57404040870176
fe2s2_cas30e20o,"Fe$_2$S$_2$ CAS(30e,20o)",18130,216.56686596436714
fe2s2_cas30e20o,"Fe$_2$S$_2$ CAS(30e,20o)",18140,216.61693593853215
fe2s2_cas30e20o,"Fe$_2$S$_2$ CAS(30e,20o)",18150,217.0303358056742
fe2s2_cas30e20o,"Fe$_2$S$_2$ CAS(30e,20o)",18160,216.59966718557655
fe2s2_cas30e20o,"Fe$_2$S$_2$ CAS(30e,20o)",18170,216.65061255485796
fe2s2_cas30e20o,"Fe$_2$S$_2$ CAS(30e,20o)",18180,216.60385595083653
fe2s2_cas30e20o,"Fe$_2$S$_2$ CAS(30e,20o)",18190,217.25281006094121
fe2s2_cas30e20o,"Fe$_2$S$_2$ CAS(30e,20o)",18200,216.65377847162404
fe2s2_cas30e20o,"Fe$_2$S$_2$ CAS(30e,20o)",18210,216.62203217454135
fe2s2_cas30e20o,"Fe$_2$S$_2$ CAS(30e,20o)",18220,216.65410809487184
fe2s2_cas30e20o,"Fe$_2$S$_2$ CAS(30e,20o)",18230,216.6917958146115
fe2s2_cas30e20o,"Fe$_2$S$_2$ CAS(30e,20o)",18240,216.54323352322535
fe2s2_cas30e20o,"Fe$_2$S$_2$ CAS(30e,20o)",18250,217.06870394743305
fe2s2_cas30e20o,"Fe$_2$S$_2$ CAS(30e,20o)",18260,216.65986632363854
fe2s2_cas30e20o,"Fe$_2$S$_2$ CAS(30e,20o)",18270,216.50779952408072
fe2s2_cas30e20o,"Fe$_2$S$_2$ CAS(30e,20o)",18280,216.7516017470632
fe2s2_cas30e20o,"Fe$_2$S$_2$ CAS(30e,20o)",18290,217.0187667804555
fe2s2_cas30e20o,"Fe$_2$S$_2$ CAS(30e,20o)",18300,216.64896434687364
fe2s2_cas30e20o,"Fe$_2$S$_2$ CAS(30e,20o)",18310,216.54957134761332
fe2s2_cas30e20o,"Fe$_2$S$_2$ CAS(30e,20o)",18320,216.5383132136327
fe2s2_cas30e20o,"Fe$_2$S$_2$ CAS(30e,20o)",18330,216.8692960990768
fe2s2_cas30e20o,"Fe$_2$S$_2$ CAS(30e,20o)",18340,216.75660458954837
fe2s2_cas30e20o,"Fe$_2$S$_2$ CAS(30e,20o)",18350,216.68543677945706
fe2s2_cas30e20o,"Fe$_2$S$_2$ CAS(30e,20o)",18360,216.56106170486566
fe2s2_cas30e20o,"Fe$_2$S$_2$ CAS(30e,20o)",18370,216.61719900959042
fe2s2_cas30e20o,"Fe$_2$S$_2$ CAS(30e,20o)",18380,216.5832907088685
fe2s2_cas30e20o,"Fe$_2$S$_2$ CAS(30e,20o)",18390,216.57370943098897
fe2s2_cas30e20o,"Fe$_2$S$_2$ CAS(30e,20o)",18400,216.6810197443283
fe2s2_cas30e20o,"Fe$_2$S$_2$ CAS(30e,20o)",18410,216.6373512166473
fe2s2_cas30e20o,"Fe$_2$S$_2$ CAS(30e,20o)",18420,217.04964710194474
fe2s2_cas30e20o,"Fe$_2$S$_2$ CAS(30e,20o)",18430,216.73620670627258
fe2s2_cas30e20o,"Fe$_2$S$_2$ CAS(30e,20o)",18440,216.61996371167902
fe2s2_cas30e20o,"Fe$_2$S$_2$ CAS(30e,20o)",18450,216.80519325975922
fe2s2_cas30e20o,"Fe$_2$S$_2$ CAS(30e,20o)",18460,216.54838269229515
fe2s2_cas30e20o,"Fe$_2$S$_2$ CAS(30e,20o)",18470,216.81616667693504
fe2s2_cas30e20o,"Fe$_2$S$_2$ CAS(30e,20o)",18480,216.9386709680765
fe2s2_cas30e20o,"Fe$_2$S$_2$ CAS(30e,20o)",18490,216.59309586462427
fe2s2_cas30e20o,"Fe$_2$S$_2$ CAS(30e,20o)",18500,216.54310426610834
fe2s2_cas30e20o,"Fe$_2$S$_2$ CAS(30e,20o)",18510,216.5388262540091
fe2s2_cas30e20o,"Fe$_2$S$_2$ CAS(30e,20o)",18520,216.55521366899677
fe2s2_cas30e20o,"Fe$_2$S$_2$ CAS(30e,20o)",18530,216.868801287319
fe2s2_cas30e20o,"Fe$_2$S$_2$ CAS(30e,20o)",18540,216.98296237251213
fe2s2_cas30e20o,"Fe$_2$S$_2$ CAS(30e,20o)",18550,216.51728175304186
fe2s2_cas30e20o,"Fe$_2$S$_2$ CAS(30e,20o)",18560,216.51136246948965
fe2s2_cas30e20o,"Fe$_2$S$_2$ CAS(30e,20o)",18570,216.74371839147
fe2s2_cas30e20o,"Fe$_2$S$_2$ CAS(30e,20o)",18580,216.6773886188338
fe2s2_cas30e20o,"Fe$_2$S$_2$ CAS(30e,20o)",18590,216.51036645738486
fe2s2_cas30e20o,"Fe$_2$S$_2$ CAS(30e,20o)",18600,216.46939407611399
fe2s2_cas30e20o,"Fe$_2$S$_2$ CAS(30e,20o)",18610,216.75105396107597
fe2s2_cas30e20o,"Fe$_2$S$_2$ CAS(30e,20o)",18620,216.5778186139704
fe2s2_cas30e20o,"Fe$_2$S$_2$ CAS(30e,20o)",18630,216.59732989279235
fe2s2_cas30e20o,"Fe$_2$S$_2$ CAS(30e,20o)",18640,216.77424531324618
fe2s2_cas30e20o,"Fe$_2$S$_2$ CAS(30e,20o)",18650,216.66773846972376
fe2s2_cas30e20o,"Fe$_2$S$_2$ CAS(30e,20o)",18660,216.54366219550525
fe2s2_cas30e20o,"Fe$_2$S$_2$ CAS(30e,20o)",18670,216.49242610604347
fe2s2_cas30e20o,"Fe$_2$S$_2$ CAS(30e,20o)",18680,216.95090433139796
fe2s2_cas30e20o,"Fe$_2$S$_2$ CAS(30e,20o)",18690,216.51974410214336
fe2s2_cas30e20o,"Fe$_2$S$_2$ CAS(30e,20o)",18700,216.6955430927544
fe2s2_cas30e20o,"Fe$_2$S$_2$ CAS(30e,20o)",18710,216.91698103397528
fe2s2_cas30e20o,"Fe$_2$S$_2$ CAS(30e,20o)",18720,216.60505132585683
fe2s2_cas30e20o,"Fe$_2$S$_2$ CAS(30e,20o)",18730,216.57953166995014
fe2s2_cas30e20o,"Fe$_2$S$_2$ CAS(30e,20o)",18740,216.62280068488826
fe2s2_cas30e20o,"Fe$_2$S$_2$ CAS(30e,20o)",18750,216.4828682204103
fe2s2_cas30e20o,"Fe$_2$S$_2$ CAS(30e,20o)",18760,216.45940188784607
fe2s2_cas30e20o,"Fe$_2$S$_2$ CAS(30e,20o)",18770,216.72623542846736
fe2s2_cas30e20o,"Fe$_2$S$_2$ CAS(30e,20o)",18780,216.51352790472345
fe2s2_cas30e20o,"Fe$_2$S$_2$ CAS(30e,20o)",18790,216.5814683778251
fe2s2_cas30e20o,"Fe$_2$S$_2$ CAS(30e,20o)",18800,216.75964164367656
fe2s2_cas30e20o,"Fe$_2$S$_2$ CAS(30e,20o)",18810,216.48621899466036
fe2s2_cas30e20o,"Fe$_2$S$_2$ CAS(30e,20o)",18820,216.49376353737182
fe2s2_cas30e20o,"Fe$_2$S$_2$ CAS(30e,20o)",18830,216.39912868377564
fe2s2_cas30e20o,"Fe$_2$S$_2$ CAS(30e,20o)",18840,216.5623354325561
fe2s2_cas30e20o,"Fe$_2$S$_2$ CAS(30e,20o)",18850,216.57830113302623
fe2s2_cas30e20o,"Fe$_2$S$_2$ CAS(30e,20o)",18860,216.61645317155376
fe2s2_cas30e20o,"Fe$_2$S$_2$ CAS(30e,20o)",18870,216.4872498952377
fe2s2_cas30e20o,"Fe$_2$S$_2$ CAS(30e,20o)",18880,216.52089699101396
fe2s2_cas30e20o,"Fe$_2$S$_2$ CAS(30e,20o)",18890,216.6687691144915
fe2s2_cas30e20o,"Fe$_2$S$_2$ CAS(30e,20o)",18900,216.4258303134119
fe2s2_cas30e20o,"Fe$_2$S$_2$ CAS(30e,20o)",18910,216.55099159143276
fe2s2_cas30e20o,"Fe$_2$S$_2$ CAS(30e,20o)",18920,216.46608897843578
fe2s2_cas30e20o,"Fe$_2$S$_2$ CAS(30e,20o)",18930,216.53655439013164
fe2s2_cas30e20o,"Fe$_2$S$_2$ CAS(30e,20o)",18940,216.5230482284386
fe2s2_cas30e20o,"Fe$_2$S$_2$ CAS(30e,20o)",18950,216.41102867781115
fe2s2_cas30e20o,"Fe$_2$S$_2$ CAS(30e,20o)",18960,216.6491232803338
fe2s2_cas30e20o,"Fe$_2$S$_2$ CAS(30e,20o)",18970,216.60382031490144
fe2s2_cas30e20o,"Fe$_2$S$_2$ CAS(30e,20o)",18980,216.40912539275803
fe2s2_cas30e20o,"Fe$_2$S$_2$ CAS(30e,20o)",18990,216.8632159278019
fe2s2_cas30e20o,"Fe$_2$S$_2$ CAS(30e,20o)",19000,216.40130974945748
fe2s2_cas30e20o,"Fe$_2$S$_2$ CAS(30e,20o)",19010,216.46133848450688
fe2s2_cas30e20o,"Fe$_2$S$_2$ CAS(30e,20o)",19020,216.5197135111896
fe2s2_cas30e20o,"Fe$_2$S$_2$ CAS(30e,20o)",19030,216.5032087839478
fe2s2_cas30e20o,"Fe$_2$S$_2$ CAS(30e,20o)",19040,216.6082674175982
fe2s2_cas30e20o,"Fe$_2$S$_2$ CAS(30e,20o)",19050,216.5108693038036
fe2s2_cas30e20o,"Fe$_2$S$_2$ CAS(30e,20o)",19060,216.37259913676132
fe2s2_cas30e20o,"Fe$_2$S$_2$ CAS(30e,20o)",19070,216.49935829219658
fe2s2_cas30e20o,"Fe$_2$S$_2$ CAS(30e,20o)",19080,216.83994834546638
fe2s2_cas30e20o,"Fe$_2$S$_2$ CAS(30e,20o)",19090,216.60449538269688
fe2s2_cas30e20o,"Fe$_2$S$_2$ CAS(30e,20o)",19100,216.5500465085728
fe2s2_cas30e20o,"Fe$_2$S$_2$ CAS(30e,20o)",19110,216.66966925620557
fe2s2_cas30e20o,"Fe$_2$S$_2$ CAS(30e,20o)",19120,216.52054221249273
fe2s2_cas30e20o,"Fe$_2$S$_2$ CAS(30e,20o)",19130,216.43240035658096
fe2s2_cas30e20o,"Fe$_2$S$_2$ CAS(30e,20o)",19140,216.5165264197526
fe2s2_cas30e20o,"Fe$_2$S$_2$ CAS(30e,20o)",19150,216.48625705756785
fe2s2_cas30e20o,"Fe$_2$S$_2$ CAS(30e,20o)",19160,216.43153526044046
fe2s2_cas30e20o,"Fe$_2$S$_2$ CAS(30e,20o)",19170,216.4372559073371
fe2s2_cas30e20o,"Fe$_2$S$_2$ CAS(30e,20o)",19180,216.35811632476987
fe2s2_cas30e20o,"Fe$_2$S$_2$ CAS(30e,20o)",19190,216.565717668999
fe2s2_cas30e20o,"Fe$_2$S$_2$ CAS(30e,20o)",19200,216.4403112168003
fe2s2_cas30e20o,"Fe$_2$S$_2$ CAS(30e,20o)",19210,216.47844315479858
fe2s2_cas30e20o,"Fe$_2$S$_2$ CAS(30e,20o)",19220,216.43485457825307
fe2s2_cas30e20o,"Fe$_2$S$_2$ CAS(30e,20o)",19230,216.41204778757128
fe2s2_cas30e20o,"Fe$_2$S$_2$ CAS(30e,20o)",19240,216.37282314945594
fe2s2_cas30e20o,"Fe$_2$S$_2$ CAS(30e,20o)",19250,216.45699010308306
fe2s2_cas30e20o,"Fe$_2$S$_2$ CAS(30e,20o)",19260,216.44961320420464
fe2s2_cas30e20o,"Fe$_2$S$_2$ CAS(30e,20o)",19270,216.621044000334
fe2s2_cas30e20o,"Fe$_2$S$_2$ CAS(30e,20o)",19280,216.34181151182474
fe2s2_cas30e20o,"Fe$_2$S$_2$ CAS(30e,20o)",19290,216.35766077297092
fe2s2_cas30e20o,"Fe$_2$S$_2$ CAS(30e,20o)",19300,216.5346721809982
fe2s2_cas30e20o,"Fe$_2$S$_2$ CAS(30e,20o)",19310,216.56251429953954
fe2s2_cas30e20o,"Fe$_2$S$_2$ CAS(30e,20o)",19320,216.73362669707785
fe2s2_cas30e20o,"Fe$_2$S$_2$ CAS(30e,20o)",19330,216.3626750346026
fe2s2_cas30e20o,"Fe$_2$S$_2$ CAS(30e,20o)",19340,216.37418195520297
fe2s2_cas30e20o,"Fe$_2$S$_2$ CAS(30e,20o)",19350,216.31950400231403
fe2s2_cas30e20o,"Fe$_2$S$_2$ CAS(30e,20o)",19360,216.58143669729668
fe2s2_cas30e20o,"Fe$_2$S$_2$ CAS(30e,20o)",19370,216.39253814205972
fe2s2_cas30e20o,"Fe$_2$S$_2$ CAS(30e,20o)",19380,216.4203712997761
fe2s2_cas30e20o,"Fe$_2$S$_2$ CAS(30e,20o)",19390,216.42351651816227
fe2s2_cas30e20o,"Fe$_2$S$_2$ CAS(30e,20o)",19400,216.4938457572987
fe2s2_cas30e20o,"Fe$_2$S$_2$ CAS(30e,20o)",19410,216.7019088620492
fe2s2_cas30e20o,"Fe$_2$S$_2$ CAS(30e,20o)",19420,216.32505836051052
fe2s2_cas30e20o,"Fe$_2$S$_2$ CAS(30e,20o)",19430,216.3563227007188
fe2s2_cas30e20o,"Fe$_2$S$_2$ CAS(30e,20o)",19440,216.46076456089247
fe2s2_cas30e20o,"Fe$_2$S$_2$ CAS(30e,20o)",19450,216.42351972175788
fe2s2_cas30e20o,"Fe$_2$S$_2$ CAS(30e,20o)",19460,216.5137832818118
fe2s2_cas30e20o,"Fe$_2$S$_2$ CAS(30e,20o)",19470,216.42853347164248
fe2s2_cas30e20o,"Fe$_2$S$_2$ CAS(30e,20o)",19480,216.3251848529626
fe2s2_cas30e20o,"Fe$_2$S$_2$ CAS(30e,20o)",19490,216.32098119876275
fe2s2_cas30e20o,"Fe$_2$S$_2$ CAS(30e,20o)",19500,216.586472609805
fe2s2_cas30e20o,"Fe$_2$S$_2$ CAS(30e,20o)",19510,216.42973259731946
fe2s2_cas30e20o,"Fe$_2$S$_2$ CAS(30e,20o)",19520,216.35748718001935
fe2s2_cas30e20o,"Fe$_2$S$_2$ CAS(30e,20o)",19530,216.25981892161406
fe2s2_cas30e20o,"Fe$_2$S$_2$ CAS(30e,20o)",19540,216.46813681614674
fe2s2_cas30e20o,"Fe$_2$S$_2$ CAS(30e,20o)",19550,216.42229486775477
fe2s2_cas30e20o,"Fe$_2$S$_2$ CAS(30e,20o)",19560,216.74519665556602
fe2s2_cas30e20o,"Fe$_2$S$_2$ CAS(30e,20o)",19570,216.2975781564711
fe2s2_cas30e20o,"Fe$_2$S$_2$ CAS(30e,20o)",19580,216.37346265683277
fe2s2_cas30e20o,"Fe$_2$S$_2$ CAS(30e,20o)",19590,216.43609143447406
fe2s2_cas30e20o,"Fe$_2$S$_2$ CAS(30e,20o)",19600,216.29356331202132
fe2s2_cas30e20o,"Fe$_2$S$_2$ CAS(30e,20o)",19610,216.56892474862843
fe2s2_cas30e20o,"Fe$_2$S$_2$ CAS(30e,20o)",19620,216.4043569936922
fe2s2_cas30e20o,"Fe$_2$S$_2$ CAS(30e,20o)",19630,216.32117943626383
fe2s2_cas30e20o,"Fe$_2$S$_2$ CAS(30e,20o)",19640,216.3924138324802
fe2s2_cas30e20o,"Fe$_2$S$_2$ CAS(30e,20o)",19650,216.29661596954008
fe2s2_cas30e20o,"Fe$_2$S$_2$ CAS(30e,20o)",19660,216.23647416416247
fe2s2_cas30e20o,"Fe$_2$S$_2$ CAS(30e,20o)",19670,216.27327434708832
fe2s2_cas30e20o,"Fe$_2$S$_2$ CAS(30e,20o)",19680,216.52068733276053
fe2s2_cas30e20o,"Fe$_2$S$_2$ CAS(30e,20o)",19690,216.48713313921064
fe2s2_cas30e20o,"Fe$_2$S$_2$ CAS(30e,20o)",19700,216.23859703296944
fe2s2_cas30e20o,"Fe$_2$S$_2$ CAS(30e,20o)",19710,216.23881319214888
fe2s2_cas30e20o,"Fe$_2$S$_2$ CAS(30e,20o)",19720,216.79583777995504
fe2s2_cas30e20o,"Fe$_2$S$_2$ CAS(30e,20o)",19730,216.30664311562953
fe2s2_cas30e20o,"Fe$_2$S$_2$ CAS(30e,20o)",19740,216.22052637943057
fe2s2_cas30e20o,"Fe$_2$S$_2$ CAS(30e,20o)",19750,217.2692404301415
fe2s2_cas30e20o,"Fe$_2$S$_2$ CAS(30e,20o)",19760,216.24622729228804
fe2s2_cas30e20o,"Fe$_2$S$_2$ CAS(30e,20o)",19770,216.22390146055182
fe2s2_cas30e20o,"Fe$_2$S$_2$ CAS(30e,20o)",19780,216.2686526530564
fe2s2_cas30e20o,"Fe$_2$S$_2$ CAS(30e,20o)",19790,216.2076513479434
fe2s2_cas30e20o,"Fe$_2$S$_2$ CAS(30e,20o)",19800,216.73188627664786
fe2s2_cas30e20o,"Fe$_2$S$_2$ CAS(30e,20o)",19810,216.2581127432759
fe2s2_cas30e20o,"Fe$_2$S$_2$ CAS(30e,20o)",19820,216.2617873049726
fe2s2_cas30e20o,"Fe$_2$S$_2$ CAS(30e,20o)",19830,216.25809707974497
fe2s2_cas30e20o,"Fe$_2$S$_2$ CAS(30e,20o)",19840,216.46869078787745
fe2s2_cas30e20o,"Fe$_2$S$_2$ CAS(30e,20o)",19850,216.31660914987094
fe2s2_cas30e20o,"Fe$_2$S$_2$ CAS(30e,20o)",19860,216.2662870686205
fe2s2_cas30e20o,"Fe$_2$S$_2$ CAS(30e,20o)",19870,216.200949448492
fe2s2_cas30e20o,"Fe$_2$S$_2$ CAS(30e,20o)",19880,216.75740954869127
fe2s2_cas30e20o,"Fe$_2$S$_2$ CAS(30e,20o)",19890,216.2630018916616
fe2s2_cas30e20o,"Fe$_2$S$_2$ CAS(30e,20o)",19900,216.27548903566662
fe2s2_cas30e20o,"Fe$_2$S$_2$ CAS(30e,20o)",19910,216.3292923619906
fe2s2_cas30e20o,"Fe$_2$S$_2$ CAS(30e,20o)",19920,216.14970331448546
fe2s2_cas30e20o,"Fe$_2$S$_2$ CAS(30e,20o)",19930,216.8905396289489
fe2s2_cas30e20o,"Fe$_2$S$_2$ CAS(30e,20o)",19940,216.42129266957966
fe2s2_cas30e20o,"Fe$_2$S$_2$ CAS(30e,20o)",19950,216.26671419647892
fe2s2_cas30e20o,"Fe$_2$S$_2$ CAS(30e,20o)",19960,216.1807037040404
fe2s2_cas30e20o,"Fe$_2$S$_2$ CAS(30e,20o)",19970,216.63233715237595
fe2s2_cas30e20o,"Fe$_2$S$_2$ CAS(30e,20o)",19980,216.386707664725
fe2s2_cas30e20o,"Fe$_2$S$_2$ CAS(30e,20o)",19990,216.19999208506613
fe2s2_cas30e20o,"Fe$_2$S$_2$ CAS(30e,20o)",20000,216.22045286034108
fe2s2_cas30e20o,"Fe$_2$S$_2$ CAS(30e,20o)",20010,216.71884520770845
fe2s2_cas30e20o,"Fe$_2$S$_2$ CAS(30e,20o)",20020,216.2023115458993
fe2s2_cas30e20o,"Fe$_2$S$_2$ CAS(30e,20o)",20030,216.5637113134693
fe2s2_cas30e20o,"Fe$_2$S$_2$ CAS(30e,20o)",20040,216.87209076381464
fe2s2_cas30e20o,"Fe$_2$S$_2$ CAS(30e,20o)",20050,216.28984290749997
fe2s2_cas30e20o,"Fe$_2$S$_2$ CAS(30e,20o)",20060,216.1453640998161
fe2s2_cas30e20o,"Fe$_2$S$_2$ CAS(30e,20o)",20070,216.12476878902953
fe2s2_cas30e20o,"Fe$_2$S$_2$ CAS(30e,20o)",20080,216.17783634265209
fe2s2_cas30e20o,"Fe$_2$S$_2$ CAS(30e,20o)",20090,216.2956774329956
fe2s2_cas30e20o,"Fe$_2$S$_2$ CAS(30e,20o)",20100,216.2139910760743
fe2s2_cas30e20o,"Fe$_2$S$_2$ CAS(30e,20o)",20110,216.1830296549141
fe2s2_cas30e20o,"Fe$_2$S$_2$ CAS(30e,20o)",20120,216.69556455356087
fe2s2_cas30e20o,"Fe$_2$S$_2$ CAS(30e,20o)",20130,216.33539727965
fe2s2_cas30e20o,"Fe$_2$S$_2$ CAS(30e,20o)",20140,217.05243216901238
fe2s2_cas30e20o,"Fe$_2$S$_2$ CAS(30e,20o)",20150,216.43002280866597
fe2s2_cas30e20o,"Fe$_2$S$_2$ CAS(30e,20o)",20160,216.17931633726073
fe2s2_cas30e20o,"Fe$_2$S$_2$ CAS(30e,20o)",20170,216.13535101316472
fe2s2_cas30e20o,"Fe$_2$S$_2$ CAS(30e,20o)",20180,216.15150571506092
fe2s2_cas30e20o,"Fe$_2$S$_2$ CAS(30e,20o)",20190,216.27424888815483
fe2s2_cas30e20o,"Fe$_2$S$_2$ CAS(30e,20o)",20200,216.2368973889386
fe2s2_cas30e20o,"Fe$_2$S$_2$ CAS(30e,20o)",20210,216.14987949156728
fe2s2_cas30e20o,"Fe$_2$S$_2$ CAS(30e,20o)",20220,216.32224914490905
fe2s2_cas30e20o,"Fe$_2$S$_2$ CAS(30e,20o)",20230,216.20162975355584
fe2s2_cas30e20o,"Fe$_2$S$_2$ CAS(30e,20o)",20240,216.20407222073368
fe2s2_cas30e20o,"Fe$_2$S$_2$ CAS(30e,20o)",20250,216.2533042554884
fe2s2_cas30e20o,"Fe$_2$S$_2$ CAS(30e,20o)",20260,216.40922866173185
fe2s2_cas30e20o,"Fe$_2$S$_2$ CAS(30e,20o)",20270,216.2067815789186
fe2s2_cas30e20o,"Fe$_2$S$_2$ CAS(30e,20o)",20280,216.1370556066089
fe2s2_cas30e20o,"Fe$_2$S$_2$ CAS(30e,20o)",20290,216.4637897415247
fe2s2_cas30e20o,"Fe$_2$S$_2$ CAS(30e,20o)",20300,216.55508894573927
fe2s2_cas30e20o,"Fe$_2$S$_2$ CAS(30e,20o)",20310,216.20205324300912
fe2s2_cas30e20o,"Fe$_2$S$_2$ CAS(30e,20o)",20320,216.14409232705611
fe2s2_cas30e20o,"Fe$_2$S$_2$ CAS(30e,20o)",20330,216.60558752459735
fe2s2_cas30e20o,"Fe$_2$S$_2$ CAS(30e,20o)",20340,216.1680918877522
fe2s2_cas30e20o,"Fe$_2$S$_2$ CAS(30e,20o)",20350,216.09035695203715
fe2s2_cas30e20o,"Fe$_2$S$_2$ CAS(30e,20o)",20360,216.18916029946433
fe2s2_cas30e20o,"Fe$_2$S$_2$ CAS(30e,20o)",20370,216.29863958058593
fe2s2_cas30e20o,"Fe$_2$S$_2$ CAS(30e,20o)",20380,216.12039241215086
fe2s2_cas30e20o,"Fe$_2$S$_2$ CAS(30e,20o)",20390,216.18291026361192
fe2s2_cas30e20o,"Fe$_2$S$_2$ CAS(30e,20o)",20400,216.3300400614787
fe2s2_cas30e20o,"Fe$_2$S$_2$ CAS(30e,20o)",20410,216.20210724266542
fe2s2_cas30e20o,"Fe$_2$S$_2$ CAS(30e,20o)",20420,216.21438034067353
fe2s2_cas30e20o,"Fe$_2$S$_2$ CAS(30e,20o)",20430,216.33447050530208
fe2s2_cas30e20o,"Fe$_2$S$_2$ CAS(30e,20o)",20440,216.17798704377833
fe2s2_cas30e20o,"Fe$_2$S$_2$ CAS(30e,20o)",20450,216.14019631530823
fe2s2_cas30e20o,"Fe$_2$S$_2$ CAS(30e,20o)",20460,216.69113897711156
fe2s2_cas30e20o,"Fe$_2$S$_2$ CAS(30e,20o)",20470,216.23462267093885
fe2s2_cas30e20o,"Fe$_2$S$_2$ CAS(30e,20o)",20480,216.14868518730646
fe2s2_cas30e20o,"Fe$_2$S$_2$ CAS(30e,20o)",20490,216.06408511551933
fe2s2_cas30e20o,"Fe$_2$S$_2$ CAS(30e,20o)",20500,216.68525629354463
fe2s2_cas30e20o,"Fe$_2$S$_2$ CAS(30e,20o)",20510,216.11661073394828
fe2s2_cas30e20o,"Fe$_2$S$_2$ CAS(30e,20o)",20520,216.3184944947858
fe2s2_cas30e20o,"Fe$_2$S$_2$ CAS(30e,20o)",20530,216.28638164224867
fe2s2_cas30e20o,"Fe$_2$S$_2$ CAS(30e,20o)",20540,216.20408054816664
fe2s2_cas30e20o,"Fe$_2$S$_2$ CAS(30e,20o)",20550,216.22603400489027
fe2s2_cas30e20o,"Fe$_2$S$_2$ CAS(30e,20o)",20560,216.11721663150263
fe2s2_cas30e20o,"Fe$_2$S$_2$ CAS(30e,20o)",20570,216.1233946436738
fe2s2_cas30e20o,"Fe$_2$S$_2$ CAS(30e,20o)",20580,216.0538558649563
fe2s2_cas30e20o,"Fe$_2$S$_2$ CAS(30e,20o)",20590,216.63340163620148
fe2s2_cas30e20o,"Fe$_2$S$_2$ CAS(30e,20o)",20600,216.29933479005103
fe2s2_cas30e20o,"Fe$_2$S$_2$ CAS(30e,20o)",20610,216.18642442795988
fe2s2_cas30e20o,"Fe$_2$S$_2$ CAS(30e,20o)",20620,216.16436226169355
fe2s2_cas30e20o,"Fe$_2$S$_2$ CAS(30e,20o)",20630,216.36591775101977
fe2s2_cas30e20o,"Fe$_2$S$_2$ CAS(30e,20o)",20640,216.09174716240886
fe2s2_cas30e20o,"Fe$_2$S$_2$ CAS(30e,20o)",20650,216.11383092481162
fe2s2_cas30e20o,"Fe$_2$S$_2$ CAS(30e,20o)",20660,216.0673592227198
fe2s2_cas30e20o,"Fe$_2$S$_2$ CAS(30e,20o)",20670,216.26396213450505
fe2s2_cas30e20o,"Fe$_2$S$_2$ CAS(30e,20o)",20680,216.1186280018086
fe2s2_cas30e20o,"Fe$_2$S$_2$ CAS(30e,20o)",20690,216.26846817362377
fe2s2_cas30e20o,"Fe$_2$S$_2$ CAS(30e,20o)",20700,216.13265442300644
fe2s2_cas30e20o,"Fe$_2$S$_2$ CAS(30e,20o)",20710,216.0554676999311
fe2s2_cas30e20o,"Fe$_2$S$_2$ CAS(30e,20o)",20720,216.11463052090585
fe2s2_cas30e20o,"Fe$_2$S$_2$ CAS(30e,20o)",20730,216.4347653880867
fe2s2_cas30e20o,"Fe$_2$S$_2$ CAS(30e,20o)",20740,216.23302407975586
fe2s2_cas30e20o,"Fe$_2$S$_2$ CAS(30e,20o)",20750,216.10681797820064
fe2s2_cas30e20o,"Fe$_2$S$_2$ CAS(30e,20o)",20760,216.0290269870444
fe2s2_cas30e20o,"Fe$_2$S$_2$ CAS(30e,20o)",20770,215.99841161427946
fe2s2_cas30e20o,"Fe$_2$S$_2$ CAS(30e,20o)",20780,216.8471538293204
fe2s2_cas30e20o,"Fe$_2$S$_2$ CAS(30e,20o)",20790,216.25449188101697
fe2s2_cas30e20o,"Fe$_2$S$_2$ CAS(30e,20o)",20800,216.36192657837228
fe2s2_cas30e20o,"Fe$_2$S$_2$ CAS(30e,20o)",20810,216.14524427353388
fe2s2_cas30e20o,"Fe$_2$S$_2$ CAS(30e,20o)",20820,216.0245675230641
fe2s2_cas30e20o,"Fe$_2$S$_2$ CAS(30e,20o)",20830,216.38493099304412
fe2s2_cas30e20o,"Fe$_2$S$_2$ CAS(30e,20o)",20840,216.15561850977372
fe2s2_cas30e20o,"Fe$_2$S$_2$ CAS(30e,20o)",20850,216.01322852737326
fe2s2_cas30e20o,"Fe$_2$S$_2$ CAS(30e,20o)",20860,216.04920430235097
fe2s2_cas30e20o,"Fe$_2$S$_2$ CAS(30e,20o)",20870,216.62699004635044
fe2s2_cas30e20o,"Fe$_2$S$_2$ CAS(30e,20o)",20880,216.1166049363885
fe2s2_cas30e20o,"Fe$_2$S$_2$ CAS(30e,20o)",20890,216.02235997632135
fe2s2_cas30e20o,"Fe$_2$S$_2$ CAS(30e,20o)",20900,216.18264004023047
fe2s2_cas30e20o,"Fe$_2$S$_2$ CAS(30e,20o)",20910,216.0946817296434
fe2s2_cas30e20o,"Fe$_2$S$_2$ CAS(30e,20o)",20920,216.13798553180175
fe2s2_cas30e20o,"Fe$_2$S$_2$ CAS(30e,20o)",20930,216.07378527933463
fe2s2_cas30e20o,"Fe$_2$S$_2$ CAS(30e,20o)",20940,216.05471373389662
fe2s2_cas30e20o,"Fe$_2$S$_2$ CAS(30e,20o)",20950,216.31987708107658
fe2s2_cas30e20o,"Fe$_2$S$_2$ CAS(30e,20o)",20960,216.14468041950374
fe2s2_cas30e20o,"Fe$_2$S$_2$ CAS(30e,20o)",20970,216.0216674242008
fe2s2_cas30e20o,"Fe$_2$S$_2$ CAS(30e,20o)",20980,216.0866003470261
fe2s2_cas30e20o,"Fe$_2$S$_2$ CAS(30e,20o)",20990,216.41796246301226
fe2s2_cas30e20o,"Fe$_2$S$_2$ CAS(30e,20o)",21000,216.10800275762188
fe2s2_cas30e20o,"Fe$_2$S$_2$ CAS(30e,20o)",21010,216.01322605117446
fe2s2_cas30e20o,"Fe$_2$S$_2$ CAS(30e,20o)",21020,216.4418582316614
fe2s2_cas30e20o,"Fe$_2$S$_2$ CAS(30e,20o)",21030,216.18289515457434
fe2s2_cas30e20o,"Fe$_2$S$_2$ CAS(30e,20o)",21040,215.94222502497473
fe2s2_cas30e20o,"Fe$_2$S$_2$ CAS(30e,20o)",21050,215.97606903803523
fe2s2_cas30e20o,"Fe$_2$S$_2$ CAS(30e,20o)",21060,216.22098885818275
fe2s2_cas30e20o,"Fe$_2$S$_2$ CAS(30e,20o)",21070,216.30303820076335
fe2s2_cas30e20o,"Fe$_2$S$_2$ CAS(30e,20o)",21080,216.03951393841214
fe2s2_cas30e20o,"Fe$_2$S$_2$ CAS(30e,20o)",21090,216.36564763856825
fe2s2_cas30e20o,"Fe$_2$S$_2$ CAS(30e,20o)",21100,215.98358189562816
fe2s2_cas30e20o,"Fe$_2$S$_2$ CAS(30e,20o)",21110,215.94651279349364
fe2s2_cas30e20o,"Fe$_2$S$_2$ CAS(30e,20o)",21120,216.1166895625115
fe2s2_cas30e20o,"Fe$_2$S$_2$ CAS(30e,20o)",21130,215.97105164801178
fe2s2_cas30e20o,"Fe$_2$S$_2$ CAS(30e,20o)",21140,215.9610756207826
fe2s2_cas30e20o,"Fe$_2$S$_2$ CAS(30e,20o)",21150,216.20458796608943
fe2s2_cas30e20o,"Fe$_2$S$_2$ CAS(30e,20o)",21160,216.2701037690482
fe2s2_cas30e20o,"Fe$_2$S$_2$ CAS(30e,20o)",21170,215.98929733310968
fe2s2_cas30e20o,"Fe$_2$S$_2$ CAS(30e,20o)",21180,216.19564892418452
fe2s2_cas30e20o,"Fe$_2$S$_2$ CAS(30e,20o)",21190,215.9839913264392
fe2s2_cas30e20o,"Fe$_2$S$_2$ CAS(30e,20o)",21200,216.13266035924994
fe2s2_cas30e20o,"Fe$_2$S$_2$ CAS(30e,20o)",21210,216.20653188277572
fe2s2_cas30e20o,"Fe$_2$S$_2$ CAS(30e,20o)",21220,216.2010066514597
fe2s2_cas30e20o,"Fe$_2$S$_2$ CAS(30e,20o)",21230,216.21678358172858
fe2s2_cas30e20o,"Fe$_2$S$_2$ CAS(30e,20o)",21240,216.06526256414327
fe2s2_cas30e20o,"Fe$_2$S$_2$ CAS(30e,20o)",21250,215.9492770277751
fe2s2_cas30e20o,"Fe$_2$S$_2$ CAS(30e,20o)",21260,215.97366786033945
fe2s2_cas30e20o,"Fe$_2$S$_2$ CAS(30e,20o)",21270,216.24738740750615
fe2s2_cas30e20o,"Fe$_2$S$_2$ CAS(30e,20o)",21280,215.96870195027407
fe2s2_cas30e20o,"Fe$_2$S$_2$ CAS(30e,20o)",21290,216.01609787569487
fe2s2_cas30e20o,"Fe$_2$S$_2$ CAS(30e,20o)",21300,216.26817233614304
fe2s2_cas30e20o,"Fe$_2$S$_2$ CAS(30e,20o)",21310,215.98259834104283
fe2s2_cas30e20o,"Fe$_2$S$_2$ CAS(30e,20o)",21320,215.948179930038
fe2s2_cas30e20o,"Fe$_2$S$_2$ CAS(30e,20o)",21330,216.13492559114889
fe2s2_cas30e20o,"Fe$_2$S$_2$ CAS(30e,20o)",21340,216.16818862537457
fe2s2_cas30e20o,"Fe$_2$S$_2$ CAS(30e,20o)",21350,215.9482454111128
fe2s2_cas30e20o,"Fe$_2$S$_2$ CAS(30e,20o)",21360,216.48339130571514
fe2s2_cas30e20o,"Fe$_2$S$_2$ CAS(30e,20o)",21370,216.15147099561227
fe2s2_cas30e20o,"Fe$_2$S$_2$ CAS(30e,20o)",21380,216.21921067333005
fe2s2_cas30e20o,"Fe$_2$S$_2$ CAS(30e,20o)",21390,215.96165392227817
fe2s2_cas30e20o,"Fe$_2$S$_2$ CAS(30e,20o)",21400,216.20349342693146
fe2s2_cas30e20o,"Fe$_2$S$_2$ CAS(30e,20o)",21410,215.93473950142084
fe2s2_cas30e20o,"Fe$_2$S$_2$ CAS(30e,20o)",21420,215.97039955518937
fe2s2_cas30e20o,"Fe$_2$S$_2$ CAS(30e,20o)",21430,216.3307107430512
fe2s2_cas30e20o,"Fe$_2$S$_2$ CAS(30e,20o)",21440,216.20499472945198
fe2s2_cas30e20o,"Fe$_2$S$_2$ CAS(30e,20o)",21450,215.90347958132838
fe2s2_cas30e20o,"Fe$_2$S$_2$ CAS(30e,20o)",21460,216.1789016912934
fe2s2_cas30e20o,"Fe$_2$S$_2$ CAS(30e,20o)",21470,215.99816645809256
fe2s2_cas30e20o,"Fe$_2$S$_2$ CAS(30e,20o)",21480,215.9456343616455
fe2s2_cas30e20o,"Fe$_2$S$_2$ CAS(30e,20o)",21490,215.94432240617323
fe2s2_cas30e20o,"Fe$_2$S$_2$ CAS(30e,20o)",21500,216.37698497663393
fe2s2_cas30e20o,"Fe$_2$S$_2$ CAS(30e,20o)",21510,215.99284209790426
fe2s2_cas30e20o,"Fe$_2$S$_2$ CAS(30e,20o)",21520,215.93781534211587
fe2s2_cas30e20o,"Fe$_2$S$_2$ CAS(30e,20o)",21530,215.88250269151388
fe2s2_cas30e20o,"Fe$_2$S$_2$ CAS(30e,20o)",21540,216.21478558746787
fe2s2_cas30e20o,"Fe$_2$S$_2$ CAS(30e,20o)",21550,215.89632779834744
fe2s2_cas30e20o,"Fe$_2$S$_2$ CAS(30e,20o)",21560,215.9750971834029
fe2s2_cas30e20o,"Fe$_2$S$_2$ CAS(30e,20o)",21570,216.06719843651945
fe2s2_cas30e20o,"Fe$_2$S$_2$ CAS(30e,20o)",21580,215.87218780270234
fe2s2_cas30e20o,"Fe$_2$S$_2$ CAS(30e,20o)",21590,215.89919399663415
fe2s2_cas30e20o,"Fe$_2$S$_2$ CAS(30e,20o)",21600,216.12144294678615
fe2s2_cas30e20o,"Fe$_2$S$_2$ CAS(30e,20o)",21610,215.91482860360145
fe2s2_cas30e20o,"Fe$_2$S$_2$ CAS(30e,20o)",21620,215.856794351879
fe2s2_cas30e20o,"Fe$_2$S$_2$ CAS(30e,20o)",21630,215.90521059820844
fe2s2_cas30e20o,"Fe$_2$S$_2$ CAS(30e,20o)",21640,216.57647276767023
fe2s2_cas30e20o,"Fe$_2$S$_2$ CAS(30e,20o)",21650,216.07316232862672
fe2s2_cas30e20o,"Fe$_2$S$_2$ CAS(30e,20o)",21660,215.8787732353744
fe2s2_cas30e20o,"Fe$_2$S$_2$ CAS(30e,20o)",21670,215.85427120379563
fe2s2_cas30e20o,"Fe$_2$S$_2$ CAS(30e,20o)",21680,216.62032044856971
fe2s2_cas30e20o,"Fe$_2$S$_2$ CAS(30e,20o)",21690,216.0458158329135
fe2s2_cas30e20o,"Fe$_2$S$_2$ CAS(30e,20o)",21700,215.84099822113956
fe2s2_cas30e20o,"Fe$_2$S$_2$ CAS(30e,20o)",21710,215.835636003888
fe2s2_cas30e20o,"Fe$_2$S$_2$ CAS(30e,20o)",21720,216.2158034284687
fe2s2_cas30e20o,"Fe$_2$S$_2$ CAS(30e,20o)",21730,216.01968444831243
fe2s2_cas30e20o,"Fe$_2$S$_2$ CAS(30e,20o)",21740,215.8507765733475
fe2s2_cas30e20o,"Fe$_2$S$_2$ CAS(30e,20o)",21750,216.52971241617536
fe2s2_cas30e20o,"Fe$_2$S$_2$ CAS(30e,20o)",21760,216.13844150485306
fe2s2_cas30e20o,"Fe$_2$S$_2$ CAS(30e,20o)",21770,215.8904594537603
fe2s2_cas30e20o,"Fe$_2$S$_2$ CAS(30e,20o)",21780,216.1111846759951
fe2s2_cas30e20o,"Fe$_2$S$_2$ CAS(30e,20o)",21790,215.9134336438342
fe2s2_cas30e20o,"Fe$_2$S$_2$ CAS(30e,20o)",21800,215.85450487236812
fe2s2_cas30e20o,"Fe$_2$S$_2$ CAS(30e,20o)",21810,216.0074983571718
fe2s2_cas30e20o,"Fe$_2$S$_2$ CAS(30e,20o)",21820,216.14474385208382
fe2s2_cas30e20o,"Fe$_2$S$_2$ CAS(30e,20o)",21830,215.9766234850764
fe2s2_cas30e20o,"Fe$_2$S$_2$ CAS(30e,20o)",21840,216.1303559494172
fe2s2_cas30e20o,"Fe$_2$S$_2$ CAS(30e,20o)",21850,215.9930580324243
fe2s2_cas30e20o,"Fe$_2$S$_2$ CAS(30e,20o)",21860,215.96993148685328
fe2s2_cas30e20o,"Fe$_2$S$_2$ CAS(30e,20o)",21870,215.83541758269575
fe2s2_cas30e20o,"Fe$_2$S$_2$ CAS(30e,20o)",21880,215.98563095172096
fe2s2_cas30e20o,"Fe$_2$S$_2$ CAS(30e,20o)",21890,215.93962947382295
fe2s2_cas30e20o,"Fe$_2$S$_2$ CAS(30e,20o)",21900,215.90821546298855
fe2s2_cas30e20o,"Fe$_2$S$_2$ CAS(30e,20o)",21910,215.88139691679942
fe2s2_cas30e20o,"Fe$_2$S$_2$ CAS(30e,20o)",21920,215.9936259324695
fe2s2_cas30e20o,"Fe$_2$S$_2$ CAS(30e,20o)",21930,215.86348608246908
fe2s2_cas30e20o,"Fe$_2$S$_2$ CAS(30e,20o)",21940,216.23516234554074
fe2s2_cas30e20o,"Fe$_2$S$_2$ CAS(30e,20o)",21950,215.92691792834273
fe2s2_cas30e20o,"Fe$_2$S$_2$ CAS(30e,20o)",21960,215.86100831400756
fe2s2_cas30e20o,"Fe$_2$S$_2$ CAS(30e,20o)",21970,215.80609021663122
fe2s2_cas30e20o,"Fe$_2$S$_2$ CAS(30e,20o)",21980,216.85466128016628
fe2s2_cas30e20o,"Fe$_2$S$_2$ CAS(30e,20o)",21990,215.96542831930776
fe2s2_cas30e20o,"Fe$_2$S$_2$ CAS(30e,20o)",22000,215.9828110692814
fe2s2_cas30e20o,"Fe$_2$S$_2$ CAS(30e,20o)",22010,215.9941232127096
fe2s2_cas30e20o,"Fe$_2$S$_2$ CAS(30e,20o)",22020,215.85145630908187
fe2s2_cas30e20o,"Fe$_2$S$_2$ CAS(30e,20o)",22030,216.8870305533659
fe2s2_cas30e20o,"Fe$_2$S$_2$ CAS(30e,20o)",22040,216.01837241010458
fe2s2_cas30e20o,"Fe$_2$S$_2$ CAS(30e,20o)",22050,215.850583467045
fe2s2_cas30e20o,"Fe$_2$S$_2$ CAS(30e,20o)",22060,215.77641920141843
fe2s2_cas30e20o,"Fe$_2$S$_2$ CAS(30e,20o)",22070,215.79227066882822
fe2s2_cas30e20o,"Fe$_2$S$_2$ CAS(30e,20o)",22080,216.4627720266452
fe2s2_cas30e20o,"Fe$_2$S$_2$ CAS(30e,20o)",22090,215.88774949499623
fe2s2_cas30e20o,"Fe$_2$S$_2$ CAS(30e,20o)",22100,215.86298893299727
fe2s2_cas30e20o,"Fe$_2$S$_2$ CAS(30e,20o)",22110,215.82917708585114
fe2s2_cas30e20o,"Fe$_2$S$_2$ CAS(30e,20o)",22120,216.11844767355137
fe2s2_cas30e20o,"Fe$_2$S$_2$ CAS(30e,20o)",22130,215.7632572025534
fe2s2_cas30e20o,"Fe$_2$S$_2$ CAS(30e,20o)",22140,215.9976176021985
fe2s2_cas30e20o,"Fe$_2$S$_2$ CAS(30e,20o)",22150,215.84152771811205
fe2s2_cas30e20o,"Fe$_2$S$_2$ CAS(30e,20o)",22160,215.9478667019954
fe2s2_cas30e20o,"Fe$_2$S$_2$ CAS(30e,20o)",22170,215.98038128747987
fe2s2_cas30e20o,"Fe$_2$S$_2$ CAS(30e,20o)",22180,215.75955459418594
fe2s2_cas30e20o,"Fe$_2$S$_2$ CAS(30e,20o)",22190,216.15787777270157
fe2s2_cas30e20o,"Fe$_2$S$_2$ CAS(30e,20o)",22200,215.87500880970367
fe2s2_cas30e20o,"Fe$_2$S$_2$ CAS(30e,20o)",22210,215.92875297814373
fe2s2_cas30e20o,"Fe$_2$S$_2$ CAS(30e,20o)",22220,215.82988827698557
fe2s2_cas30e20o,"Fe$_2$S$_2$ CAS(30e,20o)",22230,215.8278556111526
fe2s2_cas30e20o,"Fe$_2$S$_2$ CAS(30e,20o)",22240,215.7896427522843
fe2s2_cas30e20o,"Fe$_2$S$_2$ CAS(30e,20o)",22250,215.71678768953007
fe2s2_cas30e20o,"Fe$_2$S$_2$ CAS(30e,20o)",22260,215.93447454745274
fe2s2_cas30e20o,"Fe$_2$S$_2$ CAS(30e,20o)",22270,216.05412164277027
fe2s2_cas30e20o,"Fe$_2$S$_2$ CAS(30e,20o)",22280,215.7685957196378
fe2s2_cas30e20o,"Fe$_2$S$_2$ CAS(30e,20o)",22290,215.7361839040277
fe2s2_cas30e20o,"Fe$_2$S$_2$ CAS(30e,20o)",22300,216.17973789958
fe2s2_cas30e20o,"Fe$_2$S$_2$ CAS(30e,20o)",22310,216.16901861469273
fe2s2_cas30e20o,"Fe$_2$S$_2$ CAS(30e,20o)",22320,215.92536537589524
fe2s2_cas30e20o,"Fe$_2$S$_2$ CAS(30e,20o)",22330,215.77605789994436
fe2s2_cas30e20o,"Fe$_2$S$_2$ CAS(30e,20o)",22340,215.80706990339138
fe2s2_cas30e20o,"Fe$_2$S$_2$ CAS(30e,20o)",22350,216.01027839892595
fe2s2_cas30e20o,"Fe$_2$S$_2$ CAS(30e,20o)",22360,215.93035650134595
fe2s2_cas30e20o,"Fe$_2$S$_2$ CAS(30e,20o)",22370,215.77937548973125
fe2s2_cas30e20o,"Fe$_2$S$_2$ CAS(30e,20o)",22380,215.80635608277987
fe2s2_cas30e20o,"Fe$_2$S$_2$ CAS(30e,20o)",22390,215.78014599697326
fe2s2_cas30e20o,"Fe$_2$S$_2$ CAS(30e,20o)",22400,215.83699666491896
fe2s2_cas30e20o,"Fe$_2$S$_2$ CAS(30e,20o)",22410,215.82122642871582
fe2s2_cas30e20o,"Fe$_2$S$_2$ CAS(30e,20o)",22420,215.76331128001414
fe2s2_cas30e20o,"Fe$_2$S$_2$ CAS(30e,20o)",22430,216.2328537910554
fe2s2_cas30e20o,"Fe$_2$S$_2$ CAS(30e,20o)",22440,215.92814325154563
fe2s2_cas30e20o,"Fe$_2$S$_2$ CAS(30e,20o)",22450,215.73104878351046
fe2s2_cas30e20o,"Fe$_2$S$_2$ CAS(30e,20o)",22460,215.87239161065952
fe2s2_cas30e20o,"Fe$_2$S$_2$ CAS(30e,20o)",22470,215.89688968147414
fe2s2_cas30e20o,"Fe$_2$S$_2$ CAS(30e,20o)",22480,215.80117312406344
fe2s2_cas30e20o,"Fe$_2$S$_2$ CAS(30e,20o)",22490,215.7615201133325
fe2s2_cas30e20o,"Fe$_2$S$_2$ CAS(30e,20o)",22500,215.82995066574995
fe2s2_cas30e20o,"Fe$_2$S$_2$ CAS(30e,20o)",22510,215.83861383781766
fe2s2_cas30e20o,"Fe$_2$S$_2$ CAS(30e,20o)",22520,215.88374982783876
fe2s2_cas30e20o,"Fe$_2$S$_2$ CAS(30e,20o)",22530,215.72208626527356
fe2s2_cas30e20o,"Fe$_2$S$_2$ CAS(30e,20o)",22540,215.8130325108516
fe2s2_cas30e20o,"Fe$_2$S$_2$ CAS(30e,20o)",22550,215.9883077425917
fe2s2_cas30e20o,"Fe$_2$S$_2$ CAS(30e,20o)",22560,215.90605420185227
fe2s2_cas30e20o,"Fe$_2$S$_2$ CAS(30e,20o)",22570,216.15671306929585
fe2s2_cas30e20o,"Fe$_2$S$_2$ CAS(30e,20o)",22580,215.7972812462532
fe2s2_cas30e20o,"Fe$_2$S$_2$ CAS(30e,20o)",22590,215.71213735978745
fe2s2_cas30e20o,"Fe$_2$S$_2$ CAS(30e,20o)",22600,215.8071010775302
fe2s2_cas30e20o,"Fe$_2$S$_2$ CAS(30e,20o)",22610,215.9811408478305
fe2s2_cas30e20o,"Fe$_2$S$_2$ CAS(30e,20o)",22620,215.90135605376304
fe2s2_cas30e20o,"Fe$_2$S$_2$ CAS(30e,20o)",22630,215.6970362311199
fe2s2_cas30e20o,"Fe$_2$S$_2$ CAS(30e,20o)",22640,215.90326197697607
fe2s2_cas30e20o,"Fe$_2$S$_2$ CAS(30e,20o)",22650,215.85436327805496
fe2s2_cas30e20o,"Fe$_2$S$_2$ CAS(30e,20o)",22660,215.7876224777482
fe2s2_cas30e20o,"Fe$_2$S$_2$ CAS(30e,20o)",22670,215.78750474260744
fe2s2_cas30e20o,"Fe$_2$S$_2$ CAS(30e,20o)",22680,215.7392967226457
fe2s2_cas30e20o,"Fe$_2$S$_2$ CAS(30e,20o)",22690,215.65358630007836
fe2s2_cas30e20o,"Fe$_2$S$_2$ CAS(30e,20o)",22700,216.08253305197422
fe2s2_cas30e20o,"Fe$_2$S$_2$ CAS(30e,20o)",22710,216.01450302073033
fe2s2_cas30e20o,"Fe$_2$S$_2$ CAS(30e,20o)",22720,215.84791715778806
fe2s2_cas30e20o,"Fe$_2$S$_2$ CAS(30e,20o)",22730,215.7589639097779
fe2s2_cas30e20o,"Fe$_2$S$_2$ CAS(30e,20o)",22740,215.83606830570545
fe2s2_cas30e20o,"Fe$_2$S$_2$ CAS(30e,20o)",22750,215.90958024837903
fe2s2_cas30e20o,"Fe$_2$S$_2$ CAS(30e,20o)",22760,215.71717706801508
fe2s2_cas30e20o,"Fe$_2$S$_2$ CAS(30e,20o)",22770,215.8110628006824
fe2s2_cas30e20o,"Fe$_2$S$_2$ CAS(30e,20o)",22780,215.76055726100662
fe2s2_cas30e20o,"Fe$_2$S$_2$ CAS(30e,20o)",22790,215.7031189027947
fe2s2_cas30e20o,"Fe$_2$S$_2$ CAS(30e,20o)",22800,215.76006382166213
fe2s2_cas30e20o,"Fe$_2$S$_2$ CAS(30e,20o)",22810,215.67453724975394
fe2s2_cas30e20o,"Fe$_2$S$_2$ CAS(30e,20o)",22820,215.83265751102942
fe2s2_cas30e20o,"Fe$_2$S$_2$ CAS(30e,20o)",22830,216.03194048024932
fe2s2_cas30e20o,"Fe$_2$S$_2$ CAS(30e,20o)",22840,215.69422772748226
fe2s2_cas30e20o,"Fe$_2$S$_2$ CAS(30e,20o)",22850,215.7028322894945
fe2s2_cas30e20o,"Fe$_2$S$_2$ CAS(30e,20o)",22860,215.65826761508333
fe2s2_cas30e20o,"Fe$_2$S$_2$ CAS(30e,20o)",22870,215.90769614648764
fe2s2_cas30e20o,"Fe$_2$S$_2$ CAS(30e,20o)",22880,216.1140359920637
fe2s2_cas30e20o,"Fe$_2$S$_2$ CAS(30e,20o)",22890,215.72210337427578
fe2s2_cas30e20o,"Fe$_2$S$_2$ CAS(30e,20o)",22900,215.64338279092965
fe2s2_cas30e20o,"Fe$_2$S$_2$ CAS(30e,20o)",22910,215.65324913265727
fe2s2_cas30e20o,"Fe$_2$S$_2$ CAS(30e,20o)",22920,216.01858364392967
fe2s2_cas30e20o,"Fe$_2$S$_2$ CAS(30e,20o)",22930,215.82750646373938
fe2s2_cas30e20o,"Fe$_2$S$_2$ CAS(30e,20o)",22940,216.02144958598046
fe2s2_cas30e20o,"Fe$_2$S$_2$ CAS(30e,20o)",22950,215.63373777186712
fe2s2_cas30e20o,"Fe$_2$S$_2$ CAS(30e,20o)",22960,215.66766943348625
fe2s2_cas30e20o,"Fe$_2$S$_2$ CAS(30e,20o)",22970,215.69932180253204
fe2s2_cas30e20o,"Fe$_2$S$_2$ CAS(30e,20o)",22980,215.698421191874
fe2s2_cas30e20o,"Fe$_2$S$_2$ CAS(30e,20o)",22990,216.22121005059114
fe2s2_cas30e20o,"Fe$_2$S$_2$ CAS(30e,20o)",23000,215.73928200872672
fe2s2_cas30e20o,"Fe$_2$S$_2$ CAS(30e,20o)",23010,215.71267035086805
fe2s2_cas30e20o,"Fe$_2$S$_2$ CAS(30e,20o)",23020,215.7246616763615
fe2s2_cas30e20o,"Fe$_2$S$_2$ CAS(30e,20o)",23030,215.72488730107864
fe2s2_cas30e20o,"Fe$_2$S$_2$ CAS(30e,20o)",23040,215.79980886508565
fe2s2_cas30e20o,"Fe$_2$S$_2$ CAS(30e,20o)",23050,215.68695794125858
fe2s2_cas30e20o,"Fe$_2$S$_2$ CAS(30e,20o)",23060,215.6983521528133
fe2s2_cas30e20o,"Fe$_2$S$_2$ CAS(30e,20o)",23070,215.86924201331215
fe2s2_cas30e20o,"Fe$_2$S$_2$ CAS(30e,20o)",23080,215.59507142912082
fe2s2_cas30e20o,"Fe$_2$S$_2$ CAS(30e,20o)",23090,215.80490781306594
fe2s2_cas30e20o,"Fe$_2$S$_2$ CAS(30e,20o)",23100,216.0213498727046
fe2s2_cas30e20o,"Fe$_2$S$_2$ CAS(30e,20o)",23110,215.70682181668133
fe2s2_cas30e20o,"Fe$_2$S$_2$ CAS(30e,20o)",23120,215.61110801981442
fe2s2_cas30e20o,"Fe$_2$S$_2$ CAS(30e,20o)",23130,215.56128275007325
fe2s2_cas30e20o,"Fe$_2$S$_2$ CAS(30e,20o)",23140,216.01175693881203
fe2s2_cas30e20o,"Fe$_2$S$_2$ CAS(30e,20o)",23150,215.83200869032737
fe2s2_cas30e20o,"Fe$_2$S$_2$ CAS(30e,20o)",23160,215.66584946252476
fe2s2_cas30e20o,"Fe$_2$S$_2$ CAS(30e,20o)",23170,215.99105546393105
fe2s2_cas30e20o,"Fe$_2$S$_2$ CAS(30e,20o)",23180,215.80210717154102
fe2s2_cas30e20o,"Fe$_2$S$_2$ CAS(30e,20o)",23190,215.7109014715246
fe2s2_cas30e20o,"Fe$_2$S$_2$ CAS(30e,20o)",23200,215.5574484225582
fe2s2_cas30e20o,"Fe$_2$S$_2$ CAS(30e,20o)",23210,216.6144416442819
fe2s2_cas30e20o,"Fe$_2$S$_2$ CAS(30e,20o)",23220,215.67548209624476
fe2s2_cas30e20o,"Fe$_2$S$_2$ CAS(30e,20o)",23230,215.6309707900732
fe2s2_cas30e20o,"Fe$_2$S$_2$ CAS(30e,20o)",23240,215.68127844916773
fe2s2_cas30e20o,"Fe$_2$S$_2$ CAS(30e,20o)",23250,215.79287665331037
fe2s2_cas30e20o,"Fe$_2$S$_2$ CAS(30e,20o)",23260,215.7528949348375
fe2s2_cas30e20o,"Fe$_2$S$_2$ CAS(30e,20o)",23270,215.5794651882985
fe2s2_cas30e20o,"Fe$_2$S$_2$ CAS(30e,20o)",23280,215.60002976247006
fe2s2_cas30e20o,"Fe$_2$S$_2$ CAS(30e,20o)",23290,215.9714419756824
fe2s2_cas30e20o,"Fe$_2$S$_2$ CAS(30e,20o)",23300,215.73627962469288
fe2s2_cas30e20o,"Fe$_2$S$_2$ CAS(30e,20o)",23310,215.58803616271405
fe2s2_cas30e20o,"Fe$_2$S$_2$ CAS(30e,20o)",23320,215.60895286326343
fe2s2_cas30e20o,"Fe$_2$S$_2$ CAS(30e,20o)",23330,215.7251268765492
fe2s2_cas30e20o,"Fe$_2$S$_2$ CAS(30e,20o)",23340,215.61259444538905
fe2s2_cas30e20o,"Fe$_2$S$_2$ CAS(30e,20o)",23350,216.23077679085156
fe2s2_cas30e20o,"Fe$_2$S$_2$ CAS(30e,20o)",23360,215.76499639724034
fe2s2_cas30e20o,"Fe$_2$S$_2$ CAS(30e,20o)",23370,215.63469786268286
fe2s2_cas30e20o,"Fe$_2$S$_2$ CAS(30e,20o)",23380,215.64065646438735
fe2s2_cas30e20o,"Fe$_2$S$_2$ CAS(30e,20o)",23390,215.73102781960074
fe2s2_cas30e20o,"Fe$_2$S$_2$ CAS(30e,20o)",23400,215.68933215390018
fe2s2_cas30e20o,"Fe$_2$S$_2$ CAS(30e,20o)",23410,215.57410176275482
fe2s2_cas30e20o,"Fe$_2$S$_2$ CAS(30e,20o)",23420,215.59309139287564
fe2s2_cas30e20o,"Fe$_2$S$_2$ CAS(30e,20o)",23430,215.926830925099
fe2s2_cas30e20o,"Fe$_2$S$_2$ CAS(30e,20o)",23440,215.70974859292846
fe2s2_cas30e20o,"Fe$_2$S$_2$ CAS(30e,20o)",23450,215.65478345702616
fe2s2_cas30e20o,"Fe$_2$S$_2$ CAS(30e,20o)",23460,215.60735313109092
fe2s2_cas30e20o,"Fe$_2$S$_2$ CAS(30e,20o)",23470,215.63104573361613
fe2s2_cas30e20o,"Fe$_2$S$_2$ CAS(30e,20o)",23480,215.79860277958574
fe2s2_cas30e20o,"Fe$_2$S$_2$ CAS(30e,20o)",23490,215.5570367046522
fe2s2_cas30e20o,"Fe$_2$S$_2$ CAS(30e,20o)",23500,215.58016800250357
fe2s2_cas30e20o,"Fe$_2$S$_2$ CAS(30e,20o)",23510,215.78159450056944
fe2s2_cas30e20o,"Fe$_2$S$_2$ CAS(30e,20o)",23520,215.87265327623584
fe2s2_cas30e20o,"Fe$_2$S$_2$ CAS(30e,20o)",23530,215.67785539794215
fe2s2_cas30e20o,"Fe$_2$S$_2$ CAS(30e,20o)",23540,216.0088578529269
fe2s2_cas30e20o,"Fe$_2$S$_2$ CAS(30e,20o)",23550,215.5282918629382
fe2s2_cas30e20o,"Fe$_2$S$_2$ CAS(30e,20o)",23560,215.6639599960215
fe2s2_cas30e20o,"Fe$_2$S$_2$ CAS(30e,20o)",23570,215.64893458099732
fe2s2_cas30e20o,"Fe$_2$S$_2$ CAS(30e,20o)",23580,215.54843313592187
fe2s2_cas30e20o,"Fe$_2$S$_2$ CAS(30e,20o)",23590,215.67854380953122
fe2s2_cas30e20o,"Fe$_2$S$_2$ CAS(30e,20o)",23600,216.02219895910935
fe2s2_cas30e20o,"Fe$_2$S$_2$ CAS(30e,20o)",23610,215.94177070981857
fe2s2_cas30e20o,"Fe$_2$S$_2$ CAS(30e,20o)",23620,215.6862500041683
fe2s2_cas30e20o,"Fe$_2$S$_2$ CAS(30e,20o)",23630,215.52897191313036
fe2s2_cas30e20o,"Fe$_2$S$_2$ CAS(30e,20o)",23640,215.65906560660153
fe2s2_cas30e20o,"Fe$_2$S$_2$ CAS(30e,20o)",23650,216.1868551901165
fe2s2_cas30e20o,"Fe$_2$S$_2$ CAS(30e,20o)",23660,215.76973204474825
fe2s2_cas30e20o,"Fe$_2$S$_2$ CAS(30e,20o)",23670,215.55168182837292
fe2s2_cas30e20o,"Fe$_2$S$_2$ CAS(30e,20o)",23680,215.549044186659
fe2s2_cas30e20o,"Fe$_2$S$_2$ CAS(30e,20o)",23690,215.56399008620986
fe2s2_cas30e20o,"Fe$_2$S$_2$ CAS(30e,20o)",23700,216.18915536949146
fe2s2_cas30e20o,"Fe$_2$S$_2$ CAS(30e,20o)",23710,215.6040645095061
fe2s2_cas30e20o,"Fe$_2$S$_2$ CAS(30e,20o)",23720,215.5779949225547
fe2s2_cas30e20o,"Fe$_2$S$_2$ CAS(30e,20o)",23730,215.48617922132962
fe2s2_cas30e20o,"Fe$_2$S$_2$ CAS(30e,20o)",23740,215.4904270932292
fe2s2_cas30e20o,"Fe$_2$S$_2$ CAS(30e,20o)",23750,216.08536658608557
fe2s2_cas30e20o,"Fe$_2$S$_2$ CAS(30e,20o)",23760,215.78097876059132
fe2s2_cas30e20o,"Fe$_2$S$_2$ CAS(30e,20o)",23770,215.57874570744673
fe2s2_cas30e20o,"Fe$_2$S$_2$ CAS(30e,20o)",23780,215.51383431314264
fe2s2_cas30e20o,"Fe$_2$S$_2$ CAS(30e,20o)",23790,216.0071868297848
fe2s2_cas30e20o,"Fe$_2$S$_2$ CAS(30e,20o)",23800,215.58406987279
fe2s2_cas30e20o,"Fe$_2$S$_2$ CAS(30e,20o)",23810,215.5116570829847
fe2s2_cas30e20o,"Fe$_2$S$_2$ CAS(30e,20o)",23820,215.88193516834053
fe2s2_cas30e20o,"Fe$_2$S$_2$ CAS(30e,20o)",23830,215.54159888398772
fe2s2_cas30e20o,"Fe$_2$S$_2$ CAS(30e,20o)",23840,215.48940055019727
fe2s2_cas30e20o,"Fe$_2$S$_2$ CAS(30e,20o)",23850,215.74978029559588
fe2s2_cas30e20o,"Fe$_2$S$_2$ CAS(30e,20o)",23860,215.5570596019203
fe2s2_cas30e20o,"Fe$_2$S$_2$ CAS(30e,20o)",23870,216.1928317059818
fe2s2_cas30e20o,"Fe$_2$S$_2$ CAS(30e,20o)",23880,215.6413356114939
fe2s2_cas30e20o,"Fe$_2$S$_2$ CAS(30e,20o)",23890,215.8079911754811
fe2s2_cas30e20o,"Fe$_2$S$_2$ CAS(30e,20o)",23900,215.5611843598706
fe2s2_cas30e20o,"Fe$_2$S$_2$ CAS(30e,20o)",23910,215.4730131120175
fe2s2_cas30e20o,"Fe$_2$S$_2$ CAS(30e,20o)",23920,215.49145200874875
fe2s2_cas30e20o,"Fe$_2$S$_2$ CAS(30e,20o)",23930,215.78683504293394
fe2s2_cas30e20o,"Fe$_2$S$_2$ CAS(30e,20o)",23940,215.58731403889908
fe2s2_cas30e20o,"Fe$_2$S$_2$ CAS(30e,20o)",23950,215.46999699769742
fe2s2_cas30e20o,"Fe$_2$S$_2$ CAS(30e,20o)",23960,215.4635432772949
fe2s2_cas30e20o,"Fe$_2$S$_2$ CAS(30e,20o)",23970,215.5171212972391
fe2s2_cas30e20o,"Fe$_2$S$_2$ CAS(30e,20o)",23980,215.74868592382757
fe2s2_cas30e20o,"Fe$_2$S$_2$ CAS(30e,20o)",23990,215.57389274018135
fe2s2_cas30e20o,"Fe$_2$S$_2$ CAS(30e,20o)",24000,215.89236383978516
fe2s2_cas30e20o,"Fe$_2$S$_2$ CAS(30e,20o)",24010,215.76684658215584
fe2s2_cas30e20o,"Fe$_2$S$_2$ CAS(30e,20o)",24020,215.5140205609456
fe2s2_cas30e20o,"Fe$_2$S$_2$ CAS(30e,20o)",24030,215.48331682741662
fe2s2_cas30e20o,"Fe$_2$S$_2$ CAS(30e,20o)",24040,215.52273288386914
fe2s2_cas30e20o,"Fe$_2$S$_2$ CAS(30e,20o)",24050,215.55421761186722
fe2s2_cas30e20o,"Fe$_2$S$_2$ CAS(30e,20o)",24060,215.56256309486344
fe2s2_cas30e20o,"Fe$_2$S$_2$ CAS(30e,20o)",24070,215.45155653215886
fe2s2_cas30e20o,"Fe$_2$S$_2$ CAS(30e,20o)",24080,215.5717696014392
fe2s2_cas30e20o,"Fe$_2$S$_2$ CAS(30e,20o)",24090,215.63057753988346
fe2s2_cas30e20o,"Fe$_2$S$_2$ CAS(30e,20o)",24100,215.50900930080275
fe2s2_cas30e20o,"Fe$_2$S$_2$ CAS(30e,20o)",24110,215.52590599306143
fe2s2_cas30e20o,"Fe$_2$S$_2$ CAS(30e,20o)",24120,215.78799012441152
fe2s2_cas30e20o,"Fe$_2$S$_2$ CAS(30e,20o)",24130,215.58049925157263
fe2s2_cas30e20o,"Fe$_2$S$_2$ CAS(30e,20o)",24140,215.52636638895706
fe2s2_cas30e20o,"Fe$_2$S$_2$ CAS(30e,20o)",24150,215.71866355164104
fe2s2_cas30e20o,"Fe$_2$S$_2$ CAS(30e,20o)",24160,215.5098519259866
fe2s2_cas30e20o,"Fe$_2$S$_2$ CAS(30e,20o)",24170,215.59786167640027
fe2s2_cas30e20o,"Fe$_2$S$_2$ CAS(30e,20o)",24180,215.5053336864654
fe2s2_cas30e20o,"Fe$_2$S$_2$ CAS(30e,20o)",24190,215.43999972870154
fe2s2_cas30e20o,"Fe$_2$S$_2$ CAS(30e,20o)",24200,215.6534008652642
fe2s2_cas30e20o,"Fe$_2$S$_2$ CAS(30e,20o)",24210,215.61011391064255
fe2s2_cas30e20o,"Fe$_2$S$_2$ CAS(30e,20o)",24220,215.45598933782628
fe2s2_cas30e20o,"Fe$_2$S$_2$ CAS(30e,20o)",24230,215.65415306439206
fe2s2_cas30e20o,"Fe$_2$S$_2$ CAS(30e,20o)",24240,215.8831990538772
fe2s2_cas30e20o,"Fe$_2$S$_2$ CAS(30e,20o)",24250,215.5336122374223
fe2s2_cas30e20o,"Fe$_2$S$_2$ CAS(30e,20o)",24260,215.42363030030742
fe2s2_cas30e20o,"Fe$_2$S$_2$ CAS(30e,20o)",24270,215.411805705628
fe2s2_cas30e20o,"Fe$_2$S$_2$ CAS(30e,20o)",24280,215.51072232705337
fe2s2_cas30e20o,"Fe$_2$S$_2$ CAS(30e,20o)",24290,215.50375960747203
fe2s2_cas30e20o,"Fe$_2$S$_2$ CAS(30e,20o)",24300,215.495897406754
fe2s2_cas30e20o,"Fe$_2$S$_2$ CAS(30e,20o)",24310,215.8247127177617
fe2s2_cas30e20o,"Fe$_2$S$_2$ CAS(30e,20o)",24320,215.46883097074954
fe2s2_cas30e20o,"Fe$_2$S$_2$ CAS(30e,20o)",24330,215.46544278642443
fe2s2_cas30e20o,"Fe$_2$S$_2$ CAS(30e,20o)",24340,215.4679088155973
fe2s2_cas30e20o,"Fe$_2$S$_2$ CAS(30e,20o)",24350,216.32343528297326
fe2s2_cas30e20o,"Fe$_2$S$_2$ CAS(30e,20o)",24360,215.54728899542397
fe2s2_cas30e20o,"Fe$_2$S$_2$ CAS(30e,20o)",24370,215.3917722383767
fe2s2_cas30e20o,"Fe$_2$S$_2$ CAS(30e,20o)",24380,215.81991879865825
fe2s2_cas30e20o,"Fe$_2$S$_2$ CAS(30e,20o)",24390,215.41139868411108
fe2s2_cas30e20o,"Fe$_2$S$_2$ CAS(30e,20o)",24400,215.42512280889525
fe2s2_cas30e20o,"Fe$_2$S$_2$ CAS(30e,20o)",24410,215.4914142574711
fe2s2_cas30e20o,"Fe$_2$S$_2$ CAS(30e,20o)",24420,215.64171041488578
fe2s2_cas30e20o,"Fe$_2$S$_2$ CAS(30e,20o)",24430,215.45773485399877
fe2s2_cas30e20o,"Fe$_2$S$_2$ CAS(30e,20o)",24440,215.4677854217084
fe2s2_cas30e20o,"Fe$_2$S$_2$ CAS(30e,20o)",24450,215.7528928376422
fe2s2_cas30e20o,"Fe$_2$S$_2$ CAS(30e,20o)",24460,215.45105960855437
fe2s2_cas30e20o,"Fe$_2$S$_2$ CAS(30e,20o)",24470,215.4933974144626
fe2s2_cas30e20o,"Fe$_2$S$_2$ CAS(30e,20o)",24480,215.78300965536812
fe2s2_cas30e20o,"Fe$_2$S$_2$ CAS(30e,20o)",24490,215.44562813727453
fe2s2_cas30e20o,"Fe$_2$S$_2$ CAS(30e,20o)",24500,215.47858661797648
fe2s2_cas30e20o,"Fe$_2$S$_2$ CAS(30e,20o)",24510,215.45234450533712
fe2s2_cas30e20o,"Fe$_2$S$_2$ CAS(30e,20o)",24520,215.62808810530498
fe2s2_cas30e20o,"Fe$_2$S$_2$ CAS(30e,20o)",24530,215.37136635225806
fe2s2_cas30e20o,"Fe$_2$S$_2$ CAS(30e,20o)",24540,215.34701118288524
fe2s2_cas30e20o,"Fe$_2$S$_2$ CAS(30e,20o)",24550,215.66345976755485
fe2s2_cas30e20o,"Fe$_2$S$_2$ CAS(30e,20o)",24560,215.5590071049147
fe2s2_cas30e20o,"Fe$_2$S$_2$ CAS(30e,20o)",24570,215.38070788662367
fe2s2_cas30e20o,"Fe$_2$S$_2$ CAS(30e,20o)",24580,215.64535114607963
fe2s2_cas30e20o,"Fe$_2$S$_2$ CAS(30e,20o)",24590,215.47055467014786
fe2s2_cas30e20o,"Fe$_2$S$_2$ CAS(30e,20o)",24600,215.47593890733197
fe2s2_cas30e20o,"Fe$_2$S$_2$ CAS(30e,20o)",24610,215.3668836782714
fe2s2_cas30e20o,"Fe$_2$S$_2$ CAS(30e,20o)",24620,216.7707873843625
fe2s2_cas30e20o,"Fe$_2$S$_2$ CAS(30e,20o)",24630,215.7232551939927
fe2s2_cas30e20o,"Fe$_2$S$_2$ CAS(30e,20o)",24640,215.48963046238612
fe2s2_cas30e20o,"Fe$_2$S$_2$ CAS(30e,20o)",24650,215.4226014372682
fe2s2_cas30e20o,"Fe$_2$S$_2$ CAS(30e,20o)",24660,215.331151368801
fe2s2_cas30e20o,"Fe$_2$S$_2$ CAS(30e,20o)",24670,215.40673387733023
fe2s2_cas30e20o,"Fe$_2$S$_2$ CAS(30e,20o)",24680,215.5793713279337
fe2s2_cas30e20o,"Fe$_2$S$_2$ CAS(30e,20o)",24690,215.53523276723752
fe2s2_cas30e20o,"Fe$_2$S$_2$ CAS(30e,20o)",24700,215.386264968501
fe2s2_cas30e20o,"Fe$_2$S$_2$ CAS(30e,20o)",24710,215.34679086448705
fe2s2_cas30e20o,"Fe$_2$S$_2$ CAS(30e,20o)",24720,216.32116269164214
fe2s2_cas30e20o,"Fe$_2$S$_2$ CAS(30e,20o)",24730,215.51982423726201
fe2s2_cas30e20o,"Fe$_2$S$_2$ CAS(30e,20o)",24740,215.4322807195257
fe2s2_cas30e20o,"Fe$_2$S$_2$ CAS(30e,20o)",24750,215.33685170548722
fe2s2_cas30e20o,"Fe$_2$S$_2$ CAS(30e,20o)",24760,215.71202447658777
fe2s2_cas30e20o,"Fe$_2$S$_2$ CAS(30e,20o)",24770,215.50693966182166
fe2s2_cas30e20o,"Fe$_2$S$_2$ CAS(30e,20o)",24780,215.85003277608905
fe2s2_cas30e20o,"Fe$_2$S$_2$ CAS(30e,20o)",24790,215.43636599034244
fe2s2_cas30e20o,"Fe$_2$S$_2$ CAS(30e,20o)",24800,215.38897757417885
fe2s2_cas30e20o,"Fe$_2$S$_2$ CAS(30e,20o)",24810,215.4656843242151
fe2s2_cas30e20o,"Fe$_2$S$_2$ CAS(30e,20o)",24820,215.470242406127
fe2s2_cas30e20o,"Fe$_2$S$_2$ CAS(30e,20o)",24830,215.36043591898135
fe2s2_cas30e20o,"Fe$_2$S$_2$ CAS(30e,20o)",24840,215.47958350184615
fe2s2_cas30e20o,"Fe$_2$S$_2$ CAS(30e,20o)",24850,215.41642214056367
fe2s2_cas30e20o,"Fe$_2$S$_2$ CAS(30e,20o)",24860,215.36700130501174
fe2s2_cas30e20o,"Fe$_2$S$_2$ CAS(30e,20o)",24870,215.51602250154644
fe2s2_cas30e20o,"Fe$_2$S$_2$ CAS(30e,20o)",24880,215.42982862787596
fe2s2_cas30e20o,"Fe$_2$S$_2$ CAS(30e,20o)",24890,215.54214389348658
fe2s2_cas30e20o,"Fe$_2$S$_2$ CAS(30e,20o)",24900,215.32111462030912
fe2s2_cas30e20o,"Fe$_2$S$_2$ CAS(30e,20o)",24910,215.5089933730352
fe2s2_cas30e20o,"Fe$_2$S$_2$ CAS(30e,20o)",24920,215.48825734249988
fe2s2_cas30e20o,"Fe$_2$S$_2$ CAS(30e,20o)",24930,215.31617005787496
fe2s2_cas30e20o,"Fe$_2$S$_2$ CAS(30e,20o)",24940,215.3509761874659
fe2s2_cas30e20o,"Fe$_2$S$_2$ CAS(30e,20o)",24950,215.51223108154716
fe2s2_cas30e20o,"Fe$_2$S$_2$ CAS(30e,20o)",24960,215.4047243941335
fe2s2_cas30e20o,"Fe$_2$S$_2$ CAS(30e,20o)",24970,215.34890483862057
fe2s2_cas30e20o,"Fe$_2$S$_2$ CAS(30e,20o)",24980,216.0332734245003
fe2s2_cas30e20o,"Fe$_2$S$_2$ CAS(30e,20o)",24990,215.35009991993093
fe2s2_cas30e20o,"Fe$_2$S$_2$ CAS(30e,20o)",25000,215.34989601694576
fe2s2_cas30e20o,"Fe$_2$S$_2$ CAS(30e,20o)",25010,215.40683042883302
fe2s2_cas30e20o,"Fe$_2$S$_2$ CAS(30e,20o)",25020,215.46869196268403
fe2s2_cas30e20o,"Fe$_2$S$_2$ CAS(30e,20o)",25030,215.49503785202262
fe2s2_cas30e20o,"Fe$_2$S$_2$ CAS(30e,20o)",25040,215.3355799178911
fe2s2_cas30e20o,"Fe$_2$S$_2$ CAS(30e,20o)",25050,215.31447664801817
fe2s2_cas30e20o,"Fe$_2$S$_2$ CAS(30e,20o)",25060,215.86052709803027
fe2s2_cas30e20o,"Fe$_2$S$_2$ CAS(30e,20o)",25070,215.4087170218304
fe2s2_cas30e20o,"Fe$_2$S$_2$ CAS(30e,20o)",25080,215.34630649611586
fe2s2_cas30e20o,"Fe$_2$S$_2$ CAS(30e,20o)",25090,215.31560272393335
fe2s2_cas30e20o,"Fe$_2$S$_2$ CAS(30e,20o)",25100,215.57494786041786
fe2s2_cas30e20o,"Fe$_2$S$_2$ CAS(30e,20o)",25110,215.99566293322425
fe2s2_cas30e20o,"Fe$_2$S$_2$ CAS(30e,20o)",25120,215.4797230524963
fe2s2_cas30e20o,"Fe$_2$S$_2$ CAS(30e,20o)",25130,215.3191226976503
fe2s2_cas30e20o,"Fe$_2$S$_2$ CAS(30e,20o)",25140,215.31034412461736
fe2s2_cas30e20o,"Fe$_2$S$_2$ CAS(30e,20o)",25150,215.27786203465382
fe2s2_cas30e20o,"Fe$_2$S$_2$ CAS(30e,20o)",25160,215.36605466967274
fe2s2_cas30e20o,"Fe$_2$S$_2$ CAS(30e,20o)",25170,215.41183630924365
fe2s2_cas30e20o,"Fe$_2$S$_2$ CAS(30e,20o)",25180,215.30421543737077
fe2s2_cas30e20o,"Fe$_2$S$_2$ CAS(30e,20o)",25190,215.38645241382426
fe2s2_cas30e20o,"Fe$_2$S$_2$ CAS(30e,20o)",25200,215.4182020847628
fe2s2_cas30e20o,"Fe$_2$S$_2$ CAS(30e,20o)",25210,215.42958191082562
fe2s2_cas30e20o,"Fe$_2$S$_2$ CAS(30e,20o)",25220,215.28064959177584
fe2s2_cas30e20o,"Fe$_2$S$_2$ CAS(30e,20o)",25230,215.44638371950953
fe2s2_cas30e20o,"Fe$_2$S$_2$ CAS(30e,20o)",25240,215.32724370040057
fe2s2_cas30e20o,"Fe$_2$S$_2$ CAS(30e,20o)",25250,215.30995718239865
fe2s2_cas30e20o,"Fe$_2$S$_2$ CAS(30e,20o)",25260,215.34540314083017
fe2s2_cas30e20o,"Fe$_2$S$_2$ CAS(30e,20o)",25270,215.26033426629
fe2s2_cas30e20o,"Fe$_2$S$_2$ CAS(30e,20o)",25280,215.55156760759075
fe2s2_cas30e20o,"Fe$_2$S$_2$ CAS(30e,20o)",25290,215.73132399420558
fe2s2_cas30e20o,"Fe$_2$S$_2$ CAS(30e,20o)",25300,215.51992144745213
fe2s2_cas30e20o,"Fe$_2$S$_2$ CAS(30e,20o)",25310,215.31444785212273
fe2s2_cas30e20o,"Fe$_2$S$_2$ CAS(30e,20o)",25320,215.36529203247312
fe2s2_cas30e20o,"Fe$_2$S$_2$ CAS(30e,20o)",25330,215.31355144155384
fe2s2_cas30e20o,"Fe$_2$S$_2$ CAS(30e,20o)",25340,215.38403312790422
fe2s2_cas30e20o,"Fe$_2$S$_2$ CAS(30e,20o)",25350,215.3150913957944
fe2s2_cas30e20o,"Fe$_2$S$_2$ CAS(30e,20o)",25360,215.38904888177512
fe2s2_cas30e20o,"Fe$_2$S$_2$ CAS(30e,20o)",25370,215.60915472554143
fe2s2_cas30e20o,"Fe$_2$S$_2$ CAS(30e,20o)",25380,215.2727241540049
fe2s2_cas30e20o,"Fe$_2$S$_2$ CAS(30e,20o)",25390,215.25178092790043
fe2s2_cas30e20o,"Fe$_2$S$_2$ CAS(30e,20o)",25400,215.2627078963434
fe2s2_cas30e20o,"Fe$_2$S$_2$ CAS(30e,20o)",25410,215.55592436891402
fe2s2_cas30e20o,"Fe$_2$S$_2$ CAS(30e,20o)",25420,215.35100137678853
fe2s2_cas30e20o,"Fe$_2$S$_2$ CAS(30e,20o)",25430,215.65545709016476
fe2s2_cas30e20o,"Fe$_2$S$_2$ CAS(30e,20o)",25440,215.40698925157642
fe2s2_cas30e20o,"Fe$_2$S$_2$ CAS(30e,20o)",25450,215.30145002344625
fe2s2_cas30e20o,"Fe$_2$S$_2$ CAS(30e,20o)",25460,215.2549335412033
fe2s2_cas30e20o,"Fe$_2$S$_2$ CAS(30e,20o)",25470,215.72793421633207
fe2s2_cas30e20o,"Fe$_2$S$_2$ CAS(30e,20o)",25480,215.95580224052924
fe2s2_cas30e20o,"Fe$_2$S$_2$ CAS(30e,20o)",25490,215.3848231143627
fe2s2_cas30e20o,"Fe$_2$S$_2$ CAS(30e,20o)",25500,215.25692796605256
fe2s2_cas30e20o,"Fe$_2$S$_2$ CAS(30e,20o)",25510,215.21559761657727
fe2s2_cas30e20o,"Fe$_2$S$_2$ CAS(30e,20o)",25520,215.63031403375987
fe2s2_cas30e20o,"Fe$_2$S$_2$ CAS(30e,20o)",25530,215.41031145156353
fe2s2_cas30e20o,"Fe$_2$S$_2$ CAS(30e,20o)",25540,215.2799304762283
fe2s2_cas30e20o,"Fe$_2$S$_2$ CAS(30e,20o)",25550,215.27376093673922
fe2s2_cas30e20o,"Fe$_2$S$_2$ CAS(30e,20o)",25560,215.27020805228858
fe2s2_cas30e20o,"Fe$_2$S$_2$ CAS(30e,20o)",25570,215.31063461058864
fe2s2_cas30e20o,"Fe$_2$S$_2$ CAS(30e,20o)",25580,215.33602555551568
fe2s2_cas30e20o,"Fe$_2$S$_2$ CAS(30e,20o)",25590,215.38896130374496
fe2s2_cas30e20o,"Fe$_2$S$_2$ CAS(30e,20o)",25600,215.2239427026501
fe2s2_cas30e20o,"Fe$_2$S$_2$ CAS(30e,20o)",25610,215.36482219755726
fe2s2_cas30e20o,"Fe$_2$S$_2$ CAS(30e,20o)",25620,215.2854474130379
fe2s2_cas30e20o,"Fe$_2$S$_2$ CAS(30e,20o)",25630,216.68276783586293
fe2s2_cas30e20o,"Fe$_2$S$_2$ CAS(30e,20o)",25640,215.4871276228647
fe2s2_cas30e20o,"Fe$_2$S$_2$ CAS(30e,20o)",25650,215.23737953270938
fe2s2_cas30e20o,"Fe$_2$S$_2$ CAS(30e,20o)",25660,215.24592560668054
fe2s2_cas30e20o,"Fe$_2$S$_2$ CAS(30e,20o)",25670,215.21568237865552
fe2s2_cas30e20o,"Fe$_2$S$_2$ CAS(30e,20o)",25680,215.9259619559748
fe2s2_cas30e20o,"Fe$_2$S$_2$ CAS(30e,20o)",25690,215.36061129927475
fe2s2_cas30e20o,"Fe$_2$S$_2$ CAS(30e,20o)",25700,215.21426254902565
fe2s2_cas30e20o,"Fe$_2$S$_2$ CAS(30e,20o)",25710,215.24004974220645
fe2s2_cas30e20o,"Fe$_2$S$_2$ CAS(30e,20o)",25720,215.54799020522353
fe2s2_cas30e20o,"Fe$_2$S$_2$ CAS(30e,20o)",25730,215.32184397025844
fe2s2_cas30e20o,"Fe$_2$S$_2$ CAS(30e,20o)",25740,215.19199625964802
fe2s2_cas30e20o,"Fe$_2$S$_2$ CAS(30e,20o)",25750,215.31366710956945
fe2s2_cas30e20o,"Fe$_2$S$_2$ CAS(30e,20o)",25760,215.3047087798825
fe2s2_cas30e20o,"Fe$_2$S$_2$ CAS(30e,20o)",25770,215.3274988426972
fe2s2_cas30e20o,"Fe$_2$S$_2$ CAS(30e,20o)",25780,215.19928310094372
fe2s2_cas30e20o,"Fe$_2$S$_2$ CAS(30e,20o)",25790,215.18153765087789
fe2s2_cas30e20o,"Fe$_2$S$_2$ CAS(30e,20o)",25800,215.43357919321693
fe2s2_cas30e20o,"Fe$_2$S$_2$ CAS(30e,20o)",25810,215.33551154136887
fe2s2_cas30e20o,"Fe$_2$S$_2$ CAS(30e,20o)",25820,215.25261678637264
fe2s2_cas30e20o,"Fe$_2$S$_2$ CAS(30e,20o)",25830,215.19620237695847
fe2s2_cas30e20o,"Fe$_2$S$_2$ CAS(30e,20o)",25840,215.30730489153882
fe2s2_cas30e20o,"Fe$_2$S$_2$ CAS(30e,20o)",25850,215.3324217171928
fe2s2_cas30e20o,"Fe$_2$S$_2$ CAS(30e,20o)",25860,215.2538104426185
fe2s2_cas30e20o,"Fe$_2$S$_2$ CAS(30e,20o)",25870,215.27845310730243
fe2s2_cas30e20o,"Fe$_2$S$_2$ CAS(30e,20o)",25880,215.19234799932008
fe2s2_cas30e20o,"Fe$_2$S$_2$ CAS(30e,20o)",25890,215.22792167908733
fe2s2_cas30e20o,"Fe$_2$S$_2$ CAS(30e,20o)",25900,215.34169578777096
fe2s2_cas30e20o,"Fe$_2$S$_2$ CAS(30e,20o)",25910,215.29908997671043
fe2s2_cas30e20o,"Fe$_2$S$_2$ CAS(30e,20o)",25920,215.35014057366197
fe2s2_cas30e20o,"Fe$_2$S$_2$ CAS(30e,20o)",25930,215.2663750148207
fe2s2_cas30e20o,"Fe$_2$S$_2$ CAS(30e,20o)",25940,215.55078948885864
fe2s2_cas30e20o,"Fe$_2$S$_2$ CAS(30e,20o)",25950,215.26879017024214
fe2s2_cas30e20o,"Fe$_2$S$_2$ CAS(30e,20o)",25960,215.15207161962735
fe2s2_cas30e20o,"Fe$_2$S$_2$ CAS(30e,20o)",25970,215.4881306412193
fe2s2_cas30e20o,"Fe$_2$S$_2$ CAS(30e,20o)",25980,215.37073192480705
fe2s2_cas30e20o,"Fe$_2$S$_2$ CAS(30e,20o)",25990,215.18071841214237
fe2s2_cas30e20o,"Fe$_2$S$_2$ CAS(30e,20o)",26000,215.30954156040139
fe2s2_cas30e20o,"Fe$_2$S$_2$ CAS(30e,20o)",26010,215.21667536329403
fe2s2_cas30e20o,"Fe$_2$S$_2$ CAS(30e,20o)",26020,215.48465206386425
fe2s2_cas30e20o,"Fe$_2$S$_2$ CAS(30e,20o)",26030,215.30012070454063
fe2s2_cas30e20o,"Fe$_2$S$_2$ CAS(30e,20o)",26040,215.21119762059016
fe2s2_cas30e20o,"Fe$_2$S$_2$ CAS(30e,20o)",26050,215.19947226178715
fe2s2_cas30e20o,"Fe$_2$S$_2$ CAS(30e,20o)",26060,215.89221853267304
fe2s2_cas30e20o,"Fe$_2$S$_2$ CAS(30e,20o)",26070,215.3842657717604
fe2s2_cas30e20o,"Fe$_2$S$_2$ CAS(30e,20o)",26080,215.28351766220055
fe2s2_cas30e20o,"Fe$_2$S$_2$ CAS(30e,20o)",26090,215.2102715161277
fe2s2_cas30e20o,"Fe$_2$S$_2$ CAS(30e,20o)",26100,215.28838658137772
fe2s2_cas30e20o,"Fe$_2$S$_2$ CAS(30e,20o)",26110,215.24789011765222
fe2s2_cas30e20o,"Fe$_2$S$_2$ CAS(30e,20o)",26120,215.16173974255537
fe2s2_cas30e20o,"Fe$_2$S$_2$ CAS(30e,20o)",26130,215.15223854567012
fe2s2_cas30e20o,"Fe$_2$S$_2$ CAS(30e,20o)",26140,215.20263438601717
fe2s2_cas30e20o,"Fe$_2$S$_2$ CAS(30e,20o)",26150,215.48888061742844
fe2s2_cas30e20o,"Fe$_2$S$_2$ CAS(30e,20o)",26160,215.49300064030774
fe2s2_cas30e20o,"Fe$_2$S$_2$ CAS(30e,20o)",26170,215.29843158197082
fe2s2_cas30e20o,"Fe$_2$S$_2$ CAS(30e,20o)",26180,215.18857387808055
fe2s2_cas30e20o,"Fe$_2$S$_2$ CAS(30e,20o)",26190,215.17218556756745
fe2s2_cas30e20o,"Fe$_2$S$_2$ CAS(30e,20o)",26200,215.40954579459992
fe2s2_cas30e20o,"Fe$_2$S$_2$ CAS(30e,20o)",26210,215.209916454981
fe2s2_cas30e20o,"Fe$_2$S$_2$ CAS(30e,20o)",26220,215.24874922774018
fe2s2_cas30e20o,"Fe$_2$S$_2$ CAS(30e,20o)",26230,215.19027701639004
fe2s2_cas30e20o,"Fe$_2$S$_2$ CAS(30e,20o)",26240,215.37205556235506
fe2s2_cas30e20o,"Fe$_2$S$_2$ CAS(30e,20o)",26250,215.32317513317878
fe2s2_cas30e20o,"Fe$_2$S$_2$ CAS(30e,20o)",26260,215.22826080807533
fe2s2_cas30e20o,"Fe$_2$S$_2$ CAS(30e,20o)",26270,215.20639095810168
fe2s2_cas30e20o,"Fe$_2$S$_2$ CAS(30e,20o)",26280,215.18827428751308
fe2s2_cas30e20o,"Fe$_2$S$_2$ CAS(30e,20o)",26290,215.18366603963557
fe2s2_cas30e20o,"Fe$_2$S$_2$ CAS(30e,20o)",26300,215.1643300342414
fe2s2_cas30e20o,"Fe$_2$S$_2$ CAS(30e,20o)",26310,215.70603877574968
fe2s2_cas30e20o,"Fe$_2$S$_2$ CAS(30e,20o)",26320,215.31240380136296
fe2s2_cas30e20o,"Fe$_2$S$_2$ CAS(30e,20o)",26330,215.18100922578753
fe2s2_cas30e20o,"Fe$_2$S$_2$ CAS(30e,20o)",26340,215.09983192497373
fe2s2_cas30e20o,"Fe$_2$S$_2$ CAS(30e,20o)",26350,215.26939004415624
fe2s2_cas30e20o,"Fe$_2$S$_2$ CAS(30e,20o)",26360,215.25430870720186
fe2s2_cas30e20o,"Fe$_2$S$_2$ CAS(30e,20o)",26370,215.14501705337352
fe2s2_cas30e20o,"Fe$_2$S$_2$ CAS(30e,20o)",26380,215.18530108174616
fe2s2_cas30e20o,"Fe$_2$S$_2$ CAS(30e,20o)",26390,215.2114528285125
fe2s2_cas30e20o,"Fe$_2$S$_2$ CAS(30e,20o)",26400,215.14821258070072
fe2s2_cas30e20o,"Fe$_2$S$_2$ CAS(30e,20o)",26410,215.25332039142597
fe2s2_cas30e20o,"Fe$_2$S$_2$ CAS(30e,20o)",26420,215.20893178058031
fe2s2_cas30e20o,"Fe$_2$S$_2$ CAS(30e,20o)",26430,215.20622462735162
fe2s2_cas30e20o,"Fe$_2$S$_2$ CAS(30e,20o)",26440,215.331676988626
fe2s2_cas30e20o,"Fe$_2$S$_2$ CAS(30e,20o)",26450,215.20310855650848
fe2s2_cas30e20o,"Fe$_2$S$_2$ CAS(30e,20o)",26460,215.09638402473286
fe2s2_cas30e20o,"Fe$_2$S$_2$ CAS(30e,20o)",26470,215.1630255946344
fe2s2_cas30e20o,"Fe$_2$S$_2$ CAS(30e,20o)",26480,215.1376116724606
fe2s2_cas30e20o,"Fe$_2$S$_2$ CAS(30e,20o)",26490,215.1084530333378
fe2s2_cas30e20o,"Fe$_2$S$_2$ CAS(30e,20o)",26500,215.3372287161659
fe2s2_cas30e20o,"Fe$_2$S$_2$ CAS(30e,20o)",26510,215.1701243832349
fe2s2_cas30e20o,"Fe$_2$S$_2$ CAS(30e,20o)",26520,215.219921965911
fe2s2_cas30e20o,"Fe$_2$S$_2$ CAS(30e,20o)",26530,215.15367566802013
fe2s2_cas30e20o,"Fe$_2$S$_2$ CAS(30e,20o)",26540,215.08873597410627
fe2s2_cas30e20o,"Fe$_2$S$_2$ CAS(30e,20o)",26550,215.19525097669145
fe2s2_cas30e20o,"Fe$_2$S$_2$ CAS(30e,20o)",26560,215.17202844887606
fe2s2_cas30e20o,"Fe$_2$S$_2$ CAS(30e,20o)",26570,215.0775669871905
fe2s2_cas30e20o,"Fe$_2$S$_2$ CAS(30e,20o)",26580,215.12167790243097
fe2s2_cas30e20o,"Fe$_2$S$_2$ CAS(30e,20o)",26590,215.51028271683492
fe2s2_cas30e20o,"Fe$_2$S$_2$ CAS(30e,20o)",26600,215.13259559164055
fe2s2_cas30e20o,"Fe$_2$S$_2$ CAS(30e,20o)",26610,215.06353750983465
fe2s2_cas30e20o,"Fe$_2$S$_2$ CAS(30e,20o)",26620,215.60276675819523
fe2s2_cas30e20o,"Fe$_2$S$_2$ CAS(30e,20o)",26630,215.26276709880676
fe2s2_cas30e20o,"Fe$_2$S$_2$ CAS(30e,20o)",26640,215.13105605680494
fe2s2_cas30e20o,"Fe$_2$S$_2$ CAS(30e,20o)",26650,215.15644174088777
fe2s2_cas30e20o,"Fe$_2$S$_2$ CAS(30e,20o)",26660,215.06836471847635
fe2s2_cas30e20o,"Fe$_2$S$_2$ CAS(30e,20o)",26670,215.1808481763311
fe2s2_cas30e20o,"Fe$_2$S$_2$ CAS(30e,20o)",26680,215.45758363211576
fe2s2_cas30e20o,"Fe$_2$S$_2$ CAS(30e,20o)",26690,215.3105305954881
fe2s2_cas30e20o,"Fe$_2$S$_2$ CAS(30e,20o)",26700,215.29990725376535
fe2s2_cas30e20o,"Fe$_2$S$_2$ CAS(30e,20o)",26710,215.08677655126007
fe2s2_cas30e20o,"Fe$_2$S$_2$ CAS(30e,20o)",26720,215.06292891815804
fe2s2_cas30e20o,"Fe$_2$S$_2$ CAS(30e,20o)",26730,215.37811995949596
fe2s2_cas30e20o,"Fe$_2$S$_2$ CAS(30e,20o)",26740,215.18320249894884
fe2s2_cas30e20o,"Fe$_2$S$_2$ CAS(30e,20o)",26750,215.02717689848794
fe2s2_cas30e20o,"Fe$_2$S$_2$ CAS(30e,20o)",26760,215.41360778239493
fe2s2_cas30e20o,"Fe$_2$S$_2$ CAS(30e,20o)",26770,215.47045877856874
fe2s2_cas30e20o,"Fe$_2$S$_2$ CAS(30e,20o)",26780,215.22585927482396
fe2s2_cas30e20o,"Fe$_2$S$_2$ CAS(30e,20o)",26790,215.1554560301605
fe2s2_cas30e20o,"Fe$_2$S$_2$ CAS(30e,20o)",26800,215.09912521416652
fe2s2_cas30e20o,"Fe$_2$S$_2$ CAS(30e,20o)",26810,215.03531734742865
fe2s2_cas30e20o,"Fe$_2$S$_2$ CAS(30e,20o)",26820,215.10063782704947
fe2s2_cas30e20o,"Fe$_2$S$_2$ CAS(30e,20o)",26830,215.12970494059402
fe2s2_cas30e20o,"Fe$_2$S$_2$ CAS(30e,20o)",26840,215.11707463020002
fe2s2_cas30e20o,"Fe$_2$S$_2$ CAS(30e,20o)",26850,215.09915753878772
fe2s2_cas30e20o,"Fe$_2$S$_2$ CAS(30e,20o)",26860,215.13667665595904
fe2s2_cas30e20o,"Fe$_2$S$_2$ CAS(30e,20o)",26870,215.13572495973676
fe2s2_cas30e20o,"Fe$_2$S$_2$ CAS(30e,20o)",26880,215.07548697151435
fe2s2_cas30e20o,"Fe$_2$S$_2$ CAS(30e,20o)",26890,215.0462361351515
fe2s2_cas30e20o,"Fe$_2$S$_2$ CAS(30e,20o)",26900,215.72863103486384
fe2s2_cas30e20o,"Fe$_2$S$_2$ CAS(30e,20o)",26910,215.11070253264108
fe2s2_cas30e20o,"Fe$_2$S$_2$ CAS(30e,20o)",26920,215.053397678588
fe2s2_cas30e20o,"Fe$_2$S$_2$ CAS(30e,20o)",26930,215.01662916159603
fe2s2_cas30e20o,"Fe$_2$S$_2$ CAS(30e,20o)",26940,215.30542495024463
fe2s2_cas30e20o,"Fe$_2$S$_2$ CAS(30e,20o)",26950,215.28440793464654
fe2s2_cas30e20o,"Fe$_2$S$_2$ CAS(30e,20o)",26960,215.07192360942895
fe2s2_cas30e20o,"Fe$_2$S$_2$ CAS(30e,20o)",26970,215.00825586797134
fe2s2_cas30e20o,"Fe$_2$S$_2$ CAS(30e,20o)",26980,215.60488406338152
fe2s2_cas30e20o,"Fe$_2$S$_2$ CAS(30e,20o)",26990,215.22261348175675
fe2s2_cas30e20o,"Fe$_2$S$_2$ CAS(30e,20o)",27000,215.03811219579916
fe2s2_cas30e20o,"Fe$_2$S$_2$ CAS(30e,20o)",27010,214.98921310860908
fe2s2_cas30e20o,"Fe$_2$S$_2$ CAS(30e,20o)",27020,214.98381210777495
fe2s2_cas30e20o,"Fe$_2$S$_2$ CAS(30e,20o)",27030,216.19057776578643
fe2s2_cas30e20o,"Fe$_2$S$_2$ CAS(30e,20o)",27040,215.36540359335277
fe2s2_cas30e20o,"Fe$_2$S$_2$ CAS(30e,20o)",27050,215.24833887697525
fe2s2_cas30e20o,"Fe$_2$S$_2$ CAS(30e,20o)",27060,215.0923604057482
fe2s2_cas30e20o,"Fe$_2$S$_2$ CAS(30e,20o)",27070,215.01358430926132
fe2s2_cas30e20o,"Fe$_2$S$_2$ CAS(30e,20o)",27080,214.9923121084356
fe2s2_cas30e20o,"Fe$_2$S$_2$ CAS(30e,20o)",27090,214.97726651782045
fe2s2_cas30e20o,"Fe$_2$S$_2$ CAS(30e,20o)",27100,215.5310530006176
fe2s2_cas30e20o,"Fe$_2$S$_2$ CAS(30e,20o)",27110,215.08641169801024
fe2s2_cas30e20o,"Fe$_2$S$_2$ CAS(30e,20o)",27120,215.09623143843726
fe2s2_cas30e20o,"Fe$_2$S$_2$ CAS(30e,20o)",27130,215.38009789642842
fe2s2_cas30e20o,"Fe$_2$S$_2$ CAS(30e,20o)",27140,215.0509788725259
fe2s2_cas30e20o,"Fe$_2$S$_2$ CAS(30e,20o)",27150,214.96882627369018
fe2s2_cas30e20o,"Fe$_2$S$_2$ CAS(30e,20o)",27160,215.01597715597143
fe2s2_cas30e20o,"Fe$_2$S$_2$ CAS(30e,20o)",27170,214.95528315597312
fe2s2_cas30e20o,"Fe$_2$S$_2$ CAS(30e,20o)",27180,215.64497596061472
fe2s2_cas30e20o,"Fe$_2$S$_2$ CAS(30e,20o)",27190,215.31368591276134
fe2s2_cas30e20o,"Fe$_2$S$_2$ CAS(30e,20o)",27200,214.99116453739475
fe2s2_cas30e20o,"Fe$_2$S$_2$ CAS(30e,20o)",27210,215.25807828551535
fe2s2_cas30e20o,"Fe$_2$S$_2$ CAS(30e,20o)",27220,215.05278717543774
fe2s2_cas30e20o,"Fe$_2$S$_2$ CAS(30e,20o)",27230,214.98539361301994
fe2s2_cas30e20o,"Fe$_2$S$_2$ CAS(30e,20o)",27240,215.01300257112632
fe2s2_cas30e20o,"Fe$_2$S$_2$ CAS(30e,20o)",27250,214.96940973163703
fe2s2_cas30e20o,"Fe$_2$S$_2$ CAS(30e,20o)",27260,215.38104451541074
fe2s2_cas30e20o,"Fe$_2$S$_2$ CAS(30e,20o)",27270,215.5237742210403
fe2s2_cas30e20o,"Fe$_2$S$_2$ CAS(30e,20o)",27280,215.09631052553857
fe2s2_cas30e20o,"Fe$_2$S$_2$ CAS(30e,20o)",27290,215.1728472680503
fe2s2_cas30e20o,"Fe$_2$S$_2$ CAS(30e,20o)",27300,215.20039914136646
fe2s2_cas30e20o,"Fe$_2$S$_2$ CAS(30e,20o)",27310,215.02319749691878
fe2s2_cas30e20o,"Fe$_2$S$_2$ CAS(30e,20o)",27320,214.98721887836325
fe2s2_cas30e20o,"Fe$_2$S$_2$ CAS(30e,20o)",27330,215.11079603699557
fe2s2_cas30e20o,"Fe$_2$S$_2$ CAS(30e,20o)",27340,215.12048679205975
fe2s2_cas30e20o,"Fe$_2$S$_2$ CAS(30e,20o)",27350,215.01833146191984
fe2s2_cas30e20o,"Fe$_2$S$_2$ CAS(30e,20o)",27360,215.00838715758164
fe2s2_cas30e20o,"Fe$_2$S$_2$ CAS(30e,20o)",27370,215.07454736938314
fe2s2_cas30e20o,"Fe$_2$S$_2$ CAS(30e,20o)",27380,215.59609225954546
fe2s2_cas30e20o,"Fe$_2$S$_2$ CAS(30e,20o)",27390,215.32502066780523
fe2s2_cas30e20o,"Fe$_2$S$_2$ CAS(30e,20o)",27400,215.02129631160471
fe2s2_cas30e20o,"Fe$_2$S$_2$ CAS(30e,20o)",27410,214.95262735658116
fe2s2_cas30e20o,"Fe$_2$S$_2$ CAS(30e,20o)",27420,215.20509397628018
fe2s2_cas30e20o,"Fe$_2$S$_2$ CAS(30e,20o)",27430,215.00297162342008
fe2s2_cas30e20o,"Fe$_2$S$_2$ CAS(30e,20o)",27440,215.07701894771003
fe2s2_cas30e20o,"Fe$_2$S$_2$ CAS(30e,20o)",27450,214.99250026019467
fe2s2_cas30e20o,"Fe$_2$S$_2$ CAS(30e,20o)",27460,215.25393661863745
fe2s2_cas30e20o,"Fe$_2$S$_2$ CAS(30e,20o)",27470,215.0535856827105
fe2s2_cas30e20o,"Fe$_2$S$_2$ CAS(30e,20o)",27480,214.9484723483539
fe2s2_cas30e20o,"Fe$_2$S$_2$ CAS(30e,20o)",27490,215.0001307853131
fe2s2_cas30e20o,"Fe$_2$S$_2$ CAS(30e,20o)",27500,215.13471367330794
fe2s2_cas30e20o,"Fe$_2$S$_2$ CAS(30e,20o)",27510,215.61791453554235
fe2s2_cas30e20o,"Fe$_2$S$_2$ CAS(30e,20o)",27520,215.33820858306285
fe2s2_cas30e20o,"Fe$_2$S$_2$ CAS(30e,20o)",27530,215.03166639526228
fe2s2_cas30e20o,"Fe$_2$S$_2$ CAS(30e,20o)",27540,214.93752123195975
fe2s2_cas30e20o,"Fe$_2$S$_2$ CAS(30e,20o)",27550,214.93029212264503
fe2s2_cas30e20o,"Fe$_2$S$_2$ CAS(30e,20o)",27560,214.93428701110417
fe2s2_cas30e20o,"Fe$_2$S$_2$ CAS(30e,20o)",27570,215.44968111733453
fe2s2_cas30e20o,"Fe$_2$S$_2$ CAS(30e,20o)",27580,215.0104716657495
fe2s2_cas30e20o,"Fe$_2$S$_2$ CAS(30e,20o)",27590,215.03232475207312
fe2s2_cas30e20o,"Fe$_2$S$_2$ CAS(30e,20o)",27600,215.00082631148132
fe2s2_cas30e20o,"Fe$_2$S$_2$ CAS(30e,20o)",27610,215.110000302019
fe2s2_cas30e20o,"Fe$_2$S$_2$ CAS(30e,20o)",27620,214.97046172149226
fe2s2_cas30e20o,"Fe$_2$S$_2$ CAS(30e,20o)",27630,214.8982873655143
fe2s2_cas30e20o,"Fe$_2$S$_2$ CAS(30e,20o)",27640,214.92377649344974
fe2s2_cas30e20o,"Fe$_2$S$_2$ CAS(30e,20o)",27650,215.35944019775854
fe2s2_cas30e20o,"Fe$_2$S$_2$ CAS(30e,20o)",27660,215.0107222866069
fe2s2_cas30e20o,"Fe$_2$S$_2$ CAS(30e,20o)",27670,214.94081847690438
fe2s2_cas30e20o,"Fe$_2$S$_2$ CAS(30e,20o)",27680,215.3093909814885
fe2s2_cas30e20o,"Fe$_2$S$_2$ CAS(30e,20o)",27690,215.09409239875765
fe2s2_cas30e20o,"Fe$_2$S$_2$ CAS(30e,20o)",27700,214.93808112161616
fe2s2_cas30e20o,"Fe$_2$S$_2$ CAS(30e,20o)",27710,214.99092944458198
fe2s2_cas30e20o,"Fe$_2$S$_2$ CAS(30e,20o)",27720,214.94028080464034
fe2s2_cas30e20o,"Fe$_2$S$_2$ CAS(30e,20o)",27730,215.1861329528515
fe2s2_cas30e20o,"Fe$_2$S$_2$ CAS(30e,20o)",27740,214.9663470629264
fe2s2_cas30e20o,"Fe$_2$S$_2$ CAS(30e,20o)",27750,214.9892841309935
fe2s2_cas30e20o,"Fe$_2$S$_2$ CAS(30e,20o)",27760,214.91365714801702
fe2s2_cas30e20o,"Fe$_2$S$_2$ CAS(30e,20o)",27770,214.91876178974678
fe2s2_cas30e20o,"Fe$_2$S$_2$ CAS(30e,20o)",27780,215.1579388771836
fe2s2_cas30e20o,"Fe$_2$S$_2$ CAS(30e,20o)",27790,215.17515173442803
fe2s2_cas30e20o,"Fe$_2$S$_2$ CAS(30e,20o)",27800,215.02964428187
fe2s2_cas30e20o,"Fe$_2$S$_2$ CAS(30e,20o)",27810,215.003501591724
fe2s2_cas30e20o,"Fe$_2$S$_2$ CAS(30e,20o)",27820,214.98677362706076
fe2s2_cas30e20o,"Fe$_2$S$_2$ CAS(30e,20o)",27830,214.88784945928785
fe2s2_cas30e20o,"Fe$_2$S$_2$ CAS(30e,20o)",27840,214.97058125328294
fe2s2_cas30e20o,"Fe$_2$S$_2$ CAS(30e,20o)",27850,215.05628530842102
fe2s2_cas30e20o,"Fe$_2$S$_2$ CAS(30e,20o)",27860,215.1165198684879
fe2s2_cas30e20o,"Fe$_2$S$_2$ CAS(30e,20o)",27870,214.99430284647758
fe2s2_cas30e20o,"Fe$_2$S$_2$ CAS(30e,20o)",27880,214.8899791842922
fe2s2_cas30e20o,"Fe$_2$S$_2$ CAS(30e,20o)",27890,215.02103178410437
fe2s2_cas30e20o,"Fe$_2$S$_2$ CAS(30e,20o)",27900,214.9189288897304
fe2s2_cas30e20o,"Fe$_2$S$_2$ CAS(30e,20o)",27910,215.34031636430484
fe2s2_cas30e20o,"Fe$_2$S$_2$ CAS(30e,20o)",27920,214.9331557398
fe2s2_cas30e20o,"Fe$_2$S$_2$ CAS(30e,20o)",27930,214.8600185078493
fe2s2_cas30e20o,"Fe$_2$S$_2$ CAS(30e,20o)",27940,214.8843042610764
fe2s2_cas30e20o,"Fe$_2$S$_2$ CAS(30e,20o)",27950,215.12659985128835
fe2s2_cas30e20o,"Fe$_2$S$_2$ CAS(30e,20o)",27960,215.05411589436108
fe2s2_cas30e20o,"Fe$_2$S$_2$ CAS(30e,20o)",27970,214.94291304868796
fe2s2_cas30e20o,"Fe$_2$S$_2$ CAS(30e,20o)",27980,215.03009947723228
fe2s2_cas30e20o,"Fe$_2$S$_2$ CAS(30e,20o)",27990,214.87386891888605
fe2s2_cas30e20o,"Fe$_2$S$_2$ CAS(30e,20o)",28000,214.86305036501108
fe2s2_cas30e20o,"Fe$_2$S$_2$ CAS(30e,20o)",28010,214.98202373000197
fe2s2_cas30e20o,"Fe$_2$S$_2$ CAS(30e,20o)",28020,214.9910262235295
fe2s2_cas30e20o,"Fe$_2$S$_2$ CAS(30e,20o)",28030,214.90807142170354
fe2s2_cas30e20o,"Fe$_2$S$_2$ CAS(30e,20o)",28040,214.92355357621307
fe2s2_cas30e20o,"Fe$_2$S$_2$ CAS(30e,20o)",28050,215.10339337136486
fe2s2_cas30e20o,"Fe$_2$S$_2$ CAS(30e,20o)",28060,214.84309780281308
fe2s2_cas30e20o,"Fe$_2$S$_2$ CAS(30e,20o)",28070,214.95314269078847
fe2s2_cas30e20o,"Fe$_2$S$_2$ CAS(30e,20o)",28080,215.08808469623375
fe2s2_cas30e20o,"Fe$_2$S$_2$ CAS(30e,20o)",28090,214.9212997881591
fe2s2_cas30e20o,"Fe$_2$S$_2$ CAS(30e,20o)",28100,214.89867671330387
fe2s2_cas30e20o,"Fe$_2$S$_2$ CAS(30e,20o)",28110,215.18162791383588
fe2s2_cas30e20o,"Fe$_2$S$_2$ CAS(30e,20o)",28120,215.06187418899003
fe2s2_cas30e20o,"Fe$_2$S$_2$ CAS(30e,20o)",28130,214.9015150445166
fe2s2_cas30e20o,"Fe$_2$S$_2$ CAS(30e,20o)",28140,214.8754376957811
fe2s2_cas30e20o,"Fe$_2$S$_2$ CAS(30e,20o)",28150,214.92941851181513
fe2s2_cas30e20o,"Fe$_2$S$_2$ CAS(30e,20o)",28160,214.80919820093902
fe2s2_cas30e20o,"Fe$_2$S$_2$ CAS(30e,20o)",28170,214.80409710760284
fe2s2_cas30e20o,"Fe$_2$S$_2$ CAS(30e,20o)",28180,215.5174625287657
fe2s2_cas30e20o,"Fe$_2$S$_2$ CAS(30e,20o)",28190,214.99654152366077
fe2s2_cas30e20o,"Fe$_2$S$_2$ CAS(30e,20o)",28200,214.89739845063127
fe2s2_cas30e20o,"Fe$_2$S$_2$ CAS(30e,20o)",28210,214.7934452809892
fe2s2_cas30e20o,"Fe$_2$S$_2$ CAS(30e,20o)",28220,214.89688271412888
fe2s2_cas30e20o,"Fe$_2$S$_2$ CAS(30e,20o)",28230,215.25879287368355
fe2s2_cas30e20o,"Fe$_2$S$_2$ CAS(30e,20o)",28240,215.16863136415054
fe2s2_cas30e20o,"Fe$_2$S$_2$ CAS(30e,20o)",28250,214.9817943884642
fe2s2_cas30e20o,"Fe$_2$S$_2$ CAS(30e,20o)",28260,214.90657779642675
fe2s2_cas30e20o,"Fe$_2$S$_2$ CAS(30e,20o)",28270,215.05137983814393
fe2s2_cas30e20o,"Fe$_2$S$_2$ CAS(30e,20o)",28280,214.90006785930404
fe2s2_cas30e20o,"Fe$_2$S$_2$ CAS(30e,20o)",28290,214.7787432895285
fe2s2_cas30e20o,"Fe$_2$S$_2$ CAS(30e,20o)",28300,214.78077908986393
fe2s2_cas30e20o,"Fe$_2$S$_2$ CAS(30e,20o)",28310,214.80883442113452
fe2s2_cas30e20o,"Fe$_2$S$_2$ CAS(30e,20o)",28320,215.34330596267637
fe2s2_cas30e20o,"Fe$_2$S$_2$ CAS(30e,20o)",28330,214.97341205584064
fe2s2_cas30e20o,"Fe$_2$S$_2$ CAS(30e,20o)",28340,214.93325590382995
fe2s2_cas30e20o,"Fe$_2$S$_2$ CAS(30e,20o)",28350,214.80252565301328
fe2s2_cas30e20o,"Fe$_2$S$_2$ CAS(30e,20o)",28360,214.792344165474
fe2s2_cas30e20o,"Fe$_2$S$_2$ CAS(30e,20o)",28370,215.46547740149435
fe2s2_cas30e20o,"Fe$_2$S$_2$ CAS(30e,20o)",28380,214.88434738219553
fe2s2_cas30e20o,"Fe$_2$S$_2$ CAS(30e,20o)",28390,214.8332913716331
fe2s2_cas30e20o,"Fe$_2$S$_2$ CAS(30e,20o)",28400,214.84366827759516
fe2s2_cas30e20o,"Fe$_2$S$_2$ CAS(30e,20o)",28410,215.05416312903947
fe2s2_cas30e20o,"Fe$_2$S$_2$ CAS(30e,20o)",28420,215.0892467220018
fe2s2_cas30e20o,"Fe$_2$S$_2$ CAS(30e,20o)",28430,214.8379194285326
fe2s2_cas30e20o,"Fe$_2$S$_2$ CAS(30e,20o)",28440,214.75495071652517
fe2s2_cas30e20o,"Fe$_2$S$_2$ CAS(30e,20o)",28450,214.75787310821204
fe2s2_cas30e20o,"Fe$_2$S$_2$ CAS(30e,20o)",28460,214.87774305364837
fe2s2_cas30e20o,"Fe$_2$S$_2$ CAS(30e,20o)",28470,214.87825214053657
fe2s2_cas30e20o,"Fe$_2$S$_2$ CAS(30e,20o)",28480,214.9821313564786
fe2s2_cas30e20o,"Fe$_2$S$_2$ CAS(30e,20o)",28490,214.89655443365052
fe2s2_cas30e20o,"Fe$_2$S$_2$ CAS(30e,20o)",28500,214.79190251761793
fe2s2_cas30e20o,"Fe$_2$S$_2$ CAS(30e,20o)",28510,214.8243098195053
fe2s2_cas30e20o,"Fe$_2$S$_2$ CAS(30e,20o)",28520,214.79245700086835
fe2s2_cas30e20o,"Fe$_2$S$_2$ CAS(30e,20o)",28530,214.83932665306327
fe2s2_cas30e20o,"Fe$_2$S$_2$ CAS(30e,20o)",28540,214.77037248193653
fe2s2_cas30e20o,"Fe$_2$S$_2$ CAS(30e,20o)",28550,214.88568993092372
fe2s2_cas30e20o,"Fe$_2$S$_2$ CAS(30e,20o)",28560,215.24160521401825
fe2s2_cas30e20o,"Fe$_2$S$_2$ CAS(30e,20o)",28570,214.9162537099727
fe2s2_cas30e20o,"Fe$_2$S$_2$ CAS(30e,20o)",28580,214.81816393448128
fe2s2_cas30e20o,"Fe$_2$S$_2$ CAS(30e,20o)",28590,214.7774484130025
fe2s2_cas30e20o,"Fe$_2$S$_2$ CAS(30e,20o)",28600,214.81578564723236
fe2s2_cas30e20o,"Fe$_2$S$_2$ CAS(30e,20o)",28610,214.8323414380684
fe2s2_cas30e20o,"Fe$_2$S$_2$ CAS(30e,20o)",28620,215.26505663553053
fe2s2_cas30e20o,"Fe$_2$S$_2$ CAS(30e,20o)",28630,214.833781667096
fe2s2_cas30e20o,"Fe$_2$S$_2$ CAS(30e,20o)",28640,214.8210095644174
fe2s2_cas30e20o,"Fe$_2$S$_2$ CAS(30e,20o)",28650,214.76868981092423
fe2s2_cas30e20o,"Fe$_2$S$_2$ CAS(30e,20o)",28660,215.42762714877028
fe2s2_cas30e20o,"Fe$_2$S$_2$ CAS(30e,20o)",28670,215.1181605416923
fe2s2_cas30e20o,"Fe$_2$S$_2$ CAS(30e,20o)",28680,214.76458853574343
fe2s2_cas30e20o,"Fe$_2$S$_2$ CAS(30e,20o)",28690,214.7404578786194
fe2s2_cas30e20o,"Fe$_2$S$_2$ CAS(30e,20o)",28700,214.805409766484
fe2s2_cas30e20o,"Fe$_2$S$_2$ CAS(30e,20o)",28710,214.74833987115005
fe2s2_cas30e20o,"Fe$_2$S$_2$ CAS(30e,20o)",28720,214.8384251145643
fe2s2_cas30e20o,"Fe$_2$S$_2$ CAS(30e,20o)",28730,214.78379106538625
fe2s2_cas30e20o,"Fe$_2$S$_2$ CAS(30e,20o)",28740,214.88276598965683
fe2s2_cas30e20o,"Fe$_2$S$_2$ CAS(30e,20o)",28750,214.84351950373082
fe2s2_cas30e20o,"Fe$_2$S$_2$ CAS(30e,20o)",28760,214.7844906089773
fe2s2_cas30e20o,"Fe$_2$S$_2$ CAS(30e,20o)",28770,214.8370764930263
fe2s2_cas30e20o,"Fe$_2$S$_2$ CAS(30e,20o)",28780,214.8007400728602
fe2s2_cas30e20o,"Fe$_2$S$_2$ CAS(30e,20o)",28790,215.16586445579833
fe2s2_cas30e20o,"Fe$_2$S$_2$ CAS(30e,20o)",28800,214.88203147229967
fe2s2_cas30e20o,"Fe$_2$S$_2$ CAS(30e,20o)",28810,214.8020856022015
fe2s2_cas30e20o,"Fe$_2$S$_2$ CAS(30e,20o)",28820,214.81077429224626
fe2s2_cas30e20o,"Fe$_2$S$_2$ CAS(30e,20o)",28830,214.85041398587157
fe2s2_cas30e20o,"Fe$_2$S$_2$ CAS(30e,20o)",28840,214.85122479887764
fe2s2_cas30e20o,"Fe$_2$S$_2$ CAS(30e,20o)",28850,214.70524845024386
fe2s2_cas30e20o,"Fe$_2$S$_2$ CAS(30e,20o)",28860,214.73259564170633
fe2s2_cas30e20o,"Fe$_2$S$_2$ CAS(30e,20o)",28870,214.9624470155942
fe2s2_cas30e20o,"Fe$_2$S$_2$ CAS(30e,20o)",28880,214.7059736698651
fe2s2_cas30e20o,"Fe$_2$S$_2$ CAS(30e,20o)",28890,214.7477486917353
fe2s2_cas30e20o,"Fe$_2$S$_2$ CAS(30e,20o)",28900,214.80881315501676
fe2s2_cas30e20o,"Fe$_2$S$_2$ CAS(30e,20o)",28910,214.7817937788119
fe2s2_cas30e20o,"Fe$_2$S$_2$ CAS(30e,20o)",28920,215.00402151303888
fe2s2_cas30e20o,"Fe$_2$S$_2$ CAS(30e,20o)",28930,214.7308779528032
fe2s2_cas30e20o,"Fe$_2$S$_2$ CAS(30e,20o)",28940,214.7964549376269
fe2s2_cas30e20o,"Fe$_2$S$_2$ CAS(30e,20o)",28950,214.74497802964265
fe2s2_cas30e20o,"Fe$_2$S$_2$ CAS(30e,20o)",28960,214.7685948640401
fe2s2_cas30e20o,"Fe$_2$S$_2$ CAS(30e,20o)",28970,214.72979735405318
fe2s2_cas30e20o,"Fe$_2$S$_2$ CAS(30e,20o)",28980,214.68852195356192
fe2s2_cas30e20o,"Fe$_2$S$_2$ CAS(30e,20o)",28990,215.1407450277958
fe2s2_cas30e20o,"Fe$_2$S$_2$ CAS(30e,20o)",29000,214.90832031193463
fe2s2_cas30e20o,"Fe$_2$S$_2$ CAS(30e,20o)",29010,214.6821402170076
fe2s2_cas30e20o,"Fe$_2$S$_2$ CAS(30e,20o)",29020,214.69708387010655
fe2s2_cas30e20o,"Fe$_2$S$_2$ CAS(30e,20o)",29030,214.64552127179104
fe2s2_cas30e20o,"Fe$_2$S$_2$ CAS(30e,20o)",29040,214.68859023845255
fe2s2_cas30e20o,"Fe$_2$S$_2$ CAS(30e,20o)",29050,214.68867617909382
fe2s2_cas30e20o,"Fe$_2$S$_2$ CAS(30e,20o)",29060,214.69687101617296
fe2s2_cas30e20o,"Fe$_2$S$_2$ CAS(30e,20o)",29070,214.82588609696052
fe2s2_cas30e20o,"Fe$_2$S$_2$ CAS(30e,20o)",29080,214.77832349093262
fe2s2_cas30e20o,"Fe$_2$S$_2$ CAS(30e,20o)",29090,214.7225582051675
fe2s2_cas30e20o,"Fe$_2$S$_2$ CAS(30e,20o)",29100,214.91159233679014
fe2s2_cas30e20o,"Fe$_2$S$_2$ CAS(30e,20o)",29110,214.75618236202365
fe2s2_cas30e20o,"Fe$_2$S$_2$ CAS(30e,20o)",29120,214.81556780032918
fe2s2_cas30e20o,"Fe$_2$S$_2$ CAS(30e,20o)",29130,214.6561660687496
fe2s2_cas30e20o,"Fe$_2$S$_2$ CAS(30e,20o)",29140,214.84100345504942
fe2s2_cas30e20o,"Fe$_2$S$_2$ CAS(30e,20o)",29150,214.70103242219807
fe2s2_cas30e20o,"Fe$_2$S$_2$ CAS(30e,20o)",29160,214.6956947105565
fe2s2_cas30e20o,"Fe$_2$S$_2$ CAS(30e,20o)",29170,214.79364225852748
fe2s2_cas30e20o,"Fe$_2$S$_2$ CAS(30e,20o)",29180,214.97263337553818
fe2s2_cas30e20o,"Fe$_2$S$_2$ CAS(30e,20o)",29190,215.00662987656938
fe2s2_cas30e20o,"Fe$_2$S$_2$ CAS(30e,20o)",29200,214.72527546769982
fe2s2_cas30e20o,"Fe$_2$S$_2$ CAS(30e,20o)",29210,214.641185134127
fe2s2_cas30e20o,"Fe$_2$S$_2$ CAS(30e,20o)",29220,214.86127820566026
fe2s2_cas30e20o,"Fe$_2$S$_2$ CAS(30e,20o)",29230,214.70815267146293
fe2s2_cas30e20o,"Fe$_2$S$_2$ CAS(30e,20o)",29240,214.99438479631294
fe2s2_cas30e20o,"Fe$_2$S$_2$ CAS(30e,20o)",29250,214.74919867139874
fe2s2_cas30e20o,"Fe$_2$S$_2$ CAS(30e,20o)",29260,214.64515906232862
fe2s2_cas30e20o,"Fe$_2$S$_2$ CAS(30e,20o)",29270,214.75903859760592
fe2s2_cas30e20o,"Fe$_2$S$_2$ CAS(30e,20o)",29280,215.95437484171498
fe2s2_cas30e20o,"Fe$_2$S$_2$ CAS(30e,20o)",29290,214.98227616224597
fe2s2_cas30e20o,"Fe$_2$S$_2$ CAS(30e,20o)",29300,214.73880172500515
fe2s2_cas30e20o,"Fe$_2$S$_2$ CAS(30e,20o)",29310,214.6154363573345
fe2s2_cas30e20o,"Fe$_2$S$_2$ CAS(30e,20o)",29320,214.60861379603102
fe2s2_cas30e20o,"Fe$_2$S$_2$ CAS(30e,20o)",29330,215.10199509786787
fe2s2_cas30e20o,"Fe$_2$S$_2$ CAS(30e,20o)",29340,214.77591672095286
fe2s2_cas30e20o,"Fe$_2$S$_2$ CAS(30e,20o)",29350,214.72445093731096
fe2s2_cas30e20o,"Fe$_2$S$_2$ CAS(30e,20o)",29360,214.8106723638108
fe2s2_cas30e20o,"Fe$_2$S$_2$ CAS(30e,20o)",29370,214.67525859982572
fe2s2_cas30e20o,"Fe$_2$S$_2$ CAS(30e,20o)",29380,214.68881370101656
fe2s2_cas30e20o,"Fe$_2$S$_2$ CAS(30e,20o)",29390,214.83909670237722
fe2s2_cas30e20o,"Fe$_2$S$_2$ CAS(30e,20o)",29400,214.63512852655242
fe2s2_cas30e20o,"Fe$_2$S$_2$ CAS(30e,20o)",29410,214.69763695748156
fe2s2_cas30e20o,"Fe$_2$S$_2$ CAS(30e,20o)",29420,214.67029040108798
fe2s2_cas30e20o,"Fe$_2$S$_2$ CAS(30e,20o)",29430,214.59147237804643
fe2s2_cas30e20o,"Fe$_2$S$_2$ CAS(30e,20o)",29440,214.86010516493081
fe2s2_cas30e20o,"Fe$_2$S$_2$ CAS(30e,20o)",29450,214.60680069257876
fe2s2_cas30e20o,"Fe$_2$S$_2$ CAS(30e,20o)",29460,214.57186867432654
fe2s2_cas30e20o,"Fe$_2$S$_2$ CAS(30e,20o)",29470,215.20065396545363
fe2s2_cas30e20o,"Fe$_2$S$_2$ CAS(30e,20o)",29480,214.85564162894377
fe2s2_cas30e20o,"Fe$_2$S$_2$ CAS(30e,20o)",29490,214.6538069871724
fe2s2_cas30e20o,"Fe$_2$S$_2$ CAS(30e,20o)",29500,214.67522367561287
fe2s2_cas30e20o,"Fe$_2$S$_2$ CAS(30e,20o)",29510,214.57067837334876
fe2s2_cas30e20o,"Fe$_2$S$_2$ CAS(30e,20o)",29520,214.5638539312671
fe2s2_cas30e20o,"Fe$_2$S$_2$ CAS(30e,20o)",29530,214.56235885351305
fe2s2_cas30e20o,"Fe$_2$S$_2$ CAS(30e,20o)",29540,215.45888670155477
fe2s2_cas30e20o,"Fe$_2$S$_2$ CAS(30e,20o)",29550,214.70507553291895
fe2s2_cas30e20o,"Fe$_2$S$_2$ CAS(30e,20o)",29560,214.75649595451785
fe2s2_cas30e20o,"Fe$_2$S$_2$ CAS(30e,20o)",29570,214.6568843921699
fe2s2_cas30e20o,"Fe$_2$S$_2$ CAS(30e,20o)",29580,214.58876134973082
fe2s2_cas30e20o,"Fe$_2$S$_2$ CAS(30e,20o)",29590,214.55231310638112
fe2s2_cas30e20o,"Fe$_2$S$_2$ CAS(30e,20o)",29600,214.79654846079654
fe2s2_cas30e20o,"Fe$_2$S$_2$ CAS(30e,20o)",29610,214.78276602574908
fe2s2_cas30e20o,"Fe$_2$S$_2$ CAS(30e,20o)",29620,214.63540012196347
fe2s2_cas30e20o,"Fe$_2$S$_2$ CAS(30e,20o)",29630,214.7529919261757
fe2s2_cas30e20o,"Fe$_2$S$_2$ CAS(30e,20o)",29640,214.77622768075832
fe2s2_cas30e20o,"Fe$_2$S$_2$ CAS(30e,20o)",29650,214.61457123551497
fe2s2_cas30e20o,"Fe$_2$S$_2$ CAS(30e,20o)",29660,214.5504572805379
fe2s2_cas30e20o,"Fe$_2$S$_2$ CAS(30e,20o)",29670,214.57058865267697
fe2s2_cas30e20o,"Fe$_2$S$_2$ CAS(30e,20o)",29680,214.6110272929178
fe2s2_cas30e20o,"Fe$_2$S$_2$ CAS(30e,20o)",29690,214.8859420103264
fe2s2_cas30e20o,"Fe$_2$S$_2$ CAS(30e,20o)",29700,214.59358750166757
fe2s2_cas30e20o,"Fe$_2$S$_2$ CAS(30e,20o)",29710,214.5749632005476
fe2s2_cas30e20o,"Fe$_2$S$_2$ CAS(30e,20o)",29720,215.2104112441151
fe2s2_cas30e20o,"Fe$_2$S$_2$ CAS(30e,20o)",29730,214.58787286883307
fe2s2_cas30e20o,"Fe$_2$S$_2$ CAS(30e,20o)",29740,214.60288394062843
fe2s2_cas30e20o,"Fe$_2$S$_2$ CAS(30e,20o)",29750,214.55836515148974
fe2s2_cas30e20o,"Fe$_2$S$_2$ CAS(30e,20o)",29760,214.53405569872075
fe2s2_cas30e20o,"Fe$_2$S$_2$ CAS(30e,20o)",29770,214.95078286447722
fe2s2_cas30e20o,"Fe$_2$S$_2$ CAS(30e,20o)",29780,214.67687516066292
fe2s2_cas30e20o,"Fe$_2$S$_2$ CAS(30e,20o)",29790,214.75343065311847
fe2s2_cas30e20o,"Fe$_2$S$_2$ CAS(30e,20o)",29800,214.57694969498675
fe2s2_cas30e20o,"Fe$_2$S$_2$ CAS(30e,20o)",29810,214.54514816089443
fe2s2_cas30e20o,"Fe$_2$S$_2$ CAS(30e,20o)",29820,214.91809410221663
fe2s2_cas30e20o,"Fe$_2$S$_2$ CAS(30e,20o)",29830,214.63556784839
fe2s2_cas30e20o,"Fe$_2$S$_2$ CAS(30e,20o)",29840,214.86220258580602
fe2s2_cas30e20o,"Fe$_2$S$_2$ CAS(30e,20o)",29850,214.966995866547
fe2s2_cas30e20o,"Fe$_2$S$_2$ CAS(30e,20o)",29860,214.71312506152174
fe2s2_cas30e20o,"Fe$_2$S$_2$ CAS(30e,20o)",29870,214.52660649211452
fe2s2_cas30e20o,"Fe$_2$S$_2$ CAS(30e,20o)",29880,214.55145989285995
fe2s2_cas30e20o,"Fe$_2$S$_2$ CAS(30e,20o)",29890,214.81426350034383
fe2s2_cas30e20o,"Fe$_2$S$_2$ CAS(30e,20o)",29900,214.62365091380775
fe2s2_cas30e20o,"Fe$_2$S$_2$ CAS(30e,20o)",29910,214.56232199649605
fe2s2_cas30e20o,"Fe$_2$S$_2$ CAS(30e,20o)",29920,214.95972045225642
fe2s2_cas30e20o,"Fe$_2$S$_2$ CAS(30e,20o)",29930,214.8521568789903
fe2s2_cas30e20o,"Fe$_2$S$_2$ CAS(30e,20o)",29940,214.54739281216462
fe2s2_cas30e20o,"Fe$_2$S$_2$ CAS(30e,20o)",29950,214.52142841305033
fe2s2_cas30e20o,"Fe$_2$S$_2$ CAS(30e,20o)",29960,214.7709571698755
fe2s2_cas30e20o,"Fe$_2$S$_2$ CAS(30e,20o)",29970,214.59582200590432
fe2s2_cas30e20o,"Fe$_2$S$_2$ CAS(30e,20o)",29980,214.5006762441426
fe2s2_cas30e20o,"Fe$_2$S$_2$ CAS(30e,20o)",29990,214.63693738793665
fe2s2_cas30e20o,"Fe$_2$S$_2$ CAS(30e,20o)",30000,215.00553681998724
nh3_ccpvdz,NH$_3$/cc-pVDZ,1,39.14291528026581
nh3_ccpvdz,NH$_3$/cc-pVDZ,10,37.736679248659755
nh3_ccpvdz,NH$_3$/cc-pVDZ,20,37.23329133332953
nh3_ccpvdz,NH$_3$/cc-pVDZ,30,36.85822716521869
nh3_ccpvdz,NH$_3$/cc-pVDZ,40,36.94704757399592
nh3_ccpvdz,NH$_3$/cc-pVDZ,50,37.26164817305744
nh3_ccpvdz,NH$_3$/cc-pVDZ,60,37.04438090050388
nh3_ccpvdz,NH$_3$/cc-pVDZ,70,37.38330210745033
nh3_ccpvdz,NH$_3$/cc-pVDZ,80,37.46996447503648
nh3_ccpvdz,NH$_3$/cc-pVDZ,90,37.66312565254282
nh3_ccpvdz,NH$_3$/cc-pVDZ,100,40.461485080477644
nh3_ccpvdz,NH$_3$/cc-pVDZ,110,37.987681987310395
nh3_ccpvdz,NH$_3$/cc-pVDZ,120,37.64223856128979
nh3_ccpvdz,NH$_3$/cc-pVDZ,130,42.14142407805355
nh3_ccpvdz,NH$_3$/cc-pVDZ,140,44.65633620493037
nh3_ccpvdz,NH$_3$/cc-pVDZ,150,37.62089125729773
nh3_ccpvdz,NH$_3$/cc-pVDZ,160,35.90828856938799
nh3_ccpvdz,NH$_3$/cc-pVDZ,170,38.388937349118635
nh3_ccpvdz,NH$_3$/cc-pVDZ,180,38.00575089579894
nh3_ccpvdz,NH$_3$/cc-pVDZ,190,37.461749059147564
nh3_ccpvdz,NH$_3$/cc-pVDZ,200,34.87196028950024
nh3_ccpvdz,NH$_3$/cc-pVDZ,210,35.124875769398045
nh3_ccpvdz,NH$_3$/cc-pVDZ,220,38.59690132703264
nh3_ccpvdz,NH$_3$/cc-pVDZ,230,42.32297748065861
nh3_ccpvdz,NH$_3$/cc-pVDZ,240,37.59062299343441
nh3_ccpvdz,NH$_3$/cc-pVDZ,250,35.42235586836995
nh3_ccpvdz,NH$_3$/cc-pVDZ,260,36.00013298158444
nh3_ccpvdz,NH$_3$/cc-pVDZ,270,36.828954696659366
nh3_ccpvdz,NH$_3$/cc-pVDZ,280,35.292052319519485
nh3_ccpvdz,NH$_3$/cc-pVDZ,290,35.513699234634544
nh3_ccpvdz,NH$_3$/cc-pVDZ,300,35.35546018861879
nh3_ccpvdz,NH$_3$/cc-pVDZ,310,38.9713399423357
nh3_ccpvdz,NH$_3$/cc-pVDZ,320,34.90559334677812
nh3_ccpvdz,NH$_3$/cc-pVDZ,330,37.58736254721384
nh3_ccpvdz,NH$_3$/cc-pVDZ,340,34.97517792515481
nh3_ccpvdz,NH$_3$/cc-pVDZ,350,38.355841958406245
nh3_ccpvdz,NH$_3$/cc-pVDZ,360,35.746520571670715
nh3_ccpvdz,NH$_3$/cc-pVDZ,370,34.06680307077892
nh3_ccpvdz,NH$_3$/cc-pVDZ,380,39.280876460225045
nh3_ccpvdz,NH$_3$/cc-pVDZ,390,33.997433284547185
nh3_ccpvdz,NH$_3$/cc-pVDZ,400,34.84907424176242
nh3_ccpvdz,NH$_3$/cc-pVDZ,410,33.587342682949384
nh3_ccpvdz,NH$_3$/cc-pVDZ,420,35.827170610353676
nh3_ccpvdz,NH$_3$/cc-pVDZ,430,37.24295268960276
nh3_ccpvdz,NH$_3$/cc-pVDZ,440,34.191954416165515
nh3_ccpvdz,NH$_3$/cc-pVDZ,450,35.43038953886679
nh3_ccpvdz,NH$_3$/cc-pVDZ,460,35.08635494173262
nh3_ccpvdz,NH$_3$/cc-pVDZ,470,35.44554903385233
nh3_ccpvdz,NH$_3$/cc-pVDZ,480,33.46616499007382
nh3_ccpvdz,NH$_3$/cc-pVDZ,490,33.361447398881694
nh3_ccpvdz,NH$_3$/cc-pVDZ,500,36.129550438424474
nh3_ccpvdz,NH$_3$/cc-pVDZ,510,37.00206250169913
nh3_ccpvdz,NH$_3$/cc-pVDZ,520,33.38909658980782
nh3_ccpvdz,NH$_3$/cc-pVDZ,530,32.86057211858662
nh3_ccpvdz,NH$_3$/cc-pVDZ,540,39.97865109651144
nh3_ccpvdz,NH$_3$/cc-pVDZ,550,36.666523755016556
nh3_ccpvdz,NH$_3$/cc-pVDZ,560,34.97593926625342
nh3_ccpvdz,NH$_3$/cc-pVDZ,570,32.6200792246496
nh3_ccpvdz,NH$_3$/cc-pVDZ,580,32.295013592467114
nh3_ccpvdz,NH$_3$/cc-pVDZ,590,34.938174107971065
nh3_ccpvdz,NH$_3$/cc-pVDZ,600,37.69434277160855
nh3_ccpvdz,NH$_3$/cc-pVDZ,610,35.384404065730735
nh3_ccpvdz,NH$_3$/cc-pVDZ,620,33.61680181468785
nh3_ccpvdz,NH$_3$/cc-pVDZ,630,34.14793729425725
nh3_ccpvdz,NH$_3$/cc-pVDZ,640,32.98247675638066
nh3_ccpvdz,NH$_3$/cc-pVDZ,650,33.26875513684513
nh3_ccpvdz,NH$_3$/cc-pVDZ,660,34.32956281288568
nh3_ccpvdz,NH$_3$/cc-pVDZ,670,32.391080096026315
nh3_ccpvdz,NH$_3$/cc-pVDZ,680,35.3450114620486
nh3_ccpvdz,NH$_3$/cc-pVDZ,690,39.84383893336485
nh3_ccpvdz,NH$_3$/cc-pVDZ,700,38.496552431553255
nh3_ccpvdz,NH$_3$/cc-pVDZ,710,34.557326421435164
nh3_ccpvdz,NH$_3$/cc-pVDZ,720,32.60124147239196
nh3_ccpvdz,NH$_3$/cc-pVDZ,730,33.0403948095892
nh3_ccpvdz,NH$_3$/cc-pVDZ,740,32.26535510193429
nh3_ccpvdz,NH$_3$/cc-pVDZ,750,31.351715630812294
nh3_ccpvdz,NH$_3$/cc-pVDZ,760,31.345349203384387
nh3_ccpvdz,NH$_3$/cc-pVDZ,770,31.697915279984556
nh3_ccpvdz,NH$_3$/cc-pVDZ,780,31.40335643595904
nh3_ccpvdz,NH$_3$/cc-pVDZ,790,31.400087921973352
nh3_ccpvdz,NH$_3$/cc-pVDZ,800,48.5905090713743
nh3_ccpvdz,NH$_3$/cc-pVDZ,810,40.0219893356919
nh3_ccpvdz,NH$_3$/cc-pVDZ,820,33.81323027127081
nh3_ccpvdz,NH$_3$/cc-pVDZ,830,31.725890136975465
nh3_ccpvdz,NH$_3$/cc-pVDZ,840,31.094050730843037
nh3_ccpvdz,NH$_3$/cc-pVDZ,850,31.615604906690464
nh3_ccpvdz,NH$_3$/cc-pVDZ,860,30.923714200490338
nh3_ccpvdz,NH$_3$/cc-pVDZ,870,31.06098140660407
nh3_ccpvdz,NH$_3$/cc-pVDZ,880,30.92367691645137
nh3_ccpvdz,NH$_3$/cc-pVDZ,890,37.72475622142224
nh3_ccpvdz,NH$_3$/cc-pVDZ,900,33.43860575942159
nh3_ccpvdz,NH$_3$/cc-pVDZ,910,32.138282336894974
nh3_ccpvdz,NH$_3$/cc-pVDZ,920,34.00470024439528
nh3_ccpvdz,NH$_3$/cc-pVDZ,930,32.95491194268152
nh3_ccpvdz,NH$_3$/cc-pVDZ,940,32.88530432845249
nh3_ccpvdz,NH$_3$/cc-pVDZ,950,31.812722783044478
nh3_ccpvdz,NH$_3$/cc-pVDZ,960,32.19351862351516
nh3_ccpvdz,NH$_3$/cc-pVDZ,970,30.95073289718897
nh3_ccpvdz,NH$_3$/cc-pVDZ,980,33.289354962612094
nh3_ccpvdz,NH$_3$/cc-pVDZ,990,30.7423009626433
nh3_ccpvdz,NH$_3$/cc-pVDZ,1000,30.651358303842358
nh3_ccpvdz,NH$_3$/cc-pVDZ,1010,33.17271273050437
nh3_ccpvdz,NH$_3$/cc-pVDZ,1020,35.64238652798224
nh3_ccpvdz,NH$_3$/cc-pVDZ,1030,31.27083823742538
nh3_ccpvdz,NH$_3$/cc-pVDZ,1040,31.63462055594124
nh3_ccpvdz,NH$_3$/cc-pVDZ,1050,33.74132370835525
nh3_ccpvdz,NH$_3$/cc-pVDZ,1060,35.23789702408209
nh3_ccpvdz,NH$_3$/cc-pVDZ,1070,32.88624035914722
nh3_ccpvdz,NH$_3$/cc-pVDZ,1080,30.218950695271474
nh3_ccpvdz,NH$_3$/cc-pVDZ,1090,38.89352946573155
nh3_ccpvdz,NH$_3$/cc-pVDZ,1100,43.969827897292646
nh3_ccpvdz,NH$_3$/cc-pVDZ,1110,41.267369464662806
nh3_ccpvdz,NH$_3$/cc-pVDZ,1120,35.056146545080935
nh3_ccpvdz,NH$_3$/cc-pVDZ,1130,30.908483893902883
nh3_ccpvdz,NH$_3$/cc-pVDZ,1140,29.938148465504355
nh3_ccpvdz,NH$_3$/cc-pVDZ,1150,30.017423954845412
nh3_ccpvdz,NH$_3$/cc-pVDZ,1160,30.068813390016658
nh3_ccpvdz,NH$_3$/cc-pVDZ,1170,30.27453518284773
nh3_ccpvdz,NH$_3$/cc-pVDZ,1180,29.29556919456644
nh3_ccpvdz,NH$_3$/cc-pVDZ,1190,30.14864399870021
nh3_ccpvdz,NH$_3$/cc-pVDZ,1200,33.57064929474518
nh3_ccpvdz,NH$_3$/cc-pVDZ,1210,30.59819946646769
nh3_ccpvdz,NH$_3$/cc-pVDZ,1220,30.14491815721243
nh3_ccpvdz,NH$_3$/cc-pVDZ,1230,29.83647139664214
nh3_ccpvdz,NH$_3$/cc-pVDZ,1240,29.712730708453705
nh3_ccpvdz,NH$_3$/cc-pVDZ,1250,29.897969950447134
nh3_ccpvdz,NH$_3$/cc-pVDZ,1260,31.425239436352115
nh3_ccpvdz,NH$_3$/cc-pVDZ,1270,33.3852949761706
nh3_ccpvdz,NH$_3$/cc-pVDZ,1280,34.975006312535584
nh3_ccpvdz,NH$_3$/cc-pVDZ,1290,32.2935591613458
nh3_ccpvdz,NH$_3$/cc-pVDZ,1300,32.17984761506898
nh3_ccpvdz,NH$_3$/cc-pVDZ,1310,30.696158083287628
nh3_ccpvdz,NH$_3$/cc-pVDZ,1320,29.441669991577157
nh3_ccpvdz,NH$_3$/cc-pVDZ,1330,30.57388524523219
nh3_ccpvdz,NH$_3$/cc-pVDZ,1340,30.106587703734533
nh3_ccpvdz,NH$_3$/cc-pVDZ,1350,29.986915334376363
nh3_ccpvdz,NH$_3$/cc-pVDZ,1360,29.574682893589
nh3_ccpvdz,NH$_3$/cc-pVDZ,1370,30.58121920711443
nh3_ccpvdz,NH$_3$/cc-pVDZ,1380,37.10469594172139
nh3_ccpvdz,NH$_3$/cc-pVDZ,1390,31.250172196642723
nh3_ccpvdz,NH$_3$/cc-pVDZ,1400,29.667461070054912
nh3_ccpvdz,NH$_3$/cc-pVDZ,1410,29.28610363605344
nh3_ccpvdz,NH$_3$/cc-pVDZ,1420,29.54677757966806
nh3_ccpvdz,NH$_3$/cc-pVDZ,1430,34.16220756825794
nh3_ccpvdz,NH$_3$/cc-pVDZ,1440,34.13447629053934
nh3_ccpvdz,NH$_3$/cc-pVDZ,1450,31.802220397949554
nh3_ccpvdz,NH$_3$/cc-pVDZ,1460,28.704131119795306
nh3_ccpvdz,NH$_3$/cc-pVDZ,1470,29.286381011772278
nh3_ccpvdz,NH$_3$/cc-pVDZ,1480,29.573114869123174
nh3_ccpvdz,NH$_3$/cc-pVDZ,1490,29.954760644265832
nh3_ccpvdz,NH$_3$/cc-pVDZ,1500,29.796899378915498
nh3_ccpvdz,NH$_3$/cc-pVDZ,1510,29.505161847197314
nh3_ccpvdz,NH$_3$/cc-pVDZ,1520,29.377946426869528
nh3_ccpvdz,NH$_3$/cc-pVDZ,1530,28.0745439502752
nh3_ccpvdz,NH$_3$/cc-pVDZ,1540,31.413556284995536
nh3_ccpvdz,NH$_3$/cc-pVDZ,1550,29.556910722448038
nh3_ccpvdz,NH$_3$/cc-pVDZ,1560,29.919721968617807
nh3_ccpvdz,NH$_3$/cc-pVDZ,1570,30.438661405298717
nh3_ccpvdz,NH$_3$/cc-pVDZ,1580,29.67777123215143
nh3_ccpvdz,NH$_3$/cc-pVDZ,1590,28.598189749004632
nh3_ccpvdz,NH$_3$/cc-pVDZ,1600,29.86023475304478
nh3_ccpvdz,NH$_3$/cc-pVDZ,1610,29.951791062856614
nh3_ccpvdz,NH$_3$/cc-pVDZ,1620,32.00296642545197
nh3_ccpvdz,NH$_3$/cc-pVDZ,1630,30.49883297922662
nh3_ccpvdz,NH$_3$/cc-pVDZ,1640,28.31486107514536
nh3_ccpvdz,NH$_3$/cc-pVDZ,1650,28.690734144298347
nh3_ccpvdz,NH$_3$/cc-pVDZ,1660,28.904805739458084
nh3_ccpvdz,NH$_3$/cc-pVDZ,1670,33.288499001812966
nh3_ccpvdz,NH$_3$/cc-pVDZ,1680,44.47841170465239
nh3_ccpvdz,NH$_3$/cc-pVDZ,1690,30.566655540248178
nh3_ccpvdz,NH$_3$/cc-pVDZ,1700,29.266420621176792
nh3_ccpvdz,NH$_3$/cc-pVDZ,1710,29.331972036175102
nh3_ccpvdz,NH$_3$/cc-pVDZ,1720,28.73412042426793
nh3_ccpvdz,NH$_3$/cc-pVDZ,1730,28.12184388421457
nh3_ccpvdz,NH$_3$/cc-pVDZ,1740,28.31177190036982
nh3_ccpvdz,NH$_3$/cc-pVDZ,1750,31.512803690553426
nh3_ccpvdz,NH$_3$/cc-pVDZ,1760,29.086654471569773
nh3_ccpvdz,NH$_3$/cc-pVDZ,1770,27.49493136788317
nh3_ccpvdz,NH$_3$/cc-pVDZ,1780,34.005737851920514
nh3_ccpvdz,NH$_3$/cc-pVDZ,1790,32.914094700061014
nh3_ccpvdz,NH$_3$/cc-pVDZ,1800,28.825412464513533
nh3_ccpvdz,NH$_3$/cc-pVDZ,1810,28.313094007259565
nh3_ccpvdz,NH$_3$/cc-pVDZ,1820,31.515118497040362
nh3_ccpvdz,NH$_3$/cc-pVDZ,1830,27.792673072958962
nh3_ccpvdz,NH$_3$/cc-pVDZ,1840,29.149202706015842
nh3_ccpvdz,NH$_3$/cc-pVDZ,1850,28.23331879673674
nh3_ccpvdz,NH$_3$/cc-pVDZ,1860,30.764662618395278
nh3_ccpvdz,NH$_3$/cc-pVDZ,1870,29.698465760830572
nh3_ccpvdz,NH$_3$/cc-pVDZ,1880,27.897836483944616
nh3_ccpvdz,NH$_3$/cc-pVDZ,1890,27.77260778647417
nh3_ccpvdz,NH$_3$/cc-pVDZ,1900,27.67347792896402
nh3_ccpvdz,NH$_3$/cc-pVDZ,1910,28.934983920592572
nh3_ccpvdz,NH$_3$/cc-pVDZ,1920,39.97142238499407
nh3_ccpvdz,NH$_3$/cc-pVDZ,1930,31.410592358703582
nh3_ccpvdz,NH$_3$/cc-pVDZ,1940,29.20534147196463
nh3_ccpvdz,NH$_3$/cc-pVDZ,1950,27.492825481928662
nh3_ccpvdz,NH$_3$/cc-pVDZ,1960,28.17392411289177
nh3_ccpvdz,NH$_3$/cc-pVDZ,1970,28.529582717041535
nh3_ccpvdz,NH$_3$/cc-pVDZ,1980,27.23853473968063
nh3_ccpvdz,NH$_3$/cc-pVDZ,1990,27.41764619810283
nh3_ccpvdz,NH$_3$/cc-pVDZ,2000,29.105744229340758
nh3_ccpvdz,NH$_3$/cc-pVDZ,2010,30.117682611091823
nh3_ccpvdz,NH$_3$/cc-pVDZ,2020,28.295023729903335
nh3_ccpvdz,NH$_3$/cc-pVDZ,2030,27.792265146423745
nh3_ccpvdz,NH$_3$/cc-pVDZ,2040,30.575022015078446
nh3_ccpvdz,NH$_3$/cc-pVDZ,2050,29.422950799379066
nh3_ccpvdz,NH$_3$/cc-pVDZ,2060,30.70531104452101
nh3_ccpvdz,NH$_3$/cc-pVDZ,2070,28.159456993947174
nh3_ccpvdz,NH$_3$/cc-pVDZ,2080,27.932377272989584
nh3_ccpvdz,NH$_3$/cc-pVDZ,2090,27.048723922376894
nh3_ccpvdz,NH$_3$/cc-pVDZ,2100,27.19486582795838
nh3_ccpvdz,NH$_3$/cc-pVDZ,2110,27.548970808879858
nh3_ccpvdz,NH$_3$/cc-pVDZ,2120,27.824852085217344
nh3_ccpvdz,NH$_3$/cc-pVDZ,2130,26.78508347571551
nh3_ccpvdz,NH$_3$/cc-pVDZ,2140,30.026420387933683
nh3_ccpvdz,NH$_3$/cc-pVDZ,2150,27.6439861951161
nh3_ccpvdz,NH$_3$/cc-pVDZ,2160,27.465524595427837
nh3_ccpvdz,NH$_3$/cc-pVDZ,2170,26.99243994041467
nh3_ccpvdz,NH$_3$/cc-pVDZ,2180,30.30512009433295
nh3_ccpvdz,NH$_3$/cc-pVDZ,2190,26.457508645421512
nh3_ccpvdz,NH$_3$/cc-pVDZ,2200,30.427737418591505
nh3_ccpvdz,NH$_3$/cc-pVDZ,2210,28.700146911482705
nh3_ccpvdz,NH$_3$/cc-pVDZ,2220,27.853969276165458
nh3_ccpvdz,NH$_3$/cc-pVDZ,2230,29.794228200259454
nh3_ccpvdz,NH$_3$/cc-pVDZ,2240,28.233405620625263
nh3_ccpvdz,NH$_3$/cc-pVDZ,2250,26.843017608243258
nh3_ccpvdz,NH$_3$/cc-pVDZ,2260,28.417937475303745
nh3_ccpvdz,NH$_3$/cc-pVDZ,2270,26.933857923928883
nh3_ccpvdz,NH$_3$/cc-pVDZ,2280,27.602064365154888
nh3_ccpvdz,NH$_3$/cc-pVDZ,2290,27.78843498585104
nh3_ccpvdz,NH$_3$/cc-pVDZ,2300,26.690363828770103
nh3_ccpvdz,NH$_3$/cc-pVDZ,2310,29.545603761356176
nh3_ccpvdz,NH$_3$/cc-pVDZ,2320,28.174818511622846
nh3_ccpvdz,NH$_3$/cc-pVDZ,2330,29.603413948649404
nh3_ccpvdz,NH$_3$/cc-pVDZ,2340,30.088202587570834
nh3_ccpvdz,NH$_3$/cc-pVDZ,2350,26.850837246122694
nh3_ccpvdz,NH$_3$/cc-pVDZ,2360,27.39035393623368
nh3_ccpvdz,NH$_3$/cc-pVDZ,2370,28.25131902709188
nh3_ccpvdz,NH$_3$/cc-pVDZ,2380,27.210124712070183
nh3_ccpvdz,NH$_3$/cc-pVDZ,2390,27.109390040330084
nh3_ccpvdz,NH$_3$/cc-pVDZ,2400,29.490325921976535
nh3_ccpvdz,NH$_3$/cc-pVDZ,2410,26.329019930393827
nh3_ccpvdz,NH$_3$/cc-pVDZ,2420,26.944923099058826
nh3_ccpvdz,NH$_3$/cc-pVDZ,2430,32.15991512800542
nh3_ccpvdz,NH$_3$/cc-pVDZ,2440,29.57529198613429
nh3_ccpvdz,NH$_3$/cc-pVDZ,2450,37.272666206689564
nh3_ccpvdz,NH$_3$/cc-pVDZ,2460,28.073730412607745
nh3_ccpvdz,NH$_3$/cc-pVDZ,2470,25.987207541668056
nh3_ccpvdz,NH$_3$/cc-pVDZ,2480,25.92678941774551
nh3_ccpvdz,NH$_3$/cc-pVDZ,2490,26.04595238887697
nh3_ccpvdz,NH$_3$/cc-pVDZ,2500,27.566345594031816
nh3_ccpvdz,NH$_3$/cc-pVDZ,2510,27.01037283509322
nh3_ccpvdz,NH$_3$/cc-pVDZ,2520,33.57665784306363
nh3_ccpvdz,NH$_3$/cc-pVDZ,2530,32.46765318508693
nh3_ccpvdz,NH$_3$/cc-pVDZ,2540,30.769023490272218
nh3_ccpvdz,NH$_3$/cc-pVDZ,2550,27.554840955474447
nh3_ccpvdz,NH$_3$/cc-pVDZ,2560,26.610653836755205
nh3_ccpvdz,NH$_3$/cc-pVDZ,2570,25.67122853749737
nh3_ccpvdz,NH$_3$/cc-pVDZ,2580,26.07537648137992
nh3_ccpvdz,NH$_3$/cc-pVDZ,2590,26.50640730602305
nh3_ccpvdz,NH$_3$/cc-pVDZ,2600,26.919993579873847
nh3_ccpvdz,NH$_3$/cc-pVDZ,2610,31.543777378438165
nh3_ccpvdz,NH$_3$/cc-pVDZ,2620,27.905664053463397
nh3_ccpvdz,NH$_3$/cc-pVDZ,2630,28.10127319581568
nh3_ccpvdz,NH$_3$/cc-pVDZ,2640,25.622720222621354
nh3_ccpvdz,NH$_3$/cc-pVDZ,2650,26.881273579789422
nh3_ccpvdz,NH$_3$/cc-pVDZ,2660,26.698411987453596
nh3_ccpvdz,NH$_3$/cc-pVDZ,2670,29.389063301991314
nh3_ccpvdz,NH$_3$/cc-pVDZ,2680,26.6577745731027
nh3_ccpvdz,NH$_3$/cc-pVDZ,2690,27.898561975121083
nh3_ccpvdz,NH$_3$/cc-pVDZ,2700,26.09446993290021
nh3_ccpvdz,NH$_3$/cc-pVDZ,2710,25.30126803534216
nh3_ccpvdz,NH$_3$/cc-pVDZ,2720,26.739873622361188
nh3_ccpvdz,NH$_3$/cc-pVDZ,2730,26.74530247029594
nh3_ccpvdz,NH$_3$/cc-pVDZ,2740,26.5458671332226
nh3_ccpvdz,NH$_3$/cc-pVDZ,2750,26.201252061305524
nh3_ccpvdz,NH$_3$/cc-pVDZ,2760,26.457131381413035
nh3_ccpvdz,NH$_3$/cc-pVDZ,2770,25.989751759070145
nh3_ccpvdz,NH$_3$/cc-pVDZ,2780,27.8921403993877
nh3_ccpvdz,NH$_3$/cc-pVDZ,2790,25.769808015525086
nh3_ccpvdz,NH$_3$/cc-pVDZ,2800,28.201177872375638
nh3_ccpvdz,NH$_3$/cc-pVDZ,2810,30.235384870117343
nh3_ccpvdz,NH$_3$/cc-pVDZ,2820,26.86547509674142
nh3_ccpvdz,NH$_3$/cc-pVDZ,2830,25.798021045709163
nh3_ccpvdz,NH$_3$/cc-pVDZ,2840,25.03453129965294
nh3_ccpvdz,NH$_3$/cc-pVDZ,2850,28.47520151071592
nh3_ccpvdz,NH$_3$/cc-pVDZ,2860,28.126199762702697
nh3_ccpvdz,NH$_3$/cc-pVDZ,2870,29.32779513562167
nh3_ccpvdz,NH$_3$/cc-pVDZ,2880,27.07138318859137
nh3_ccpvdz,NH$_3$/cc-pVDZ,2890,25.099319700075284
nh3_ccpvdz,NH$_3$/cc-pVDZ,2900,29.956426594637264
nh3_ccpvdz,NH$_3$/cc-pVDZ,2910,27.356699347897973
nh3_ccpvdz,NH$_3$/cc-pVDZ,2920,25.26696470735601
nh3_ccpvdz,NH$_3$/cc-pVDZ,2930,27.005756343157827
nh3_ccpvdz,NH$_3$/cc-pVDZ,2940,25.889591923800026
nh3_ccpvdz,NH$_3$/cc-pVDZ,2950,25.951737783984186
nh3_ccpvdz,NH$_3$/cc-pVDZ,2960,29.434757136840517
nh3_ccpvdz,NH$_3$/cc-pVDZ,2970,26.09143672078318
nh3_ccpvdz,NH$_3$/cc-pVDZ,2980,24.977196558161552
nh3_ccpvdz,NH$_3$/cc-pVDZ,2990,27.475996877100783
nh3_ccpvdz,NH$_3$/cc-pVDZ,3000,26.592678103355638
nh3_ccpvdz,NH$_3$/cc-pVDZ,3010,28.159415045664105
nh3_ccpvdz,NH$_3$/cc-pVDZ,3020,26.797818846731047
nh3_ccpvdz,NH$_3$/cc-pVDZ,3030,27.635924127466183
nh3_ccpvdz,NH$_3$/cc-pVDZ,3040,27.27077604338035
nh3_ccpvdz,NH$_3$/cc-pVDZ,3050,25.301082008752473
nh3_ccpvdz,NH$_3$/cc-pVDZ,3060,27.039928502873067
nh3_ccpvdz,NH$_3$/cc-pVDZ,3070,26.317781854309885
nh3_ccpvdz,NH$_3$/cc-pVDZ,3080,27.389734195210735
nh3_ccpvdz,NH$_3$/cc-pVDZ,3090,25.507157635814792
nh3_ccpvdz,NH$_3$/cc-pVDZ,3100,25.23045281049008
nh3_ccpvdz,NH$_3$/cc-pVDZ,3110,25.80244706826562
nh3_ccpvdz,NH$_3$/cc-pVDZ,3120,25.07085465738612
nh3_ccpvdz,NH$_3$/cc-pVDZ,3130,30.88114400720343
nh3_ccpvdz,NH$_3$/cc-pVDZ,3140,27.35744995035816
nh3_ccpvdz,NH$_3$/cc-pVDZ,3150,25.771767033376136
nh3_ccpvdz,NH$_3$/cc-pVDZ,3160,24.817278372950113
nh3_ccpvdz,NH$_3$/cc-pVDZ,3170,27.54848157106693
nh3_ccpvdz,NH$_3$/cc-pVDZ,3180,25.644779894605563
nh3_ccpvdz,NH$_3$/cc-pVDZ,3190,25.316030095218878
nh3_ccpvdz,NH$_3$/cc-pVDZ,3200,27.159860591005724
nh3_ccpvdz,NH$_3$/cc-pVDZ,3210,25.567164617108062
nh3_ccpvdz,NH$_3$/cc-pVDZ,3220,25.183729924130205
nh3_ccpvdz,NH$_3$/cc-pVDZ,3230,25.41580245397057
nh3_ccpvdz,NH$_3$/cc-pVDZ,3240,26.62990566953738
nh3_ccpvdz,NH$_3$/cc-pVDZ,3250,29.994596585176225
nh3_ccpvdz,NH$_3$/cc-pVDZ,3260,25.015364393702555
nh3_ccpvdz,NH$_3$/cc-pVDZ,3270,30.38995887560958
nh3_ccpvdz,NH$_3$/cc-pVDZ,3280,29.34277568689936
nh3_ccpvdz,NH$_3$/cc-pVDZ,3290,25.811458598944625
nh3_ccpvdz,NH$_3$/cc-pVDZ,3300,24.632502893744856
nh3_ccpvdz,NH$_3$/cc-pVDZ,3310,24.46250041182907
nh3_ccpvdz,NH$_3$/cc-pVDZ,3320,24.199869691905462
nh3_ccpvdz,NH$_3$/cc-pVDZ,3330,24.294205281215397
nh3_ccpvdz,NH$_3$/cc-pVDZ,3340,26.69014561035965
nh3_ccpvdz,NH$_3$/cc-pVDZ,3350,26.319981003609882
nh3_ccpvdz,NH$_3$/cc-pVDZ,3360,25.764447474301733
nh3_ccpvdz,NH$_3$/cc-pVDZ,3370,24.739006401723884
nh3_ccpvdz,NH$_3$/cc-pVDZ,3380,27.29364522311073
nh3_ccpvdz,NH$_3$/cc-pVDZ,3390,26.27426707019964
nh3_ccpvdz,NH$_3$/cc-pVDZ,3400,26.226711120798996
nh3_ccpvdz,NH$_3$/cc-pVDZ,3410,27.86900812571247
nh3_ccpvdz,NH$_3$/cc-pVDZ,3420,28.188550123637413
nh3_ccpvdz,NH$_3$/cc-pVDZ,3430,26.04914829240812
nh3_ccpvdz,NH$_3$/cc-pVDZ,3440,24.381005310409876
nh3_ccpvdz,NH$_3$/cc-pVDZ,3450,26.15459808406939
nh3_ccpvdz,NH$_3$/cc-pVDZ,3460,26.606006293157236
nh3_ccpvdz,NH$_3$/cc-pVDZ,3470,26.693302870185676
nh3_ccpvdz,NH$_3$/cc-pVDZ,3480,25.067246425400924
nh3_ccpvdz,NH$_3$/cc-pVDZ,3490,25.22476468092094
nh3_ccpvdz,NH$_3$/cc-pVDZ,3500,25.581486825309696
nh3_ccpvdz,NH$_3$/cc-pVDZ,3510,27.54590099373644
nh3_ccpvdz,NH$_3$/cc-pVDZ,3520,25.952352665569833
nh3_ccpvdz,NH$_3$/cc-pVDZ,3530,24.0685792383033
nh3_ccpvdz,NH$_3$/cc-pVDZ,3540,26.546915899949397
nh3_ccpvdz,NH$_3$/cc-pVDZ,3550,29.313005530156033
nh3_ccpvdz,NH$_3$/cc-pVDZ,3560,26.619931572732014
nh3_ccpvdz,NH$_3$/cc-pVDZ,3570,24.78182713780086
nh3_ccpvdz,NH$_3$/cc-pVDZ,3580,24.324103718925016
nh3_ccpvdz,NH$_3$/cc-pVDZ,3590,25.386063111575652
nh3_ccpvdz,NH$_3$/cc-pVDZ,3600,24.131624543919372
nh3_ccpvdz,NH$_3$/cc-pVDZ,3610,28.65376403821074
nh3_ccpvdz,NH$_3$/cc-pVDZ,3620,25.41013657292268
nh3_ccpvdz,NH$_3$/cc-pVDZ,3630,24.50950129287577
nh3_ccpvdz,NH$_3$/cc-pVDZ,3640,25.10443049419564
nh3_ccpvdz,NH$_3$/cc-pVDZ,3650,25.767379090879672
nh3_ccpvdz,NH$_3$/cc-pVDZ,3660,24.775720194391226
nh3_ccpvdz,NH$_3$/cc-pVDZ,3670,24.089152019115545
nh3_ccpvdz,NH$_3$/cc-pVDZ,3680,23.85010420533007
nh3_ccpvdz,NH$_3$/cc-pVDZ,3690,27.55435600133893
nh3_ccpvdz,NH$_3$/cc-pVDZ,3700,25.00148174397765
nh3_ccpvdz,NH$_3$/cc-pVDZ,3710,24.74029289498958
nh3_ccpvdz,NH$_3$/cc-pVDZ,3720,24.59109183153174
nh3_ccpvdz,NH$_3$/cc-pVDZ,3730,23.78739394948326
nh3_ccpvdz,NH$_3$/cc-pVDZ,3740,24.071927642488333
nh3_ccpvdz,NH$_3$/cc-pVDZ,3750,27.62551435240823
nh3_ccpvdz,NH$_3$/cc-pVDZ,3760,23.782831560183126
nh3_ccpvdz,NH$_3$/cc-pVDZ,3770,24.921663593858057
nh3_ccpvdz,NH$_3$/cc-pVDZ,3780,25.20981442522441
nh3_ccpvdz,NH$_3$/cc-pVDZ,3790,26.03035952399324
nh3_ccpvdz,NH$_3$/cc-pVDZ,3800,25.63790484231987
nh3_ccpvdz,NH$_3$/cc-pVDZ,3810,23.781381957796555
nh3_ccpvdz,NH$_3$/cc-pVDZ,3820,24.56076619808556
nh3_ccpvdz,NH$_3$/cc-pVDZ,3830,25.016224971508905
nh3_ccpvdz,NH$_3$/cc-pVDZ,3840,23.91410407626182
nh3_ccpvdz,NH$_3$/cc-pVDZ,3850,27.49723592449982
nh3_ccpvdz,NH$_3$/cc-pVDZ,3860,23.92425048968505
nh3_ccpvdz,NH$_3$/cc-pVDZ,3870,24.263163449894876
nh3_ccpvdz,NH$_3$/cc-pVDZ,3880,26.812793368385712
nh3_ccpvdz,NH$_3$/cc-pVDZ,3890,28.350312898112406
nh3_ccpvdz,NH$_3$/cc-pVDZ,3900,26.512577119184755
nh3_ccpvdz,NH$_3$/cc-pVDZ,3910,23.947131088014828
nh3_ccpvdz,NH$_3$/cc-pVDZ,3920,23.601658347665477
nh3_ccpvdz,NH$_3$/cc-pVDZ,3930,23.188309601387402
nh3_ccpvdz,NH$_3$/cc-pVDZ,3940,23.722797098010062
nh3_ccpvdz,NH$_3$/cc-pVDZ,3950,24.313779011698955
nh3_ccpvdz,NH$_3$/cc-pVDZ,3960,23.77781588173633
nh3_ccpvdz,NH$_3$/cc-pVDZ,3970,33.616583974804826
nh3_ccpvdz,NH$_3$/cc-pVDZ,3980,28.896398489649755
nh3_ccpvdz,NH$_3$/cc-pVDZ,3990,26.185770626192095
nh3_ccpvdz,NH$_3$/cc-pVDZ,4000,24.302889214915524
nh3_ccpvdz,NH$_3$/cc-pVDZ,4010,23.826509772554516
nh3_ccpvdz,NH$_3$/cc-pVDZ,4020,24.30963872778591
nh3_ccpvdz,NH$_3$/cc-pVDZ,4030,24.28741582674121
nh3_ccpvdz,NH$_3$/cc-pVDZ,4040,23.932950931602193
nh3_ccpvdz,NH$_3$/cc-pVDZ,4050,23.986427556863532
nh3_ccpvdz,NH$_3$/cc-pVDZ,4060,28.329176709540604
nh3_ccpvdz,NH$_3$/cc-pVDZ,4070,24.525399192192765
nh3_ccpvdz,NH$_3$/cc-pVDZ,4080,25.27455489235564
nh3_ccpvdz,NH$_3$/cc-pVDZ,4090,24.013721156492807
nh3_ccpvdz,NH$_3$/cc-pVDZ,4100,25.787500273466435
nh3_ccpvdz,NH$_3$/cc-pVDZ,4110,24.47651539280571
nh3_ccpvdz,NH$_3$/cc-pVDZ,4120,23.355598079916717
nh3_ccpvdz,NH$_3$/cc-pVDZ,4130,24.96546718488446
nh3_ccpvdz,NH$_3$/cc-pVDZ,4140,24.797531620201596
nh3_ccpvdz,NH$_3$/cc-pVDZ,4150,24.623323701860045
nh3_ccpvdz,NH$_3$/cc-pVDZ,4160,23.43014306495661
nh3_ccpvdz,NH$_3$/cc-pVDZ,4170,24.26618738503805
nh3_ccpvdz,NH$_3$/cc-pVDZ,4180,26.98507163263031
nh3_ccpvdz,NH$_3$/cc-pVDZ,4190,26.96493106678588
nh3_ccpvdz,NH$_3$/cc-pVDZ,4200,25.484850228579603
nh3_ccpvdz,NH$_3$/cc-pVDZ,4210,26.099324677851143
nh3_ccpvdz,NH$_3$/cc-pVDZ,4220,23.228879366790522
nh3_ccpvdz,NH$_3$/cc-pVDZ,4230,25.78095690954285
nh3_ccpvdz,NH$_3$/cc-pVDZ,4240,24.69867952476079
nh3_ccpvdz,NH$_3$/cc-pVDZ,4250,24.03690460534591
nh3_ccpvdz,NH$_3$/cc-pVDZ,4260,23.939414274870785
nh3_ccpvdz,NH$_3$/cc-pVDZ,4270,24.686649691957996
nh3_ccpvdz,NH$_3$/cc-pVDZ,4280,24.568874747444625
nh3_ccpvdz,NH$_3$/cc-pVDZ,4290,23.399317147791976
nh3_ccpvdz,NH$_3$/cc-pVDZ,4300,23.9002898007854
nh3_ccpvdz,NH$_3$/cc-pVDZ,4310,23.57511740733287
nh3_ccpvdz,NH$_3$/cc-pVDZ,4320,25.465222543658683
nh3_ccpvdz,NH$_3$/cc-pVDZ,4330,26.588606823551686
nh3_ccpvdz,NH$_3$/cc-pVDZ,4340,24.119569599157842
nh3_ccpvdz,NH$_3$/cc-pVDZ,4350,24.351950900260988
nh3_ccpvdz,NH$_3$/cc-pVDZ,4360,26.10518910485382
nh3_ccpvdz,NH$_3$/cc-pVDZ,4370,24.05653085109094
nh3_ccpvdz,NH$_3$/cc-pVDZ,4380,27.518518361759448
nh3_ccpvdz,NH$_3$/cc-pVDZ,4390,24.55800470770697
nh3_ccpvdz,NH$_3$/cc-pVDZ,4400,24.136133274581084
nh3_ccpvdz,NH$_3$/cc-pVDZ,4410,26.16666665964118
nh3_ccpvdz,NH$_3$/cc-pVDZ,4420,24.678726474988366
nh3_ccpvdz,NH$_3$/cc-pVDZ,4430,26.57552159560339
nh3_ccpvdz,NH$_3$/cc-pVDZ,4440,24.210107581438933
nh3_ccpvdz,NH$_3$/cc-pVDZ,4450,23.830772618708806
nh3_ccpvdz,NH$_3$/cc-pVDZ,4460,24.251577989744533
nh3_ccpvdz,NH$_3$/cc-pVDZ,4470,23.2894295581616
nh3_ccpvdz,NH$_3$/cc-pVDZ,4480,23.665342615515783
nh3_ccpvdz,NH$_3$/cc-pVDZ,4490,23.63758712787245
nh3_ccpvdz,NH$_3$/cc-pVDZ,4500,23.642907441946193
nh3_ccpvdz,NH$_3$/cc-pVDZ,4510,25.21571597200989
nh3_ccpvdz,NH$_3$/cc-pVDZ,4520,25.73148901383604
nh3_ccpvdz,NH$_3$/cc-pVDZ,4530,24.606071348515
nh3_ccpvdz,NH$_3$/cc-pVDZ,4540,24.117303337604312
nh3_ccpvdz,NH$_3$/cc-pVDZ,4550,23.01606197515582
nh3_ccpvdz,NH$_3$/cc-pVDZ,4560,26.680332546717977
nh3_ccpvdz,NH$_3$/cc-pVDZ,4570,24.542951109232547
nh3_ccpvdz,NH$_3$/cc-pVDZ,4580,23.22754505878777
nh3_ccpvdz,NH$_3$/cc-pVDZ,4590,24.204689558651182
nh3_ccpvdz,NH$_3$/cc-pVDZ,4600,25.109576770297792
nh3_ccpvdz,NH$_3$/cc-pVDZ,4610,25.301387574394596
nh3_ccpvdz,NH$_3$/cc-pVDZ,4620,23.18514788542103
nh3_ccpvdz,NH$_3$/cc-pVDZ,4630,25.155466005806204
nh3_ccpvdz,NH$_3$/cc-pVDZ,4640,24.46400036907903
nh3_ccpvdz,NH$_3$/cc-pVDZ,4650,26.709345838860088
nh3_ccpvdz,NH$_3$/cc-pVDZ,4660,24.949594016106857
nh3_ccpvdz,NH$_3$/cc-pVDZ,4670,23.263655469499156
nh3_ccpvdz,NH$_3$/cc-pVDZ,4680,23.658154147504717
nh3_ccpvdz,NH$_3$/cc-pVDZ,4690,23.567176156696235
nh3_ccpvdz,NH$_3$/cc-pVDZ,4700,23.15795715831115
nh3_ccpvdz,NH$_3$/cc-pVDZ,4710,23.048292508740076
nh3_ccpvdz,NH$_3$/cc-pVDZ,4720,23.256188919688725
nh3_ccpvdz,NH$_3$/cc-pVDZ,4730,24.19699940815434
nh3_ccpvdz,NH$_3$/cc-pVDZ,4740,23.911973664084485
nh3_ccpvdz,NH$_3$/cc-pVDZ,4750,23.681827419643753
nh3_ccpvdz,NH$_3$/cc-pVDZ,4760,29.687813783581873
nh3_ccpvdz,NH$_3$/cc-pVDZ,4770,25.199044016382288
nh3_ccpvdz,NH$_3$/cc-pVDZ,4780,25.195834539033513
nh3_ccpvdz,NH$_3$/cc-pVDZ,4790,23.474407513305096
nh3_ccpvdz,NH$_3$/cc-pVDZ,4800,23.92325263294026
nh3_ccpvdz,NH$_3$/cc-pVDZ,4810,23.367310732460567
nh3_ccpvdz,NH$_3$/cc-pVDZ,4820,23.968737069772317
nh3_ccpvdz,NH$_3$/cc-pVDZ,4830,23.69952820485821
nh3_ccpvdz,NH$_3$/cc-pVDZ,4840,23.90316427843686
nh3_ccpvdz,NH$_3$/cc-pVDZ,4850,23.08842738548833
nh3_ccpvdz,NH$_3$/cc-pVDZ,4860,23.6543532469895
nh3_ccpvdz,NH$_3$/cc-pVDZ,4870,23.543982609680825
nh3_ccpvdz,NH$_3$/cc-pVDZ,4880,23.333310009817865
nh3_ccpvdz,NH$_3$/cc-pVDZ,4890,23.74740514034812
nh3_ccpvdz,NH$_3$/cc-pVDZ,4900,23.65988426437582
nh3_ccpvdz,NH$_3$/cc-pVDZ,4910,23.46112410023693
nh3_ccpvdz,NH$_3$/cc-pVDZ,4920,24.39612580204198
nh3_ccpvdz,NH$_3$/cc-pVDZ,4930,23.659377900422385
nh3_ccpvdz,NH$_3$/cc-pVDZ,4940,27.159582393430526
nh3_ccpvdz,NH$_3$/cc-pVDZ,4950,24.129600472697632
nh3_ccpvdz,NH$_3$/cc-pVDZ,4960,22.657135524490002
nh3_ccpvdz,NH$_3$/cc-pVDZ,4970,23.078360126390862
nh3_ccpvdz,NH$_3$/cc-pVDZ,4980,26.31357443921445
nh3_ccpvdz,NH$_3$/cc-pVDZ,4990,23.717091327497997
nh3_ccpvdz,NH$_3$/cc-pVDZ,5000,24.437971049003693
nh3_ccpvdz,NH$_3$/cc-pVDZ,5010,22.64074691321838
nh3_ccpvdz,NH$_3$/cc-pVDZ,5020,22.16368296217297
nh3_ccpvdz,NH$_3$/cc-pVDZ,5030,25.621071288902897
nh3_ccpvdz,NH$_3$/cc-pVDZ,5040,23.514475759746745
nh3_ccpvdz,NH$_3$/cc-pVDZ,5050,22.302140944404414
nh3_ccpvdz,NH$_3$/cc-pVDZ,5060,24.34006231670338
nh3_ccpvdz,NH$_3$/cc-pVDZ,5070,23.85316438279972
nh3_ccpvdz,NH$_3$/cc-pVDZ,5080,22.394261856227615
nh3_ccpvdz,NH$_3$/cc-pVDZ,5090,23.789504251794824
nh3_ccpvdz,NH$_3$/cc-pVDZ,5100,23.33050016572713
nh3_ccpvdz,NH$_3$/cc-pVDZ,5110,23.64847883432475
nh3_ccpvdz,NH$_3$/cc-pVDZ,5120,22.856823497470202
nh3_ccpvdz,NH$_3$/cc-pVDZ,5130,24.630885542862302
nh3_ccpvdz,NH$_3$/cc-pVDZ,5140,23.20550973909974
nh3_ccpvdz,NH$_3$/cc-pVDZ,5150,22.39890464809946
nh3_ccpvdz,NH$_3$/cc-pVDZ,5160,32.94121004898187
nh3_ccpvdz,NH$_3$/cc-pVDZ,5170,23.736230035126482
nh3_ccpvdz,NH$_3$/cc-pVDZ,5180,24.476345420993084
nh3_ccpvdz,NH$_3$/cc-pVDZ,5190,22.498873274834352
nh3_ccpvdz,NH$_3$/cc-pVDZ,5200,22.060661340191245
nh3_ccpvdz,NH$_3$/cc-pVDZ,5210,22.168760857042002
nh3_ccpvdz,NH$_3$/cc-pVDZ,5220,22.405440757687245
nh3_ccpvdz,NH$_3$/cc-pVDZ,5230,22.028749702457162
nh3_ccpvdz,NH$_3$/cc-pVDZ,5240,22.32061089389248
nh3_ccpvdz,NH$_3$/cc-pVDZ,5250,23.615562992709727
nh3_ccpvdz,NH$_3$/cc-pVDZ,5260,27.326694722248135
nh3_ccpvdz,NH$_3$/cc-pVDZ,5270,28.601824156929467
nh3_ccpvdz,NH$_3$/cc-pVDZ,5280,24.19032308095126
nh3_ccpvdz,NH$_3$/cc-pVDZ,5290,22.52771133618836
nh3_ccpvdz,NH$_3$/cc-pVDZ,5300,21.628519537742363
nh3_ccpvdz,NH$_3$/cc-pVDZ,5310,23.461452439164532
nh3_ccpvdz,NH$_3$/cc-pVDZ,5320,22.304381687717978
nh3_ccpvdz,NH$_3$/cc-pVDZ,5330,22.60398282432874
nh3_ccpvdz,NH$_3$/cc-pVDZ,5340,21.75338443854713
nh3_ccpvdz,NH$_3$/cc-pVDZ,5350,28.083320626365094
nh3_ccpvdz,NH$_3$/cc-pVDZ,5360,27.83199246429291
nh3_ccpvdz,NH$_3$/cc-pVDZ,5370,25.743455767106127
nh3_ccpvdz,NH$_3$/cc-pVDZ,5380,23.290527228859048
nh3_ccpvdz,NH$_3$/cc-pVDZ,5390,23.1633268879321
nh3_ccpvdz,NH$_3$/cc-pVDZ,5400,22.758818009691595
nh3_ccpvdz,NH$_3$/cc-pVDZ,5410,22.65496667521205
nh3_ccpvdz,NH$_3$/cc-pVDZ,5420,22.60257141089994
nh3_ccpvdz,NH$_3$/cc-pVDZ,5430,22.008622121290955
nh3_ccpvdz,NH$_3$/cc-pVDZ,5440,22.579692197034262
nh3_ccpvdz,NH$_3$/cc-pVDZ,5450,23.393266755959985
nh3_ccpvdz,NH$_3$/cc-pVDZ,5460,22.4159753429376
nh3_ccpvdz,NH$_3$/cc-pVDZ,5470,22.082546929048874
nh3_ccpvdz,NH$_3$/cc-pVDZ,5480,23.012308862433883
nh3_ccpvdz,NH$_3$/cc-pVDZ,5490,23.102908749592643
nh3_ccpvdz,NH$_3$/cc-pVDZ,5500,24.24079099994003
nh3_ccpvdz,NH$_3$/cc-pVDZ,5510,23.515063493057653
nh3_ccpvdz,NH$_3$/cc-pVDZ,5520,21.737880710183788
nh3_ccpvdz,NH$_3$/cc-pVDZ,5530,22.042470067290765
nh3_ccpvdz,NH$_3$/cc-pVDZ,5540,23.79897926683583
nh3_ccpvdz,NH$_3$/cc-pVDZ,5550,22.988993505066446
nh3_ccpvdz,NH$_3$/cc-pVDZ,5560,22.338179458735397
nh3_ccpvdz,NH$_3$/cc-pVDZ,5570,21.999879070932593
nh3_ccpvdz,NH$_3$/cc-pVDZ,5580,21.56859354038687
nh3_ccpvdz,NH$_3$/cc-pVDZ,5590,23.058142000607518
nh3_ccpvdz,NH$_3$/cc-pVDZ,5600,23.04342006765836
nh3_ccpvdz,NH$_3$/cc-pVDZ,5610,22.626042686347603
nh3_ccpvdz,NH$_3$/cc-pVDZ,5620,25.49059017148636
nh3_ccpvdz,NH$_3$/cc-pVDZ,5630,21.61554465072868
nh3_ccpvdz,NH$_3$/cc-pVDZ,5640,22.71993021767571
nh3_ccpvdz,NH$_3$/cc-pVDZ,5650,22.458291858178825
nh3_ccpvdz,NH$_3$/cc-pVDZ,5660,22.140544485118596
nh3_ccpvdz,NH$_3$/cc-pVDZ,5670,32.08600607079859
nh3_ccpvdz,NH$_3$/cc-pVDZ,5680,24.542194228011738
nh3_ccpvdz,NH$_3$/cc-pVDZ,5690,25.128078657068897
nh3_ccpvdz,NH$_3$/cc-pVDZ,5700,21.926759558965614
nh3_ccpvdz,NH$_3$/cc-pVDZ,5710,21.66380471481233
nh3_ccpvdz,NH$_3$/cc-pVDZ,5720,23.4993244021382
nh3_ccpvdz,NH$_3$/cc-pVDZ,5730,21.904229808441755
nh3_ccpvdz,NH$_3$/cc-pVDZ,5740,21.822305217519045
nh3_ccpvdz,NH$_3$/cc-pVDZ,5750,22.630126202258793
nh3_ccpvdz,NH$_3$/cc-pVDZ,5760,22.880980437484766
nh3_ccpvdz,NH$_3$/cc-pVDZ,5770,21.27457511933528
nh3_ccpvdz,NH$_3$/cc-pVDZ,5780,22.840641579065846
nh3_ccpvdz,NH$_3$/cc-pVDZ,5790,21.652636094934508
nh3_ccpvdz,NH$_3$/cc-pVDZ,5800,22.163481963055176
nh3_ccpvdz,NH$_3$/cc-pVDZ,5810,24.291316336437774
nh3_ccpvdz,NH$_3$/cc-pVDZ,5820,22.671662148233906
nh3_ccpvdz,NH$_3$/cc-pVDZ,5830,22.199897301675264
nh3_ccpvdz,NH$_3$/cc-pVDZ,5840,22.27596255512765
nh3_ccpvdz,NH$_3$/cc-pVDZ,5850,24.58927302689773
nh3_ccpvdz,NH$_3$/cc-pVDZ,5860,24.193064173992695
nh3_ccpvdz,NH$_3$/cc-pVDZ,5870,22.798517918531047
nh3_ccpvdz,NH$_3$/cc-pVDZ,5880,21.970901986186675
nh3_ccpvdz,NH$_3$/cc-pVDZ,5890,21.124218320572652
nh3_ccpvdz,NH$_3$/cc-pVDZ,5900,23.84812533701819
nh3_ccpvdz,NH$_3$/cc-pVDZ,5910,24.335117735489575
nh3_ccpvdz,NH$_3$/cc-pVDZ,5920,23.179487010679622
nh3_ccpvdz,NH$_3$/cc-pVDZ,5930,23.31686437327818
nh3_ccpvdz,NH$_3$/cc-pVDZ,5940,21.670763345291277
nh3_ccpvdz,NH$_3$/cc-pVDZ,5950,21.159479673272585
nh3_ccpvdz,NH$_3$/cc-pVDZ,5960,22.240266270863174
nh3_ccpvdz,NH$_3$/cc-pVDZ,5970,21.02103258652477
nh3_ccpvdz,NH$_3$/cc-pVDZ,5980,23.487599971694806
nh3_ccpvdz,NH$_3$/cc-pVDZ,5990,21.676306921854405
nh3_ccpvdz,NH$_3$/cc-pVDZ,6000,22.206591041893375
nh3_ccpvdz,NH$_3$/cc-pVDZ,6010,21.528021860547142
nh3_ccpvdz,NH$_3$/cc-pVDZ,6020,21.781392719198323
nh3_ccpvdz,NH$_3$/cc-pVDZ,6030,23.923168110208337
nh3_ccpvdz,NH$_3$/cc-pVDZ,6040,21.989093349233713
nh3_ccpvdz,NH$_3$/cc-pVDZ,6050,21.80886210205557
nh3_ccpvdz,NH$_3$/cc-pVDZ,6060,21.72630511231688
nh3_ccpvdz,NH$_3$/cc-pVDZ,6070,26.496092902199564
nh3_ccpvdz,NH$_3$/cc-pVDZ,6080,21.94888432721598
nh3_ccpvdz,NH$_3$/cc-pVDZ,6090,22.398736719196677
nh3_ccpvdz,NH$_3$/cc-pVDZ,6100,22.566849426212343
nh3_ccpvdz,NH$_3$/cc-pVDZ,6110,21.112432196034092
nh3_ccpvdz,NH$_3$/cc-pVDZ,6120,22.669167640430032
nh3_ccpvdz,NH$_3$/cc-pVDZ,6130,22.727891305038384
nh3_ccpvdz,NH$_3$/cc-pVDZ,6140,21.03129713480456
nh3_ccpvdz,NH$_3$/cc-pVDZ,6150,21.73111505432246
nh3_ccpvdz,NH$_3$/cc-pVDZ,6160,23.05651341076498
nh3_ccpvdz,NH$_3$/cc-pVDZ,6170,22.93002824394108
nh3_ccpvdz,NH$_3$/cc-pVDZ,6180,22.68267677953162
nh3_ccpvdz,NH$_3$/cc-pVDZ,6190,21.9444545019698
nh3_ccpvdz,NH$_3$/cc-pVDZ,6200,21.251307876866576
nh3_ccpvdz,NH$_3$/cc-pVDZ,6210,21.126859177520885
nh3_ccpvdz,NH$_3$/cc-pVDZ,6220,22.648481074263316
nh3_ccpvdz,NH$_3$/cc-pVDZ,6230,20.893098527977827
nh3_ccpvdz,NH$_3$/cc-pVDZ,6240,22.754725060892156
nh3_ccpvdz,NH$_3$/cc-pVDZ,6250,21.529696166190604
nh3_ccpvdz,NH$_3$/cc-pVDZ,6260,22.657694876834
nh3_ccpvdz,NH$_3$/cc-pVDZ,6270,22.471691323787013
nh3_ccpvdz,NH$_3$/cc-pVDZ,6280,21.26597233713312
nh3_ccpvdz,NH$_3$/cc-pVDZ,6290,21.491428604889506
nh3_ccpvdz,NH$_3$/cc-pVDZ,6300,23.19100582155187
nh3_ccpvdz,NH$_3$/cc-pVDZ,6310,21.833459325286242
nh3_ccpvdz,NH$_3$/cc-pVDZ,6320,21.635815716066986
nh3_ccpvdz,NH$_3$/cc-pVDZ,6330,21.306570888924625
nh3_ccpvdz,NH$_3$/cc-pVDZ,6340,21.783535244509267
nh3_ccpvdz,NH$_3$/cc-pVDZ,6350,24.227113110057985
nh3_ccpvdz,NH$_3$/cc-pVDZ,6360,22.638721834333353
nh3_ccpvdz,NH$_3$/cc-pVDZ,6370,22.43955523553609
nh3_ccpvdz,NH$_3$/cc-pVDZ,6380,21.960513034194662
nh3_ccpvdz,NH$_3$/cc-pVDZ,6390,21.06013947359031
nh3_ccpvdz,NH$_3$/cc-pVDZ,6400,22.539924542108736
nh3_ccpvdz,NH$_3$/cc-pVDZ,6410,21.944161865910417
nh3_ccpvdz,NH$_3$/cc-pVDZ,6420,22.739974233275007
nh3_ccpvdz,NH$_3$/cc-pVDZ,6430,21.26335393052159
nh3_ccpvdz,NH$_3$/cc-pVDZ,6440,21.32568070763341
nh3_ccpvdz,NH$_3$/cc-pVDZ,6450,20.93705098771892
nh3_ccpvdz,NH$_3$/cc-pVDZ,6460,20.736869530544766
nh3_ccpvdz,NH$_3$/cc-pVDZ,6470,24.616209110611464
nh3_ccpvdz,NH$_3$/cc-pVDZ,6480,21.797874053653743
nh3_ccpvdz,NH$_3$/cc-pVDZ,6490,22.179868148761273
nh3_ccpvdz,NH$_3$/cc-pVDZ,6500,21.408467604167924
nh3_ccpvdz,NH$_3$/cc-pVDZ,6510,20.80034136618991
nh3_ccpvdz,NH$_3$/cc-pVDZ,6520,23.61538843554456
nh3_ccpvdz,NH$_3$/cc-pVDZ,6530,21.359625516964797
nh3_ccpvdz,NH$_3$/cc-pVDZ,6540,21.21901028858275
nh3_ccpvdz,NH$_3$/cc-pVDZ,6550,21.552458658696594
nh3_ccpvdz,NH$_3$/cc-pVDZ,6560,21.176463775702814
nh3_ccpvdz,NH$_3$/cc-pVDZ,6570,20.72484430267707
nh3_ccpvdz,NH$_3$/cc-pVDZ,6580,21.3868857258106
nh3_ccpvdz,NH$_3$/cc-pVDZ,6590,21.709559217562457
nh3_ccpvdz,NH$_3$/cc-pVDZ,6600,21.96967661464555
nh3_ccpvdz,NH$_3$/cc-pVDZ,6610,21.02422748124866
nh3_ccpvdz,NH$_3$/cc-pVDZ,6620,24.12362234974097
nh3_ccpvdz,NH$_3$/cc-pVDZ,6630,21.155646191523658
nh3_ccpvdz,NH$_3$/cc-pVDZ,6640,21.47623556807332
nh3_ccpvdz,NH$_3$/cc-pVDZ,6650,22.985574477480952
nh3_ccpvdz,NH$_3$/cc-pVDZ,6660,21.82629963581917
nh3_ccpvdz,NH$_3$/cc-pVDZ,6670,21.794638892224327
nh3_ccpvdz,NH$_3$/cc-pVDZ,6680,20.71428940223541
nh3_ccpvdz,NH$_3$/cc-pVDZ,6690,20.87350039800384
nh3_ccpvdz,NH$_3$/cc-pVDZ,6700,20.957634960225846
nh3_ccpvdz,NH$_3$/cc-pVDZ,6710,24.5227681538438
nh3_ccpvdz,NH$_3$/cc-pVDZ,6720,26.3073855381748
nh3_ccpvdz,NH$_3$/cc-pVDZ,6730,25.165544598593215
nh3_ccpvdz,NH$_3$/cc-pVDZ,6740,21.323606716954657
nh3_ccpvdz,NH$_3$/cc-pVDZ,6750,21.0040645848224
nh3_ccpvdz,NH$_3$/cc-pVDZ,6760,20.210732232492035
nh3_ccpvdz,NH$_3$/cc-pVDZ,6770,25.110950320794245
nh3_ccpvdz,NH$_3$/cc-pVDZ,6780,21.939991955079563
nh3_ccpvdz,NH$_3$/cc-pVDZ,6790,21.693401106197996
nh3_ccpvdz,NH$_3$/cc-pVDZ,6800,25.956094678264208
nh3_ccpvdz,NH$_3$/cc-pVDZ,6810,21.66826481202122
nh3_ccpvdz,NH$_3$/cc-pVDZ,6820,20.65425849108493
nh3_ccpvdz,NH$_3$/cc-pVDZ,6830,21.37677120300907
nh3_ccpvdz,NH$_3$/cc-pVDZ,6840,20.555905382721562
nh3_ccpvdz,NH$_3$/cc-pVDZ,6850,20.391527557052314
nh3_ccpvdz,NH$_3$/cc-pVDZ,6860,26.685334327005705
nh3_ccpvdz,NH$_3$/cc-pVDZ,6870,23.815456826909553
nh3_ccpvdz,NH$_3$/cc-pVDZ,6880,22.181225321048714
nh3_ccpvdz,NH$_3$/cc-pVDZ,6890,20.52326424499995
nh3_ccpvdz,NH$_3$/cc-pVDZ,6900,21.447265196570697
nh3_ccpvdz,NH$_3$/cc-pVDZ,6910,21.407152544078656
nh3_ccpvdz,NH$_3$/cc-pVDZ,6920,20.472445517881965
nh3_ccpvdz,NH$_3$/cc-pVDZ,6930,20.389620141614273
nh3_ccpvdz,NH$_3$/cc-pVDZ,6940,21.754627471118226
nh3_ccpvdz,NH$_3$/cc-pVDZ,6950,29.274108111181363
nh3_ccpvdz,NH$_3$/cc-pVDZ,6960,21.959737818093572
nh3_ccpvdz,NH$_3$/cc-pVDZ,6970,20.318939434673666
nh3_ccpvdz,NH$_3$/cc-pVDZ,6980,21.124966356893538
nh3_ccpvdz,NH$_3$/cc-pVDZ,6990,20.680998249446247
nh3_ccpvdz,NH$_3$/cc-pVDZ,7000,21.462881686865387
nh3_ccpvdz,NH$_3$/cc-pVDZ,7010,21.134270608897054
nh3_ccpvdz,NH$_3$/cc-pVDZ,7020,20.798292646155403
nh3_ccpvdz,NH$_3$/cc-pVDZ,7030,20.67464732756008
nh3_ccpvdz,NH$_3$/cc-pVDZ,7040,21.33562998452021
nh3_ccpvdz,NH$_3$/cc-pVDZ,7050,22.90395740131146
nh3_ccpvdz,NH$_3$/cc-pVDZ,7060,21.03136906475811
nh3_ccpvdz,NH$_3$/cc-pVDZ,7070,20.999641165246885
nh3_ccpvdz,NH$_3$/cc-pVDZ,7080,20.528992393956003
nh3_ccpvdz,NH$_3$/cc-pVDZ,7090,20.200326618152076
nh3_ccpvdz,NH$_3$/cc-pVDZ,7100,20.154905562257852
nh3_ccpvdz,NH$_3$/cc-pVDZ,7110,22.322237833066083
nh3_ccpvdz,NH$_3$/cc-pVDZ,7120,20.49674461654405
nh3_ccpvdz,NH$_3$/cc-pVDZ,7130,20.723096371639826
nh3_ccpvdz,NH$_3$/cc-pVDZ,7140,20.52983393978991
nh3_ccpvdz,NH$_3$/cc-pVDZ,7150,20.111634503841458
nh3_ccpvdz,NH$_3$/cc-pVDZ,7160,21.377569382167394
nh3_ccpvdz,NH$_3$/cc-pVDZ,7170,22.044873215421035
nh3_ccpvdz,NH$_3$/cc-pVDZ,7180,20.709286231074486
nh3_ccpvdz,NH$_3$/cc-pVDZ,7190,20.063308809859848
nh3_ccpvdz,NH$_3$/cc-pVDZ,7200,20.923138104315342
nh3_ccpvdz,NH$_3$/cc-pVDZ,7210,20.5471804981201
nh3_ccpvdz,NH$_3$/cc-pVDZ,7220,21.37390659851235
nh3_ccpvdz,NH$_3$/cc-pVDZ,7230,20.430909843945244
nh3_ccpvdz,NH$_3$/cc-pVDZ,7240,21.32669836166201
nh3_ccpvdz,NH$_3$/cc-pVDZ,7250,20.93840484841536
nh3_ccpvdz,NH$_3$/cc-pVDZ,7260,21.23398696929968
nh3_ccpvdz,NH$_3$/cc-pVDZ,7270,22.64173576837436
nh3_ccpvdz,NH$_3$/cc-pVDZ,7280,21.923619093193736
nh3_ccpvdz,NH$_3$/cc-pVDZ,7290,21.066536350808462
nh3_ccpvdz,NH$_3$/cc-pVDZ,7300,20.43527616530838
nh3_ccpvdz,NH$_3$/cc-pVDZ,7310,21.838500450151344
nh3_ccpvdz,NH$_3$/cc-pVDZ,7320,21.59910837471557
nh3_ccpvdz,NH$_3$/cc-pVDZ,7330,21.973434374508827
nh3_ccpvdz,NH$_3$/cc-pVDZ,7340,20.294707414635127
nh3_ccpvdz,NH$_3$/cc-pVDZ,7350,20.8088530085746
nh3_ccpvdz,NH$_3$/cc-pVDZ,7360,21.740766265672562
nh3_ccpvdz,NH$_3$/cc-pVDZ,7370,22.21493234311822
nh3_ccpvdz,NH$_3$/cc-pVDZ,7380,21.386547175374915
nh3_ccpvdz,NH$_3$/cc-pVDZ,7390,22.290275576544616
nh3_ccpvdz,NH$_3$/cc-pVDZ,7400,21.189337178654455
nh3_ccpvdz,NH$_3$/cc-pVDZ,7410,20.357351509169064
nh3_ccpvdz,NH$_3$/cc-pVDZ,7420,23.803257402768452
nh3_ccpvdz,NH$_3$/cc-pVDZ,7430,21.443115083833675
nh3_ccpvdz,NH$_3$/cc-pVDZ,7440,21.98310020311567
nh3_ccpvdz,NH$_3$/cc-pVDZ,7450,20.691218739735007
nh3_ccpvdz,NH$_3$/cc-pVDZ,7460,20.542348941305022
nh3_ccpvdz,NH$_3$/cc-pVDZ,7470,20.051450994586162
nh3_ccpvdz,NH$_3$/cc-pVDZ,7480,20.621627157773048
nh3_ccpvdz,NH$_3$/cc-pVDZ,7490,21.06750511006794
nh3_ccpvdz,NH$_3$/cc-pVDZ,7500,19.727215350854976
nh3_ccpvdz,NH$_3$/cc-pVDZ,7510,20.63402627122457
nh3_ccpvdz,NH$_3$/cc-pVDZ,7520,21.292630348398234
nh3_ccpvdz,NH$_3$/cc-pVDZ,7530,21.174462416745143
nh3_ccpvdz,NH$_3$/cc-pVDZ,7540,20.753926165625103
nh3_ccpvdz,NH$_3$/cc-pVDZ,7550,20.092580690686646
nh3_ccpvdz,NH$_3$/cc-pVDZ,7560,21.255233971885445
nh3_ccpvdz,NH$_3$/cc-pVDZ,7570,20.58622593722248
nh3_ccpvdz,NH$_3$/cc-pVDZ,7580,20.828212729881557
nh3_ccpvdz,NH$_3$/cc-pVDZ,7590,20.2588081001025
nh3_ccpvdz,NH$_3$/cc-pVDZ,7600,20.94732324985671
nh3_ccpvdz,NH$_3$/cc-pVDZ,7610,21.002195321578654
nh3_ccpvdz,NH$_3$/cc-pVDZ,7620,20.55917998578849
nh3_ccpvdz,NH$_3$/cc-pVDZ,7630,21.978638982517396
nh3_ccpvdz,NH$_3$/cc-pVDZ,7640,21.218751873036013
nh3_ccpvdz,NH$_3$/cc-pVDZ,7650,21.682425302699926
nh3_ccpvdz,NH$_3$/cc-pVDZ,7660,26.809920314768476
nh3_ccpvdz,NH$_3$/cc-pVDZ,7670,21.578605060959433
nh3_ccpvdz,NH$_3$/cc-pVDZ,7680,21.20580508675829
nh3_ccpvdz,NH$_3$/cc-pVDZ,7690,20.326078970320793
nh3_ccpvdz,NH$_3$/cc-pVDZ,7700,19.767745719214247
nh3_ccpvdz,NH$_3$/cc-pVDZ,7710,20.328159254994205
nh3_ccpvdz,NH$_3$/cc-pVDZ,7720,19.80205127707535
nh3_ccpvdz,NH$_3$/cc-pVDZ,7730,19.886363114522965
nh3_ccpvdz,NH$_3$/cc-pVDZ,7740,19.786012765393934
nh3_ccpvdz,NH$_3$/cc-pVDZ,7750,21.084284128725983
nh3_ccpvdz,NH$_3$/cc-pVDZ,7760,20.52346975064978
nh3_ccpvdz,NH$_3$/cc-pVDZ,7770,19.950209076668557
nh3_ccpvdz,NH$_3$/cc-pVDZ,7780,19.81944387628687
nh3_ccpvdz,NH$_3$/cc-pVDZ,7790,20.760331758879147
nh3_ccpvdz,NH$_3$/cc-pVDZ,7800,19.69742367091243
nh3_ccpvdz,NH$_3$/cc-pVDZ,7810,21.225708803960686
nh3_ccpvdz,NH$_3$/cc-pVDZ,7820,20.111035680173472
nh3_ccpvdz,NH$_3$/cc-pVDZ,7830,25.65380811103779
nh3_ccpvdz,NH$_3$/cc-pVDZ,7840,24.085913804540837
nh3_ccpvdz,NH$_3$/cc-pVDZ,7850,24.2935136886544
nh3_ccpvdz,NH$_3$/cc-pVDZ,7860,21.36754252451567
nh3_ccpvdz,NH$_3$/cc-pVDZ,7870,20.431622625260104
nh3_ccpvdz,NH$_3$/cc-pVDZ,7880,19.67958542633852
nh3_ccpvdz,NH$_3$/cc-pVDZ,7890,20.36955461820611
nh3_ccpvdz,NH$_3$/cc-pVDZ,7900,20.589219404357095
nh3_ccpvdz,NH$_3$/cc-pVDZ,7910,19.93413830015811
nh3_ccpvdz,NH$_3$/cc-pVDZ,7920,21.401190252340996
nh3_ccpvdz,NH$_3$/cc-pVDZ,7930,21.754558502905752
nh3_ccpvdz,NH$_3$/cc-pVDZ,7940,19.94172146580553
nh3_ccpvdz,NH$_3$/cc-pVDZ,7950,20.444882770213724
nh3_ccpvdz,NH$_3$/cc-pVDZ,7960,19.449424986753172
nh3_ccpvdz,NH$_3$/cc-pVDZ,7970,21.373866285870236
nh3_ccpvdz,NH$_3$/cc-pVDZ,7980,20.548534142754704
nh3_ccpvdz,NH$_3$/cc-pVDZ,7990,20.5565079009844
nh3_ccpvdz,NH$_3$/cc-pVDZ,8000,19.94490454787723
nh3_ccpvdz,NH$_3$/cc-pVDZ,8010,20.1641171993856
nh3_ccpvdz,NH$_3$/cc-pVDZ,8020,20.816581064025286
nh3_ccpvdz,NH$_3$/cc-pVDZ,8030,19.794310963035855
nh3_ccpvdz,NH$_3$/cc-pVDZ,8040,23.08596798126672
nh3_ccpvdz,NH$_3$/cc-pVDZ,8050,21.252642058158244
nh3_ccpvdz,NH$_3$/cc-pVDZ,8060,19.712402537443552
nh3_ccpvdz,NH$_3$/cc-pVDZ,8070,19.73993077658065
nh3_ccpvdz,NH$_3$/cc-pVDZ,8080,19.84290375664699
nh3_ccpvdz,NH$_3$/cc-pVDZ,8090,19.695145514482704
nh3_ccpvdz,NH$_3$/cc-pVDZ,8100,21.708407654436712
nh3_ccpvdz,NH$_3$/cc-pVDZ,8110,27.89581917337358
nh3_ccpvdz,NH$_3$/cc-pVDZ,8120,19.8366824017171
nh3_ccpvdz,NH$_3$/cc-pVDZ,8130,20.091085496794392
nh3_ccpvdz,NH$_3$/cc-pVDZ,8140,19.445366601900105
nh3_ccpvdz,NH$_3$/cc-pVDZ,8150,19.969266518842232
nh3_ccpvdz,NH$_3$/cc-pVDZ,8160,20.96485367458456
nh3_ccpvdz,NH$_3$/cc-pVDZ,8170,20.45117872969371
nh3_ccpvdz,NH$_3$/cc-pVDZ,8180,22.47167198395772
nh3_ccpvdz,NH$_3$/cc-pVDZ,8190,20.939192393214512
nh3_ccpvdz,NH$_3$/cc-pVDZ,8200,19.31625358306377
nh3_ccpvdz,NH$_3$/cc-pVDZ,8210,19.23496547093606
nh3_ccpvdz,NH$_3$/cc-pVDZ,8220,19.635711778654752
nh3_ccpvdz,NH$_3$/cc-pVDZ,8230,19.21554921693769
nh3_ccpvdz,NH$_3$/cc-pVDZ,8240,25.226628963132214
nh3_ccpvdz,NH$_3$/cc-pVDZ,8250,21.73097224976317
nh3_ccpvdz,NH$_3$/cc-pVDZ,8260,19.99893156070698
nh3_ccpvdz,NH$_3$/cc-pVDZ,8270,20.449432785376587
nh3_ccpvdz,NH$_3$/cc-pVDZ,8280,19.583513512671402
nh3_ccpvdz,NH$_3$/cc-pVDZ,8290,19.671785448053924
nh3_ccpvdz,NH$_3$/cc-pVDZ,8300,19.65483012818936
nh3_ccpvdz,NH$_3$/cc-pVDZ,8310,19.688041289889213
nh3_ccpvdz,NH$_3$/cc-pVDZ,8320,21.66451574296957
nh3_ccpvdz,NH$_3$/cc-pVDZ,8330,20.596359177432078
nh3_ccpvdz,NH$_3$/cc-pVDZ,8340,19.55319376283171
nh3_ccpvdz,NH$_3$/cc-pVDZ,8350,19.609826380850848
nh3_ccpvdz,NH$_3$/cc-pVDZ,8360,20.028299912908665
nh3_ccpvdz,NH$_3$/cc-pVDZ,8370,19.57238621459112
nh3_ccpvdz,NH$_3$/cc-pVDZ,8380,19.41371854726981
nh3_ccpvdz,NH$_3$/cc-pVDZ,8390,20.208237460330736
nh3_ccpvdz,NH$_3$/cc-pVDZ,8400,19.977853996657302
nh3_ccpvdz,NH$_3$/cc-pVDZ,8410,19.157988324302266
nh3_ccpvdz,NH$_3$/cc-pVDZ,8420,22.11961969260301
nh3_ccpvdz,NH$_3$/cc-pVDZ,8430,19.464613518444196
nh3_ccpvdz,NH$_3$/cc-pVDZ,8440,20.443305254673305
nh3_ccpvdz,NH$_3$/cc-pVDZ,8450,19.73015123676447
nh3_ccpvdz,NH$_3$/cc-pVDZ,8460,20.083552558297413
nh3_ccpvdz,NH$_3$/cc-pVDZ,8470,19.35192259976759
nh3_ccpvdz,NH$_3$/cc-pVDZ,8480,18.961207923247514
nh3_ccpvdz,NH$_3$/cc-pVDZ,8490,23.56896625194338
nh3_ccpvdz,NH$_3$/cc-pVDZ,8500,22.832380924896256
nh3_ccpvdz,NH$_3$/cc-pVDZ,8510,20.110927489859876
nh3_ccpvdz,NH$_3$/cc-pVDZ,8520,18.89685484982806
nh3_ccpvdz,NH$_3$/cc-pVDZ,8530,19.10402523456156
nh3_ccpvdz,NH$_3$/cc-pVDZ,8540,21.041020360065943
nh3_ccpvdz,NH$_3$/cc-pVDZ,8550,19.86533900951315
nh3_ccpvdz,NH$_3$/cc-pVDZ,8560,19.992020213848605
nh3_ccpvdz,NH$_3$/cc-pVDZ,8570,22.21872657174373
nh3_ccpvdz,NH$_3$/cc-pVDZ,8580,23.043881273189015
nh3_ccpvdz,NH$_3$/cc-pVDZ,8590,20.057388892922745
nh3_ccpvdz,NH$_3$/cc-pVDZ,8600,19.273493711381207
nh3_ccpvdz,NH$_3$/cc-pVDZ,8610,22.510292241911145
nh3_ccpvdz,NH$_3$/cc-pVDZ,8620,19.591857485146136
nh3_ccpvdz,NH$_3$/cc-pVDZ,8630,19.235915667515258
nh3_ccpvdz,NH$_3$/cc-pVDZ,8640,19.05415297031965
nh3_ccpvdz,NH$_3$/cc-pVDZ,8650,19.73543174030823
nh3_ccpvdz,NH$_3$/cc-pVDZ,8660,19.413981937539404
nh3_ccpvdz,NH$_3$/cc-pVDZ,8670,19.787323162475445
nh3_ccpvdz,NH$_3$/cc-pVDZ,8680,22.666851409333333
nh3_ccpvdz,NH$_3$/cc-pVDZ,8690,20.7221464134264
nh3_ccpvdz,NH$_3$/cc-pVDZ,8700,19.539475480357282
nh3_ccpvdz,NH$_3$/cc-pVDZ,8710,20.618326967117184
nh3_ccpvdz,NH$_3$/cc-pVDZ,8720,19.327250271494734
nh3_ccpvdz,NH$_3$/cc-pVDZ,8730,19.903713738536055
nh3_ccpvdz,NH$_3$/cc-pVDZ,8740,19.54257170261542
nh3_ccpvdz,NH$_3$/cc-pVDZ,8750,20.303677655164165
nh3_ccpvdz,NH$_3$/cc-pVDZ,8760,19.147279494362124
nh3_ccpvdz,NH$_3$/cc-pVDZ,8770,19.08610618189499
nh3_ccpvdz,NH$_3$/cc-pVDZ,8780,20.36659353505854
nh3_ccpvdz,NH$_3$/cc-pVDZ,8790,30.824435873689993
nh3_ccpvdz,NH$_3$/cc-pVDZ,8800,27.941175544079044
nh3_ccpvdz,NH$_3$/cc-pVDZ,8810,20.177595867821196
nh3_ccpvdz,NH$_3$/cc-pVDZ,8820,19.99446400710525
nh3_ccpvdz,NH$_3$/cc-pVDZ,8830,19.554528147203598
nh3_ccpvdz,NH$_3$/cc-pVDZ,8840,18.7924530359993
nh3_ccpvdz,NH$_3$/cc-pVDZ,8850,19.08790532738891
nh3_ccpvdz,NH$_3$/cc-pVDZ,8860,19.031092864892685
nh3_ccpvdz,NH$_3$/cc-pVDZ,8870,18.492174166503617
nh3_ccpvdz,NH$_3$/cc-pVDZ,8880,19.720827213113523
nh3_ccpvdz,NH$_3$/cc-pVDZ,8890,19.494679693089267
nh3_ccpvdz,NH$_3$/cc-pVDZ,8900,18.7812174148263
nh3_ccpvdz,NH$_3$/cc-pVDZ,8910,21.096190900685485
nh3_ccpvdz,NH$_3$/cc-pVDZ,8920,23.978693526515826
nh3_ccpvdz,NH$_3$/cc-pVDZ,8930,21.839331470737022
nh3_ccpvdz,NH$_3$/cc-pVDZ,8940,19.967390878221636
nh3_ccpvdz,NH$_3$/cc-pVDZ,8950,19.05365405468018
nh3_ccpvdz,NH$_3$/cc-pVDZ,8960,19.45862563249534
nh3_ccpvdz,NH$_3$/cc-pVDZ,8970,20.598985342324738
nh3_ccpvdz,NH$_3$/cc-pVDZ,8980,18.455265585735958
nh3_ccpvdz,NH$_3$/cc-pVDZ,8990,18.577370146751093
nh3_ccpvdz,NH$_3$/cc-pVDZ,9000,18.813351223940344
nh3_ccpvdz,NH$_3$/cc-pVDZ,9010,23.593949405601222
nh3_ccpvdz,NH$_3$/cc-pVDZ,9020,20.02525379965192
nh3_ccpvdz,NH$_3$/cc-pVDZ,9030,19.891595453877642
nh3_ccpvdz,NH$_3$/cc-pVDZ,9040,19.08469476792618
nh3_ccpvdz,NH$_3$/cc-pVDZ,9050,18.86637691205806
nh3_ccpvdz,NH$_3$/cc-pVDZ,9060,20.44160252103211
nh3_ccpvdz,NH$_3$/cc-pVDZ,9070,20.22713733666137
nh3_ccpvdz,NH$_3$/cc-pVDZ,9080,19.771470999138785
nh3_ccpvdz,NH$_3$/cc-pVDZ,9090,18.654169186916647
nh3_ccpvdz,NH$_3$/cc-pVDZ,9100,19.461972172372555
nh3_ccpvdz,NH$_3$/cc-pVDZ,9110,19.113003169543674
nh3_ccpvdz,NH$_3$/cc-pVDZ,9120,20.62597595000426
nh3_ccpvdz,NH$_3$/cc-pVDZ,9130,19.122986549341192
nh3_ccpvdz,NH$_3$/cc-pVDZ,9140,19.110253575199465
nh3_ccpvdz,NH$_3$/cc-pVDZ,9150,18.844271461368578
nh3_ccpvdz,NH$_3$/cc-pVDZ,9160,19.192851910261766
nh3_ccpvdz,NH$_3$/cc-pVDZ,9170,22.565292555142946
nh3_ccpvdz,NH$_3$/cc-pVDZ,9180,18.708386274418842
nh3_ccpvdz,NH$_3$/cc-pVDZ,9190,18.537699161498722
nh3_ccpvdz,NH$_3$/cc-pVDZ,9200,19.11519727708111
nh3_ccpvdz,NH$_3$/cc-pVDZ,9210,19.018874345562153
nh3_ccpvdz,NH$_3$/cc-pVDZ,9220,20.012497331741486
nh3_ccpvdz,NH$_3$/cc-pVDZ,9230,19.716039177005484
nh3_ccpvdz,NH$_3$/cc-pVDZ,9240,19.864478046578427
nh3_ccpvdz,NH$_3$/cc-pVDZ,9250,19.029348546773406
nh3_ccpvdz,NH$_3$/cc-pVDZ,9260,19.20764811223563
nh3_ccpvdz,NH$_3$/cc-pVDZ,9270,18.95764855555626
nh3_ccpvdz,NH$_3$/cc-pVDZ,9280,32.33122092135687
nh3_ccpvdz,NH$_3$/cc-pVDZ,9290,26.221358551040908
nh3_ccpvdz,NH$_3$/cc-pVDZ,9300,20.888389009783737
nh3_ccpvdz,NH$_3$/cc-pVDZ,9310,20.010149759031037
nh3_ccpvdz,NH$_3$/cc-pVDZ,9320,18.746263583480527
nh3_ccpvdz,NH$_3$/cc-pVDZ,9330,19.331480752249774
nh3_ccpvdz,NH$_3$/cc-pVDZ,9340,18.814945050976917
nh3_ccpvdz,NH$_3$/cc-pVDZ,9350,18.47195457332873
nh3_ccpvdz,NH$_3$/cc-pVDZ,9360,18.3803630542414
nh3_ccpvdz,NH$_3$/cc-pVDZ,9370,18.840910824749812
nh3_ccpvdz,NH$_3$/cc-pVDZ,9380,18.897833763780625
nh3_ccpvdz,NH$_3$/cc-pVDZ,9390,18.752003962809738
nh3_ccpvdz,NH$_3$/cc-pVDZ,9400,19.555125747345414
nh3_ccpvdz,NH$_3$/cc-pVDZ,9410,23.040588683940655
nh3_ccpvdz,NH$_3$/cc-pVDZ,9420,21.8108668309398
nh3_ccpvdz,NH$_3$/cc-pVDZ,9430,19.343759666263338
nh3_ccpvdz,NH$_3$/cc-pVDZ,9440,18.761480344565484
nh3_ccpvdz,NH$_3$/cc-pVDZ,9450,19.448660164002263
nh3_ccpvdz,NH$_3$/cc-pVDZ,9460,19.850523016160082
nh3_ccpvdz,NH$_3$/cc-pVDZ,9470,18.436781357124232
nh3_ccpvdz,NH$_3$/cc-pVDZ,9480,18.45617290748436
nh3_ccpvdz,NH$_3$/cc-pVDZ,9490,18.49177645573974
nh3_ccpvdz,NH$_3$/cc-pVDZ,9500,22.465442450624096
nh3_ccpvdz,NH$_3$/cc-pVDZ,9510,20.33213475504425
nh3_ccpvdz,NH$_3$/cc-pVDZ,9520,19.26039304139948
nh3_ccpvdz,NH$_3$/cc-pVDZ,9530,18.699308125796676
nh3_ccpvdz,NH$_3$/cc-pVDZ,9540,18.672485288448115
nh3_ccpvdz,NH$_3$/cc-pVDZ,9550,18.526065077828946
nh3_ccpvdz,NH$_3$/cc-pVDZ,9560,19.84590505076511
nh3_ccpvdz,NH$_3$/cc-pVDZ,9570,19.253669542209195
nh3_ccpvdz,NH$_3$/cc-pVDZ,9580,19.154548129698412
nh3_ccpvdz,NH$_3$/cc-pVDZ,9590,19.189106333222128
nh3_ccpvdz,NH$_3$/cc-pVDZ,9600,19.257429420704852
nh3_ccpvdz,NH$_3$/cc-pVDZ,9610,18.81257217431198
nh3_ccpvdz,NH$_3$/cc-pVDZ,9620,21.685916061450428
nh3_ccpvdz,NH$_3$/cc-pVDZ,9630,19.300052794989142
nh3_ccpvdz,NH$_3$/cc-pVDZ,9640,20.476339710597813
nh3_ccpvdz,NH$_3$/cc-pVDZ,9650,18.15048209011394
nh3_ccpvdz,NH$_3$/cc-pVDZ,9660,18.087218940145533
nh3_ccpvdz,NH$_3$/cc-pVDZ,9670,18.98546640794052
nh3_ccpvdz,NH$_3$/cc-pVDZ,9680,18.53470807598967
nh3_ccpvdz,NH$_3$/cc-pVDZ,9690,18.613031618272657
nh3_ccpvdz,NH$_3$/cc-pVDZ,9700,19.987757370749648
nh3_ccpvdz,NH$_3$/cc-pVDZ,9710,23.60979639975369
nh3_ccpvdz,NH$_3$/cc-pVDZ,9720,19.554790943104194
nh3_ccpvdz,NH$_3$/cc-pVDZ,9730,18.863007350766736
nh3_ccpvdz,NH$_3$/cc-pVDZ,9740,18.849871593616285
nh3_ccpvdz,NH$_3$/cc-pVDZ,9750,18.29094977590273
nh3_ccpvdz,NH$_3$/cc-pVDZ,9760,18.733076222211764
nh3_ccpvdz,NH$_3$/cc-pVDZ,9770,18.517326155041758
nh3_ccpvdz,NH$_3$/cc-pVDZ,9780,18.200254860879284
nh3_ccpvdz,NH$_3$/cc-pVDZ,9790,18.625381095503712
nh3_ccpvdz,NH$_3$/cc-pVDZ,9800,19.090278204501487
nh3_ccpvdz,NH$_3$/cc-pVDZ,9810,18.94004137589178
nh3_ccpvdz,NH$_3$/cc-pVDZ,9820,19.654705843002773
nh3_ccpvdz,NH$_3$/cc-pVDZ,9830,18.551277037559544
nh3_ccpvdz,NH$_3$/cc-pVDZ,9840,18.48351868166276
nh3_ccpvdz,NH$_3$/cc-pVDZ,9850,18.529222258457878
nh3_ccpvdz,NH$_3$/cc-pVDZ,9860,18.34004676147316
nh3_ccpvdz,NH$_3$/cc-pVDZ,9870,18.07324827651513
nh3_ccpvdz,NH$_3$/cc-pVDZ,9880,19.12453713747908
nh3_ccpvdz,NH$_3$/cc-pVDZ,9890,18.38506534252815
nh3_ccpvdz,NH$_3$/cc-pVDZ,9900,20.0588426740822
nh3_ccpvdz,NH$_3$/cc-pVDZ,9910,18.35245629238358
nh3_ccpvdz,NH$_3$/cc-pVDZ,9920,19.357078499510294
nh3_ccpvdz,NH$_3$/cc-pVDZ,9930,18.34769208462461
nh3_ccpvdz,NH$_3$/cc-pVDZ,9940,18.659686920166507
nh3_ccpvdz,NH$_3$/cc-pVDZ,9950,18.2297324386127
nh3_ccpvdz,NH$_3$/cc-pVDZ,9960,18.244369374251335
nh3_ccpvdz,NH$_3$/cc-pVDZ,9970,18.80953667208729
nh3_ccpvdz,NH$_3$/cc-pVDZ,9980,18.488823869077464
nh3_ccpvdz,NH$_3$/cc-pVDZ,9990,18.361016164426758
nh3_ccpvdz,NH$_3$/cc-pVDZ,10000,19.10105749762181
nh3_ccpvdz,NH$_3$/cc-pVDZ,10010,20.53183596232344
nh3_ccpvdz,NH$_3$/cc-pVDZ,10020,19.604448185134515
nh3_ccpvdz,NH$_3$/cc-pVDZ,10030,23.995046436141365
nh3_ccpvdz,NH$_3$/cc-pVDZ,10040,24.23695428100814
nh3_ccpvdz,NH$_3$/cc-pVDZ,10050,18.406258012021226
nh3_ccpvdz,NH$_3$/cc-pVDZ,10060,18.967817587679292
nh3_ccpvdz,NH$_3$/cc-pVDZ,10070,17.985794837400704
nh3_ccpvdz,NH$_3$/cc-pVDZ,10080,18.836431067747128
nh3_ccpvdz,NH$_3$/cc-pVDZ,10090,18.080419500236644
nh3_ccpvdz,NH$_3$/cc-pVDZ,10100,17.929117234707803
nh3_ccpvdz,NH$_3$/cc-pVDZ,10110,18.225690158743646
nh3_ccpvdz,NH$_3$/cc-pVDZ,10120,18.17859549366574
nh3_ccpvdz,NH$_3$/cc-pVDZ,10130,17.995966045312173
nh3_ccpvdz,NH$_3$/cc-pVDZ,10140,22.61414779193416
nh3_ccpvdz,NH$_3$/cc-pVDZ,10150,21.863063972858754
nh3_ccpvdz,NH$_3$/cc-pVDZ,10160,18.349879872062047
nh3_ccpvdz,NH$_3$/cc-pVDZ,10170,18.631973846659378
nh3_ccpvdz,NH$_3$/cc-pVDZ,10180,19.0065846205556
nh3_ccpvdz,NH$_3$/cc-pVDZ,10190,17.859418119080317
nh3_ccpvdz,NH$_3$/cc-pVDZ,10200,17.798618476241757
nh3_ccpvdz,NH$_3$/cc-pVDZ,10210,18.26980995605254
nh3_ccpvdz,NH$_3$/cc-pVDZ,10220,17.912376795081286
nh3_ccpvdz,NH$_3$/cc-pVDZ,10230,18.08998536579054
nh3_ccpvdz,NH$_3$/cc-pVDZ,10240,21.998619343996495
nh3_ccpvdz,NH$_3$/cc-pVDZ,10250,18.448978341311317
nh3_ccpvdz,NH$_3$/cc-pVDZ,10260,18.59114809011686
nh3_ccpvdz,NH$_3$/cc-pVDZ,10270,18.134923198317665
nh3_ccpvdz,NH$_3$/cc-pVDZ,10280,18.234798856049395
nh3_ccpvdz,NH$_3$/cc-pVDZ,10290,18.175951540811752
nh3_ccpvdz,NH$_3$/cc-pVDZ,10300,20.513497355516108
nh3_ccpvdz,NH$_3$/cc-pVDZ,10310,18.87378610671675
nh3_ccpvdz,NH$_3$/cc-pVDZ,10320,19.244744307698625
nh3_ccpvdz,NH$_3$/cc-pVDZ,10330,18.803393369310584
nh3_ccpvdz,NH$_3$/cc-pVDZ,10340,17.803733926179177
nh3_ccpvdz,NH$_3$/cc-pVDZ,10350,20.91014796634738
nh3_ccpvdz,NH$_3$/cc-pVDZ,10360,17.741696193077416
nh3_ccpvdz,NH$_3$/cc-pVDZ,10370,18.62133166074642
nh3_ccpvdz,NH$_3$/cc-pVDZ,10380,18.321596503668047
nh3_ccpvdz,NH$_3$/cc-pVDZ,10390,17.853811726361357
nh3_ccpvdz,NH$_3$/cc-pVDZ,10400,19.865514683296226
nh3_ccpvdz,NH$_3$/cc-pVDZ,10410,21.23288517380928
nh3_ccpvdz,NH$_3$/cc-pVDZ,10420,18.626654259300324
nh3_ccpvdz,NH$_3$/cc-pVDZ,10430,18.20690326476182
nh3_ccpvdz,NH$_3$/cc-pVDZ,10440,17.501196813668685
nh3_ccpvdz,NH$_3$/cc-pVDZ,10450,19.786246958609865
nh3_ccpvdz,NH$_3$/cc-pVDZ,10460,21.02230398050864
nh3_ccpvdz,NH$_3$/cc-pVDZ,10470,18.794185367994487
nh3_ccpvdz,NH$_3$/cc-pVDZ,10480,19.280042114331764
nh3_ccpvdz,NH$_3$/cc-pVDZ,10490,17.99400856110367
nh3_ccpvdz,NH$_3$/cc-pVDZ,10500,17.76914643483707
nh3_ccpvdz,NH$_3$/cc-pVDZ,10510,17.798923147744006
nh3_ccpvdz,NH$_3$/cc-pVDZ,10520,17.966579727698218
nh3_ccpvdz,NH$_3$/cc-pVDZ,10530,17.765982169528627
nh3_ccpvdz,NH$_3$/cc-pVDZ,10540,18.549161208717635
nh3_ccpvdz,NH$_3$/cc-pVDZ,10550,18.268508930205485
nh3_ccpvdz,NH$_3$/cc-pVDZ,10560,17.94080097121764
nh3_ccpvdz,NH$_3$/cc-pVDZ,10570,18.459739941654618
nh3_ccpvdz,NH$_3$/cc-pVDZ,10580,18.09378993991828
nh3_ccpvdz,NH$_3$/cc-pVDZ,10590,21.4214778786328
nh3_ccpvdz,NH$_3$/cc-pVDZ,10600,20.153577422497904
nh3_ccpvdz,NH$_3$/cc-pVDZ,10610,19.286747063055998
nh3_ccpvdz,NH$_3$/cc-pVDZ,10620,17.84611036276118
nh3_ccpvdz,NH$_3$/cc-pVDZ,10630,17.93760162267688
nh3_ccpvdz,NH$_3$/cc-pVDZ,10640,18.31127091649165
nh3_ccpvdz,NH$_3$/cc-pVDZ,10650,19.56219021028005
nh3_ccpvdz,NH$_3$/cc-pVDZ,10660,18.24006744887896
nh3_ccpvdz,NH$_3$/cc-pVDZ,10670,18.00500697951435
nh3_ccpvdz,NH$_3$/cc-pVDZ,10680,18.99982283929802
nh3_ccpvdz,NH$_3$/cc-pVDZ,10690,18.380448429290652
nh3_ccpvdz,NH$_3$/cc-pVDZ,10700,19.126671314282362
nh3_ccpvdz,NH$_3$/cc-pVDZ,10710,18.070909157088977
nh3_ccpvdz,NH$_3$/cc-pVDZ,10720,19.15555630360899
nh3_ccpvdz,NH$_3$/cc-pVDZ,10730,18.04155453231715
nh3_ccpvdz,NH$_3$/cc-pVDZ,10740,18.94810893893606
nh3_ccpvdz,NH$_3$/cc-pVDZ,10750,18.30050315172116
nh3_ccpvdz,NH$_3$/cc-pVDZ,10760,18.337803962651833
nh3_ccpvdz,NH$_3$/cc-pVDZ,10770,17.81771997299586
nh3_ccpvdz,NH$_3$/cc-pVDZ,10780,17.347090426170553
nh3_ccpvdz,NH$_3$/cc-pVDZ,10790,20.12333043099801
nh3_ccpvdz,NH$_3$/cc-pVDZ,10800,18.532708048354607
nh3_ccpvdz,NH$_3$/cc-pVDZ,10810,17.727251276262734
nh3_ccpvdz,NH$_3$/cc-pVDZ,10820,18.76462306250204
nh3_ccpvdz,NH$_3$/cc-pVDZ,10830,18.833217217895992
nh3_ccpvdz,NH$_3$/cc-pVDZ,10840,18.17743127019611
nh3_ccpvdz,NH$_3$/cc-pVDZ,10850,17.35616445269983
nh3_ccpvdz,NH$_3$/cc-pVDZ,10860,17.476203581814787
nh3_ccpvdz,NH$_3$/cc-pVDZ,10870,18.94713871080711
nh3_ccpvdz,NH$_3$/cc-pVDZ,10880,19.22209957871246
nh3_ccpvdz,NH$_3$/cc-pVDZ,10890,17.605188531298666
nh3_ccpvdz,NH$_3$/cc-pVDZ,10900,19.14615573745948
nh3_ccpvdz,NH$_3$/cc-pVDZ,10910,18.665765095462916
nh3_ccpvdz,NH$_3$/cc-pVDZ,10920,17.683236927027224
nh3_ccpvdz,NH$_3$/cc-pVDZ,10930,17.78890965238844
nh3_ccpvdz,NH$_3$/cc-pVDZ,10940,19.313004476302353
nh3_ccpvdz,NH$_3$/cc-pVDZ,10950,18.006336565555614
nh3_ccpvdz,NH$_3$/cc-pVDZ,10960,17.872830321820743
nh3_ccpvdz,NH$_3$/cc-pVDZ,10970,17.623930738224658
nh3_ccpvdz,NH$_3$/cc-pVDZ,10980,17.454358142479975
nh3_ccpvdz,NH$_3$/cc-pVDZ,10990,18.114279564990454
nh3_ccpvdz,NH$_3$/cc-pVDZ,11000,18.09222570543767
nh3_ccpvdz,NH$_3$/cc-pVDZ,11010,19.764800642576574
nh3_ccpvdz,NH$_3$/cc-pVDZ,11020,19.0816134158851
nh3_ccpvdz,NH$_3$/cc-pVDZ,11030,19.02670600661338
nh3_ccpvdz,NH$_3$/cc-pVDZ,11040,17.36919903655121
nh3_ccpvdz,NH$_3$/cc-pVDZ,11050,17.686286841922083
nh3_ccpvdz,NH$_3$/cc-pVDZ,11060,19.079658016948997
nh3_ccpvdz,NH$_3$/cc-pVDZ,11070,20.479108761591647
nh3_ccpvdz,NH$_3$/cc-pVDZ,11080,18.33377164884098
nh3_ccpvdz,NH$_3$/cc-pVDZ,11090,18.25485498346069
nh3_ccpvdz,NH$_3$/cc-pVDZ,11100,17.654671382359766
nh3_ccpvdz,NH$_3$/cc-pVDZ,11110,17.929327845457976
nh3_ccpvdz,NH$_3$/cc-pVDZ,11120,17.774219514876677
nh3_ccpvdz,NH$_3$/cc-pVDZ,11130,17.716127643623736
nh3_ccpvdz,NH$_3$/cc-pVDZ,11140,17.81039105569704
nh3_ccpvdz,NH$_3$/cc-pVDZ,11150,20.120952325783037
nh3_ccpvdz,NH$_3$/cc-pVDZ,11160,18.204855500712824
nh3_ccpvdz,NH$_3$/cc-pVDZ,11170,18.141817394159432
nh3_ccpvdz,NH$_3$/cc-pVDZ,11180,17.767400706432568
nh3_ccpvdz,NH$_3$/cc-pVDZ,11190,17.70685958663165
nh3_ccpvdz,NH$_3$/cc-pVDZ,11200,18.51636046255578
nh3_ccpvdz,NH$_3$/cc-pVDZ,11210,17.981567561307088
nh3_ccpvdz,NH$_3$/cc-pVDZ,11220,17.960730953120674
nh3_ccpvdz,NH$_3$/cc-pVDZ,11230,17.81897340826788
nh3_ccpvdz,NH$_3$/cc-pVDZ,11240,17.481549149202635
nh3_ccpvdz,NH$_3$/cc-pVDZ,11250,18.339534745976493
nh3_ccpvdz,NH$_3$/cc-pVDZ,11260,18.461001492433127
nh3_ccpvdz,NH$_3$/cc-pVDZ,11270,18.04983215974687
nh3_ccpvdz,NH$_3$/cc-pVDZ,11280,17.80232697640116
nh3_ccpvdz,NH$_3$/cc-pVDZ,11290,18.136295717887663
nh3_ccpvdz,NH$_3$/cc-pVDZ,11300,17.282817717372723
nh3_ccpvdz,NH$_3$/cc-pVDZ,11310,17.180194013384664
nh3_ccpvdz,NH$_3$/cc-pVDZ,11320,17.7445424205942
nh3_ccpvdz,NH$_3$/cc-pVDZ,11330,18.82947758807063
nh3_ccpvdz,NH$_3$/cc-pVDZ,11340,17.730819551225352
nh3_ccpvdz,NH$_3$/cc-pVDZ,11350,21.90753852380567
nh3_ccpvdz,NH$_3$/cc-pVDZ,11360,18.885145202894194
nh3_ccpvdz,NH$_3$/cc-pVDZ,11370,17.68612740431763
nh3_ccpvdz,NH$_3$/cc-pVDZ,11380,17.417597548927688
nh3_ccpvdz,NH$_3$/cc-pVDZ,11390,17.020666860133815
nh3_ccpvdz,NH$_3$/cc-pVDZ,11400,17.26995614924931
nh3_ccpvdz,NH$_3$/cc-pVDZ,11410,18.741642623936627
nh3_ccpvdz,NH$_3$/cc-pVDZ,11420,18.519942024468605
nh3_ccpvdz,NH$_3$/cc-pVDZ,11430,18.498537998631548
nh3_ccpvdz,NH$_3$/cc-pVDZ,11440,17.448261904263518
nh3_ccpvdz,NH$_3$/cc-pVDZ,11450,17.160207266655902
nh3_ccpvdz,NH$_3$/cc-pVDZ,11460,17.532095831171546
nh3_ccpvdz,NH$_3$/cc-pVDZ,11470,17.960548381040553
nh3_ccpvdz,NH$_3$/cc-pVDZ,11480,17.251830136331137
nh3_ccpvdz,NH$_3$/cc-pVDZ,11490,17.75381875220461
nh3_ccpvdz,NH$_3$/cc-pVDZ,11500,17.928805664929826
nh3_ccpvdz,NH$_3$/cc-pVDZ,11510,18.183743412649278
nh3_ccpvdz,NH$_3$/cc-pVDZ,11520,17.38421111497246
nh3_ccpvdz,NH$_3$/cc-pVDZ,11530,17.861284006045253
nh3_ccpvdz,NH$_3$/cc-pVDZ,11540,18.216508435962453
nh3_ccpvdz,NH$_3$/cc-pVDZ,11550,18.54655017420015
nh3_ccpvdz,NH$_3$/cc-pVDZ,11560,17.201527152863605
nh3_ccpvdz,NH$_3$/cc-pVDZ,11570,18.983148847155462
nh3_ccpvdz,NH$_3$/cc-pVDZ,11580,17.854969457651748
nh3_ccpvdz,NH$_3$/cc-pVDZ,11590,17.15465555960094
nh3_ccpvdz,NH$_3$/cc-pVDZ,11600,17.442164172337016
nh3_ccpvdz,NH$_3$/cc-pVDZ,11610,18.27835719969073
nh3_ccpvdz,NH$_3$/cc-pVDZ,11620,17.807938107885946
nh3_ccpvdz,NH$_3$/cc-pVDZ,11630,17.65012012356948
nh3_ccpvdz,NH$_3$/cc-pVDZ,11640,20.13173383835465
nh3_ccpvdz,NH$_3$/cc-pVDZ,11650,18.069633122031803
nh3_ccpvdz,NH$_3$/cc-pVDZ,11660,18.000383265608377
nh3_ccpvdz,NH$_3$/cc-pVDZ,11670,32.88185405833843
nh3_ccpvdz,NH$_3$/cc-pVDZ,11680,24.252205051936926
nh3_ccpvdz,NH$_3$/cc-pVDZ,11690,17.859160805052454
nh3_ccpvdz,NH$_3$/cc-pVDZ,11700,17.01234891282155
nh3_ccpvdz,NH$_3$/cc-pVDZ,11710,16.94013648748438
nh3_ccpvdz,NH$_3$/cc-pVDZ,11720,16.70595994693258
nh3_ccpvdz,NH$_3$/cc-pVDZ,11730,17.46011160228278
nh3_ccpvdz,NH$_3$/cc-pVDZ,11740,16.692207930539382
nh3_ccpvdz,NH$_3$/cc-pVDZ,11750,16.91571243418366
nh3_ccpvdz,NH$_3$/cc-pVDZ,11760,17.627157089599166
nh3_ccpvdz,NH$_3$/cc-pVDZ,11770,17.243817925361782
nh3_ccpvdz,NH$_3$/cc-pVDZ,11780,16.90794474647106
nh3_ccpvdz,NH$_3$/cc-pVDZ,11790,18.234951499714214
nh3_ccpvdz,NH$_3$/cc-pVDZ,11800,17.36242193648252
nh3_ccpvdz,NH$_3$/cc-pVDZ,11810,17.468371689545847
nh3_ccpvdz,NH$_3$/cc-pVDZ,11820,18.123130306626933
nh3_ccpvdz,NH$_3$/cc-pVDZ,11830,19.082605330012825
nh3_ccpvdz,NH$_3$/cc-pVDZ,11840,17.986041700417843
nh3_ccpvdz,NH$_3$/cc-pVDZ,11850,17.12691598243765
nh3_ccpvdz,NH$_3$/cc-pVDZ,11860,16.83969629781501
nh3_ccpvdz,NH$_3$/cc-pVDZ,11870,16.873174130957125
nh3_ccpvdz,NH$_3$/cc-pVDZ,11880,17.180613079126772
nh3_ccpvdz,NH$_3$/cc-pVDZ,11890,16.865797953876438
nh3_ccpvdz,NH$_3$/cc-pVDZ,11900,17.6200077713915
nh3_ccpvdz,NH$_3$/cc-pVDZ,11910,20.650362411579692
nh3_ccpvdz,NH$_3$/cc-pVDZ,11920,19.249154508884203
nh3_ccpvdz,NH$_3$/cc-pVDZ,11930,17.2641874807411
nh3_ccpvdz,NH$_3$/cc-pVDZ,11940,17.53036610363523
nh3_ccpvdz,NH$_3$/cc-pVDZ,11950,17.70112722624617
nh3_ccpvdz,NH$_3$/cc-pVDZ,11960,17.242896762304838
nh3_ccpvdz,NH$_3$/cc-pVDZ,11970,17.59221577193415
nh3_ccpvdz,NH$_3$/cc-pVDZ,11980,17.180173265202825
nh3_ccpvdz,NH$_3$/cc-pVDZ,11990,19.367349588904403
nh3_ccpvdz,NH$_3$/cc-pVDZ,12000,17.21005833464062
nh3_ccpvdz,NH$_3$/cc-pVDZ,12010,17.314640165189132
nh3_ccpvdz,NH$_3$/cc-pVDZ,12020,17.143941269551988
nh3_ccpvdz,NH$_3$/cc-pVDZ,12030,16.816670343921203
nh3_ccpvdz,NH$_3$/cc-pVDZ,12040,16.964139030527292
nh3_ccpvdz,NH$_3$/cc-pVDZ,12050,17.12691253916887
nh3_ccpvdz,NH$_3$/cc-pVDZ,12060,18.440571352797974
nh3_ccpvdz,NH$_3$/cc-pVDZ,12070,17.57077609726565
nh3_ccpvdz,NH$_3$/cc-pVDZ,12080,18.182540429826588
nh3_ccpvdz,NH$_3$/cc-pVDZ,12090,17.08922360941756
nh3_ccpvdz,NH$_3$/cc-pVDZ,12100,17.416525926414295
nh3_ccpvdz,NH$_3$/cc-pVDZ,12110,16.987264766399335
nh3_ccpvdz,NH$_3$/cc-pVDZ,12120,16.753119370967795
nh3_ccpvdz,NH$_3$/cc-pVDZ,12130,17.764687467973772
nh3_ccpvdz,NH$_3$/cc-pVDZ,12140,18.08000870064319
nh3_ccpvdz,NH$_3$/cc-pVDZ,12150,16.987002801016615
nh3_ccpvdz,NH$_3$/cc-pVDZ,12160,17.008936183906087
nh3_ccpvdz,NH$_3$/cc-pVDZ,12170,17.821888626656346
nh3_ccpvdz,NH$_3$/cc-pVDZ,12180,18.229365656644347
nh3_ccpvdz,NH$_3$/cc-pVDZ,12190,17.171075404341707
nh3_ccpvdz,NH$_3$/cc-pVDZ,12200,16.910848816266366
nh3_ccpvdz,NH$_3$/cc-pVDZ,12210,16.993005937628425
nh3_ccpvdz,NH$_3$/cc-pVDZ,12220,17.16002536351624
nh3_ccpvdz,NH$_3$/cc-pVDZ,12230,19.333906334956907
nh3_ccpvdz,NH$_3$/cc-pVDZ,12240,17.903681734068755
nh3_ccpvdz,NH$_3$/cc-pVDZ,12250,17.59277795353853
nh3_ccpvdz,NH$_3$/cc-pVDZ,12260,17.059840651626246
nh3_ccpvdz,NH$_3$/cc-pVDZ,12270,16.7689091930896
nh3_ccpvdz,NH$_3$/cc-pVDZ,12280,17.421711165233944
nh3_ccpvdz,NH$_3$/cc-pVDZ,12290,18.702688725674932
nh3_ccpvdz,NH$_3$/cc-pVDZ,12300,17.058541333526023
nh3_ccpvdz,NH$_3$/cc-pVDZ,12310,16.840652650436994
nh3_ccpvdz,NH$_3$/cc-pVDZ,12320,17.226877860480272
nh3_ccpvdz,NH$_3$/cc-pVDZ,12330,18.249452169783353
nh3_ccpvdz,NH$_3$/cc-pVDZ,12340,17.935087107083802
nh3_ccpvdz,NH$_3$/cc-pVDZ,12350,16.935131789530544
nh3_ccpvdz,NH$_3$/cc-pVDZ,12360,18.13644612268206
nh3_ccpvdz,NH$_3$/cc-pVDZ,12370,17.03470139220542
nh3_ccpvdz,NH$_3$/cc-pVDZ,12380,16.926290823910506
nh3_ccpvdz,NH$_3$/cc-pVDZ,12390,16.98545461368184
nh3_ccpvdz,NH$_3$/cc-pVDZ,12400,17.654740979693884
nh3_ccpvdz,NH$_3$/cc-pVDZ,12410,18.655674993389937
nh3_ccpvdz,NH$_3$/cc-pVDZ,12420,17.235616652776287
nh3_ccpvdz,NH$_3$/cc-pVDZ,12430,18.321690938257973
nh3_ccpvdz,NH$_3$/cc-pVDZ,12440,17.70161662931713
nh3_ccpvdz,NH$_3$/cc-pVDZ,12450,17.70963448066709
nh3_ccpvdz,NH$_3$/cc-pVDZ,12460,16.90797934073629
nh3_ccpvdz,NH$_3$/cc-pVDZ,12470,16.967524995280314
nh3_ccpvdz,NH$_3$/cc-pVDZ,12480,19.145269162237355
nh3_ccpvdz,NH$_3$/cc-pVDZ,12490,16.61751612732587
nh3_ccpvdz,NH$_3$/cc-pVDZ,12500,17.059090429491164
nh3_ccpvdz,NH$_3$/cc-pVDZ,12510,17.10205001203491
nh3_ccpvdz,NH$_3$/cc-pVDZ,12520,16.608590890513142
nh3_ccpvdz,NH$_3$/cc-pVDZ,12530,16.963813876373024
nh3_ccpvdz,NH$_3$/cc-pVDZ,12540,19.84225893458813
nh3_ccpvdz,NH$_3$/cc-pVDZ,12550,16.905143716890336
nh3_ccpvdz,NH$_3$/cc-pVDZ,12560,16.759832435901956
nh3_ccpvdz,NH$_3$/cc-pVDZ,12570,17.524127602733586
nh3_ccpvdz,NH$_3$/cc-pVDZ,12580,16.982360488526638
nh3_ccpvdz,NH$_3$/cc-pVDZ,12590,16.92959828520202
nh3_ccpvdz,NH$_3$/cc-pVDZ,12600,17.29671569887614
nh3_ccpvdz,NH$_3$/cc-pVDZ,12610,17.35563096150372
nh3_ccpvdz,NH$_3$/cc-pVDZ,12620,17.078363214587
nh3_ccpvdz,NH$_3$/cc-pVDZ,12630,16.829309072726062
nh3_ccpvdz,NH$_3$/cc-pVDZ,12640,21.08063186795306
nh3_ccpvdz,NH$_3$/cc-pVDZ,12650,17.073717113824216
nh3_ccpvdz,NH$_3$/cc-pVDZ,12660,16.96070838146113
nh3_ccpvdz,NH$_3$/cc-pVDZ,12670,16.35031200090964
nh3_ccpvdz,NH$_3$/cc-pVDZ,12680,17.13359244435253
nh3_ccpvdz,NH$_3$/cc-pVDZ,12690,16.440437158991017
nh3_ccpvdz,NH$_3$/cc-pVDZ,12700,19.312814003662027
nh3_ccpvdz,NH$_3$/cc-pVDZ,12710,18.041612795066442
nh3_ccpvdz,NH$_3$/cc-pVDZ,12720,17.165124444296964
nh3_ccpvdz,NH$_3$/cc-pVDZ,12730,16.938638394535133
nh3_ccpvdz,NH$_3$/cc-pVDZ,12740,17.11937302872002
nh3_ccpvdz,NH$_3$/cc-pVDZ,12750,16.317307382600177
nh3_ccpvdz,NH$_3$/cc-pVDZ,12760,19.205130236521484
nh3_ccpvdz,NH$_3$/cc-pVDZ,12770,16.931129571048587
nh3_ccpvdz,NH$_3$/cc-pVDZ,12780,16.387995577765935
nh3_ccpvdz,NH$_3$/cc-pVDZ,12790,18.099404428809862
nh3_ccpvdz,NH$_3$/cc-pVDZ,12800,16.78529106200699
nh3_ccpvdz,NH$_3$/cc-pVDZ,12810,16.250642468953913
nh3_ccpvdz,NH$_3$/cc-pVDZ,12820,18.666440136009044
nh3_ccpvdz,NH$_3$/cc-pVDZ,12830,19.462948619825227
nh3_ccpvdz,NH$_3$/cc-pVDZ,12840,18.27860317798269
nh3_ccpvdz,NH$_3$/cc-pVDZ,12850,16.841306474290718
nh3_ccpvdz,NH$_3$/cc-pVDZ,12860,16.800781280686294
nh3_ccpvdz,NH$_3$/cc-pVDZ,12870,17.253476474394347
nh3_ccpvdz,NH$_3$/cc-pVDZ,12880,16.471934100280805
nh3_ccpvdz,NH$_3$/cc-pVDZ,12890,16.914891829415524
nh3_ccpvdz,NH$_3$/cc-pVDZ,12900,16.50068444138242
nh3_ccpvdz,NH$_3$/cc-pVDZ,12910,19.994345865349317
nh3_ccpvdz,NH$_3$/cc-pVDZ,12920,18.647697908392047
nh3_ccpvdz,NH$_3$/cc-pVDZ,12930,16.45976093108459
nh3_ccpvdz,NH$_3$/cc-pVDZ,12940,16.452656909486052
nh3_ccpvdz,NH$_3$/cc-pVDZ,12950,16.22948606654262
nh3_ccpvdz,NH$_3$/cc-pVDZ,12960,17.127185772984888
nh3_ccpvdz,NH$_3$/cc-pVDZ,12970,16.880159270776574
nh3_ccpvdz,NH$_3$/cc-pVDZ,12980,16.36604464358271
nh3_ccpvdz,NH$_3$/cc-pVDZ,12990,16.309495126385798
nh3_ccpvdz,NH$_3$/cc-pVDZ,13000,16.900968262113736
nh3_ccpvdz,NH$_3$/cc-pVDZ,13010,16.623634491892858
nh3_ccpvdz,NH$_3$/cc-pVDZ,13020,16.568330226576222
nh3_ccpvdz,NH$_3$/cc-pVDZ,13030,18.817129547961997
nh3_ccpvdz,NH$_3$/cc-pVDZ,13040,17.098507214100778
nh3_ccpvdz,NH$_3$/cc-pVDZ,13050,16.55264930986533
nh3_ccpvdz,NH$_3$/cc-pVDZ,13060,16.165811832294708
nh3_ccpvdz,NH$_3$/cc-pVDZ,13070,17.331934625225642
nh3_ccpvdz,NH$_3$/cc-pVDZ,13080,16.757013955910338
nh3_ccpvdz,NH$_3$/cc-pVDZ,13090,17.141399267423196
nh3_ccpvdz,NH$_3$/cc-pVDZ,13100,16.92613832209844
nh3_ccpvdz,NH$_3$/cc-pVDZ,13110,17.557257690178574
nh3_ccpvdz,NH$_3$/cc-pVDZ,13120,17.179203795578246
nh3_ccpvdz,NH$_3$/cc-pVDZ,13130,17.041863539439817
nh3_ccpvdz,NH$_3$/cc-pVDZ,13140,16.27520699059204
nh3_ccpvdz,NH$_3$/cc-pVDZ,13150,16.25494390114568
nh3_ccpvdz,NH$_3$/cc-pVDZ,13160,16.47876931147607
nh3_ccpvdz,NH$_3$/cc-pVDZ,13170,16.529984094496797
nh3_ccpvdz,NH$_3$/cc-pVDZ,13180,18.254484174342167
nh3_ccpvdz,NH$_3$/cc-pVDZ,13190,17.636312341423377
nh3_ccpvdz,NH$_3$/cc-pVDZ,13200,16.17331882383155
nh3_ccpvdz,NH$_3$/cc-pVDZ,13210,16.167527939757065
nh3_ccpvdz,NH$_3$/cc-pVDZ,13220,16.7338838774711
nh3_ccpvdz,NH$_3$/cc-pVDZ,13230,16.389028401682992
nh3_ccpvdz,NH$_3$/cc-pVDZ,13240,16.44323570365458
nh3_ccpvdz,NH$_3$/cc-pVDZ,13250,19.538260017107234
nh3_ccpvdz,NH$_3$/cc-pVDZ,13260,17.812473621241054
nh3_ccpvdz,NH$_3$/cc-pVDZ,13270,16.263630456400335
nh3_ccpvdz,NH$_3$/cc-pVDZ,13280,16.931350043812188
nh3_ccpvdz,NH$_3$/cc-pVDZ,13290,16.63685533318926
nh3_ccpvdz,NH$_3$/cc-pVDZ,13300,16.396277705169382
nh3_ccpvdz,NH$_3$/cc-pVDZ,13310,16.753000460212775
nh3_ccpvdz,NH$_3$/cc-pVDZ,13320,16.86311277760666
nh3_ccpvdz,NH$_3$/cc-pVDZ,13330,16.226393229004543
nh3_ccpvdz,NH$_3$/cc-pVDZ,13340,16.376260278264
nh3_ccpvdz,NH$_3$/cc-pVDZ,13350,16.789648247780065
nh3_ccpvdz,NH$_3$/cc-pVDZ,13360,17.181843299866273
nh3_ccpvdz,NH$_3$/cc-pVDZ,13370,16.262026845836886
nh3_ccpvdz,NH$_3$/cc-pVDZ,13380,16.16660880593912
nh3_ccpvdz,NH$_3$/cc-pVDZ,13390,17.711211793276505
nh3_ccpvdz,NH$_3$/cc-pVDZ,13400,17.649513248294113
nh3_ccpvdz,NH$_3$/cc-pVDZ,13410,17.65384443145024
nh3_ccpvdz,NH$_3$/cc-pVDZ,13420,16.38710796163423
nh3_ccpvdz,NH$_3$/cc-pVDZ,13430,16.7823539555485
nh3_ccpvdz,NH$_3$/cc-pVDZ,13440,16.455108135495777
nh3_ccpvdz,NH$_3$/cc-pVDZ,13450,16.056510813896807
nh3_ccpvdz,NH$_3$/cc-pVDZ,13460,18.694797071901803
nh3_ccpvdz,NH$_3$/cc-pVDZ,13470,16.949197921164227
nh3_ccpvdz,NH$_3$/cc-pVDZ,13480,17.165779872556186
nh3_ccpvdz,NH$_3$/cc-pVDZ,13490,16.86319202919151
nh3_ccpvdz,NH$_3$/cc-pVDZ,13500,16.39976374966068
nh3_ccpvdz,NH$_3$/cc-pVDZ,13510,17.214439384893865
nh3_ccpvdz,NH$_3$/cc-pVDZ,13520,17.29182659006767
nh3_ccpvdz,NH$_3$/cc-pVDZ,13530,16.610417737275895
nh3_ccpvdz,NH$_3$/cc-pVDZ,13540,16.830248703911366
nh3_ccpvdz,NH$_3$/cc-pVDZ,13550,16.1452630040273
nh3_ccpvdz,NH$_3$/cc-pVDZ,13560,17.15850318879575
nh3_ccpvdz,NH$_3$/cc-pVDZ,13570,17.194969583819386
nh3_ccpvdz,NH$_3$/cc-pVDZ,13580,16.70540470313142
nh3_ccpvdz,NH$_3$/cc-pVDZ,13590,16.334818376130045
nh3_ccpvdz,NH$_3$/cc-pVDZ,13600,16.689324451917287
nh3_ccpvdz,NH$_3$/cc-pVDZ,13610,16.816773405359697
nh3_ccpvdz,NH$_3$/cc-pVDZ,13620,17.603876123096995
nh3_ccpvdz,NH$_3$/cc-pVDZ,13630,16.365677757356423
nh3_ccpvdz,NH$_3$/cc-pVDZ,13640,16.271422732366148
nh3_ccpvdz,NH$_3$/cc-pVDZ,13650,16.61632543942204
nh3_ccpvdz,NH$_3$/cc-pVDZ,13660,16.342470511993668
nh3_ccpvdz,NH$_3$/cc-pVDZ,13670,18.908724478514216
nh3_ccpvdz,NH$_3$/cc-pVDZ,13680,16.198980731076063
nh3_ccpvdz,NH$_3$/cc-pVDZ,13690,16.54390033411346
nh3_ccpvdz,NH$_3$/cc-pVDZ,13700,16.488533760032453
nh3_ccpvdz,NH$_3$/cc-pVDZ,13710,16.820935150796856
nh3_ccpvdz,NH$_3$/cc-pVDZ,13720,20.92200102791253
nh3_ccpvdz,NH$_3$/cc-pVDZ,13730,17.83268512526348
nh3_ccpvdz,NH$_3$/cc-pVDZ,13740,16.566447366990644
nh3_ccpvdz,NH$_3$/cc-pVDZ,13750,16.328230547358658
nh3_ccpvdz,NH$_3$/cc-pVDZ,13760,17.73966462179999
nh3_ccpvdz,NH$_3$/cc-pVDZ,13770,16.406421303074126
nh3_ccpvdz,NH$_3$/cc-pVDZ,13780,16.376003288563368
nh3_ccpvdz,NH$_3$/cc-pVDZ,13790,16.409668609533412
nh3_ccpvdz,NH$_3$/cc-pVDZ,13800,16.89054778763932
nh3_ccpvdz,NH$_3$/cc-pVDZ,13810,16.32494701981102
nh3_ccpvdz,NH$_3$/cc-pVDZ,13820,16.97589704924951
nh3_ccpvdz,NH$_3$/cc-pVDZ,13830,17.94360452988286
nh3_ccpvdz,NH$_3$/cc-pVDZ,13840,16.445080325219408
nh3_ccpvdz,NH$_3$/cc-pVDZ,13850,17.712306474827244
nh3_ccpvdz,NH$_3$/cc-pVDZ,13860,16.19277598919666
nh3_ccpvdz,NH$_3$/cc-pVDZ,13870,16.632590063828445
nh3_ccpvdz,NH$_3$/cc-pVDZ,13880,15.906439483117651
nh3_ccpvdz,NH$_3$/cc-pVDZ,13890,16.96346166645668
nh3_ccpvdz,NH$_3$/cc-pVDZ,13900,16.33084872364776
nh3_ccpvdz,NH$_3$/cc-pVDZ,13910,16.172647013611652
nh3_ccpvdz,NH$_3$/cc-pVDZ,13920,16.669275472160905
nh3_ccpvdz,NH$_3$/cc-pVDZ,13930,17.022581516563662
nh3_ccpvdz,NH$_3$/cc-pVDZ,13940,16.686553716617425
nh3_ccpvdz,NH$_3$/cc-pVDZ,13950,16.849757911231222
nh3_ccpvdz,NH$_3$/cc-pVDZ,13960,16.295040888600454
nh3_ccpvdz,NH$_3$/cc-pVDZ,13970,16.02308157634269
nh3_ccpvdz,NH$_3$/cc-pVDZ,13980,16.46140906775173
nh3_ccpvdz,NH$_3$/cc-pVDZ,13990,18.270399787972735
nh3_ccpvdz,NH$_3$/cc-pVDZ,14000,17.049562826592535
nh3_ccpvdz,NH$_3$/cc-pVDZ,14010,16.460368111793855
nh3_ccpvdz,NH$_3$/cc-pVDZ,14020,16.671435531840473
nh3_ccpvdz,NH$_3$/cc-pVDZ,14030,16.11170159927866
nh3_ccpvdz,NH$_3$/cc-pVDZ,14040,17.28470360686174
nh3_ccpvdz,NH$_3$/cc-pVDZ,14050,16.882610476947946
nh3_ccpvdz,NH$_3$/cc-pVDZ,14060,16.541632891154734
nh3_ccpvdz,NH$_3$/cc-pVDZ,14070,15.87780374332226
nh3_ccpvdz,NH$_3$/cc-pVDZ,14080,19.409206447754457
nh3_ccpvdz,NH$_3$/cc-pVDZ,14090,16.504659903574748
nh3_ccpvdz,NH$_3$/cc-pVDZ,14100,17.35626861568562
nh3_ccpvdz,NH$_3$/cc-pVDZ,14110,17.01288847914384
nh3_ccpvdz,NH$_3$/cc-pVDZ,14120,15.82312238104322
nh3_ccpvdz,NH$_3$/cc-pVDZ,14130,16.86602845278884
nh3_ccpvdz,NH$_3$/cc-pVDZ,14140,17.19026596447293
nh3_ccpvdz,NH$_3$/cc-pVDZ,14150,16.169753240312446
nh3_ccpvdz,NH$_3$/cc-pVDZ,14160,16.71040147886771
nh3_ccpvdz,NH$_3$/cc-pVDZ,14170,16.230422243936005
nh3_ccpvdz,NH$_3$/cc-pVDZ,14180,16.052129636143775
nh3_ccpvdz,NH$_3$/cc-pVDZ,14190,17.522488268546965
nh3_ccpvdz,NH$_3$/cc-pVDZ,14200,16.056465282851207
nh3_ccpvdz,NH$_3$/cc-pVDZ,14210,16.090657741500536
nh3_ccpvdz,NH$_3$/cc-pVDZ,14220,16.77595807480259
nh3_ccpvdz,NH$_3$/cc-pVDZ,14230,16.732115053855523
nh3_ccpvdz,NH$_3$/cc-pVDZ,14240,16.20727134092448
nh3_ccpvdz,NH$_3$/cc-pVDZ,14250,17.179616937731623
nh3_ccpvdz,NH$_3$/cc-pVDZ,14260,15.89777041800744
nh3_ccpvdz,NH$_3$/cc-pVDZ,14270,15.718805265244384
nh3_ccpvdz,NH$_3$/cc-pVDZ,14280,16.33101075874066
nh3_ccpvdz,NH$_3$/cc-pVDZ,14290,16.952361004783256
nh3_ccpvdz,NH$_3$/cc-pVDZ,14300,16.46618347496087
nh3_ccpvdz,NH$_3$/cc-pVDZ,14310,15.847647336300952
nh3_ccpvdz,NH$_3$/cc-pVDZ,14320,15.863481436724669
nh3_ccpvdz,NH$_3$/cc-pVDZ,14330,16.953624241793364
nh3_ccpvdz,NH$_3$/cc-pVDZ,14340,16.212292393021244
nh3_ccpvdz,NH$_3$/cc-pVDZ,14350,16.39268324018417
nh3_ccpvdz,NH$_3$/cc-pVDZ,14360,15.723031783316799
nh3_ccpvdz,NH$_3$/cc-pVDZ,14370,15.985133393705553
nh3_ccpvdz,NH$_3$/cc-pVDZ,14380,17.449724200631067
nh3_ccpvdz,NH$_3$/cc-pVDZ,14390,16.860000144966136
nh3_ccpvdz,NH$_3$/cc-pVDZ,14400,16.93643385106469
nh3_ccpvdz,NH$_3$/cc-pVDZ,14410,16.51695070589909
nh3_ccpvdz,NH$_3$/cc-pVDZ,14420,15.810672496144207
nh3_ccpvdz,NH$_3$/cc-pVDZ,14430,16.2302096532585
nh3_ccpvdz,NH$_3$/cc-pVDZ,14440,16.69539523540209
nh3_ccpvdz,NH$_3$/cc-pVDZ,14450,16.43912874124709
nh3_ccpvdz,NH$_3$/cc-pVDZ,14460,16.151078233853866
nh3_ccpvdz,NH$_3$/cc-pVDZ,14470,15.927226765789726
nh3_ccpvdz,NH$_3$/cc-pVDZ,14480,16.45011951014652
nh3_ccpvdz,NH$_3$/cc-pVDZ,14490,15.911494373156643
nh3_ccpvdz,NH$_3$/cc-pVDZ,14500,15.541084054959242
nh3_ccpvdz,NH$_3$/cc-pVDZ,14510,16.22663091318799
nh3_ccpvdz,NH$_3$/cc-pVDZ,14520,16.694827251740207
nh3_ccpvdz,NH$_3$/cc-pVDZ,14530,18.37384293062172
nh3_ccpvdz,NH$_3$/cc-pVDZ,14540,15.925174004621567
nh3_ccpvdz,NH$_3$/cc-pVDZ,14550,17.126914153571704
nh3_ccpvdz,NH$_3$/cc-pVDZ,14560,16.02266512076511
nh3_ccpvdz,NH$_3$/cc-pVDZ,14570,15.645588037024538
nh3_ccpvdz,NH$_3$/cc-pVDZ,14580,16.195400570893526
nh3_ccpvdz,NH$_3$/cc-pVDZ,14590,15.976925571720813
nh3_ccpvdz,NH$_3$/cc-pVDZ,14600,17.139291604422624
nh3_ccpvdz,NH$_3$/cc-pVDZ,14610,18.192603850124556
nh3_ccpvdz,NH$_3$/cc-pVDZ,14620,16.901049606524055
nh3_ccpvdz,NH$_3$/cc-pVDZ,14630,16.14240717966453
nh3_ccpvdz,NH$_3$/cc-pVDZ,14640,16.434033162198602
nh3_ccpvdz,NH$_3$/cc-pVDZ,14650,16.07082329660159
nh3_ccpvdz,NH$_3$/cc-pVDZ,14660,15.996139374273355
nh3_ccpvdz,NH$_3$/cc-pVDZ,14670,15.75110537743285
nh3_ccpvdz,NH$_3$/cc-pVDZ,14680,15.80184505323956
nh3_ccpvdz,NH$_3$/cc-pVDZ,14690,16.046415985421447
nh3_ccpvdz,NH$_3$/cc-pVDZ,14700,24.738978488265673
nh3_ccpvdz,NH$_3$/cc-pVDZ,14710,19.02975850890698
nh3_ccpvdz,NH$_3$/cc-pVDZ,14720,16.480132377985512
nh3_ccpvdz,NH$_3$/cc-pVDZ,14730,15.95987134222554
nh3_ccpvdz,NH$_3$/cc-pVDZ,14740,15.810958652345164
nh3_ccpvdz,NH$_3$/cc-pVDZ,14750,16.14907520864506
nh3_ccpvdz,NH$_3$/cc-pVDZ,14760,16.137412448898658
nh3_ccpvdz,NH$_3$/cc-pVDZ,14770,15.968361713454726
nh3_ccpvdz,NH$_3$/cc-pVDZ,14780,15.816751837817833
nh3_ccpvdz,NH$_3$/cc-pVDZ,14790,16.455541091673354
nh3_ccpvdz,NH$_3$/cc-pVDZ,14800,18.120040638287094
nh3_ccpvdz,NH$_3$/cc-pVDZ,14810,16.04695629667674
nh3_ccpvdz,NH$_3$/cc-pVDZ,14820,15.54774201964193
nh3_ccpvdz,NH$_3$/cc-pVDZ,14830,17.11822728319845
nh3_ccpvdz,NH$_3$/cc-pVDZ,14840,16.34119760239372
nh3_ccpvdz,NH$_3$/cc-pVDZ,14850,16.324433800598115
nh3_ccpvdz,NH$_3$/cc-pVDZ,14860,18.647793992066397
nh3_ccpvdz,NH$_3$/cc-pVDZ,14870,16.083079479486173
nh3_ccpvdz,NH$_3$/cc-pVDZ,14880,15.622788672438048
nh3_ccpvdz,NH$_3$/cc-pVDZ,14890,16.0637409491855
nh3_ccpvdz,NH$_3$/cc-pVDZ,14900,15.523976680270835
nh3_ccpvdz,NH$_3$/cc-pVDZ,14910,15.851929566231604
nh3_ccpvdz,NH$_3$/cc-pVDZ,14920,17.45026041530906
nh3_ccpvdz,NH$_3$/cc-pVDZ,14930,16.253759827378644
nh3_ccpvdz,NH$_3$/cc-pVDZ,14940,15.387058659456443
nh3_ccpvdz,NH$_3$/cc-pVDZ,14950,16.80204674319441
nh3_ccpvdz,NH$_3$/cc-pVDZ,14960,16.39363743096567
nh3_ccpvdz,NH$_3$/cc-pVDZ,14970,16.169125606175783
nh3_ccpvdz,NH$_3$/cc-pVDZ,14980,15.997487748187211
nh3_ccpvdz,NH$_3$/cc-pVDZ,14990,16.247664084268365
nh3_ccpvdz,NH$_3$/cc-pVDZ,15000,16.687683004086296
nh3_ccpvdz,NH$_3$/cc-pVDZ,15010,16.7992960000376
nh3_ccpvdz,NH$_3$/cc-pVDZ,15020,15.895554961858238
nh3_ccpvdz,NH$_3$/cc-pVDZ,15030,15.831500478938665
nh3_ccpvdz,NH$_3$/cc-pVDZ,15040,15.78347689618198
nh3_ccpvdz,NH$_3$/cc-pVDZ,15050,19.783821525273027
nh3_ccpvdz,NH$_3$/cc-pVDZ,15060,17.362306122016946
nh3_ccpvdz,NH$_3$/cc-pVDZ,15070,16.14949883680339
nh3_ccpvdz,NH$_3$/cc-pVDZ,15080,15.718536901644597
nh3_ccpvdz,NH$_3$/cc-pVDZ,15090,16.15180171982189
nh3_ccpvdz,NH$_3$/cc-pVDZ,15100,15.698162389291781
nh3_ccpvdz,NH$_3$/cc-pVDZ,15110,15.65335856047767
nh3_ccpvdz,NH$_3$/cc-pVDZ,15120,15.686583457622305
nh3_ccpvdz,NH$_3$/cc-pVDZ,15130,17.835248748490073
nh3_ccpvdz,NH$_3$/cc-pVDZ,15140,17.127440761356638
nh3_ccpvdz,NH$_3$/cc-pVDZ,15150,15.89200124421808
nh3_ccpvdz,NH$_3$/cc-pVDZ,15160,15.430660213773706
nh3_ccpvdz,NH$_3$/cc-pVDZ,15170,16.54594066816628
nh3_ccpvdz,NH$_3$/cc-pVDZ,15180,15.948588585857237
nh3_ccpvdz,NH$_3$/cc-pVDZ,15190,15.401186770994002
nh3_ccpvdz,NH$_3$/cc-pVDZ,15200,18.865930541615228
nh3_ccpvdz,NH$_3$/cc-pVDZ,15210,18.20906765733099
nh3_ccpvdz,NH$_3$/cc-pVDZ,15220,16.04635368608598
nh3_ccpvdz,NH$_3$/cc-pVDZ,15230,15.637337455018496
nh3_ccpvdz,NH$_3$/cc-pVDZ,15240,15.721256441416642
nh3_ccpvdz,NH$_3$/cc-pVDZ,15250,15.938047739787464
nh3_ccpvdz,NH$_3$/cc-pVDZ,15260,15.676725033394234
nh3_ccpvdz,NH$_3$/cc-pVDZ,15270,15.787864984822875
nh3_ccpvdz,NH$_3$/cc-pVDZ,15280,15.453220310817528
nh3_ccpvdz,NH$_3$/cc-pVDZ,15290,16.684657178103635
nh3_ccpvdz,NH$_3$/cc-pVDZ,15300,22.00958614372439
nh3_ccpvdz,NH$_3$/cc-pVDZ,15310,21.27216110628183
nh3_ccpvdz,NH$_3$/cc-pVDZ,15320,16.794896751093802
nh3_ccpvdz,NH$_3$/cc-pVDZ,15330,16.88591358972502
nh3_ccpvdz,NH$_3$/cc-pVDZ,15340,15.724645011687244
nh3_ccpvdz,NH$_3$/cc-pVDZ,15350,15.387510331144938
nh3_ccpvdz,NH$_3$/cc-pVDZ,15360,15.537880162341366
nh3_ccpvdz,NH$_3$/cc-pVDZ,15370,16.00705809276093
nh3_ccpvdz,NH$_3$/cc-pVDZ,15380,15.629022543713234
nh3_ccpvdz,NH$_3$/cc-pVDZ,15390,15.493711356661777
nh3_ccpvdz,NH$_3$/cc-pVDZ,15400,15.757838991419248
nh3_ccpvdz,NH$_3$/cc-pVDZ,15410,17.741770222393427
nh3_ccpvdz,NH$_3$/cc-pVDZ,15420,16.552468709846835
nh3_ccpvdz,NH$_3$/cc-pVDZ,15430,16.178805145457886
nh3_ccpvdz,NH$_3$/cc-pVDZ,15440,15.72938585773187
nh3_ccpvdz,NH$_3$/cc-pVDZ,15450,15.878844745373044
nh3_ccpvdz,NH$_3$/cc-pVDZ,15460,15.449562963219421
nh3_ccpvdz,NH$_3$/cc-pVDZ,15470,15.90122780127956
nh3_ccpvdz,NH$_3$/cc-pVDZ,15480,17.84953582250637
nh3_ccpvdz,NH$_3$/cc-pVDZ,15490,17.855014985329376
nh3_ccpvdz,NH$_3$/cc-pVDZ,15500,15.865244519595478
nh3_ccpvdz,NH$_3$/cc-pVDZ,15510,16.372623152577148
nh3_ccpvdz,NH$_3$/cc-pVDZ,15520,15.705870392551446
nh3_ccpvdz,NH$_3$/cc-pVDZ,15530,15.379488727987223
nh3_ccpvdz,NH$_3$/cc-pVDZ,15540,15.593062261970658
nh3_ccpvdz,NH$_3$/cc-pVDZ,15550,16.466882225763868
nh3_ccpvdz,NH$_3$/cc-pVDZ,15560,17.617200164963265
nh3_ccpvdz,NH$_3$/cc-pVDZ,15570,16.17850597724413
nh3_ccpvdz,NH$_3$/cc-pVDZ,15580,15.482908112602445
nh3_ccpvdz,NH$_3$/cc-pVDZ,15590,15.520603223052376
nh3_ccpvdz,NH$_3$/cc-pVDZ,15600,15.283070662242437
nh3_ccpvdz,NH$_3$/cc-pVDZ,15610,16.05903146853649
nh3_ccpvdz,NH$_3$/cc-pVDZ,15620,15.206329440793809
nh3_ccpvdz,NH$_3$/cc-pVDZ,15630,15.871446364059238
nh3_ccpvdz,NH$_3$/cc-pVDZ,15640,15.54386565165089
nh3_ccpvdz,NH$_3$/cc-pVDZ,15650,15.839193099793647
nh3_ccpvdz,NH$_3$/cc-pVDZ,15660,17.661488857989127
nh3_ccpvdz,NH$_3$/cc-pVDZ,15670,16.10253427276831
nh3_ccpvdz,NH$_3$/cc-pVDZ,15680,15.677151201821005
nh3_ccpvdz,NH$_3$/cc-pVDZ,15690,15.65625151300054
nh3_ccpvdz,NH$_3$/cc-pVDZ,15700,15.502339039400681
nh3_ccpvdz,NH$_3$/cc-pVDZ,15710,16.058788845171534
nh3_ccpvdz,NH$_3$/cc-pVDZ,15720,15.402948280893725
nh3_ccpvdz,NH$_3$/cc-pVDZ,15730,16.31786052437434
nh3_ccpvdz,NH$_3$/cc-pVDZ,15740,16.23295506773559
nh3_ccpvdz,NH$_3$/cc-pVDZ,15750,16.081663600012064
nh3_ccpvdz,NH$_3$/cc-pVDZ,15760,15.756366247885012
nh3_ccpvdz,NH$_3$/cc-pVDZ,15770,15.34577010580307
nh3_ccpvdz,NH$_3$/cc-pVDZ,15780,15.629576805537226
nh3_ccpvdz,NH$_3$/cc-pVDZ,15790,15.413747786510612
nh3_ccpvdz,NH$_3$/cc-pVDZ,15800,15.424363049952206
nh3_ccpvdz,NH$_3$/cc-pVDZ,15810,18.010463388073106
nh3_ccpvdz,NH$_3$/cc-pVDZ,15820,15.7982528750793
nh3_ccpvdz,NH$_3$/cc-pVDZ,15830,16.88202017830065
nh3_ccpvdz,NH$_3$/cc-pVDZ,15840,15.35947398200932
nh3_ccpvdz,NH$_3$/cc-pVDZ,15850,15.911022603020797
nh3_ccpvdz,NH$_3$/cc-pVDZ,15860,16.7742106554698
nh3_ccpvdz,NH$_3$/cc-pVDZ,15870,16.375805591991366
nh3_ccpvdz,NH$_3$/cc-pVDZ,15880,15.634118458137891
nh3_ccpvdz,NH$_3$/cc-pVDZ,15890,15.334772146061937
nh3_ccpvdz,NH$_3$/cc-pVDZ,15900,15.995084819302008
nh3_ccpvdz,NH$_3$/cc-pVDZ,15910,15.543813772076476
nh3_ccpvdz,NH$_3$/cc-pVDZ,15920,16.363669677062376
nh3_ccpvdz,NH$_3$/cc-pVDZ,15930,16.091227541444653
nh3_ccpvdz,NH$_3$/cc-pVDZ,15940,15.789625624712755
nh3_ccpvdz,NH$_3$/cc-pVDZ,15950,16.463652281856866
nh3_ccpvdz,NH$_3$/cc-pVDZ,15960,16.138930969880505
nh3_ccpvdz,NH$_3$/cc-pVDZ,15970,15.669306427696483
nh3_ccpvdz,NH$_3$/cc-pVDZ,15980,15.588096363636339
nh3_ccpvdz,NH$_3$/cc-pVDZ,15990,16.29976453641291
nh3_ccpvdz,NH$_3$/cc-pVDZ,16000,15.864813143110723
nh3_ccpvdz,NH$_3$/cc-pVDZ,16010,15.771550235214704
nh3_ccpvdz,NH$_3$/cc-pVDZ,16020,16.161543326077776
nh3_ccpvdz,NH$_3$/cc-pVDZ,16030,15.551545094780295
nh3_ccpvdz,NH$_3$/cc-pVDZ,16040,15.37930137850907
nh3_ccpvdz,NH$_3$/cc-pVDZ,16050,15.216716294901289
nh3_ccpvdz,NH$_3$/cc-pVDZ,16060,15.868667979276552
nh3_ccpvdz,NH$_3$/cc-pVDZ,16070,15.906569196076248
nh3_ccpvdz,NH$_3$/cc-pVDZ,16080,16.27098228482282
nh3_ccpvdz,NH$_3$/cc-pVDZ,16090,16.063149757790995
nh3_ccpvdz,NH$_3$/cc-pVDZ,16100,15.228032424936089
nh3_ccpvdz,NH$_3$/cc-pVDZ,16110,15.49443314365817
nh3_ccpvdz,NH$_3$/cc-pVDZ,16120,15.806918919231805
nh3_ccpvdz,NH$_3$/cc-pVDZ,16130,18.235782181996285
nh3_ccpvdz,NH$_3$/cc-pVDZ,16140,16.24088173598892
nh3_ccpvdz,NH$_3$/cc-pVDZ,16150,16.13086970007771
nh3_ccpvdz,NH$_3$/cc-pVDZ,16160,16.155777399831095
nh3_ccpvdz,NH$_3$/cc-pVDZ,16170,16.110596172595137
nh3_ccpvdz,NH$_3$/cc-pVDZ,16180,15.370013238609204
nh3_ccpvdz,NH$_3$/cc-pVDZ,16190,15.130753366392469
nh3_ccpvdz,NH$_3$/cc-pVDZ,16200,16.053197505726757
nh3_ccpvdz,NH$_3$/cc-pVDZ,16210,16.80579676092009
nh3_ccpvdz,NH$_3$/cc-pVDZ,16220,15.328771130143082
nh3_ccpvdz,NH$_3$/cc-pVDZ,16230,15.150083374003032
nh3_ccpvdz,NH$_3$/cc-pVDZ,16240,16.410561550024738
nh3_ccpvdz,NH$_3$/cc-pVDZ,16250,16.40928708435041
nh3_ccpvdz,NH$_3$/cc-pVDZ,16260,16.35261489646922
nh3_ccpvdz,NH$_3$/cc-pVDZ,16270,15.101012232271671
nh3_ccpvdz,NH$_3$/cc-pVDZ,16280,16.570769374389727
nh3_ccpvdz,NH$_3$/cc-pVDZ,16290,15.385500826354814
nh3_ccpvdz,NH$_3$/cc-pVDZ,16300,15.697756876100755
nh3_ccpvdz,NH$_3$/cc-pVDZ,16310,15.533431119962415
nh3_ccpvdz,NH$_3$/cc-pVDZ,16320,16.697271539214853
nh3_ccpvdz,NH$_3$/cc-pVDZ,16330,16.203304757581805
nh3_ccpvdz,NH$_3$/cc-pVDZ,16340,15.524302942822032
nh3_ccpvdz,NH$_3$/cc-pVDZ,16350,15.225555256471068
nh3_ccpvdz,NH$_3$/cc-pVDZ,16360,15.555465450432848
nh3_ccpvdz,NH$_3$/cc-pVDZ,16370,15.363337050423809
nh3_ccpvdz,NH$_3$/cc-pVDZ,16380,15.240648988687155
nh3_ccpvdz,NH$_3$/cc-pVDZ,16390,19.89015290251217
nh3_ccpvdz,NH$_3$/cc-pVDZ,16400,15.405335062503411
nh3_ccpvdz,NH$_3$/cc-pVDZ,16410,17.905147612950145
nh3_ccpvdz,NH$_3$/cc-pVDZ,16420,15.501448515536254
nh3_ccpvdz,NH$_3$/cc-pVDZ,16430,16.194503276985017
nh3_ccpvdz,NH$_3$/cc-pVDZ,16440,16.52226215762198
nh3_ccpvdz,NH$_3$/cc-pVDZ,16450,15.270935745029135
nh3_ccpvdz,NH$_3$/cc-pVDZ,16460,15.153695118286237
nh3_ccpvdz,NH$_3$/cc-pVDZ,16470,15.472040726891123
nh3_ccpvdz,NH$_3$/cc-pVDZ,16480,15.1157578165666
nh3_ccpvdz,NH$_3$/cc-pVDZ,16490,15.271501010808208
nh3_ccpvdz,NH$_3$/cc-pVDZ,16500,15.931567579002603
nh3_ccpvdz,NH$_3$/cc-pVDZ,16510,18.848835329123403
nh3_ccpvdz,NH$_3$/cc-pVDZ,16520,15.741837384084079
nh3_ccpvdz,NH$_3$/cc-pVDZ,16530,15.295534463433569
nh3_ccpvdz,NH$_3$/cc-pVDZ,16540,15.284544026350488
nh3_ccpvdz,NH$_3$/cc-pVDZ,16550,15.853069690443533
nh3_ccpvdz,NH$_3$/cc-pVDZ,16560,15.319322454665496
nh3_ccpvdz,NH$_3$/cc-pVDZ,16570,15.160558323742634
nh3_ccpvdz,NH$_3$/cc-pVDZ,16580,15.230173741464625
nh3_ccpvdz,NH$_3$/cc-pVDZ,16590,17.86439624402192
nh3_ccpvdz,NH$_3$/cc-pVDZ,16600,16.634724057006167
nh3_ccpvdz,NH$_3$/cc-pVDZ,16610,15.613668038454875
nh3_ccpvdz,NH$_3$/cc-pVDZ,16620,15.048974835700335
nh3_ccpvdz,NH$_3$/cc-pVDZ,16630,16.223128902936423
nh3_ccpvdz,NH$_3$/cc-pVDZ,16640,15.210404139246236
nh3_ccpvdz,NH$_3$/cc-pVDZ,16650,15.077019910847866
nh3_ccpvdz,NH$_3$/cc-pVDZ,16660,15.49558228023784
nh3_ccpvdz,NH$_3$/cc-pVDZ,16670,15.375162318854052
nh3_ccpvdz,NH$_3$/cc-pVDZ,16680,21.157069235073322
nh3_ccpvdz,NH$_3$/cc-pVDZ,16690,15.218256712273615
nh3_ccpvdz,NH$_3$/cc-pVDZ,16700,15.814917090672509
nh3_ccpvdz,NH$_3$/cc-pVDZ,16710,15.160469261722653
nh3_ccpvdz,NH$_3$/cc-pVDZ,16720,15.09006597797935
nh3_ccpvdz,NH$_3$/cc-pVDZ,16730,15.408585360390248
nh3_ccpvdz,NH$_3$/cc-pVDZ,16740,15.714352189348801
nh3_ccpvdz,NH$_3$/cc-pVDZ,16750,15.165723666932251
nh3_ccpvdz,NH$_3$/cc-pVDZ,16760,15.449911976432418
nh3_ccpvdz,NH$_3$/cc-pVDZ,16770,16.222617465118105
nh3_ccpvdz,NH$_3$/cc-pVDZ,16780,15.628806497176129
nh3_ccpvdz,NH$_3$/cc-pVDZ,16790,15.340343104490728
nh3_ccpvdz,NH$_3$/cc-pVDZ,16800,15.315241582200656
nh3_ccpvdz,NH$_3$/cc-pVDZ,16810,15.856443061615266
nh3_ccpvdz,NH$_3$/cc-pVDZ,16820,15.372031864075097
nh3_ccpvdz,NH$_3$/cc-pVDZ,16830,15.028223165998611
nh3_ccpvdz,NH$_3$/cc-pVDZ,16840,15.587077594055643
nh3_ccpvdz,NH$_3$/cc-pVDZ,16850,17.372839792500372
nh3_ccpvdz,NH$_3$/cc-pVDZ,16860,15.778643205379694
nh3_ccpvdz,NH$_3$/cc-pVDZ,16870,15.266605208331896
nh3_ccpvdz,NH$_3$/cc-pVDZ,16880,15.653835426086005
nh3_ccpvdz,NH$_3$/cc-pVDZ,16890,16.234345746191536
nh3_ccpvdz,NH$_3$/cc-pVDZ,16900,16.021324420322003
nh3_ccpvdz,NH$_3$/cc-pVDZ,16910,15.434700630024167
nh3_ccpvdz,NH$_3$/cc-pVDZ,16920,15.303690296619266
nh3_ccpvdz,NH$_3$/cc-pVDZ,16930,15.887383215279272
nh3_ccpvdz,NH$_3$/cc-pVDZ,16940,15.749205353159823
nh3_ccpvdz,NH$_3$/cc-pVDZ,16950,15.45111089372142
nh3_ccpvdz,NH$_3$/cc-pVDZ,16960,14.92166579642884
nh3_ccpvdz,NH$_3$/cc-pVDZ,16970,14.985833726832709
nh3_ccpvdz,NH$_3$/cc-pVDZ,16980,15.14461399028022
nh3_ccpvdz,NH$_3$/cc-pVDZ,16990,18.875621172689705
nh3_ccpvdz,NH$_3$/cc-pVDZ,17000,16.382630911643048
nh3_ccpvdz,NH$_3$/cc-pVDZ,17010,15.561722405671219
nh3_ccpvdz,NH$_3$/cc-pVDZ,17020,16.203823266607742
nh3_ccpvdz,NH$_3$/cc-pVDZ,17030,15.512777750039675
nh3_ccpvdz,NH$_3$/cc-pVDZ,17040,15.248771316556997
nh3_ccpvdz,NH$_3$/cc-pVDZ,17050,15.121004497267165
nh3_ccpvdz,NH$_3$/cc-pVDZ,17060,15.33398012976761
nh3_ccpvdz,NH$_3$/cc-pVDZ,17070,19.08012777890633
nh3_ccpvdz,NH$_3$/cc-pVDZ,17080,16.769504678471492
nh3_ccpvdz,NH$_3$/cc-pVDZ,17090,15.953409183467215
nh3_ccpvdz,NH$_3$/cc-pVDZ,17100,15.239877781581868
nh3_ccpvdz,NH$_3$/cc-pVDZ,17110,15.509829638517658
nh3_ccpvdz,NH$_3$/cc-pVDZ,17120,14.966260963610978
nh3_ccpvdz,NH$_3$/cc-pVDZ,17130,14.925524786747246
nh3_ccpvdz,NH$_3$/cc-pVDZ,17140,15.906370267650516
nh3_ccpvdz,NH$_3$/cc-pVDZ,17150,16.557483295336795
nh3_ccpvdz,NH$_3$/cc-pVDZ,17160,15.721451986344448
nh3_ccpvdz,NH$_3$/cc-pVDZ,17170,15.224541152747406
nh3_ccpvdz,NH$_3$/cc-pVDZ,17180,15.122907356698079
nh3_ccpvdz,NH$_3$/cc-pVDZ,17190,16.413399350355462
nh3_ccpvdz,NH$_3$/cc-pVDZ,17200,18.824975536062993
nh3_ccpvdz,NH$_3$/cc-pVDZ,17210,16.03769767327634
nh3_ccpvdz,NH$_3$/cc-pVDZ,17220,15.36467127741048
nh3_ccpvdz,NH$_3$/cc-pVDZ,17230,15.726904441379475
nh3_ccpvdz,NH$_3$/cc-pVDZ,17240,15.64077233887673
nh3_ccpvdz,NH$_3$/cc-pVDZ,17250,15.351431101670698
nh3_ccpvdz,NH$_3$/cc-pVDZ,17260,16.55170546019491
nh3_ccpvdz,NH$_3$/cc-pVDZ,17270,15.905364805426814
nh3_ccpvdz,NH$_3$/cc-pVDZ,17280,15.413699903604083
nh3_ccpvdz,NH$_3$/cc-pVDZ,17290,15.368878166277966
nh3_ccpvdz,NH$_3$/cc-pVDZ,17300,14.979035767723303
nh3_ccpvdz,NH$_3$/cc-pVDZ,17310,15.032072987708034
nh3_ccpvdz,NH$_3$/cc-pVDZ,17320,14.730574078981817
nh3_ccpvdz,NH$_3$/cc-pVDZ,17330,15.280918198293136
nh3_ccpvdz,NH$_3$/cc-pVDZ,17340,15.611007191374426
nh3_ccpvdz,NH$_3$/cc-pVDZ,17350,15.547043702326846
nh3_ccpvdz,NH$_3$/cc-pVDZ,17360,14.769413396422237
nh3_ccpvdz,NH$_3$/cc-pVDZ,17370,16.233959313105117
nh3_ccpvdz,NH$_3$/cc-pVDZ,17380,16.894866684317833
nh3_ccpvdz,NH$_3$/cc-pVDZ,17390,14.989363661968014
nh3_ccpvdz,NH$_3$/cc-pVDZ,17400,15.37918971091301
nh3_ccpvdz,NH$_3$/cc-pVDZ,17410,15.267104729907999
nh3_ccpvdz,NH$_3$/cc-pVDZ,17420,15.260843120678658
nh3_ccpvdz,NH$_3$/cc-pVDZ,17430,14.764587670917706
nh3_ccpvdz,NH$_3$/cc-pVDZ,17440,18.700860434300637
nh3_ccpvdz,NH$_3$/cc-pVDZ,17450,16.516146002992116
nh3_ccpvdz,NH$_3$/cc-pVDZ,17460,15.428162459073747
nh3_ccpvdz,NH$_3$/cc-pVDZ,17470,15.074821246948034
nh3_ccpvdz,NH$_3$/cc-pVDZ,17480,15.143402176711618
nh3_ccpvdz,NH$_3$/cc-pVDZ,17490,15.030905384563198
nh3_ccpvdz,NH$_3$/cc-pVDZ,17500,14.93078934612413
nh3_ccpvdz,NH$_3$/cc-pVDZ,17510,17.103077345360873
nh3_ccpvdz,NH$_3$/cc-pVDZ,17520,15.350507286086668
nh3_ccpvdz,NH$_3$/cc-pVDZ,17530,15.519884640532666
nh3_ccpvdz,NH$_3$/cc-pVDZ,17540,15.063055491857824
nh3_ccpvdz,NH$_3$/cc-pVDZ,17550,14.952095077660488
nh3_ccpvdz,NH$_3$/cc-pVDZ,17560,15.224639375055915
nh3_ccpvdz,NH$_3$/cc-pVDZ,17570,15.634995923250017
nh3_ccpvdz,NH$_3$/cc-pVDZ,17580,15.21948100909043
nh3_ccpvdz,NH$_3$/cc-pVDZ,17590,16.138455124043105
nh3_ccpvdz,NH$_3$/cc-pVDZ,17600,15.132884509640121
nh3_ccpvdz,NH$_3$/cc-pVDZ,17610,14.918406957036723
nh3_ccpvdz,NH$_3$/cc-pVDZ,17620,15.678320755803554
nh3_ccpvdz,NH$_3$/cc-pVDZ,17630,15.269029683132374
nh3_ccpvdz,NH$_3$/cc-pVDZ,17640,14.976090223349559
nh3_ccpvdz,NH$_3$/cc-pVDZ,17650,16.34231750525572
nh3_ccpvdz,NH$_3$/cc-pVDZ,17660,18.160767321447224
nh3_ccpvdz,NH$_3$/cc-pVDZ,17670,16.153778547852937
nh3_ccpvdz,NH$_3$/cc-pVDZ,17680,15.141116563825108
nh3_ccpvdz,NH$_3$/cc-pVDZ,17690,15.069013559269706
nh3_ccpvdz,NH$_3$/cc-pVDZ,17700,16.019211509778586
nh3_ccpvdz,NH$_3$/cc-pVDZ,17710,15.56764776865549
nh3_ccpvdz,NH$_3$/cc-pVDZ,17720,14.777063471854035
nh3_ccpvdz,NH$_3$/cc-pVDZ,17730,14.849366645627526
nh3_ccpvdz,NH$_3$/cc-pVDZ,17740,15.15618866100965
nh3_ccpvdz,NH$_3$/cc-pVDZ,17750,18.168562329641702
nh3_ccpvdz,NH$_3$/cc-pVDZ,17760,16.98974531169739
nh3_ccpvdz,NH$_3$/cc-pVDZ,17770,15.117817826983071
nh3_ccpvdz,NH$_3$/cc-pVDZ,17780,15.303239972915605
nh3_ccpvdz,NH$_3$/cc-pVDZ,17790,14.874235461540763
nh3_ccpvdz,NH$_3$/cc-pVDZ,17800,16.930475848702997
nh3_ccpvdz,NH$_3$/cc-pVDZ,17810,14.928707725516688
nh3_ccpvdz,NH$_3$/cc-pVDZ,17820,15.06021731211149
nh3_ccpvdz,NH$_3$/cc-pVDZ,17830,15.411608911207964
nh3_ccpvdz,NH$_3$/cc-pVDZ,17840,15.397543740846231
nh3_ccpvdz,NH$_3$/cc-pVDZ,17850,15.0428902817481
nh3_ccpvdz,NH$_3$/cc-pVDZ,17860,15.056087418514608
nh3_ccpvdz,NH$_3$/cc-pVDZ,17870,14.776501352869786
nh3_ccpvdz,NH$_3$/cc-pVDZ,17880,15.88350792647475
nh3_ccpvdz,NH$_3$/cc-pVDZ,17890,15.476160506416647
nh3_ccpvdz,NH$_3$/cc-pVDZ,17900,15.251461096610797
nh3_ccpvdz,NH$_3$/cc-pVDZ,17910,15.108068030023958
nh3_ccpvdz,NH$_3$/cc-pVDZ,17920,14.838886423738984
nh3_ccpvdz,NH$_3$/cc-pVDZ,17930,16.698559943257862
nh3_ccpvdz,NH$_3$/cc-pVDZ,17940,15.556666170496669
nh3_ccpvdz,NH$_3$/cc-pVDZ,17950,15.55696295485376
nh3_ccpvdz,NH$_3$/cc-pVDZ,17960,15.03304839475561
nh3_ccpvdz,NH$_3$/cc-pVDZ,17970,15.351569019593114
nh3_ccpvdz,NH$_3$/cc-pVDZ,17980,15.668146047858045
nh3_ccpvdz,NH$_3$/cc-pVDZ,17990,15.611942717796978
nh3_ccpvdz,NH$_3$/cc-pVDZ,18000,15.167567617275779
nh3_ccpvdz,NH$_3$/cc-pVDZ,18010,15.702038985608624
nh3_ccpvdz,NH$_3$/cc-pVDZ,18020,15.033370297814486
nh3_ccpvdz,NH$_3$/cc-pVDZ,18030,15.134039767524143
nh3_ccpvdz,NH$_3$/cc-pVDZ,18040,14.684278630859637
nh3_ccpvdz,NH$_3$/cc-pVDZ,18050,17.450617764637855
nh3_ccpvdz,NH$_3$/cc-pVDZ,18060,15.536446361672063
nh3_ccpvdz,NH$_3$/cc-pVDZ,18070,15.13975165160275
nh3_ccpvdz,NH$_3$/cc-pVDZ,18080,15.446082701842556
nh3_ccpvdz,NH$_3$/cc-pVDZ,18090,14.895689270723267
nh3_ccpvdz,NH$_3$/cc-pVDZ,18100,14.876118472265887
nh3_ccpvdz,NH$_3$/cc-pVDZ,18110,16.229172916418122
nh3_ccpvdz,NH$_3$/cc-pVDZ,18120,15.496656861898828
nh3_ccpvdz,NH$_3$/cc-pVDZ,18130,14.921047786337738
nh3_ccpvdz,NH$_3$/cc-pVDZ,18140,14.743657101803365
nh3_ccpvdz,NH$_3$/cc-pVDZ,18150,15.512798033540776
nh3_ccpvdz,NH$_3$/cc-pVDZ,18160,14.937920261466786
nh3_ccpvdz,NH$_3$/cc-pVDZ,18170,15.381887966768204
nh3_ccpvdz,NH$_3$/cc-pVDZ,18180,15.497683186211475
nh3_ccpvdz,NH$_3$/cc-pVDZ,18190,15.199558028349713
nh3_ccpvdz,NH$_3$/cc-pVDZ,18200,15.33583829306906
nh3_ccpvdz,NH$_3$/cc-pVDZ,18210,15.091434458049946
nh3_ccpvdz,NH$_3$/cc-pVDZ,18220,14.824647089049847
nh3_ccpvdz,NH$_3$/cc-pVDZ,18230,14.728853480683313
nh3_ccpvdz,NH$_3$/cc-pVDZ,18240,15.852459318381307
nh3_ccpvdz,NH$_3$/cc-pVDZ,18250,15.569087824637506
nh3_ccpvdz,NH$_3$/cc-pVDZ,18260,15.324916798839183
nh3_ccpvdz,NH$_3$/cc-pVDZ,18270,15.033102420659361
nh3_ccpvdz,NH$_3$/cc-pVDZ,18280,15.310468950659128
nh3_ccpvdz,NH$_3$/cc-pVDZ,18290,15.27271610284231
nh3_ccpvdz,NH$_3$/cc-pVDZ,18300,14.607900627225945
nh3_ccpvdz,NH$_3$/cc-pVDZ,18310,15.577223668351792
nh3_ccpvdz,NH$_3$/cc-pVDZ,18320,15.717826021855785
nh3_ccpvdz,NH$_3$/cc-pVDZ,18330,14.543483737881502
nh3_ccpvdz,NH$_3$/cc-pVDZ,18340,15.237496967550612
nh3_ccpvdz,NH$_3$/cc-pVDZ,18350,15.49293326997514
nh3_ccpvdz,NH$_3$/cc-pVDZ,18360,14.70687936996029
nh3_ccpvdz,NH$_3$/cc-pVDZ,18370,14.551557817767957
nh3_ccpvdz,NH$_3$/cc-pVDZ,18380,15.547363984524054
nh3_ccpvdz,NH$_3$/cc-pVDZ,18390,14.909468291065764
nh3_ccpvdz,NH$_3$/cc-pVDZ,18400,16.83817934691234
nh3_ccpvdz,NH$_3$/cc-pVDZ,18410,16.173523964219783
nh3_ccpvdz,NH$_3$/cc-pVDZ,18420,14.968750861513058
nh3_ccpvdz,NH$_3$/cc-pVDZ,18430,14.83329938826472
nh3_ccpvdz,NH$_3$/cc-pVDZ,18440,14.891207793318983
nh3_ccpvdz,NH$_3$/cc-pVDZ,18450,14.8498245206099
nh3_ccpvdz,NH$_3$/cc-pVDZ,18460,14.884737065862907
nh3_ccpvdz,NH$_3$/cc-pVDZ,18470,15.63150565687721
nh3_ccpvdz,NH$_3$/cc-pVDZ,18480,16.025302436155187
nh3_ccpvdz,NH$_3$/cc-pVDZ,18490,15.468495300439145
nh3_ccpvdz,NH$_3$/cc-pVDZ,18500,15.819218106834398
nh3_ccpvdz,NH$_3$/cc-pVDZ,18510,14.887028887649478
nh3_ccpvdz,NH$_3$/cc-pVDZ,18520,15.25629249656646
nh3_ccpvdz,NH$_3$/cc-pVDZ,18530,14.67911615781503
nh3_ccpvdz,NH$_3$/cc-pVDZ,18540,14.514691373413768
nh3_ccpvdz,NH$_3$/cc-pVDZ,18550,14.854467401228533
nh3_ccpvdz,NH$_3$/cc-pVDZ,18560,15.535496888716693
nh3_ccpvdz,NH$_3$/cc-pVDZ,18570,15.312100224996072
nh3_ccpvdz,NH$_3$/cc-pVDZ,18580,14.98818033374505
nh3_ccpvdz,NH$_3$/cc-pVDZ,18590,15.160225266676264
nh3_ccpvdz,NH$_3$/cc-pVDZ,18600,16.087941569352893
nh3_ccpvdz,NH$_3$/cc-pVDZ,18610,14.755063168266247
nh3_ccpvdz,NH$_3$/cc-pVDZ,18620,15.529168106766633
nh3_ccpvdz,NH$_3$/cc-pVDZ,18630,14.774444783128615
nh3_ccpvdz,NH$_3$/cc-pVDZ,18640,14.670490239673484
nh3_ccpvdz,NH$_3$/cc-pVDZ,18650,14.76620323635558
nh3_ccpvdz,NH$_3$/cc-pVDZ,18660,14.838405267575183
nh3_ccpvdz,NH$_3$/cc-pVDZ,18670,14.801898346014752
nh3_ccpvdz,NH$_3$/cc-pVDZ,18680,14.690298752114472
nh3_ccpvdz,NH$_3$/cc-pVDZ,18690,14.808764008229502
nh3_ccpvdz,NH$_3$/cc-pVDZ,18700,14.733933268928467
nh3_ccpvdz,NH$_3$/cc-pVDZ,18710,14.693021145568252
nh3_ccpvdz,NH$_3$/cc-pVDZ,18720,16.056076592171564
nh3_ccpvdz,NH$_3$/cc-pVDZ,18730,14.647793484051874
nh3_ccpvdz,NH$_3$/cc-pVDZ,18740,15.032378635339683
nh3_ccpvdz,NH$_3$/cc-pVDZ,18750,14.718097790222373
nh3_ccpvdz,NH$_3$/cc-pVDZ,18760,15.50632504473981
nh3_ccpvdz,NH$_3$/cc-pVDZ,18770,15.279224768462996
nh3_ccpvdz,NH$_3$/cc-pVDZ,18780,14.71135254696776
nh3_ccpvdz,NH$_3$/cc-pVDZ,18790,15.647518549975814
nh3_ccpvdz,NH$_3$/cc-pVDZ,18800,14.896838978359028
nh3_ccpvdz,NH$_3$/cc-pVDZ,18810,14.57602767126076
nh3_ccpvdz,NH$_3$/cc-pVDZ,18820,15.028082853724811
nh3_ccpvdz,NH$_3$/cc-pVDZ,18830,14.442883090488579
nh3_ccpvdz,NH$_3$/cc-pVDZ,18840,19.510651970669812
nh3_ccpvdz,NH$_3$/cc-pVDZ,18850,15.029655910460349
nh3_ccpvdz,NH$_3$/cc-pVDZ,18860,15.028348424891647
nh3_ccpvdz,NH$_3$/cc-pVDZ,18870,14.815845359684943
nh3_ccpvdz,NH$_3$/cc-pVDZ,18880,15.199652155907017
nh3_ccpvdz,NH$_3$/cc-pVDZ,18890,14.580205410787528
nh3_ccpvdz,NH$_3$/cc-pVDZ,18900,14.783205795438903
nh3_ccpvdz,NH$_3$/cc-pVDZ,18910,14.944703600178855
nh3_ccpvdz,NH$_3$/cc-pVDZ,18920,14.769837276389808
nh3_ccpvdz,NH$_3$/cc-pVDZ,18930,15.803160121151905
nh3_ccpvdz,NH$_3$/cc-pVDZ,18940,15.18678773643245
nh3_ccpvdz,NH$_3$/cc-pVDZ,18950,14.691607645573868
nh3_ccpvdz,NH$_3$/cc-pVDZ,18960,14.71812977408149
nh3_ccpvdz,NH$_3$/cc-pVDZ,18970,14.608227365421556
nh3_ccpvdz,NH$_3$/cc-pVDZ,18980,14.899298523538107
nh3_ccpvdz,NH$_3$/cc-pVDZ,18990,17.10857317515746
nh3_ccpvdz,NH$_3$/cc-pVDZ,19000,15.46504571548013
nh3_ccpvdz,NH$_3$/cc-pVDZ,19010,15.878352090737735
nh3_ccpvdz,NH$_3$/cc-pVDZ,19020,14.783599613728882
nh3_ccpvdz,NH$_3$/cc-pVDZ,19030,14.462106668318597
nh3_ccpvdz,NH$_3$/cc-pVDZ,19040,14.530685587473613
nh3_ccpvdz,NH$_3$/cc-pVDZ,19050,16.044985982993865
nh3_ccpvdz,NH$_3$/cc-pVDZ,19060,14.653998570643978
nh3_ccpvdz,NH$_3$/cc-pVDZ,19070,16.66867007826056
nh3_ccpvdz,NH$_3$/cc-pVDZ,19080,14.68274051372731
nh3_ccpvdz,NH$_3$/cc-pVDZ,19090,14.47867037966688
nh3_ccpvdz,NH$_3$/cc-pVDZ,19100,15.325391669769317
nh3_ccpvdz,NH$_3$/cc-pVDZ,19110,14.782982062321537
nh3_ccpvdz,NH$_3$/cc-pVDZ,19120,15.034988624890389
nh3_ccpvdz,NH$_3$/cc-pVDZ,19130,14.857929419690663
nh3_ccpvdz,NH$_3$/cc-pVDZ,19140,15.46672754363243
nh3_ccpvdz,NH$_3$/cc-pVDZ,19150,15.307438683699104
nh3_ccpvdz,NH$_3$/cc-pVDZ,19160,15.596270875022356
nh3_ccpvdz,NH$_3$/cc-pVDZ,19170,15.167835447712719
nh3_ccpvdz,NH$_3$/cc-pVDZ,19180,15.465285868870637
nh3_ccpvdz,NH$_3$/cc-pVDZ,19190,14.64057193623347
nh3_ccpvdz,NH$_3$/cc-pVDZ,19200,14.423138750579767
nh3_ccpvdz,NH$_3$/cc-pVDZ,19210,15.586838927255542
nh3_ccpvdz,NH$_3$/cc-pVDZ,19220,15.850487435798755
nh3_ccpvdz,NH$_3$/cc-pVDZ,19230,14.813979677484213
nh3_ccpvdz,NH$_3$/cc-pVDZ,19240,14.821277974178315
nh3_ccpvdz,NH$_3$/cc-pVDZ,19250,14.780365769695436
nh3_ccpvdz,NH$_3$/cc-pVDZ,19260,14.69657453964146
nh3_ccpvdz,NH$_3$/cc-pVDZ,19270,14.492717839836189
nh3_ccpvdz,NH$_3$/cc-pVDZ,19280,14.76304479732704
nh3_ccpvdz,NH$_3$/cc-pVDZ,19290,15.115395416067656
nh3_ccpvdz,NH$_3$/cc-pVDZ,19300,15.623015518507088
nh3_ccpvdz,NH$_3$/cc-pVDZ,19310,14.540125689372019
nh3_ccpvdz,NH$_3$/cc-pVDZ,19320,14.85634397883473
nh3_ccpvdz,NH$_3$/cc-pVDZ,19330,15.499656516901439
nh3_ccpvdz,NH$_3$/cc-pVDZ,19340,14.905299515227455
nh3_ccpvdz,NH$_3$/cc-pVDZ,19350,14.518668001137769
nh3_ccpvdz,NH$_3$/cc-pVDZ,19360,14.936254656312542
nh3_ccpvdz,NH$_3$/cc-pVDZ,19370,15.176696551890245
nh3_ccpvdz,NH$_3$/cc-pVDZ,19380,14.51446860051675
nh3_ccpvdz,NH$_3$/cc-pVDZ,19390,14.533762555402063
nh3_ccpvdz,NH$_3$/cc-pVDZ,19400,15.337251364073268
nh3_ccpvdz,NH$_3$/cc-pVDZ,19410,18.294306969472984
nh3_ccpvdz,NH$_3$/cc-pVDZ,19420,14.491972910242623
nh3_ccpvdz,NH$_3$/cc-pVDZ,19430,15.730684247216686
nh3_ccpvdz,NH$_3$/cc-pVDZ,19440,14.45072537905645
nh3_ccpvdz,NH$_3$/cc-pVDZ,19450,14.888056211340484
nh3_ccpvdz,NH$_3$/cc-pVDZ,19460,14.637087570619656
nh3_ccpvdz,NH$_3$/cc-pVDZ,19470,14.420941228195261
nh3_ccpvdz,NH$_3$/cc-pVDZ,19480,14.436270232053516
nh3_ccpvdz,NH$_3$/cc-pVDZ,19490,14.417568276066106
nh3_ccpvdz,NH$_3$/cc-pVDZ,19500,14.777278058460297
nh3_ccpvdz,NH$_3$/cc-pVDZ,19510,14.387083983869786
nh3_ccpvdz,NH$_3$/cc-pVDZ,19520,20.338774551738936
nh3_ccpvdz,NH$_3$/cc-pVDZ,19530,16.157932037437206
nh3_ccpvdz,NH$_3$/cc-pVDZ,19540,15.2526242047486
nh3_ccpvdz,NH$_3$/cc-pVDZ,19550,15.016450700294115
nh3_ccpvdz,NH$_3$/cc-pVDZ,19560,14.634488145915725
nh3_ccpvdz,NH$_3$/cc-pVDZ,19570,14.811158649671086
nh3_ccpvdz,NH$_3$/cc-pVDZ,19580,14.364140998928576
nh3_ccpvdz,NH$_3$/cc-pVDZ,19590,14.746998997814842
nh3_ccpvdz,NH$_3$/cc-pVDZ,19600,14.696255556636117
nh3_ccpvdz,NH$_3$/cc-pVDZ,19610,15.34871846903485
nh3_ccpvdz,NH$_3$/cc-pVDZ,19620,16.778023650701357
nh3_ccpvdz,NH$_3$/cc-pVDZ,19630,16.15058385138468
nh3_ccpvdz,NH$_3$/cc-pVDZ,19640,14.677556173914752
nh3_ccpvdz,NH$_3$/cc-pVDZ,19650,14.389378297245514
nh3_ccpvdz,NH$_3$/cc-pVDZ,19660,14.663089566901988
nh3_ccpvdz,NH$_3$/cc-pVDZ,19670,14.388742458486092
nh3_ccpvdz,NH$_3$/cc-pVDZ,19680,14.761179255316392
nh3_ccpvdz,NH$_3$/cc-pVDZ,19690,14.248412638544039
nh3_ccpvdz,NH$_3$/cc-pVDZ,19700,15.056848811532575
nh3_ccpvdz,NH$_3$/cc-pVDZ,19710,15.504536496592891
nh3_ccpvdz,NH$_3$/cc-pVDZ,19720,14.647428530970785
nh3_ccpvdz,NH$_3$/cc-pVDZ,19730,15.024311899686893
nh3_ccpvdz,NH$_3$/cc-pVDZ,19740,14.569694939247313
nh3_ccpvdz,NH$_3$/cc-pVDZ,19750,14.439437049652781
nh3_ccpvdz,NH$_3$/cc-pVDZ,19760,14.627192547543189
nh3_ccpvdz,NH$_3$/cc-pVDZ,19770,15.719304699636893
nh3_ccpvdz,NH$_3$/cc-pVDZ,19780,15.460560932197609
nh3_ccpvdz,NH$_3$/cc-pVDZ,19790,14.354589827739517
nh3_ccpvdz,NH$_3$/cc-pVDZ,19800,15.999009313802048
nh3_ccpvdz,NH$_3$/cc-pVDZ,19810,14.727096270895856
nh3_ccpvdz,NH$_3$/cc-pVDZ,19820,16.424334554024256
nh3_ccpvdz,NH$_3$/cc-pVDZ,19830,15.195282085642248
nh3_ccpvdz,NH$_3$/cc-pVDZ,19840,14.416505635601595
nh3_ccpvdz,NH$_3$/cc-pVDZ,19850,14.567719292720938
nh3_ccpvdz,NH$_3$/cc-pVDZ,19860,14.469302127601225
nh3_ccpvdz,NH$_3$/cc-pVDZ,19870,14.706412141421765
nh3_ccpvdz,NH$_3$/cc-pVDZ,19880,14.775440287316144
nh3_ccpvdz,NH$_3$/cc-pVDZ,19890,14.4023130770492
nh3_ccpvdz,NH$_3$/cc-pVDZ,19900,14.514174738607721
nh3_ccpvdz,NH$_3$/cc-pVDZ,19910,14.608401751068811
nh3_ccpvdz,NH$_3$/cc-pVDZ,19920,15.605492927264208
nh3_ccpvdz,NH$_3$/cc-pVDZ,19930,15.327506738145757
nh3_ccpvdz,NH$_3$/cc-pVDZ,19940,14.362617219248364
nh3_ccpvdz,NH$_3$/cc-pVDZ,19950,15.394853957083399
nh3_ccpvdz,NH$_3$/cc-pVDZ,19960,14.306074305793004
nh3_ccpvdz,NH$_3$/cc-pVDZ,19970,14.39418080802568
nh3_ccpvdz,NH$_3$/cc-pVDZ,19980,15.521832757521281
nh3_ccpvdz,NH$_3$/cc-pVDZ,19990,15.174155244316978
nh3_ccpvdz,NH$_3$/cc-pVDZ,20000,14.758173305942535
nh3_ccpvdz,NH$_3$/cc-pVDZ,20010,14.792242219343166
nh3_ccpvdz,NH$_3$/cc-pVDZ,20020,14.497328698006129
nh3_ccpvdz,NH$_3$/cc-pVDZ,20030,15.714629823442294
nh3_ccpvdz,NH$_3$/cc-pVDZ,20040,14.382593645514419
nh3_ccpvdz,NH$_3$/cc-pVDZ,20050,14.882719593401816
nh3_ccpvdz,NH$_3$/cc-pVDZ,20060,14.407985728325912
nh3_ccpvdz,NH$_3$/cc-pVDZ,20070,15.28461020003391
nh3_ccpvdz,NH$_3$/cc-pVDZ,20080,16.050710624618603
nh3_ccpvdz,NH$_3$/cc-pVDZ,20090,14.57718894045712
nh3_ccpvdz,NH$_3$/cc-pVDZ,20100,14.382846670848437
nh3_ccpvdz,NH$_3$/cc-pVDZ,20110,14.094981365190051
nh3_ccpvdz,NH$_3$/cc-pVDZ,20120,17.173589092436714
nh3_ccpvdz,NH$_3$/cc-pVDZ,20130,16.479107526102155
nh3_ccpvdz,NH$_3$/cc-pVDZ,20140,14.633220404952851
nh3_ccpvdz,NH$_3$/cc-pVDZ,20150,14.811770333949426
nh3_ccpvdz,NH$_3$/cc-pVDZ,20160,14.498066256926734
nh3_ccpvdz,NH$_3$/cc-pVDZ,20170,14.1664193564921
nh3_ccpvdz,NH$_3$/cc-pVDZ,20180,14.994317395341739
nh3_ccpvdz,NH$_3$/cc-pVDZ,20190,14.301458244801779
nh3_ccpvdz,NH$_3$/cc-pVDZ,20200,14.190276782649391
nh3_ccpvdz,NH$_3$/cc-pVDZ,20210,14.911730616731234
nh3_ccpvdz,NH$_3$/cc-pVDZ,20220,14.905451970868455
nh3_ccpvdz,NH$_3$/cc-pVDZ,20230,16.63956127664079
nh3_ccpvdz,NH$_3$/cc-pVDZ,20240,14.279859128059513
nh3_ccpvdz,NH$_3$/cc-pVDZ,20250,14.296754370683118
nh3_ccpvdz,NH$_3$/cc-pVDZ,20260,15.012628588330301
nh3_ccpvdz,NH$_3$/cc-pVDZ,20270,15.30692269081868
nh3_ccpvdz,NH$_3$/cc-pVDZ,20280,14.450623521888417
nh3_ccpvdz,NH$_3$/cc-pVDZ,20290,15.742380981130566
nh3_ccpvdz,NH$_3$/cc-pVDZ,20300,14.381812569062902
nh3_ccpvdz,NH$_3$/cc-pVDZ,20310,15.021053997514855
nh3_ccpvdz,NH$_3$/cc-pVDZ,20320,14.560643008366014
nh3_ccpvdz,NH$_3$/cc-pVDZ,20330,14.37762276500365
nh3_ccpvdz,NH$_3$/cc-pVDZ,20340,14.637210720813698
nh3_ccpvdz,NH$_3$/cc-pVDZ,20350,14.210050190030188
nh3_ccpvdz,NH$_3$/cc-pVDZ,20360,14.831475950330741
nh3_ccpvdz,NH$_3$/cc-pVDZ,20370,15.107947323521387
nh3_ccpvdz,NH$_3$/cc-pVDZ,20380,16.753475653473515
nh3_ccpvdz,NH$_3$/cc-pVDZ,20390,15.36776513571425
nh3_ccpvdz,NH$_3$/cc-pVDZ,20400,14.57719567614646
nh3_ccpvdz,NH$_3$/cc-pVDZ,20410,14.249873690275194
nh3_ccpvdz,NH$_3$/cc-pVDZ,20420,15.290494920812137
nh3_ccpvdz,NH$_3$/cc-pVDZ,20430,14.267236542345074
nh3_ccpvdz,NH$_3$/cc-pVDZ,20440,14.454120773116585
nh3_ccpvdz,NH$_3$/cc-pVDZ,20450,15.616480811360134
nh3_ccpvdz,NH$_3$/cc-pVDZ,20460,14.432836186131226
nh3_ccpvdz,NH$_3$/cc-pVDZ,20470,14.411094541927127
nh3_ccpvdz,NH$_3$/cc-pVDZ,20480,14.1873448497023
nh3_ccpvdz,NH$_3$/cc-pVDZ,20490,14.532818595831998
nh3_ccpvdz,NH$_3$/cc-pVDZ,20500,16.84219114071084
nh3_ccpvdz,NH$_3$/cc-pVDZ,20510,14.991017438013898
nh3_ccpvdz,NH$_3$/cc-pVDZ,20520,15.499241071722736
nh3_ccpvdz,NH$_3$/cc-pVDZ,20530,15.009645717860565
nh3_ccpvdz,NH$_3$/cc-pVDZ,20540,14.178965436492774
nh3_ccpvdz,NH$_3$/cc-pVDZ,20550,14.387129545717414
nh3_ccpvdz,NH$_3$/cc-pVDZ,20560,15.228178215323851
nh3_ccpvdz,NH$_3$/cc-pVDZ,20570,14.993361353468515
nh3_ccpvdz,NH$_3$/cc-pVDZ,20580,14.086809610496687
nh3_ccpvdz,NH$_3$/cc-pVDZ,20590,15.885105806894728
nh3_ccpvdz,NH$_3$/cc-pVDZ,20600,15.54924662278978
nh3_ccpvdz,NH$_3$/cc-pVDZ,20610,14.849751112706144
nh3_ccpvdz,NH$_3$/cc-pVDZ,20620,14.118833696272759
nh3_ccpvdz,NH$_3$/cc-pVDZ,20630,14.292097365007805
nh3_ccpvdz,NH$_3$/cc-pVDZ,20640,14.551526319593222
nh3_ccpvdz,NH$_3$/cc-pVDZ,20650,19.588983933203963
nh3_ccpvdz,NH$_3$/cc-pVDZ,20660,15.031848103134848
nh3_ccpvdz,NH$_3$/cc-pVDZ,20670,15.188605496376795
nh3_ccpvdz,NH$_3$/cc-pVDZ,20680,14.490460315990106
nh3_ccpvdz,NH$_3$/cc-pVDZ,20690,14.459274904638164
nh3_ccpvdz,NH$_3$/cc-pVDZ,20700,14.289543389104153
nh3_ccpvdz,NH$_3$/cc-pVDZ,20710,14.286735932621752
nh3_ccpvdz,NH$_3$/cc-pVDZ,20720,14.063537230050827
nh3_ccpvdz,NH$_3$/cc-pVDZ,20730,14.130073255607556
nh3_ccpvdz,NH$_3$/cc-pVDZ,20740,15.4474676086096
nh3_ccpvdz,NH$_3$/cc-pVDZ,20750,14.661420690565308
nh3_ccpvdz,NH$_3$/cc-pVDZ,20760,14.24951396702312
nh3_ccpvdz,NH$_3$/cc-pVDZ,20770,14.790008429805823
nh3_ccpvdz,NH$_3$/cc-pVDZ,20780,14.585088125834034
nh3_ccpvdz,NH$_3$/cc-pVDZ,20790,14.129833863769647
nh3_ccpvdz,NH$_3$/cc-pVDZ,20800,14.542087967249984
nh3_ccpvdz,NH$_3$/cc-pVDZ,20810,15.914703020435184
nh3_ccpvdz,NH$_3$/cc-pVDZ,20820,14.007519531261892
nh3_ccpvdz,NH$_3$/cc-pVDZ,20830,14.743424965246277
nh3_ccpvdz,NH$_3$/cc-pVDZ,20840,14.66672635868349
nh3_ccpvdz,NH$_3$/cc-pVDZ,20850,14.035614548696174
nh3_ccpvdz,NH$_3$/cc-pVDZ,20860,15.414124698232001
nh3_ccpvdz,NH$_3$/cc-pVDZ,20870,15.156759948474985
nh3_ccpvdz,NH$_3$/cc-pVDZ,20880,14.103421316406184
nh3_ccpvdz,NH$_3$/cc-pVDZ,20890,14.20488343084969
nh3_ccpvdz,NH$_3$/cc-pVDZ,20900,14.61125552756215
nh3_ccpvdz,NH$_3$/cc-pVDZ,20910,14.270434991026093
nh3_ccpvdz,NH$_3$/cc-pVDZ,20920,14.975448837802219
nh3_ccpvdz,NH$_3$/cc-pVDZ,20930,15.372029249590469
nh3_ccpvdz,NH$_3$/cc-pVDZ,20940,14.617352122549221
nh3_ccpvdz,NH$_3$/cc-pVDZ,20950,14.074230454866665
nh3_ccpvdz,NH$_3$/cc-pVDZ,20960,15.041824331312625
nh3_ccpvdz,NH$_3$/cc-pVDZ,20970,14.346123471675298
nh3_ccpvdz,NH$_3$/cc-pVDZ,20980,14.184426650345472
nh3_ccpvdz,NH$_3$/cc-pVDZ,20990,17.31483537521683
nh3_ccpvdz,NH$_3$/cc-pVDZ,21000,15.235213981824813
nh3_ccpvdz,NH$_3$/cc-pVDZ,21010,14.895811321181895
nh3_ccpvdz,NH$_3$/cc-pVDZ,21020,14.027498198196042
nh3_ccpvdz,NH$_3$/cc-pVDZ,21030,13.99603499250901
nh3_ccpvdz,NH$_3$/cc-pVDZ,21040,15.170328662833299
nh3_ccpvdz,NH$_3$/cc-pVDZ,21050,14.40105410882353
nh3_ccpvdz,NH$_3$/cc-pVDZ,21060,14.40992139069408
nh3_ccpvdz,NH$_3$/cc-pVDZ,21070,16.614630292927757
nh3_ccpvdz,NH$_3$/cc-pVDZ,21080,15.708490854365209
nh3_ccpvdz,NH$_3$/cc-pVDZ,21090,14.543830073208142
nh3_ccpvdz,NH$_3$/cc-pVDZ,21100,14.221391817464735
nh3_ccpvdz,NH$_3$/cc-pVDZ,21110,14.76752731025499
nh3_ccpvdz,NH$_3$/cc-pVDZ,21120,14.058727889022293
nh3_ccpvdz,NH$_3$/cc-pVDZ,21130,13.912076046757704
nh3_ccpvdz,NH$_3$/cc-pVDZ,21140,15.565832206426933
nh3_ccpvdz,NH$_3$/cc-pVDZ,21150,13.955792037918968
nh3_ccpvdz,NH$_3$/cc-pVDZ,21160,13.925394636160604
nh3_ccpvdz,NH$_3$/cc-pVDZ,21170,15.303302515093264
nh3_ccpvdz,NH$_3$/cc-pVDZ,21180,14.364618517213046
nh3_ccpvdz,NH$_3$/cc-pVDZ,21190,14.01514061356579
nh3_ccpvdz,NH$_3$/cc-pVDZ,21200,15.95259753978695
nh3_ccpvdz,NH$_3$/cc-pVDZ,21210,15.05844590038663
nh3_ccpvdz,NH$_3$/cc-pVDZ,21220,14.573955505063907
nh3_ccpvdz,NH$_3$/cc-pVDZ,21230,14.145614844139232
nh3_ccpvdz,NH$_3$/cc-pVDZ,21240,14.655238161374484
nh3_ccpvdz,NH$_3$/cc-pVDZ,21250,14.570037288336835
nh3_ccpvdz,NH$_3$/cc-pVDZ,21260,14.102733700049441
nh3_ccpvdz,NH$_3$/cc-pVDZ,21270,14.954377103492789
nh3_ccpvdz,NH$_3$/cc-pVDZ,21280,14.585177764551815
nh3_ccpvdz,NH$_3$/cc-pVDZ,21290,14.079658948219276
nh3_ccpvdz,NH$_3$/cc-pVDZ,21300,14.586269636247096
nh3_ccpvdz,NH$_3$/cc-pVDZ,21310,14.783863838410127
nh3_ccpvdz,NH$_3$/cc-pVDZ,21320,14.236814345856885
nh3_ccpvdz,NH$_3$/cc-pVDZ,21330,14.098088549005183
nh3_ccpvdz,NH$_3$/cc-pVDZ,21340,14.132566175980799
nh3_ccpvdz,NH$_3$/cc-pVDZ,21350,14.13320717217914
nh3_ccpvdz,NH$_3$/cc-pVDZ,21360,14.006939135100538
nh3_ccpvdz,NH$_3$/cc-pVDZ,21370,14.272431299104937
nh3_ccpvdz,NH$_3$/cc-pVDZ,21380,14.227044701854652
nh3_ccpvdz,NH$_3$/cc-pVDZ,21390,14.023175698376633
nh3_ccpvdz,NH$_3$/cc-pVDZ,21400,14.190175444895203
nh3_ccpvdz,NH$_3$/cc-pVDZ,21410,14.324361686426812
nh3_ccpvdz,NH$_3$/cc-pVDZ,21420,15.87773364541789
nh3_ccpvdz,NH$_3$/cc-pVDZ,21430,16.104342150327966
nh3_ccpvdz,NH$_3$/cc-pVDZ,21440,15.681866413544299
nh3_ccpvdz,NH$_3$/cc-pVDZ,21450,14.36152520651035
nh3_ccpvdz,NH$_3$/cc-pVDZ,21460,14.047620994588783
nh3_ccpvdz,NH$_3$/cc-pVDZ,21470,14.652901526368112
nh3_ccpvdz,NH$_3$/cc-pVDZ,21480,14.502592562273264
nh3_ccpvdz,NH$_3$/cc-pVDZ,21490,13.95334833888029
nh3_ccpvdz,NH$_3$/cc-pVDZ,21500,13.8312677255783
nh3_ccpvdz,NH$_3$/cc-pVDZ,21510,15.60715675535107
nh3_ccpvdz,NH$_3$/cc-pVDZ,21520,15.03531467960073
nh3_ccpvdz,NH$_3$/cc-pVDZ,21530,14.44564942168114
nh3_ccpvdz,NH$_3$/cc-pVDZ,21540,14.842512918733064
nh3_ccpvdz,NH$_3$/cc-pVDZ,21550,14.537883946786678
nh3_ccpvdz,NH$_3$/cc-pVDZ,21560,14.305078539187832
nh3_ccpvdz,NH$_3$/cc-pVDZ,21570,14.220408746496105
nh3_ccpvdz,NH$_3$/cc-pVDZ,21580,14.540764728273814
nh3_ccpvdz,NH$_3$/cc-pVDZ,21590,14.281053089554518
nh3_ccpvdz,NH$_3$/cc-pVDZ,21600,14.581632173317871
nh3_ccpvdz,NH$_3$/cc-pVDZ,21610,14.34561122937339
nh3_ccpvdz,NH$_3$/cc-pVDZ,21620,14.714568432147246
nh3_ccpvdz,NH$_3$/cc-pVDZ,21630,13.988790339745094
nh3_ccpvdz,NH$_3$/cc-pVDZ,21640,13.91404656510531
nh3_ccpvdz,NH$_3$/cc-pVDZ,21650,14.775764778590883
nh3_ccpvdz,NH$_3$/cc-pVDZ,21660,14.146288531691198
nh3_ccpvdz,NH$_3$/cc-pVDZ,21670,14.526258979145723
nh3_ccpvdz,NH$_3$/cc-pVDZ,21680,14.32746608374913
nh3_ccpvdz,NH$_3$/cc-pVDZ,21690,14.13028023966234
nh3_ccpvdz,NH$_3$/cc-pVDZ,21700,14.694607775609825
nh3_ccpvdz,NH$_3$/cc-pVDZ,21710,14.40930768922044
nh3_ccpvdz,NH$_3$/cc-pVDZ,21720,14.034839560522983
nh3_ccpvdz,NH$_3$/cc-pVDZ,21730,14.749026433889867
nh3_ccpvdz,NH$_3$/cc-pVDZ,21740,14.80196194969352
nh3_ccpvdz,NH$_3$/cc-pVDZ,21750,14.289071088064986
nh3_ccpvdz,NH$_3$/cc-pVDZ,21760,14.373268916912707
nh3_ccpvdz,NH$_3$/cc-pVDZ,21770,14.087921922744329
nh3_ccpvdz,NH$_3$/cc-pVDZ,21780,14.821667379159464
nh3_ccpvdz,NH$_3$/cc-pVDZ,21790,14.167027297965262
nh3_ccpvdz,NH$_3$/cc-pVDZ,21800,18.836622666185576
nh3_ccpvdz,NH$_3$/cc-pVDZ,21810,15.355788775352153
nh3_ccpvdz,NH$_3$/cc-pVDZ,21820,14.93989730658285
nh3_ccpvdz,NH$_3$/cc-pVDZ,21830,14.24973140146335
nh3_ccpvdz,NH$_3$/cc-pVDZ,21840,14.098511365681077
nh3_ccpvdz,NH$_3$/cc-pVDZ,21850,14.1142190797936
nh3_ccpvdz,NH$_3$/cc-pVDZ,21860,14.217401114656525
nh3_ccpvdz,NH$_3$/cc-pVDZ,21870,14.274183247849237
nh3_ccpvdz,NH$_3$/cc-pVDZ,21880,13.969292299307767
nh3_ccpvdz,NH$_3$/cc-pVDZ,21890,13.847838044739547
nh3_ccpvdz,NH$_3$/cc-pVDZ,21900,15.261889659939243
nh3_ccpvdz,NH$_3$/cc-pVDZ,21910,13.928386679950222
nh3_ccpvdz,NH$_3$/cc-pVDZ,21920,13.953592973514617
nh3_ccpvdz,NH$_3$/cc-pVDZ,21930,14.622947683669452
nh3_ccpvdz,NH$_3$/cc-pVDZ,21940,14.054895081820007
nh3_ccpvdz,NH$_3$/cc-pVDZ,21950,13.978757318476198
nh3_ccpvdz,NH$_3$/cc-pVDZ,21960,14.824018634676861
nh3_ccpvdz,NH$_3$/cc-pVDZ,21970,14.316479450556585
nh3_ccpvdz,NH$_3$/cc-pVDZ,21980,14.076297880691868
nh3_ccpvdz,NH$_3$/cc-pVDZ,21990,13.990912872081651
nh3_ccpvdz,NH$_3$/cc-pVDZ,22000,14.32300142852938
nh3_ccpvdz,NH$_3$/cc-pVDZ,22010,14.926088856235253
nh3_ccpvdz,NH$_3$/cc-pVDZ,22020,14.048536575756998
nh3_ccpvdz,NH$_3$/cc-pVDZ,22030,14.510702462153802
nh3_ccpvdz,NH$_3$/cc-pVDZ,22040,14.91111354560104
nh3_ccpvdz,NH$_3$/cc-pVDZ,22050,13.782829916848982
nh3_ccpvdz,NH$_3$/cc-pVDZ,22060,14.185416327144651
nh3_ccpvdz,NH$_3$/cc-pVDZ,22070,14.273282472125004
nh3_ccpvdz,NH$_3$/cc-pVDZ,22080,14.483720654141052
nh3_ccpvdz,NH$_3$/cc-pVDZ,22090,14.464442502223562
nh3_ccpvdz,NH$_3$/cc-pVDZ,22100,13.789050889855048
nh3_ccpvdz,NH$_3$/cc-pVDZ,22110,14.337654750114837
nh3_ccpvdz,NH$_3$/cc-pVDZ,22120,13.776115842354386
nh3_ccpvdz,NH$_3$/cc-pVDZ,22130,15.373299672589269
nh3_ccpvdz,NH$_3$/cc-pVDZ,22140,14.601099901625503
nh3_ccpvdz,NH$_3$/cc-pVDZ,22150,14.164757556343943
nh3_ccpvdz,NH$_3$/cc-pVDZ,22160,13.860106632023417
nh3_ccpvdz,NH$_3$/cc-pVDZ,22170,14.137326089688429
nh3_ccpvdz,NH$_3$/cc-pVDZ,22180,14.128667225563163
nh3_ccpvdz,NH$_3$/cc-pVDZ,22190,13.74919708013067
nh3_ccpvdz,NH$_3$/cc-pVDZ,22200,14.102016001920958
nh3_ccpvdz,NH$_3$/cc-pVDZ,22210,14.661794301602527
nh3_ccpvdz,NH$_3$/cc-pVDZ,22220,14.50552634157276
nh3_ccpvdz,NH$_3$/cc-pVDZ,22230,14.387529088367046
nh3_ccpvdz,NH$_3$/cc-pVDZ,22240,13.919005578152621
nh3_ccpvdz,NH$_3$/cc-pVDZ,22250,13.831068008535397
nh3_ccpvdz,NH$_3$/cc-pVDZ,22260,13.637488888143423
nh3_ccpvdz,NH$_3$/cc-pVDZ,22270,13.721143813562264
nh3_ccpvdz,NH$_3$/cc-pVDZ,22280,14.825296562896995
nh3_ccpvdz,NH$_3$/cc-pVDZ,22290,14.278310314168152
nh3_ccpvdz,NH$_3$/cc-pVDZ,22300,14.344677301203035
nh3_ccpvdz,NH$_3$/cc-pVDZ,22310,14.084709410383311
nh3_ccpvdz,NH$_3$/cc-pVDZ,22320,13.954984676814775
nh3_ccpvdz,NH$_3$/cc-pVDZ,22330,13.798956511600124
nh3_ccpvdz,NH$_3$/cc-pVDZ,22340,13.961019382868756
nh3_ccpvdz,NH$_3$/cc-pVDZ,22350,14.582544748023452
nh3_ccpvdz,NH$_3$/cc-pVDZ,22360,14.482834181016813
nh3_ccpvdz,NH$_3$/cc-pVDZ,22370,14.335863758013545
nh3_ccpvdz,NH$_3$/cc-pVDZ,22380,14.052775804074713
nh3_ccpvdz,NH$_3$/cc-pVDZ,22390,13.82465695763102
nh3_ccpvdz,NH$_3$/cc-pVDZ,22400,14.454253894953695
nh3_ccpvdz,NH$_3$/cc-pVDZ,22410,13.939223570851311
nh3_ccpvdz,NH$_3$/cc-pVDZ,22420,13.893838858379581
nh3_ccpvdz,NH$_3$/cc-pVDZ,22430,13.715009700163705
nh3_ccpvdz,NH$_3$/cc-pVDZ,22440,14.579249948624806
nh3_ccpvdz,NH$_3$/cc-pVDZ,22450,14.040604542415736
nh3_ccpvdz,NH$_3$/cc-pVDZ,22460,14.486220144235062
nh3_ccpvdz,NH$_3$/cc-pVDZ,22470,15.12117049212236
nh3_ccpvdz,NH$_3$/cc-pVDZ,22480,14.175300692805592
nh3_ccpvdz,NH$_3$/cc-pVDZ,22490,13.908011796324615
nh3_ccpvdz,NH$_3$/cc-pVDZ,22500,14.303795296207511
nh3_ccpvdz,NH$_3$/cc-pVDZ,22510,14.37250919202171
nh3_ccpvdz,NH$_3$/cc-pVDZ,22520,13.983559452292127
nh3_ccpvdz,NH$_3$/cc-pVDZ,22530,14.165676819906992
nh3_ccpvdz,NH$_3$/cc-pVDZ,22540,13.93595271680681
nh3_ccpvdz,NH$_3$/cc-pVDZ,22550,13.743902139331965
nh3_ccpvdz,NH$_3$/cc-pVDZ,22560,15.086134894978898
nh3_ccpvdz,NH$_3$/cc-pVDZ,22570,14.505428157072231
nh3_ccpvdz,NH$_3$/cc-pVDZ,22580,13.989507960694425
nh3_ccpvdz,NH$_3$/cc-pVDZ,22590,14.002435139694569
nh3_ccpvdz,NH$_3$/cc-pVDZ,22600,13.918972007793684
nh3_ccpvdz,NH$_3$/cc-pVDZ,22610,15.381463281535446
nh3_ccpvdz,NH$_3$/cc-pVDZ,22620,14.20337030083374
nh3_ccpvdz,NH$_3$/cc-pVDZ,22630,13.805116331589318
nh3_ccpvdz,NH$_3$/cc-pVDZ,22640,13.947154406253048
nh3_ccpvdz,NH$_3$/cc-pVDZ,22650,13.809545161699077
nh3_ccpvdz,NH$_3$/cc-pVDZ,22660,13.847742235078897
nh3_ccpvdz,NH$_3$/cc-pVDZ,22670,13.888059298551525
nh3_ccpvdz,NH$_3$/cc-pVDZ,22680,13.93276929954368
nh3_ccpvdz,NH$_3$/cc-pVDZ,22690,14.005966064246422
nh3_ccpvdz,NH$_3$/cc-pVDZ,22700,14.318554211634194
nh3_ccpvdz,NH$_3$/cc-pVDZ,22710,14.067004948515205
nh3_ccpvdz,NH$_3$/cc-pVDZ,22720,14.268448923303367
nh3_ccpvdz,NH$_3$/cc-pVDZ,22730,13.742982558198946
nh3_ccpvdz,NH$_3$/cc-pVDZ,22740,17.31249396165424
nh3_ccpvdz,NH$_3$/cc-pVDZ,22750,14.587123499751442
nh3_ccpvdz,NH$_3$/cc-pVDZ,22760,14.189425661726318
nh3_ccpvdz,NH$_3$/cc-pVDZ,22770,14.276069617679354
nh3_ccpvdz,NH$_3$/cc-pVDZ,22780,13.671310601658604
nh3_ccpvdz,NH$_3$/cc-pVDZ,22790,14.273219648551105
nh3_ccpvdz,NH$_3$/cc-pVDZ,22800,13.584910067137912
nh3_ccpvdz,NH$_3$/cc-pVDZ,22810,14.072304884500397
nh3_ccpvdz,NH$_3$/cc-pVDZ,22820,17.916457612493275
nh3_ccpvdz,NH$_3$/cc-pVDZ,22830,14.652722494496118
nh3_ccpvdz,NH$_3$/cc-pVDZ,22840,13.694330040110003
nh3_ccpvdz,NH$_3$/cc-pVDZ,22850,14.651494414344768
nh3_ccpvdz,NH$_3$/cc-pVDZ,22860,13.927133754251031
nh3_ccpvdz,NH$_3$/cc-pVDZ,22870,13.734620499590733
nh3_ccpvdz,NH$_3$/cc-pVDZ,22880,13.88540644469316
nh3_ccpvdz,NH$_3$/cc-pVDZ,22890,13.604777927561429
nh3_ccpvdz,NH$_3$/cc-pVDZ,22900,13.929763362440895
nh3_ccpvdz,NH$_3$/cc-pVDZ,22910,16.980279638346474
nh3_ccpvdz,NH$_3$/cc-pVDZ,22920,16.111558611633825
nh3_ccpvdz,NH$_3$/cc-pVDZ,22930,14.36715521780485
nh3_ccpvdz,NH$_3$/cc-pVDZ,22940,13.669803177087658
nh3_ccpvdz,NH$_3$/cc-pVDZ,22950,13.623309432837516
nh3_ccpvdz,NH$_3$/cc-pVDZ,22960,13.607766082870398
nh3_ccpvdz,NH$_3$/cc-pVDZ,22970,14.220920028954254
nh3_ccpvdz,NH$_3$/cc-pVDZ,22980,14.21514768535559
nh3_ccpvdz,NH$_3$/cc-pVDZ,22990,15.30226155541925
nh3_ccpvdz,NH$_3$/cc-pVDZ,23000,14.062822248774864
nh3_ccpvdz,NH$_3$/cc-pVDZ,23010,13.85411990406027
nh3_ccpvdz,NH$_3$/cc-pVDZ,23020,13.930906968184331
nh3_ccpvdz,NH$_3$/cc-pVDZ,23030,13.92842070681155
nh3_ccpvdz,NH$_3$/cc-pVDZ,23040,13.665144162359866
nh3_ccpvdz,NH$_3$/cc-pVDZ,23050,14.307322848232218
nh3_ccpvdz,NH$_3$/cc-pVDZ,23060,13.846845921982265
nh3_ccpvdz,NH$_3$/cc-pVDZ,23070,14.257962640307653
nh3_ccpvdz,NH$_3$/cc-pVDZ,23080,14.02573247982275
nh3_ccpvdz,NH$_3$/cc-pVDZ,23090,13.837002693058764
nh3_ccpvdz,NH$_3$/cc-pVDZ,23100,14.099959328710554
nh3_ccpvdz,NH$_3$/cc-pVDZ,23110,13.981993293178618
nh3_ccpvdz,NH$_3$/cc-pVDZ,23120,14.013487653961931
nh3_ccpvdz,NH$_3$/cc-pVDZ,23130,13.747360982257817
nh3_ccpvdz,NH$_3$/cc-pVDZ,23140,13.808992506746165
nh3_ccpvdz,NH$_3$/cc-pVDZ,23150,14.124081818174261
nh3_ccpvdz,NH$_3$/cc-pVDZ,23160,13.785955126969895
nh3_ccpvdz,NH$_3$/cc-pVDZ,23170,13.644653070016943
nh3_ccpvdz,NH$_3$/cc-pVDZ,23180,14.02927555848521
nh3_ccpvdz,NH$_3$/cc-pVDZ,23190,14.087140505708362
nh3_ccpvdz,NH$_3$/cc-pVDZ,23200,13.723559458064472
nh3_ccpvdz,NH$_3$/cc-pVDZ,23210,14.609184992259827
nh3_ccpvdz,NH$_3$/cc-pVDZ,23220,14.122552369542518
nh3_ccpvdz,NH$_3$/cc-pVDZ,23230,13.706724164705975
nh3_ccpvdz,NH$_3$/cc-pVDZ,23240,13.987450641302246
nh3_ccpvdz,NH$_3$/cc-pVDZ,23250,14.267914067801257
nh3_ccpvdz,NH$_3$/cc-pVDZ,23260,13.657462215824978
nh3_ccpvdz,NH$_3$/cc-pVDZ,23270,16.596446362626693
nh3_ccpvdz,NH$_3$/cc-pVDZ,23280,14.85160679238362
nh3_ccpvdz,NH$_3$/cc-pVDZ,23290,13.683270423427984
nh3_ccpvdz,NH$_3$/cc-pVDZ,23300,13.70539981774499
nh3_ccpvdz,NH$_3$/cc-pVDZ,23310,14.189385648137431
nh3_ccpvdz,NH$_3$/cc-pVDZ,23320,13.663156178481017
nh3_ccpvdz,NH$_3$/cc-pVDZ,23330,13.60298086354561
nh3_ccpvdz,NH$_3$/cc-pVDZ,23340,15.83868780270592
nh3_ccpvdz,NH$_3$/cc-pVDZ,23350,15.201352466895912
nh3_ccpvdz,NH$_3$/cc-pVDZ,23360,14.18167540818871
nh3_ccpvdz,NH$_3$/cc-pVDZ,23370,14.0030887978142
nh3_ccpvdz,NH$_3$/cc-pVDZ,23380,13.49445979960251
nh3_ccpvdz,NH$_3$/cc-pVDZ,23390,15.06391224693715
nh3_ccpvdz,NH$_3$/cc-pVDZ,23400,13.63282136890831
nh3_ccpvdz,NH$_3$/cc-pVDZ,23410,15.693712207983879
nh3_ccpvdz,NH$_3$/cc-pVDZ,23420,13.620402826077793
nh3_ccpvdz,NH$_3$/cc-pVDZ,23430,13.908735320676158
nh3_ccpvdz,NH$_3$/cc-pVDZ,23440,13.551922827183205
nh3_ccpvdz,NH$_3$/cc-pVDZ,23450,13.665393194507658
nh3_ccpvdz,NH$_3$/cc-pVDZ,23460,13.790095262926627
nh3_ccpvdz,NH$_3$/cc-pVDZ,23470,13.669409340117511
nh3_ccpvdz,NH$_3$/cc-pVDZ,23480,16.093599514412915
nh3_ccpvdz,NH$_3$/cc-pVDZ,23490,15.552576795258233
nh3_ccpvdz,NH$_3$/cc-pVDZ,23500,13.541001971766775
nh3_ccpvdz,NH$_3$/cc-pVDZ,23510,13.65260131625945
nh3_ccpvdz,NH$_3$/cc-pVDZ,23520,13.649577133698187
nh3_ccpvdz,NH$_3$/cc-pVDZ,23530,13.733658436436258
nh3_ccpvdz,NH$_3$/cc-pVDZ,23540,14.526463678862456
nh3_ccpvdz,NH$_3$/cc-pVDZ,23550,15.465070672867398
nh3_ccpvdz,NH$_3$/cc-pVDZ,23560,13.582863540555934
nh3_ccpvdz,NH$_3$/cc-pVDZ,23570,13.875411261068393
nh3_ccpvdz,NH$_3$/cc-pVDZ,23580,13.73845021521447
nh3_ccpvdz,NH$_3$/cc-pVDZ,23590,13.987151466238856
nh3_ccpvdz,NH$_3$/cc-pVDZ,23600,13.562760641249838
nh3_ccpvdz,NH$_3$/cc-pVDZ,23610,14.19368504296159
nh3_ccpvdz,NH$_3$/cc-pVDZ,23620,14.606430805677917
nh3_ccpvdz,NH$_3$/cc-pVDZ,23630,13.862449245188202
nh3_ccpvdz,NH$_3$/cc-pVDZ,23640,13.877889392119869
nh3_ccpvdz,NH$_3$/cc-pVDZ,23650,13.782035730919517
nh3_ccpvdz,NH$_3$/cc-pVDZ,23660,14.025013368438977
nh3_ccpvdz,NH$_3$/cc-pVDZ,23670,13.75512145421709
nh3_ccpvdz,NH$_3$/cc-pVDZ,23680,14.352616624812242
nh3_ccpvdz,NH$_3$/cc-pVDZ,23690,13.810540352672263
nh3_ccpvdz,NH$_3$/cc-pVDZ,23700,13.860353009398807
nh3_ccpvdz,NH$_3$/cc-pVDZ,23710,13.874907062927377
nh3_ccpvdz,NH$_3$/cc-pVDZ,23720,13.671837818264976
nh3_ccpvdz,NH$_3$/cc-pVDZ,23730,13.678936818529053
nh3_ccpvdz,NH$_3$/cc-pVDZ,23740,13.70540227854633
nh3_ccpvdz,NH$_3$/cc-pVDZ,23750,16.38661504174621
nh3_ccpvdz,NH$_3$/cc-pVDZ,23760,14.066032133065676
nh3_ccpvdz,NH$_3$/cc-pVDZ,23770,14.106286295778148
nh3_ccpvdz,NH$_3$/cc-pVDZ,23780,13.918145230924495
nh3_ccpvdz,NH$_3$/cc-pVDZ,23790,13.611265790835603
nh3_ccpvdz,NH$_3$/cc-pVDZ,23800,13.855549956645064
nh3_ccpvdz,NH$_3$/cc-pVDZ,23810,13.616017630234012
nh3_ccpvdz,NH$_3$/cc-pVDZ,23820,13.821837307190776
nh3_ccpvdz,NH$_3$/cc-pVDZ,23830,13.410249244799388
nh3_ccpvdz,NH$_3$/cc-pVDZ,23840,13.564183702804655
nh3_ccpvdz,NH$_3$/cc-pVDZ,23850,16.05727901259968
nh3_ccpvdz,NH$_3$/cc-pVDZ,23860,14.630588517270837
nh3_ccpvdz,NH$_3$/cc-pVDZ,23870,13.569148293100852
nh3_ccpvdz,NH$_3$/cc-pVDZ,23880,13.81490117695705
nh3_ccpvdz,NH$_3$/cc-pVDZ,23890,13.615762123883712
nh3_ccpvdz,NH$_3$/cc-pVDZ,23900,14.082214780735569
nh3_ccpvdz,NH$_3$/cc-pVDZ,23910,13.489006442121365
nh3_ccpvdz,NH$_3$/cc-pVDZ,23920,13.522367411276548
nh3_ccpvdz,NH$_3$/cc-pVDZ,23930,14.433545389714197
nh3_ccpvdz,NH$_3$/cc-pVDZ,23940,13.785409042938568
nh3_ccpvdz,NH$_3$/cc-pVDZ,23950,13.746778251821468
nh3_ccpvdz,NH$_3$/cc-pVDZ,23960,13.929646999876866
nh3_ccpvdz,NH$_3$/cc-pVDZ,23970,13.383671604664471
nh3_ccpvdz,NH$_3$/cc-pVDZ,23980,16.875415038647645
nh3_ccpvdz,NH$_3$/cc-pVDZ,23990,14.69097902293015
nh3_ccpvdz,NH$_3$/cc-pVDZ,24000,13.465162880272885
nh3_ccpvdz,NH$_3$/cc-pVDZ,24010,14.315361421509465
nh3_ccpvdz,NH$_3$/cc-pVDZ,24020,13.461723126582115
nh3_ccpvdz,NH$_3$/cc-pVDZ,24030,13.51423408824104
nh3_ccpvdz,NH$_3$/cc-pVDZ,24040,13.982963934410009
nh3_ccpvdz,NH$_3$/cc-pVDZ,24050,15.155784964882457
nh3_ccpvdz,NH$_3$/cc-pVDZ,24060,13.803718615392313
nh3_ccpvdz,NH$_3$/cc-pVDZ,24070,14.509782797091475
nh3_ccpvdz,NH$_3$/cc-pVDZ,24080,13.828717641231947
nh3_ccpvdz,NH$_3$/cc-pVDZ,24090,13.507813360781995
nh3_ccpvdz,NH$_3$/cc-pVDZ,24100,13.694716170554955
nh3_ccpvdz,NH$_3$/cc-pVDZ,24110,14.531217603234836
nh3_ccpvdz,NH$_3$/cc-pVDZ,24120,13.552112021237406
nh3_ccpvdz,NH$_3$/cc-pVDZ,24130,13.99592857261922
nh3_ccpvdz,NH$_3$/cc-pVDZ,24140,13.798296254357467
nh3_ccpvdz,NH$_3$/cc-pVDZ,24150,14.170749434079255
nh3_ccpvdz,NH$_3$/cc-pVDZ,24160,14.616142129696641
nh3_ccpvdz,NH$_3$/cc-pVDZ,24170,13.65293441546811
nh3_ccpvdz,NH$_3$/cc-pVDZ,24180,13.68192017008596
nh3_ccpvdz,NH$_3$/cc-pVDZ,24190,14.121159114097281
nh3_ccpvdz,NH$_3$/cc-pVDZ,24200,13.343151888577154
nh3_ccpvdz,NH$_3$/cc-pVDZ,24210,13.479093782045481
nh3_ccpvdz,NH$_3$/cc-pVDZ,24220,13.96194752288693
nh3_ccpvdz,NH$_3$/cc-pVDZ,24230,13.420325026352486
nh3_ccpvdz,NH$_3$/cc-pVDZ,24240,14.35287013429587
nh3_ccpvdz,NH$_3$/cc-pVDZ,24250,14.58218431677949
nh3_ccpvdz,NH$_3$/cc-pVDZ,24260,14.243129216076511
nh3_ccpvdz,NH$_3$/cc-pVDZ,24270,13.550312022239552
nh3_ccpvdz,NH$_3$/cc-pVDZ,24280,13.63860589286503
nh3_ccpvdz,NH$_3$/cc-pVDZ,24290,13.477789958848518
nh3_ccpvdz,NH$_3$/cc-pVDZ,24300,14.065338764730484
nh3_ccpvdz,NH$_3$/cc-pVDZ,24310,13.568134007890365
nh3_ccpvdz,NH$_3$/cc-pVDZ,24320,13.319787706173258
nh3_ccpvdz,NH$_3$/cc-pVDZ,24330,14.892146362200265
nh3_ccpvdz,NH$_3$/cc-pVDZ,24340,16.81996615799619
nh3_ccpvdz,NH$_3$/cc-pVDZ,24350,13.541632884297883
nh3_ccpvdz,NH$_3$/cc-pVDZ,24360,15.228944706912273
nh3_ccpvdz,NH$_3$/cc-pVDZ,24370,13.727229109413486
nh3_ccpvdz,NH$_3$/cc-pVDZ,24380,13.41052670555598
nh3_ccpvdz,NH$_3$/cc-pVDZ,24390,13.522924784908241
nh3_ccpvdz,NH$_3$/cc-pVDZ,24400,13.416062422720643
nh3_ccpvdz,NH$_3$/cc-pVDZ,24410,13.459204900492239
nh3_ccpvdz,NH$_3$/cc-pVDZ,24420,14.354155472467767
nh3_ccpvdz,NH$_3$/cc-pVDZ,24430,14.08125460709897
nh3_ccpvdz,NH$_3$/cc-pVDZ,24440,13.41229712575398
nh3_ccpvdz,NH$_3$/cc-pVDZ,24450,14.016462732442392
nh3_ccpvdz,NH$_3$/cc-pVDZ,24460,13.465434519041253
nh3_ccpvdz,NH$_3$/cc-pVDZ,24470,13.721941363726842
nh3_ccpvdz,NH$_3$/cc-pVDZ,24480,13.36385453598865
nh3_ccpvdz,NH$_3$/cc-pVDZ,24490,13.876141262699093
nh3_ccpvdz,NH$_3$/cc-pVDZ,24500,13.317643191278705
nh3_ccpvdz,NH$_3$/cc-pVDZ,24510,14.754445901232316
nh3_ccpvdz,NH$_3$/cc-pVDZ,24520,13.75685565503204
nh3_ccpvdz,NH$_3$/cc-pVDZ,24530,13.738838487000749
nh3_ccpvdz,NH$_3$/cc-pVDZ,24540,13.606294532564789
nh3_ccpvdz,NH$_3$/cc-pVDZ,24550,13.964222314392316
nh3_ccpvdz,NH$_3$/cc-pVDZ,24560,13.499465345205408
nh3_ccpvdz,NH$_3$/cc-pVDZ,24570,14.145577358810613
nh3_ccpvdz,NH$_3$/cc-pVDZ,24580,13.538900286768296
nh3_ccpvdz,NH$_3$/cc-pVDZ,24590,13.56548316277184
nh3_ccpvdz,NH$_3$/cc-pVDZ,24600,13.988686320445254
nh3_ccpvdz,NH$_3$/cc-pVDZ,24610,13.696171765587906
nh3_ccpvdz,NH$_3$/cc-pVDZ,24620,13.46339171070099
nh3_ccpvdz,NH$_3$/cc-pVDZ,24630,13.578797830533063
nh3_ccpvdz,NH$_3$/cc-pVDZ,24640,13.924719864171209
nh3_ccpvdz,NH$_3$/cc-pVDZ,24650,14.617193011552843
nh3_ccpvdz,NH$_3$/cc-pVDZ,24660,13.691925928704052
nh3_ccpvdz,NH$_3$/cc-pVDZ,24670,13.608507931145652
nh3_ccpvdz,NH$_3$/cc-pVDZ,24680,14.834925754747985
nh3_ccpvdz,NH$_3$/cc-pVDZ,24690,14.812107281045428
nh3_ccpvdz,NH$_3$/cc-pVDZ,24700,13.421759128050326
nh3_ccpvdz,NH$_3$/cc-pVDZ,24710,13.725523211455481
nh3_ccpvdz,NH$_3$/cc-pVDZ,24720,13.390236319530402
nh3_ccpvdz,NH$_3$/cc-pVDZ,24730,13.273655557519248
nh3_ccpvdz,NH$_3$/cc-pVDZ,24740,14.633837998090371
nh3_ccpvdz,NH$_3$/cc-pVDZ,24750,13.858219593799959
nh3_ccpvdz,NH$_3$/cc-pVDZ,24760,13.636194090615561
nh3_ccpvdz,NH$_3$/cc-pVDZ,24770,14.238745944460618
nh3_ccpvdz,NH$_3$/cc-pVDZ,24780,13.5152729170116
nh3_ccpvdz,NH$_3$/cc-pVDZ,24790,13.748431112553305
nh3_ccpvdz,NH$_3$/cc-pVDZ,24800,13.490474494609828
nh3_ccpvdz,NH$_3$/cc-pVDZ,24810,13.45999779614715
nh3_ccpvdz,NH$_3$/cc-pVDZ,24820,13.3826830639876
nh3_ccpvdz,NH$_3$/cc-pVDZ,24830,13.547227720920318
nh3_ccpvdz,NH$_3$/cc-pVDZ,24840,13.317624699624275
nh3_ccpvdz,NH$_3$/cc-pVDZ,24850,13.808061069518374
nh3_ccpvdz,NH$_3$/cc-pVDZ,24860,13.241560124292562
nh3_ccpvdz,NH$_3$/cc-pVDZ,24870,13.820070597674317
nh3_ccpvdz,NH$_3$/cc-pVDZ,24880,14.03464101957752
nh3_ccpvdz,NH$_3$/cc-pVDZ,24890,14.353827282029386
nh3_ccpvdz,NH$_3$/cc-pVDZ,24900,13.633949944725998
nh3_ccpvdz,NH$_3$/cc-pVDZ,24910,13.864279393800416
nh3_ccpvdz,NH$_3$/cc-pVDZ,24920,14.520313518531225
nh3_ccpvdz,NH$_3$/cc-pVDZ,24930,13.680342318430405
nh3_ccpvdz,NH$_3$/cc-pVDZ,24940,13.508728119298041
nh3_ccpvdz,NH$_3$/cc-pVDZ,24950,13.388271654136474
nh3_ccpvdz,NH$_3$/cc-pVDZ,24960,13.47932177831268
nh3_ccpvdz,NH$_3$/cc-pVDZ,24970,14.568011115962065
nh3_ccpvdz,NH$_3$/cc-pVDZ,24980,14.529908361467392
nh3_ccpvdz,NH$_3$/cc-pVDZ,24990,13.625447970177618
nh3_ccpvdz,NH$_3$/cc-pVDZ,25000,13.553465441518142
nh3_ccpvdz,NH$_3$/cc-pVDZ,25010,13.21599684590069
nh3_ccpvdz,NH$_3$/cc-pVDZ,25020,13.576150981315038
nh3_ccpvdz,NH$_3$/cc-pVDZ,25030,13.435259356683105
nh3_ccpvdz,NH$_3$/cc-pVDZ,25040,13.184822581642663
nh3_ccpvdz,NH$_3$/cc-pVDZ,25050,15.30692751612861
nh3_ccpvdz,NH$_3$/cc-pVDZ,25060,13.849916423673392
nh3_ccpvdz,NH$_3$/cc-pVDZ,25070,13.851980075259007
nh3_ccpvdz,NH$_3$/cc-pVDZ,25080,13.355241857937017
nh3_ccpvdz,NH$_3$/cc-pVDZ,25090,13.243156855843097
nh3_ccpvdz,NH$_3$/cc-pVDZ,25100,13.726845618798222
nh3_ccpvdz,NH$_3$/cc-pVDZ,25110,15.251956114354925
nh3_ccpvdz,NH$_3$/cc-pVDZ,25120,13.32018555459058
nh3_ccpvdz,NH$_3$/cc-pVDZ,25130,14.53841833720304
nh3_ccpvdz,NH$_3$/cc-pVDZ,25140,13.695766758551997
nh3_ccpvdz,NH$_3$/cc-pVDZ,25150,13.296786917237569
nh3_ccpvdz,NH$_3$/cc-pVDZ,25160,13.511247905022117
nh3_ccpvdz,NH$_3$/cc-pVDZ,25170,13.153537012975391
nh3_ccpvdz,NH$_3$/cc-pVDZ,25180,13.596876264713842
nh3_ccpvdz,NH$_3$/cc-pVDZ,25190,14.574996046718525
nh3_ccpvdz,NH$_3$/cc-pVDZ,25200,13.738417364635325
nh3_ccpvdz,NH$_3$/cc-pVDZ,25210,13.72430776303446
nh3_ccpvdz,NH$_3$/cc-pVDZ,25220,13.288024884360539
nh3_ccpvdz,NH$_3$/cc-pVDZ,25230,13.162631356259169
nh3_ccpvdz,NH$_3$/cc-pVDZ,25240,13.65145479802976
nh3_ccpvdz,NH$_3$/cc-pVDZ,25250,13.325276223866922
nh3_ccpvdz,NH$_3$/cc-pVDZ,25260,13.102275438839683
nh3_ccpvdz,NH$_3$/cc-pVDZ,25270,15.84559317355172
nh3_ccpvdz,NH$_3$/cc-pVDZ,25280,14.263624380653539
nh3_ccpvdz,NH$_3$/cc-pVDZ,25290,13.298202661779612
nh3_ccpvdz,NH$_3$/cc-pVDZ,25300,13.358770534743769
nh3_ccpvdz,NH$_3$/cc-pVDZ,25310,13.246740236318999
nh3_ccpvdz,NH$_3$/cc-pVDZ,25320,13.852442663804254
nh3_ccpvdz,NH$_3$/cc-pVDZ,25330,13.550087245839393
nh3_ccpvdz,NH$_3$/cc-pVDZ,25340,13.228466309492148
nh3_ccpvdz,NH$_3$/cc-pVDZ,25350,13.392889547247933
nh3_ccpvdz,NH$_3$/cc-pVDZ,25360,13.555562934101317
nh3_ccpvdz,NH$_3$/cc-pVDZ,25370,13.342129877756292
nh3_ccpvdz,NH$_3$/cc-pVDZ,25380,13.519834407375697
nh3_ccpvdz,NH$_3$/cc-pVDZ,25390,14.167828669741311
nh3_ccpvdz,NH$_3$/cc-pVDZ,25400,13.429371787431421
nh3_ccpvdz,NH$_3$/cc-pVDZ,25410,15.089120055542082
nh3_ccpvdz,NH$_3$/cc-pVDZ,25420,14.042639066843776
nh3_ccpvdz,NH$_3$/cc-pVDZ,25430,13.473861663591435
nh3_ccpvdz,NH$_3$/cc-pVDZ,25440,13.161991625771918
nh3_ccpvdz,NH$_3$/cc-pVDZ,25450,14.582662921505118
nh3_ccpvdz,NH$_3$/cc-pVDZ,25460,13.925207865320033
nh3_ccpvdz,NH$_3$/cc-pVDZ,25470,13.179533831277013
nh3_ccpvdz,NH$_3$/cc-pVDZ,25480,13.729080380443293
nh3_ccpvdz,NH$_3$/cc-pVDZ,25490,13.265886191625498
nh3_ccpvdz,NH$_3$/cc-pVDZ,25500,14.280482685229856
nh3_ccpvdz,NH$_3$/cc-pVDZ,25510,13.86246982725936
nh3_ccpvdz,NH$_3$/cc-pVDZ,25520,13.133685925403427
nh3_ccpvdz,NH$_3$/cc-pVDZ,25530,13.374079235290992
nh3_ccpvdz,NH$_3$/cc-pVDZ,25540,13.972121418021288
nh3_ccpvdz,NH$_3$/cc-pVDZ,25550,13.201446454552013
nh3_ccpvdz,NH$_3$/cc-pVDZ,25560,13.27898032903363
nh3_ccpvdz,NH$_3$/cc-pVDZ,25570,13.555749734777578
nh3_ccpvdz,NH$_3$/cc-pVDZ,25580,13.232830623117309
nh3_ccpvdz,NH$_3$/cc-pVDZ,25590,14.702201937467407
nh3_ccpvdz,NH$_3$/cc-pVDZ,25600,14.280353589718686
nh3_ccpvdz,NH$_3$/cc-pVDZ,25610,14.132264920242221
nh3_ccpvdz,NH$_3$/cc-pVDZ,25620,13.37499403549458
nh3_ccpvdz,NH$_3$/cc-pVDZ,25630,13.192663413512662
nh3_ccpvdz,NH$_3$/cc-pVDZ,25640,13.156399288142495
nh3_ccpvdz,NH$_3$/cc-pVDZ,25650,13.377991975929149
nh3_ccpvdz,NH$_3$/cc-pVDZ,25660,13.153971519201946
nh3_ccpvdz,NH$_3$/cc-pVDZ,25670,13.23514256571201
nh3_ccpvdz,NH$_3$/cc-pVDZ,25680,14.592565208857877
nh3_ccpvdz,NH$_3$/cc-pVDZ,25690,14.062564832400426
nh3_ccpvdz,NH$_3$/cc-pVDZ,25700,13.684770184646311
nh3_ccpvdz,NH$_3$/cc-pVDZ,25710,13.159594944582409
nh3_ccpvdz,NH$_3$/cc-pVDZ,25720,13.295468938480326
nh3_ccpvdz,NH$_3$/cc-pVDZ,25730,13.440568865810576
nh3_ccpvdz,NH$_3$/cc-pVDZ,25740,13.341282974451474
nh3_ccpvdz,NH$_3$/cc-pVDZ,25750,13.430075461236868
nh3_ccpvdz,NH$_3$/cc-pVDZ,25760,13.310133794092849
nh3_ccpvdz,NH$_3$/cc-pVDZ,25770,13.286319621727216
nh3_ccpvdz,NH$_3$/cc-pVDZ,25780,13.220925270196915
nh3_ccpvdz,NH$_3$/cc-pVDZ,25790,13.458671959362789
nh3_ccpvdz,NH$_3$/cc-pVDZ,25800,14.009145995693473
nh3_ccpvdz,NH$_3$/cc-pVDZ,25810,13.24603680172487
nh3_ccpvdz,NH$_3$/cc-pVDZ,25820,13.043384703635752
nh3_ccpvdz,NH$_3$/cc-pVDZ,25830,14.77106943686124
nh3_ccpvdz,NH$_3$/cc-pVDZ,25840,13.403614060926827
nh3_ccpvdz,NH$_3$/cc-pVDZ,25850,13.240610030599953
nh3_ccpvdz,NH$_3$/cc-pVDZ,25860,13.570301427314746
nh3_ccpvdz,NH$_3$/cc-pVDZ,25870,13.062825487864416
nh3_ccpvdz,NH$_3$/cc-pVDZ,25880,14.953126934791783
nh3_ccpvdz,NH$_3$/cc-pVDZ,25890,14.319307722686858
nh3_ccpvdz,NH$_3$/cc-pVDZ,25900,13.437135565851577
nh3_ccpvdz,NH$_3$/cc-pVDZ,25910,13.382626929143271
nh3_ccpvdz,NH$_3$/cc-pVDZ,25920,13.50073679532926
nh3_ccpvdz,NH$_3$/cc-pVDZ,25930,13.100968465536766
nh3_ccpvdz,NH$_3$/cc-pVDZ,25940,13.08382581690637
nh3_ccpvdz,NH$_3$/cc-pVDZ,25950,13.116351739803633
nh3_ccpvdz,NH$_3$/cc-pVDZ,25960,13.799928461430966
nh3_ccpvdz,NH$_3$/cc-pVDZ,25970,16.939010076342242
nh3_ccpvdz,NH$_3$/cc-pVDZ,25980,14.17198021135846
nh3_ccpvdz,NH$_3$/cc-pVDZ,25990,13.573579116069823
nh3_ccpvdz,NH$_3$/cc-pVDZ,26000,13.383239543117043
nh3_ccpvdz,NH$_3$/cc-pVDZ,26010,13.344159754169027
nh3_ccpvdz,NH$_3$/cc-pVDZ,26020,13.128234789981263
nh3_ccpvdz,NH$_3$/cc-pVDZ,26030,13.090232512134037
nh3_ccpvdz,NH$_3$/cc-pVDZ,26040,13.116721803292819
nh3_ccpvdz,NH$_3$/cc-pVDZ,26050,13.352280973592201
nh3_ccpvdz,NH$_3$/cc-pVDZ,26060,13.3317892617697
nh3_ccpvdz,NH$_3$/cc-pVDZ,26070,14.448180945279887
nh3_ccpvdz,NH$_3$/cc-pVDZ,26080,13.358604065437873
nh3_ccpvdz,NH$_3$/cc-pVDZ,26090,13.599492558725501
nh3_ccpvdz,NH$_3$/cc-pVDZ,26100,13.205944576164086
nh3_ccpvdz,NH$_3$/cc-pVDZ,26110,13.77041238605159
nh3_ccpvdz,NH$_3$/cc-pVDZ,26120,13.237904090892982
nh3_ccpvdz,NH$_3$/cc-pVDZ,26130,13.960952951464378
nh3_ccpvdz,NH$_3$/cc-pVDZ,26140,13.441388104340035
nh3_ccpvdz,NH$_3$/cc-pVDZ,26150,13.409476665941611
nh3_ccpvdz,NH$_3$/cc-pVDZ,26160,13.260390250138698
nh3_ccpvdz,NH$_3$/cc-pVDZ,26170,13.349691440389222
nh3_ccpvdz,NH$_3$/cc-pVDZ,26180,12.991198985901065
nh3_ccpvdz,NH$_3$/cc-pVDZ,26190,16.248049435198197
nh3_ccpvdz,NH$_3$/cc-pVDZ,26200,14.501846760289538
nh3_ccpvdz,NH$_3$/cc-pVDZ,26210,13.532127928364446
nh3_ccpvdz,NH$_3$/cc-pVDZ,26220,13.350613278497292
nh3_ccpvdz,NH$_3$/cc-pVDZ,26230,13.069257949538837
nh3_ccpvdz,NH$_3$/cc-pVDZ,26240,13.211364847990126
nh3_ccpvdz,NH$_3$/cc-pVDZ,26250,13.374505054713381
nh3_ccpvdz,NH$_3$/cc-pVDZ,26260,13.00431065801888
nh3_ccpvdz,NH$_3$/cc-pVDZ,26270,13.247283333939208
nh3_ccpvdz,NH$_3$/cc-pVDZ,26280,15.47082407261513
nh3_ccpvdz,NH$_3$/cc-pVDZ,26290,13.419204070387991
nh3_ccpvdz,NH$_3$/cc-pVDZ,26300,13.383180609153555
nh3_ccpvdz,NH$_3$/cc-pVDZ,26310,13.257520197619499
nh3_ccpvdz,NH$_3$/cc-pVDZ,26320,13.577708918511178
nh3_ccpvdz,NH$_3$/cc-pVDZ,26330,13.112328900120929
nh3_ccpvdz,NH$_3$/cc-pVDZ,26340,13.095312121564007
nh3_ccpvdz,NH$_3$/cc-pVDZ,26350,13.117033443649007
nh3_ccpvdz,NH$_3$/cc-pVDZ,26360,16.914290400386278
nh3_ccpvdz,NH$_3$/cc-pVDZ,26370,14.484773899198444
nh3_ccpvdz,NH$_3$/cc-pVDZ,26380,13.710088042941493
nh3_ccpvdz,NH$_3$/cc-pVDZ,26390,13.433365862915991
nh3_ccpvdz,NH$_3$/cc-pVDZ,26400,13.096161874173617
nh3_ccpvdz,NH$_3$/cc-pVDZ,26410,13.544072715113487
nh3_ccpvdz,NH$_3$/cc-pVDZ,26420,13.491046532884354
nh3_ccpvdz,NH$_3$/cc-pVDZ,26430,12.99266574614677
nh3_ccpvdz,NH$_3$/cc-pVDZ,26440,13.027666624260803
nh3_ccpvdz,NH$_3$/cc-pVDZ,26450,13.194077285433536
nh3_ccpvdz,NH$_3$/cc-pVDZ,26460,13.038052250166743
nh3_ccpvdz,NH$_3$/cc-pVDZ,26470,13.703937661333043
nh3_ccpvdz,NH$_3$/cc-pVDZ,26480,13.418029612445537
nh3_ccpvdz,NH$_3$/cc-pVDZ,26490,12.92237505798255
nh3_ccpvdz,NH$_3$/cc-pVDZ,26500,13.580765717513543
nh3_ccpvdz,NH$_3$/cc-pVDZ,26510,14.43321142889431
nh3_ccpvdz,NH$_3$/cc-pVDZ,26520,13.08788994083443
nh3_ccpvdz,NH$_3$/cc-pVDZ,26530,13.246560841785993
nh3_ccpvdz,NH$_3$/cc-pVDZ,26540,13.220761295976047
nh3_ccpvdz,NH$_3$/cc-pVDZ,26550,13.12620981821766
nh3_ccpvdz,NH$_3$/cc-pVDZ,26560,15.016913948556976
nh3_ccpvdz,NH$_3$/cc-pVDZ,26570,13.94322790232394
nh3_ccpvdz,NH$_3$/cc-pVDZ,26580,13.485887990185574
nh3_ccpvdz,NH$_3$/cc-pVDZ,26590,13.214041277734623
nh3_ccpvdz,NH$_3$/cc-pVDZ,26600,13.211199274827834
nh3_ccpvdz,NH$_3$/cc-pVDZ,26610,13.244787248673617
nh3_ccpvdz,NH$_3$/cc-pVDZ,26620,13.618631806899373
nh3_ccpvdz,NH$_3$/cc-pVDZ,26630,14.120660883605751
nh3_ccpvdz,NH$_3$/cc-pVDZ,26640,13.367397212626031
nh3_ccpvdz,NH$_3$/cc-pVDZ,26650,13.303745356360253
nh3_ccpvdz,NH$_3$/cc-pVDZ,26660,13.28688653667598
nh3_ccpvdz,NH$_3$/cc-pVDZ,26670,13.282299594500557
nh3_ccpvdz,NH$_3$/cc-pVDZ,26680,13.744998836713762
nh3_ccpvdz,NH$_3$/cc-pVDZ,26690,13.311223608184264
nh3_ccpvdz,NH$_3$/cc-pVDZ,26700,13.734650543348437
nh3_ccpvdz,NH$_3$/cc-pVDZ,26710,13.160387683583963
nh3_ccpvdz,NH$_3$/cc-pVDZ,26720,12.890261234588252
nh3_ccpvdz,NH$_3$/cc-pVDZ,26730,13.789733132341553
nh3_ccpvdz,NH$_3$/cc-pVDZ,26740,13.638048406455994
nh3_ccpvdz,NH$_3$/cc-pVDZ,26750,13.07903672574895
nh3_ccpvdz,NH$_3$/cc-pVDZ,26760,12.944861003383323
nh3_ccpvdz,NH$_3$/cc-pVDZ,26770,14.851274602754927
nh3_ccpvdz,NH$_3$/cc-pVDZ,26780,13.011684731075945
nh3_ccpvdz,NH$_3$/cc-pVDZ,26790,13.45852532265468
nh3_ccpvdz,NH$_3$/cc-pVDZ,26800,13.118486930636664
nh3_ccpvdz,NH$_3$/cc-pVDZ,26810,12.970058147963925
nh3_ccpvdz,NH$_3$/cc-pVDZ,26820,13.122807309130735
nh3_ccpvdz,NH$_3$/cc-pVDZ,26830,13.328709258523475
nh3_ccpvdz,NH$_3$/cc-pVDZ,26840,13.28741898252872
nh3_ccpvdz,NH$_3$/cc-pVDZ,26850,13.771310642603396
nh3_ccpvdz,NH$_3$/cc-pVDZ,26860,13.412530015294521
nh3_ccpvdz,NH$_3$/cc-pVDZ,26870,12.963529635669602
nh3_ccpvdz,NH$_3$/cc-pVDZ,26880,13.236560621400884
nh3_ccpvdz,NH$_3$/cc-pVDZ,26890,13.17558235281524
nh3_ccpvdz,NH$_3$/cc-pVDZ,26900,16.017788616302653
nh3_ccpvdz,NH$_3$/cc-pVDZ,26910,13.61893736240205
nh3_ccpvdz,NH$_3$/cc-pVDZ,26920,13.271344144506259
nh3_ccpvdz,NH$_3$/cc-pVDZ,26930,13.721411396133476
nh3_ccpvdz,NH$_3$/cc-pVDZ,26940,13.004984703151479
nh3_ccpvdz,NH$_3$/cc-pVDZ,26950,13.038996363597732
nh3_ccpvdz,NH$_3$/cc-pVDZ,26960,13.14807147875996
nh3_ccpvdz,NH$_3$/cc-pVDZ,26970,14.51949214374082
nh3_ccpvdz,NH$_3$/cc-pVDZ,26980,14.156719637405502
nh3_ccpvdz,NH$_3$/cc-pVDZ,26990,12.995018577598216
nh3_ccpvdz,NH$_3$/cc-pVDZ,27000,13.458719622278181
nh3_ccpvdz,NH$_3$/cc-pVDZ,27010,13.074141633957481
nh3_ccpvdz,NH$_3$/cc-pVDZ,27020,12.852833603957947
nh3_ccpvdz,NH$_3$/cc-pVDZ,27030,13.445603999500122
nh3_ccpvdz,NH$_3$/cc-pVDZ,27040,13.01351409709639
nh3_ccpvdz,NH$_3$/cc-pVDZ,27050,15.619662863656458
nh3_ccpvdz,NH$_3$/cc-pVDZ,27060,14.886506473764882
nh3_ccpvdz,NH$_3$/cc-pVDZ,27070,13.704805920788488
nh3_ccpvdz,NH$_3$/cc-pVDZ,27080,13.239176345699377
nh3_ccpvdz,NH$_3$/cc-pVDZ,27090,13.086467279237013
nh3_ccpvdz,NH$_3$/cc-pVDZ,27100,13.124373252779264
nh3_ccpvdz,NH$_3$/cc-pVDZ,27110,13.310756507635801
nh3_ccpvdz,NH$_3$/cc-pVDZ,27120,12.922574074408999
nh3_ccpvdz,NH$_3$/cc-pVDZ,27130,12.840657323025084
nh3_ccpvdz,NH$_3$/cc-pVDZ,27140,13.187503071719675
nh3_ccpvdz,NH$_3$/cc-pVDZ,27150,17.19727708564278
nh3_ccpvdz,NH$_3$/cc-pVDZ,27160,13.256724335654724
nh3_ccpvdz,NH$_3$/cc-pVDZ,27170,12.902854796962515
nh3_ccpvdz,NH$_3$/cc-pVDZ,27180,13.641603041108397
nh3_ccpvdz,NH$_3$/cc-pVDZ,27190,12.966965763709482
nh3_ccpvdz,NH$_3$/cc-pVDZ,27200,12.8864015918424
nh3_ccpvdz,NH$_3$/cc-pVDZ,27210,13.09563248107537
nh3_ccpvdz,NH$_3$/cc-pVDZ,27220,13.062507684587388
nh3_ccpvdz,NH$_3$/cc-pVDZ,27230,13.854894921863092
nh3_ccpvdz,NH$_3$/cc-pVDZ,27240,12.895701922197134
nh3_ccpvdz,NH$_3$/cc-pVDZ,27250,13.35060881708472
nh3_ccpvdz,NH$_3$/cc-pVDZ,27260,13.369239924713838
nh3_ccpvdz,NH$_3$/cc-pVDZ,27270,13.193833398126742
nh3_ccpvdz,NH$_3$/cc-pVDZ,27280,12.868756520198588
nh3_ccpvdz,NH$_3$/cc-pVDZ,27290,13.02092592849391
nh3_ccpvdz,NH$_3$/cc-pVDZ,27300,15.36836798045016
nh3_ccpvdz,NH$_3$/cc-pVDZ,27310,13.965697081381734
nh3_ccpvdz,NH$_3$/cc-pVDZ,27320,13.448079941859703
nh3_ccpvdz,NH$_3$/cc-pVDZ,27330,12.840330744474215
nh3_ccpvdz,NH$_3$/cc-pVDZ,27340,12.890179226218379
nh3_ccpvdz,NH$_3$/cc-pVDZ,27350,13.023869791666698
nh3_ccpvdz,NH$_3$/cc-pVDZ,27360,12.865276638912349
nh3_ccpvdz,NH$_3$/cc-pVDZ,27370,12.848290373000282
nh3_ccpvdz,NH$_3$/cc-pVDZ,27380,13.159899154793209
nh3_ccpvdz,NH$_3$/cc-pVDZ,27390,14.163243875124465
nh3_ccpvdz,NH$_3$/cc-pVDZ,27400,13.1476730483584
nh3_ccpvdz,NH$_3$/cc-pVDZ,27410,12.826371079732724
nh3_ccpvdz,NH$_3$/cc-pVDZ,27420,13.256753570054514
nh3_ccpvdz,NH$_3$/cc-pVDZ,27430,13.0247158294452
nh3_ccpvdz,NH$_3$/cc-pVDZ,27440,14.179387278367983
nh3_ccpvdz,NH$_3$/cc-pVDZ,27450,13.066287696737788
nh3_ccpvdz,NH$_3$/cc-pVDZ,27460,13.160505269887324
nh3_ccpvdz,NH$_3$/cc-pVDZ,27470,13.124750516873007
nh3_ccpvdz,NH$_3$/cc-pVDZ,27480,13.987468030492778
nh3_ccpvdz,NH$_3$/cc-pVDZ,27490,13.09839685115577
nh3_ccpvdz,NH$_3$/cc-pVDZ,27500,13.02612016090876
nh3_ccpvdz,NH$_3$/cc-pVDZ,27510,13.371888236392238
nh3_ccpvdz,NH$_3$/cc-pVDZ,27520,13.392703638722026
nh3_ccpvdz,NH$_3$/cc-pVDZ,27530,13.74940892490173
nh3_ccpvdz,NH$_3$/cc-pVDZ,27540,12.963769611573639
nh3_ccpvdz,NH$_3$/cc-pVDZ,27550,14.07431599997011
nh3_ccpvdz,NH$_3$/cc-pVDZ,27560,13.450162062341064
nh3_ccpvdz,NH$_3$/cc-pVDZ,27570,13.113131182770132
nh3_ccpvdz,NH$_3$/cc-pVDZ,27580,12.89062289038867
nh3_ccpvdz,NH$_3$/cc-pVDZ,27590,13.17675650449246
nh3_ccpvdz,NH$_3$/cc-pVDZ,27600,13.12729174430416
nh3_ccpvdz,NH$_3$/cc-pVDZ,27610,14.715134388346485
nh3_ccpvdz,NH$_3$/cc-pVDZ,27620,13.986936040538467
nh3_ccpvdz,NH$_3$/cc-pVDZ,27630,13.122715361426174
nh3_ccpvdz,NH$_3$/cc-pVDZ,27640,12.827002906043106
nh3_ccpvdz,NH$_3$/cc-pVDZ,27650,13.3054334837297
nh3_ccpvdz,NH$_3$/cc-pVDZ,27660,13.377329409472338
nh3_ccpvdz,NH$_3$/cc-pVDZ,27670,13.26935589752054
nh3_ccpvdz,NH$_3$/cc-pVDZ,27680,13.502740172164351
nh3_ccpvdz,NH$_3$/cc-pVDZ,27690,13.249491359438537
nh3_ccpvdz,NH$_3$/cc-pVDZ,27700,13.09663900486413
nh3_ccpvdz,NH$_3$/cc-pVDZ,27710,15.145165314763176
nh3_ccpvdz,NH$_3$/cc-pVDZ,27720,12.995029602748787
nh3_ccpvdz,NH$_3$/cc-pVDZ,27730,13.636709465806973
nh3_ccpvdz,NH$_3$/cc-pVDZ,27740,13.181017658936867
nh3_ccpvdz,NH$_3$/cc-pVDZ,27750,12.845229374612188
nh3_ccpvdz,NH$_3$/cc-pVDZ,27760,13.170297881956117
nh3_ccpvdz,NH$_3$/cc-pVDZ,27770,13.018475588239653
nh3_ccpvdz,NH$_3$/cc-pVDZ,27780,12.944081038902766
nh3_ccpvdz,NH$_3$/cc-pVDZ,27790,12.880109834149778
nh3_ccpvdz,NH$_3$/cc-pVDZ,27800,13.647365409283907
nh3_ccpvdz,NH$_3$/cc-pVDZ,27810,14.012616412649948
nh3_ccpvdz,NH$_3$/cc-pVDZ,27820,12.837686659374015
nh3_ccpvdz,NH$_3$/cc-pVDZ,27830,13.001827776591313
nh3_ccpvdz,NH$_3$/cc-pVDZ,27840,13.096253247347533
nh3_ccpvdz,NH$_3$/cc-pVDZ,27850,12.776522538544555
nh3_ccpvdz,NH$_3$/cc-pVDZ,27860,12.85308013152786
nh3_ccpvdz,NH$_3$/cc-pVDZ,27870,16.83234179257198
nh3_ccpvdz,NH$_3$/cc-pVDZ,27880,12.938059342509689
nh3_ccpvdz,NH$_3$/cc-pVDZ,27890,12.82525294671899
nh3_ccpvdz,NH$_3$/cc-pVDZ,27900,13.51168297104266
nh3_ccpvdz,NH$_3$/cc-pVDZ,27910,13.05254751428464
nh3_ccpvdz,NH$_3$/cc-pVDZ,27920,12.936019781854213
nh3_ccpvdz,NH$_3$/cc-pVDZ,27930,13.047467960404902
nh3_ccpvdz,NH$_3$/cc-pVDZ,27940,12.870290146587138
nh3_ccpvdz,NH$_3$/cc-pVDZ,27950,14.188332482895305
nh3_ccpvdz,NH$_3$/cc-pVDZ,27960,12.84890658944704
nh3_ccpvdz,NH$_3$/cc-pVDZ,27970,12.868507207357993
nh3_ccpvdz,NH$_3$/cc-pVDZ,27980,13.58234053871854
nh3_ccpvdz,NH$_3$/cc-pVDZ,27990,13.101716200409896
nh3_ccpvdz,NH$_3$/cc-pVDZ,28000,13.020326320820175
nh3_ccpvdz,NH$_3$/cc-pVDZ,28010,13.306480293152845
nh3_ccpvdz,NH$_3$/cc-pVDZ,28020,13.289681442138601
nh3_ccpvdz,NH$_3$/cc-pVDZ,28030,13.14080423178865
nh3_ccpvdz,NH$_3$/cc-pVDZ,28040,12.94319171439895
nh3_ccpvdz,NH$_3$/cc-pVDZ,28050,13.085821455099733
nh3_ccpvdz,NH$_3$/cc-pVDZ,28060,13.176296732090975
nh3_ccpvdz,NH$_3$/cc-pVDZ,28070,12.938949578696679
nh3_ccpvdz,NH$_3$/cc-pVDZ,28080,13.307190492497512
nh3_ccpvdz,NH$_3$/cc-pVDZ,28090,13.023076187955951
nh3_ccpvdz,NH$_3$/cc-pVDZ,28100,12.826513998994926
nh3_ccpvdz,NH$_3$/cc-pVDZ,28110,12.765469556178743
nh3_ccpvdz,NH$_3$/cc-pVDZ,28120,12.842065880619202
nh3_ccpvdz,NH$_3$/cc-pVDZ,28130,12.87705788819693
nh3_ccpvdz,NH$_3$/cc-pVDZ,28140,12.835166738284443
nh3_ccpvdz,NH$_3$/cc-pVDZ,28150,12.852150438277476
nh3_ccpvdz,NH$_3$/cc-pVDZ,28160,12.994891337264391
nh3_ccpvdz,NH$_3$/cc-pVDZ,28170,12.888598908986637
nh3_ccpvdz,NH$_3$/cc-pVDZ,28180,12.84175557388778
nh3_ccpvdz,NH$_3$/cc-pVDZ,28190,16.00522122299708
nh3_ccpvdz,NH$_3$/cc-pVDZ,28200,13.423905969048633
nh3_ccpvdz,NH$_3$/cc-pVDZ,28210,12.739593073476385
nh3_ccpvdz,NH$_3$/cc-pVDZ,28220,12.88924662674873
nh3_ccpvdz,NH$_3$/cc-pVDZ,28230,12.650440470515889
nh3_ccpvdz,NH$_3$/cc-pVDZ,28240,12.689146456111189
nh3_ccpvdz,NH$_3$/cc-pVDZ,28250,12.910137860352222
nh3_ccpvdz,NH$_3$/cc-pVDZ,28260,12.92297421302635
nh3_ccpvdz,NH$_3$/cc-pVDZ,28270,14.644418837661988
nh3_ccpvdz,NH$_3$/cc-pVDZ,28280,13.24101973523284
nh3_ccpvdz,NH$_3$/cc-pVDZ,28290,12.928111213490467
nh3_ccpvdz,NH$_3$/cc-pVDZ,28300,12.769282686456052
nh3_ccpvdz,NH$_3$/cc-pVDZ,28310,12.738402472706412
nh3_ccpvdz,NH$_3$/cc-pVDZ,28320,13.229707836039495
nh3_ccpvdz,NH$_3$/cc-pVDZ,28330,13.820251405419981
nh3_ccpvdz,NH$_3$/cc-pVDZ,28340,12.763066346344942
nh3_ccpvdz,NH$_3$/cc-pVDZ,28350,13.58336151643158
nh3_ccpvdz,NH$_3$/cc-pVDZ,28360,12.909264114433938
nh3_ccpvdz,NH$_3$/cc-pVDZ,28370,13.221146104015702
nh3_ccpvdz,NH$_3$/cc-pVDZ,28380,13.742954058109547
nh3_ccpvdz,NH$_3$/cc-pVDZ,28390,12.710935694840941
nh3_ccpvdz,NH$_3$/cc-pVDZ,28400,12.818912964519313
nh3_ccpvdz,NH$_3$/cc-pVDZ,28410,13.374712331099659
nh3_ccpvdz,NH$_3$/cc-pVDZ,28420,13.366183823606548
nh3_ccpvdz,NH$_3$/cc-pVDZ,28430,12.779508962182717
nh3_ccpvdz,NH$_3$/cc-pVDZ,28440,12.742903402788386
nh3_ccpvdz,NH$_3$/cc-pVDZ,28450,13.34962447104715
nh3_ccpvdz,NH$_3$/cc-pVDZ,28460,13.091898516591982
nh3_ccpvdz,NH$_3$/cc-pVDZ,28470,13.025856325917573
nh3_ccpvdz,NH$_3$/cc-pVDZ,28480,12.898706276814664
nh3_ccpvdz,NH$_3$/cc-pVDZ,28490,12.92806470337382
nh3_ccpvdz,NH$_3$/cc-pVDZ,28500,14.425417910352678
nh3_ccpvdz,NH$_3$/cc-pVDZ,28510,13.434643150119996
nh3_ccpvdz,NH$_3$/cc-pVDZ,28520,13.320560861089348
nh3_ccpvdz,NH$_3$/cc-pVDZ,28530,12.816347514103654
nh3_ccpvdz,NH$_3$/cc-pVDZ,28540,12.665086513251822
nh3_ccpvdz,NH$_3$/cc-pVDZ,28550,12.891200251942792
nh3_ccpvdz,NH$_3$/cc-pVDZ,28560,13.056587401443664
nh3_ccpvdz,NH$_3$/cc-pVDZ,28570,12.733505454541216
nh3_ccpvdz,NH$_3$/cc-pVDZ,28580,12.82500365663708
nh3_ccpvdz,NH$_3$/cc-pVDZ,28590,13.550569786588085
nh3_ccpvdz,NH$_3$/cc-pVDZ,28600,12.833808160074511
nh3_ccpvdz,NH$_3$/cc-pVDZ,28610,13.414421947921085
nh3_ccpvdz,NH$_3$/cc-pVDZ,28620,12.71775619591864
nh3_ccpvdz,NH$_3$/cc-pVDZ,28630,13.095406173320612
nh3_ccpvdz,NH$_3$/cc-pVDZ,28640,12.779055026996389
nh3_ccpvdz,NH$_3$/cc-pVDZ,28650,12.916120047705704
nh3_ccpvdz,NH$_3$/cc-pVDZ,28660,15.077618448728458
nh3_ccpvdz,NH$_3$/cc-pVDZ,28670,13.522351597238469
nh3_ccpvdz,NH$_3$/cc-pVDZ,28680,12.970884247870629
nh3_ccpvdz,NH$_3$/cc-pVDZ,28690,12.694355422020465
nh3_ccpvdz,NH$_3$/cc-pVDZ,28700,13.208755823740148
nh3_ccpvdz,NH$_3$/cc-pVDZ,28710,12.971215213163134
nh3_ccpvdz,NH$_3$/cc-pVDZ,28720,13.280094999998937
nh3_ccpvdz,NH$_3$/cc-pVDZ,28730,13.241682770072316
nh3_ccpvdz,NH$_3$/cc-pVDZ,28740,13.66850883501769
nh3_ccpvdz,NH$_3$/cc-pVDZ,28750,12.884587643100076
nh3_ccpvdz,NH$_3$/cc-pVDZ,28760,12.637599474025762
nh3_ccpvdz,NH$_3$/cc-pVDZ,28770,14.080388711576575
nh3_ccpvdz,NH$_3$/cc-pVDZ,28780,12.83484702172899
nh3_ccpvdz,NH$_3$/cc-pVDZ,28790,12.91611528650094
nh3_ccpvdz,NH$_3$/cc-pVDZ,28800,12.61673164511734
nh3_ccpvdz,NH$_3$/cc-pVDZ,28810,12.720354089545083
nh3_ccpvdz,NH$_3$/cc-pVDZ,28820,12.83109970985663
nh3_ccpvdz,NH$_3$/cc-pVDZ,28830,13.961192759708752
nh3_ccpvdz,NH$_3$/cc-pVDZ,28840,12.844366688668174
nh3_ccpvdz,NH$_3$/cc-pVDZ,28850,12.649502111308664
nh3_ccpvdz,NH$_3$/cc-pVDZ,28860,13.741485136598897
nh3_ccpvdz,NH$_3$/cc-pVDZ,28870,12.936711071304785
nh3_ccpvdz,NH$_3$/cc-pVDZ,28880,12.735721344782291
nh3_ccpvdz,NH$_3$/cc-pVDZ,28890,12.83074162962805
nh3_ccpvdz,NH$_3$/cc-pVDZ,28900,12.967419526283663
nh3_ccpvdz,NH$_3$/cc-pVDZ,28910,12.897594276026325
nh3_ccpvdz,NH$_3$/cc-pVDZ,28920,12.79029850625335
nh3_ccpvdz,NH$_3$/cc-pVDZ,28930,12.603460398395328
nh3_ccpvdz,NH$_3$/cc-pVDZ,28940,13.558573979459254
nh3_ccpvdz,NH$_3$/cc-pVDZ,28950,12.820067149839076
nh3_ccpvdz,NH$_3$/cc-pVDZ,28960,12.909466626048527
nh3_ccpvdz,NH$_3$/cc-pVDZ,28970,14.293073394306077
nh3_ccpvdz,NH$_3$/cc-pVDZ,28980,12.639414502444879
nh3_ccpvdz,NH$_3$/cc-pVDZ,28990,13.37504005275747
nh3_ccpvdz,NH$_3$/cc-pVDZ,29000,12.998415432335264
nh3_ccpvdz,NH$_3$/cc-pVDZ,29010,12.82566611393321
nh3_ccpvdz,NH$_3$/cc-pVDZ,29020,12.583218563747778
nh3_ccpvdz,NH$_3$/cc-pVDZ,29030,13.919681580780718
nh3_ccpvdz,NH$_3$/cc-pVDZ,29040,13.223190875983448
nh3_ccpvdz,NH$_3$/cc-pVDZ,29050,12.879062442088696
nh3_ccpvdz,NH$_3$/cc-pVDZ,29060,13.013295172640937
nh3_ccpvdz,NH$_3$/cc-pVDZ,29070,12.672908990900567
nh3_ccpvdz,NH$_3$/cc-pVDZ,29080,12.777904491443337
nh3_ccpvdz,NH$_3$/cc-pVDZ,29090,12.648785093034576
nh3_ccpvdz,NH$_3$/cc-pVDZ,29100,13.621782143154348
nh3_ccpvdz,NH$_3$/cc-pVDZ,29110,12.882913754907577
nh3_ccpvdz,NH$_3$/cc-pVDZ,29120,12.710038721095884
nh3_ccpvdz,NH$_3$/cc-pVDZ,29130,13.101204525746368
nh3_ccpvdz,NH$_3$/cc-pVDZ,29140,12.755153657849405
nh3_ccpvdz,NH$_3$/cc-pVDZ,29150,12.550516705218229
nh3_ccpvdz,NH$_3$/cc-pVDZ,29160,13.9993605302422
nh3_ccpvdz,NH$_3$/cc-pVDZ,29170,13.40490491209323
nh3_ccpvdz,NH$_3$/cc-pVDZ,29180,12.54839656116502
nh3_ccpvdz,NH$_3$/cc-pVDZ,29190,12.596219476428416
nh3_ccpvdz,NH$_3$/cc-pVDZ,29200,13.224971649364647
nh3_ccpvdz,NH$_3$/cc-pVDZ,29210,12.868660365811024
nh3_ccpvdz,NH$_3$/cc-pVDZ,29220,12.670071002460759
nh3_ccpvdz,NH$_3$/cc-pVDZ,29230,13.65029832030018
nh3_ccpvdz,NH$_3$/cc-pVDZ,29240,12.952663657301855
nh3_ccpvdz,NH$_3$/cc-pVDZ,29250,12.692460852534282
nh3_ccpvdz,NH$_3$/cc-pVDZ,29260,12.798118750794174
nh3_ccpvdz,NH$_3$/cc-pVDZ,29270,12.837424926139818
nh3_ccpvdz,NH$_3$/cc-pVDZ,29280,12.648679354157366
nh3_ccpvdz,NH$_3$/cc-pVDZ,29290,13.562748194360097
nh3_ccpvdz,NH$_3$/cc-pVDZ,29300,13.234481218347582
nh3_ccpvdz,NH$_3$/cc-pVDZ,29310,12.931648499481696
nh3_ccpvdz,NH$_3$/cc-pVDZ,29320,12.622899150493083
nh3_ccpvdz,NH$_3$/cc-pVDZ,29330,12.780967608676974
nh3_ccpvdz,NH$_3$/cc-pVDZ,29340,13.683664009690233
nh3_ccpvdz,NH$_3$/cc-pVDZ,29350,13.469808964508445
nh3_ccpvdz,NH$_3$/cc-pVDZ,29360,13.205725697858384
nh3_ccpvdz,NH$_3$/cc-pVDZ,29370,12.561325334807805
nh3_ccpvdz,NH$_3$/cc-pVDZ,29380,12.94757410901326
nh3_ccpvdz,NH$_3$/cc-pVDZ,29390,12.729684011119957
nh3_ccpvdz,NH$_3$/cc-pVDZ,29400,14.048296985883724
nh3_ccpvdz,NH$_3$/cc-pVDZ,29410,13.051608270131965
nh3_ccpvdz,NH$_3$/cc-pVDZ,29420,13.026813880344434
nh3_ccpvdz,NH$_3$/cc-pVDZ,29430,12.969208614116212
nh3_ccpvdz,NH$_3$/cc-pVDZ,29440,12.639868848573599
nh3_ccpvdz,NH$_3$/cc-pVDZ,29450,12.906737116139766
nh3_ccpvdz,NH$_3$/cc-pVDZ,29460,12.804812727935655
nh3_ccpvdz,NH$_3$/cc-pVDZ,29470,12.647903789513748
nh3_ccpvdz,NH$_3$/cc-pVDZ,29480,12.759444590429325
nh3_ccpvdz,NH$_3$/cc-pVDZ,29490,12.610248373150057
nh3_ccpvdz,NH$_3$/cc-pVDZ,29500,12.683716374773724
nh3_ccpvdz,NH$_3$/cc-pVDZ,29510,13.290695817730125
nh3_ccpvdz,NH$_3$/cc-pVDZ,29520,12.801510830541929
nh3_ccpvdz,NH$_3$/cc-pVDZ,29530,13.29526755475996
nh3_ccpvdz,NH$_3$/cc-pVDZ,29540,13.149308043203689
nh3_ccpvdz,NH$_3$/cc-pVDZ,29550,12.958578813197619
nh3_ccpvdz,NH$_3$/cc-pVDZ,29560,12.675424409479774
nh3_ccpvdz,NH$_3$/cc-pVDZ,29570,13.793767206117025
nh3_ccpvdz,NH$_3$/cc-pVDZ,29580,12.589032066792072
nh3_ccpvdz,NH$_3$/cc-pVDZ,29590,12.94561552104767
nh3_ccpvdz,NH$_3$/cc-pVDZ,29600,12.6735701014411
nh3_ccpvdz,NH$_3$/cc-pVDZ,29610,12.771068937759367
nh3_ccpvdz,NH$_3$/cc-pVDZ,29620,13.653230166880803
nh3_ccpvdz,NH$_3$/cc-pVDZ,29630,12.526731295920968
nh3_ccpvdz,NH$_3$/cc-pVDZ,29640,12.89187749826226
nh3_ccpvdz,NH$_3$/cc-pVDZ,29650,12.985484239962375
nh3_ccpvdz,NH$_3$/cc-pVDZ,29660,12.930709415087449
nh3_ccpvdz,NH$_3$/cc-pVDZ,29670,12.47207343848089
nh3_ccpvdz,NH$_3$/cc-pVDZ,29680,13.819133691050922
nh3_ccpvdz,NH$_3$/cc-pVDZ,29690,12.483728779862702
nh3_ccpvdz,NH$_3$/cc-pVDZ,29700,12.564928470986558
nh3_ccpvdz,NH$_3$/cc-pVDZ,29710,13.337825585182372
nh3_ccpvdz,NH$_3$/cc-pVDZ,29720,13.76429290572645
nh3_ccpvdz,NH$_3$/cc-pVDZ,29730,12.523111866578063
nh3_ccpvdz,NH$_3$/cc-pVDZ,29740,12.696964630897867
nh3_ccpvdz,NH$_3$/cc-pVDZ,29750,13.096656510619198
nh3_ccpvdz,NH$_3$/cc-pVDZ,29760,12.87196257636225
nh3_ccpvdz,NH$_3$/cc-pVDZ,29770,12.70632821879758
nh3_ccpvdz,NH$_3$/cc-pVDZ,29780,13.175070255179833
nh3_ccpvdz,NH$_3$/cc-pVDZ,29790,12.503931594132212
nh3_ccpvdz,NH$_3$/cc-pVDZ,29800,12.85699125013906
nh3_ccpvdz,NH$_3$/cc-pVDZ,29810,12.606720279819683
nh3_ccpvdz,NH$_3$/cc-pVDZ,29820,13.210869299562944
nh3_ccpvdz,NH$_3$/cc-pVDZ,29830,12.403732433135417
nh3_ccpvdz,NH$_3$/cc-pVDZ,29840,13.227042159009272
nh3_ccpvdz,NH$_3$/cc-pVDZ,29850,13.39598655461316
nh3_ccpvdz,NH$_3$/cc-pVDZ,29860,12.884895478066483
nh3_ccpvdz,NH$_3$/cc-pVDZ,29870,12.435009260371999
nh3_ccpvdz,NH$_3$/cc-pVDZ,29880,13.098084170053426
nh3_ccpvdz,NH$_3$/cc-pVDZ,29890,12.665810719354909
nh3_ccpvdz,NH$_3$/cc-pVDZ,29900,13.018209441170825
nh3_ccpvdz,NH$_3$/cc-pVDZ,29910,13.301793829860742
nh3_ccpvdz,NH$_3$/cc-pVDZ,29920,12.98878395322589
nh3_ccpvdz,NH$_3$/cc-pVDZ,29930,12.522801646682069
nh3_ccpvdz,NH$_3$/cc-pVDZ,29940,12.72788480124376
nh3_ccpvdz,NH$_3$/cc-pVDZ,29950,13.00492167755607
nh3_ccpvdz,NH$_3$/cc-pVDZ,29960,12.566307457298365
nh3_ccpvdz,NH$_3$/cc-pVDZ,29970,12.736296755292642
nh3_ccpvdz,NH$_3$/cc-pVDZ,29980,12.59696682547684
nh3_ccpvdz,NH$_3$/cc-pVDZ,29990,12.573658261139542
nh3_ccpvdz,NH$_3$/cc-pVDZ,30000,13.313671596570487
hcn_ccpvdz,HCN/cc-pVDZ,1,77.3922500894173
hcn_ccpvdz,HCN/cc-pVDZ,10,74.59002057079545
hcn_ccpvdz,HCN/cc-pVDZ,20,73.04176600905521
hcn_ccpvdz,HCN/cc-pVDZ,30,72.12157855296653
hcn_ccpvdz,HCN/cc-pVDZ,40,71.396505119111
hcn_ccpvdz,HCN/cc-pVDZ,50,74.3457782636483
hcn_ccpvdz,HCN/cc-pVDZ,60,70.76944451897305
hcn_ccpvdz,HCN/cc-pVDZ,70,70.56598034546369
hcn_ccpvdz,HCN/cc-pVDZ,80,71.93493101962645
hcn_ccpvdz,HCN/cc-pVDZ,90,81.54151626084172
hcn_ccpvdz,HCN/cc-pVDZ,100,80.8182746000341
hcn_ccpvdz,HCN/cc-pVDZ,110,76.01425084213531
hcn_ccpvdz,HCN/cc-pVDZ,120,71.38192858323578
hcn_ccpvdz,HCN/cc-pVDZ,130,70.50064892814589
hcn_ccpvdz,HCN/cc-pVDZ,140,75.9403379496888
hcn_ccpvdz,HCN/cc-pVDZ,150,75.79118947259644
hcn_ccpvdz,HCN/cc-pVDZ,160,71.49105026259406
hcn_ccpvdz,HCN/cc-pVDZ,170,70.00743515330043
hcn_ccpvdz,HCN/cc-pVDZ,180,68.72882804331937
hcn_ccpvdz,HCN/cc-pVDZ,190,68.6274432764975
hcn_ccpvdz,HCN/cc-pVDZ,200,69.06863987839529
hcn_ccpvdz,HCN/cc-pVDZ,210,70.36109277328251
hcn_ccpvdz,HCN/cc-pVDZ,220,69.94335859384648
hcn_ccpvdz,HCN/cc-pVDZ,230,70.59764604774443
hcn_ccpvdz,HCN/cc-pVDZ,240,72.94529732182298
hcn_ccpvdz,HCN/cc-pVDZ,250,70.7427083150236
hcn_ccpvdz,HCN/cc-pVDZ,260,69.10298063240816
hcn_ccpvdz,HCN/cc-pVDZ,270,68.84269897440731
hcn_ccpvdz,HCN/cc-pVDZ,280,69.0592909714951
hcn_ccpvdz,HCN/cc-pVDZ,290,73.15433904442159
hcn_ccpvdz,HCN/cc-pVDZ,300,69.90290739834393
hcn_ccpvdz,HCN/cc-pVDZ,310,70.79885772130012
hcn_ccpvdz,HCN/cc-pVDZ,320,67.3036227495345
hcn_ccpvdz,HCN/cc-pVDZ,330,69.33104477288055
hcn_ccpvdz,HCN/cc-pVDZ,340,72.1810726589922
hcn_ccpvdz,HCN/cc-pVDZ,350,74.46029259818943
hcn_ccpvdz,HCN/cc-pVDZ,360,75.34302054625641
hcn_ccpvdz,HCN/cc-pVDZ,370,71.35769155074456
hcn_ccpvdz,HCN/cc-pVDZ,380,68.18960173929156
hcn_ccpvdz,HCN/cc-pVDZ,390,67.3284961674625
hcn_ccpvdz,HCN/cc-pVDZ,400,66.37745932130201
hcn_ccpvdz,HCN/cc-pVDZ,410,65.92720887189785
hcn_ccpvdz,HCN/cc-pVDZ,420,65.67801705281795
hcn_ccpvdz,HCN/cc-pVDZ,430,65.75244698113636
hcn_ccpvdz,HCN/cc-pVDZ,440,69.06321807625204
hcn_ccpvdz,HCN/cc-pVDZ,450,69.35548557528648
hcn_ccpvdz,HCN/cc-pVDZ,460,66.34649346392507
hcn_ccpvdz,HCN/cc-pVDZ,470,68.31243952274235
hcn_ccpvdz,HCN/cc-pVDZ,480,65.32391481511013
hcn_ccpvdz,HCN/cc-pVDZ,490,65.68703150766453
hcn_ccpvdz,HCN/cc-pVDZ,500,66.2044043581318
hcn_ccpvdz,HCN/cc-pVDZ,510,74.51969020051763
hcn_ccpvdz,HCN/cc-pVDZ,520,65.24266659344846
hcn_ccpvdz,HCN/cc-pVDZ,530,67.76832788789022
hcn_ccpvdz,HCN/cc-pVDZ,540,67.57470054671444
hcn_ccpvdz,HCN/cc-pVDZ,550,65.44208031280618
hcn_ccpvdz,HCN/cc-pVDZ,560,65.40647735853611
hcn_ccpvdz,HCN/cc-pVDZ,570,66.81246618161651
hcn_ccpvdz,HCN/cc-pVDZ,580,66.28223776915831
hcn_ccpvdz,HCN/cc-pVDZ,590,69.63182740284424
hcn_ccpvdz,HCN/cc-pVDZ,600,66.99386594384293
hcn_ccpvdz,HCN/cc-pVDZ,610,67.7170827795095
hcn_ccpvdz,HCN/cc-pVDZ,620,66.53951828255344
hcn_ccpvdz,HCN/cc-pVDZ,630,65.33161270206733
hcn_ccpvdz,HCN/cc-pVDZ,640,63.7087686168627
hcn_ccpvdz,HCN/cc-pVDZ,650,63.96780989456374
hcn_ccpvdz,HCN/cc-pVDZ,660,66.71386436906346
hcn_ccpvdz,HCN/cc-pVDZ,670,63.90352967966351
hcn_ccpvdz,HCN/cc-pVDZ,680,68.20581446606866
hcn_ccpvdz,HCN/cc-pVDZ,690,65.88015848490159
hcn_ccpvdz,HCN/cc-pVDZ,700,66.0988144083916
hcn_ccpvdz,HCN/cc-pVDZ,710,64.68823535996648
hcn_ccpvdz,HCN/cc-pVDZ,720,67.26789472270411
hcn_ccpvdz,HCN/cc-pVDZ,730,63.828599103175065
hcn_ccpvdz,HCN/cc-pVDZ,740,64.48553877832808
hcn_ccpvdz,HCN/cc-pVDZ,750,97.64879208910315
hcn_ccpvdz,HCN/cc-pVDZ,760,70.33609570321175
hcn_ccpvdz,HCN/cc-pVDZ,770,65.96404212028517
hcn_ccpvdz,HCN/cc-pVDZ,780,64.1293587886338
hcn_ccpvdz,HCN/cc-pVDZ,790,63.362010291101
hcn_ccpvdz,HCN/cc-pVDZ,800,64.81022227023914
hcn_ccpvdz,HCN/cc-pVDZ,810,63.1513702231814
hcn_ccpvdz,HCN/cc-pVDZ,820,62.44112269364166
hcn_ccpvdz,HCN/cc-pVDZ,830,63.96911974275099
hcn_ccpvdz,HCN/cc-pVDZ,840,63.18461030602407
hcn_ccpvdz,HCN/cc-pVDZ,850,63.054447588186235
hcn_ccpvdz,HCN/cc-pVDZ,860,62.95583935336424
hcn_ccpvdz,HCN/cc-pVDZ,870,61.84903856951962
hcn_ccpvdz,HCN/cc-pVDZ,880,65.26216665417905
hcn_ccpvdz,HCN/cc-pVDZ,890,66.52529011523711
hcn_ccpvdz,HCN/cc-pVDZ,900,62.90095233030968
hcn_ccpvdz,HCN/cc-pVDZ,910,62.530653238809464
hcn_ccpvdz,HCN/cc-pVDZ,920,67.52491413780604
hcn_ccpvdz,HCN/cc-pVDZ,930,61.83649297072691
hcn_ccpvdz,HCN/cc-pVDZ,940,62.9134896642114
hcn_ccpvdz,HCN/cc-pVDZ,950,63.29043904875675
hcn_ccpvdz,HCN/cc-pVDZ,960,63.55317499919977
hcn_ccpvdz,HCN/cc-pVDZ,970,63.34821789710077
hcn_ccpvdz,HCN/cc-pVDZ,980,63.236041782289476
hcn_ccpvdz,HCN/cc-pVDZ,990,63.39739716000281
hcn_ccpvdz,HCN/cc-pVDZ,1000,61.70103020156148
hcn_ccpvdz,HCN/cc-pVDZ,1010,63.79096789331129
hcn_ccpvdz,HCN/cc-pVDZ,1020,61.11442352812446
hcn_ccpvdz,HCN/cc-pVDZ,1030,61.00515552476793
hcn_ccpvdz,HCN/cc-pVDZ,1040,60.86621607802556
hcn_ccpvdz,HCN/cc-pVDZ,1050,62.09650227418706
hcn_ccpvdz,HCN/cc-pVDZ,1060,61.52174020924406
hcn_ccpvdz,HCN/cc-pVDZ,1070,60.65775344025326
hcn_ccpvdz,HCN/cc-pVDZ,1080,64.07386881592458
hcn_ccpvdz,HCN/cc-pVDZ,1090,89.72871857464781
hcn_ccpvdz,HCN/cc-pVDZ,1100,95.34729463945268
hcn_ccpvdz,HCN/cc-pVDZ,1110,70.50816016896988
hcn_ccpvdz,HCN/cc-pVDZ,1120,64.53526941442078
hcn_ccpvdz,HCN/cc-pVDZ,1130,62.099703648215154
hcn_ccpvdz,HCN/cc-pVDZ,1140,60.89546935869805
hcn_ccpvdz,HCN/cc-pVDZ,1150,60.50077021942002
hcn_ccpvdz,HCN/cc-pVDZ,1160,60.24247040109287
hcn_ccpvdz,HCN/cc-pVDZ,1170,60.26926912335284
hcn_ccpvdz,HCN/cc-pVDZ,1180,60.77999478556251
hcn_ccpvdz,HCN/cc-pVDZ,1190,64.2519119465561
hcn_ccpvdz,HCN/cc-pVDZ,1200,62.65738914115104
hcn_ccpvdz,HCN/cc-pVDZ,1210,61.19833820342535
hcn_ccpvdz,HCN/cc-pVDZ,1220,60.6269080524271
hcn_ccpvdz,HCN/cc-pVDZ,1230,61.2958194149229
hcn_ccpvdz,HCN/cc-pVDZ,1240,60.84287774429242
hcn_ccpvdz,HCN/cc-pVDZ,1250,61.23715227224125
hcn_ccpvdz,HCN/cc-pVDZ,1260,66.33849391820945
hcn_ccpvdz,HCN/cc-pVDZ,1270,65.75387428731005
hcn_ccpvdz,HCN/cc-pVDZ,1280,62.789695706555904
hcn_ccpvdz,HCN/cc-pVDZ,1290,64.53956728600474
hcn_ccpvdz,HCN/cc-pVDZ,1300,60.05075112332747
hcn_ccpvdz,HCN/cc-pVDZ,1310,60.595038816742886
hcn_ccpvdz,HCN/cc-pVDZ,1320,69.45594525151932
hcn_ccpvdz,HCN/cc-pVDZ,1330,59.854651857264685
hcn_ccpvdz,HCN/cc-pVDZ,1340,62.31552796099038
hcn_ccpvdz,HCN/cc-pVDZ,1350,60.21260755402125
hcn_ccpvdz,HCN/cc-pVDZ,1360,60.65518004892567
hcn_ccpvdz,HCN/cc-pVDZ,1370,60.428973856545554
hcn_ccpvdz,HCN/cc-pVDZ,1380,60.13787714874752
hcn_ccpvdz,HCN/cc-pVDZ,1390,60.578369523412334
hcn_ccpvdz,HCN/cc-pVDZ,1400,59.36699971856285
hcn_ccpvdz,HCN/cc-pVDZ,1410,61.02960932469159
hcn_ccpvdz,HCN/cc-pVDZ,1420,60.042995529457244
hcn_ccpvdz,HCN/cc-pVDZ,1430,62.92176993309795
hcn_ccpvdz,HCN/cc-pVDZ,1440,62.5749731090508
hcn_ccpvdz,HCN/cc-pVDZ,1450,62.1345002427347
hcn_ccpvdz,HCN/cc-pVDZ,1460,59.2791416762708
hcn_ccpvdz,HCN/cc-pVDZ,1470,60.463831390762834
hcn_ccpvdz,HCN/cc-pVDZ,1480,59.7360020376243
hcn_ccpvdz,HCN/cc-pVDZ,1490,66.36273556649996
hcn_ccpvdz,HCN/cc-pVDZ,1500,64.48958222722467
hcn_ccpvdz,HCN/cc-pVDZ,1510,60.350242729526826
hcn_ccpvdz,HCN/cc-pVDZ,1520,59.92359021982452
hcn_ccpvdz,HCN/cc-pVDZ,1530,60.98175532612515
hcn_ccpvdz,HCN/cc-pVDZ,1540,59.96246597577226
hcn_ccpvdz,HCN/cc-pVDZ,1550,58.566211720616934
hcn_ccpvdz,HCN/cc-pVDZ,1560,58.733206424420814
hcn_ccpvdz,HCN/cc-pVDZ,1570,68.90408366966483
hcn_ccpvdz,HCN/cc-pVDZ,1580,60.09394427486825
hcn_ccpvdz,HCN/cc-pVDZ,1590,59.676336865749136
hcn_ccpvdz,HCN/cc-pVDZ,1600,58.8206169682195
hcn_ccpvdz,HCN/cc-pVDZ,1610,58.50805786133151
hcn_ccpvdz,HCN/cc-pVDZ,1620,60.42019487060202
hcn_ccpvdz,HCN/cc-pVDZ,1630,62.13651595400904
hcn_ccpvdz,HCN/cc-pVDZ,1640,60.540095971674646
hcn_ccpvdz,HCN/cc-pVDZ,1650,58.9770957350737
hcn_ccpvdz,HCN/cc-pVDZ,1660,58.67316821918678
hcn_ccpvdz,HCN/cc-pVDZ,1670,58.321364978539236
hcn_ccpvdz,HCN/cc-pVDZ,1680,70.59306787787989
hcn_ccpvdz,HCN/cc-pVDZ,1690,59.626283058463514
hcn_ccpvdz,HCN/cc-pVDZ,1700,62.17129081758799
hcn_ccpvdz,HCN/cc-pVDZ,1710,58.723431607575094
hcn_ccpvdz,HCN/cc-pVDZ,1720,57.94150702108425
hcn_ccpvdz,HCN/cc-pVDZ,1730,58.77957810372436
hcn_ccpvdz,HCN/cc-pVDZ,1740,58.28395108775908
hcn_ccpvdz,HCN/cc-pVDZ,1750,65.52218455854586
hcn_ccpvdz,HCN/cc-pVDZ,1760,58.22952051917696
hcn_ccpvdz,HCN/cc-pVDZ,1770,60.46297544538959
hcn_ccpvdz,HCN/cc-pVDZ,1780,57.97453087086524
hcn_ccpvdz,HCN/cc-pVDZ,1790,58.01382917960041
hcn_ccpvdz,HCN/cc-pVDZ,1800,57.91325123357183
hcn_ccpvdz,HCN/cc-pVDZ,1810,59.166328999950224
hcn_ccpvdz,HCN/cc-pVDZ,1820,61.213858853534475
hcn_ccpvdz,HCN/cc-pVDZ,1830,62.088455205426385
hcn_ccpvdz,HCN/cc-pVDZ,1840,59.71957370145731
hcn_ccpvdz,HCN/cc-pVDZ,1850,58.66252794585591
hcn_ccpvdz,HCN/cc-pVDZ,1860,57.34906337266921
hcn_ccpvdz,HCN/cc-pVDZ,1870,57.46624701914982
hcn_ccpvdz,HCN/cc-pVDZ,1880,58.68065147245716
hcn_ccpvdz,HCN/cc-pVDZ,1890,57.03305127973124
hcn_ccpvdz,HCN/cc-pVDZ,1900,58.41688625655195
hcn_ccpvdz,HCN/cc-pVDZ,1910,57.576948235336545
hcn_ccpvdz,HCN/cc-pVDZ,1920,57.06292469001539
hcn_ccpvdz,HCN/cc-pVDZ,1930,57.03248610883804
hcn_ccpvdz,HCN/cc-pVDZ,1940,61.22833994969312
hcn_ccpvdz,HCN/cc-pVDZ,1950,58.36281854104186
hcn_ccpvdz,HCN/cc-pVDZ,1960,57.3555767047651
hcn_ccpvdz,HCN/cc-pVDZ,1970,63.27164621941961
hcn_ccpvdz,HCN/cc-pVDZ,1980,56.709582754990606
hcn_ccpvdz,HCN/cc-pVDZ,1990,56.86277302288545
hcn_ccpvdz,HCN/cc-pVDZ,2000,61.161479692813714
hcn_ccpvdz,HCN/cc-pVDZ,2010,58.59171265710472
hcn_ccpvdz,HCN/cc-pVDZ,2020,56.53717586498885
hcn_ccpvdz,HCN/cc-pVDZ,2030,58.676837082671796
hcn_ccpvdz,HCN/cc-pVDZ,2040,58.089004571755254
hcn_ccpvdz,HCN/cc-pVDZ,2050,58.18185971445189
hcn_ccpvdz,HCN/cc-pVDZ,2060,57.187532881073366
hcn_ccpvdz,HCN/cc-pVDZ,2070,58.76300309012095
hcn_ccpvdz,HCN/cc-pVDZ,2080,57.081846113689494
hcn_ccpvdz,HCN/cc-pVDZ,2090,61.095289834355526
hcn_ccpvdz,HCN/cc-pVDZ,2100,56.76480429720243
hcn_ccpvdz,HCN/cc-pVDZ,2110,55.41286834872494
hcn_ccpvdz,HCN/cc-pVDZ,2120,60.68646561354285
hcn_ccpvdz,HCN/cc-pVDZ,2130,58.39112998012297
hcn_ccpvdz,HCN/cc-pVDZ,2140,58.890566365377595
hcn_ccpvdz,HCN/cc-pVDZ,2150,57.33545016967412
hcn_ccpvdz,HCN/cc-pVDZ,2160,58.3324420769884
hcn_ccpvdz,HCN/cc-pVDZ,2170,57.11230439511894
hcn_ccpvdz,HCN/cc-pVDZ,2180,56.37760430772687
hcn_ccpvdz,HCN/cc-pVDZ,2190,58.010028858589635
hcn_ccpvdz,HCN/cc-pVDZ,2200,55.64537033724548
hcn_ccpvdz,HCN/cc-pVDZ,2210,60.58559400433694
hcn_ccpvdz,HCN/cc-pVDZ,2220,57.003743946012264
hcn_ccpvdz,HCN/cc-pVDZ,2230,57.067995394262994
hcn_ccpvdz,HCN/cc-pVDZ,2240,59.245401353237526
hcn_ccpvdz,HCN/cc-pVDZ,2250,79.42011481152633
hcn_ccpvdz,HCN/cc-pVDZ,2260,66.54141906847144
hcn_ccpvdz,HCN/cc-pVDZ,2270,59.189945799047905
hcn_ccpvdz,HCN/cc-pVDZ,2280,56.864923003757895
hcn_ccpvdz,HCN/cc-pVDZ,2290,55.5259048834813
hcn_ccpvdz,HCN/cc-pVDZ,2300,54.9857855207847
hcn_ccpvdz,HCN/cc-pVDZ,2310,54.88171390678076
hcn_ccpvdz,HCN/cc-pVDZ,2320,55.851396569138956
hcn_ccpvdz,HCN/cc-pVDZ,2330,54.550347728635984
hcn_ccpvdz,HCN/cc-pVDZ,2340,54.69040707261286
hcn_ccpvdz,HCN/cc-pVDZ,2350,56.06279506112344
hcn_ccpvdz,HCN/cc-pVDZ,2360,58.23768684632569
hcn_ccpvdz,HCN/cc-pVDZ,2370,63.07408399193548
hcn_ccpvdz,HCN/cc-pVDZ,2380,58.80789188800861
hcn_ccpvdz,HCN/cc-pVDZ,2390,55.829540001909095
hcn_ccpvdz,HCN/cc-pVDZ,2400,55.45517470008576
hcn_ccpvdz,HCN/cc-pVDZ,2410,55.167469823118154
hcn_ccpvdz,HCN/cc-pVDZ,2420,55.75030837182737
hcn_ccpvdz,HCN/cc-pVDZ,2430,56.20635813248498
hcn_ccpvdz,HCN/cc-pVDZ,2440,55.47843910316885
hcn_ccpvdz,HCN/cc-pVDZ,2450,54.874101711007484
hcn_ccpvdz,HCN/cc-pVDZ,2460,61.146900143938865
hcn_ccpvdz,HCN/cc-pVDZ,2470,55.74796792203074
hcn_ccpvdz,HCN/cc-pVDZ,2480,57.922845580336
hcn_ccpvdz,HCN/cc-pVDZ,2490,56.9525080441764
hcn_ccpvdz,HCN/cc-pVDZ,2500,56.23656056417303
hcn_ccpvdz,HCN/cc-pVDZ,2510,54.54306285756161
hcn_ccpvdz,HCN/cc-pVDZ,2520,58.186936808809264
hcn_ccpvdz,HCN/cc-pVDZ,2530,55.841838931243615
hcn_ccpvdz,HCN/cc-pVDZ,2540,58.14783257453371
hcn_ccpvdz,HCN/cc-pVDZ,2550,57.038126652756205
hcn_ccpvdz,HCN/cc-pVDZ,2560,55.292622448291695
hcn_ccpvdz,HCN/cc-pVDZ,2570,54.65531725926098
hcn_ccpvdz,HCN/cc-pVDZ,2580,54.775232706518295
hcn_ccpvdz,HCN/cc-pVDZ,2590,54.97531184936122
hcn_ccpvdz,HCN/cc-pVDZ,2600,60.49915806360673
hcn_ccpvdz,HCN/cc-pVDZ,2610,54.79946719185591
hcn_ccpvdz,HCN/cc-pVDZ,2620,54.73960202549222
hcn_ccpvdz,HCN/cc-pVDZ,2630,57.17878605324245
hcn_ccpvdz,HCN/cc-pVDZ,2640,55.98129948818098
hcn_ccpvdz,HCN/cc-pVDZ,2650,55.45856382133252
hcn_ccpvdz,HCN/cc-pVDZ,2660,58.01742436547386
hcn_ccpvdz,HCN/cc-pVDZ,2670,57.957225013851144
hcn_ccpvdz,HCN/cc-pVDZ,2680,56.495586629836225
hcn_ccpvdz,HCN/cc-pVDZ,2690,53.82117154788091
hcn_ccpvdz,HCN/cc-pVDZ,2700,56.220339407644815
hcn_ccpvdz,HCN/cc-pVDZ,2710,54.809032301704974
hcn_ccpvdz,HCN/cc-pVDZ,2720,58.7423915478098
hcn_ccpvdz,HCN/cc-pVDZ,2730,57.7171672992165
hcn_ccpvdz,HCN/cc-pVDZ,2740,54.417784225705645
hcn_ccpvdz,HCN/cc-pVDZ,2750,54.483514337221095
hcn_ccpvdz,HCN/cc-pVDZ,2760,54.18233037050868
hcn_ccpvdz,HCN/cc-pVDZ,2770,56.7380314425634
hcn_ccpvdz,HCN/cc-pVDZ,2780,56.984873521912505
hcn_ccpvdz,HCN/cc-pVDZ,2790,55.20542659076
hcn_ccpvdz,HCN/cc-pVDZ,2800,55.58105254718271
hcn_ccpvdz,HCN/cc-pVDZ,2810,56.1463006728502
hcn_ccpvdz,HCN/cc-pVDZ,2820,54.189405151461756
hcn_ccpvdz,HCN/cc-pVDZ,2830,53.75487012193503
hcn_ccpvdz,HCN/cc-pVDZ,2840,57.469364333329054
hcn_ccpvdz,HCN/cc-pVDZ,2850,56.85965095865697
hcn_ccpvdz,HCN/cc-pVDZ,2860,55.68715823704906
hcn_ccpvdz,HCN/cc-pVDZ,2870,54.32975239011739
hcn_ccpvdz,HCN/cc-pVDZ,2880,57.285628514591735
hcn_ccpvdz,HCN/cc-pVDZ,2890,57.89846005032473
hcn_ccpvdz,HCN/cc-pVDZ,2900,53.6683630282937
hcn_ccpvdz,HCN/cc-pVDZ,2910,53.56743528636798
hcn_ccpvdz,HCN/cc-pVDZ,2920,55.737441941730026
hcn_ccpvdz,HCN/cc-pVDZ,2930,53.85286386528776
hcn_ccpvdz,HCN/cc-pVDZ,2940,69.54901479872433
hcn_ccpvdz,HCN/cc-pVDZ,2950,55.22647625369359
hcn_ccpvdz,HCN/cc-pVDZ,2960,54.378256469533426
hcn_ccpvdz,HCN/cc-pVDZ,2970,53.618375598674106
hcn_ccpvdz,HCN/cc-pVDZ,2980,53.90313328878449
hcn_ccpvdz,HCN/cc-pVDZ,2990,53.00753819072668
hcn_ccpvdz,HCN/cc-pVDZ,3000,54.85853845814859
hcn_ccpvdz,HCN/cc-pVDZ,3010,54.20851005644067
hcn_ccpvdz,HCN/cc-pVDZ,3020,59.947212350280665
hcn_ccpvdz,HCN/cc-pVDZ,3030,54.01734406966341
hcn_ccpvdz,HCN/cc-pVDZ,3040,53.94961160365597
hcn_ccpvdz,HCN/cc-pVDZ,3050,54.28773261152742
hcn_ccpvdz,HCN/cc-pVDZ,3060,53.88344769241371
hcn_ccpvdz,HCN/cc-pVDZ,3070,54.833743847709115
hcn_ccpvdz,HCN/cc-pVDZ,3080,55.08379694094856
hcn_ccpvdz,HCN/cc-pVDZ,3090,53.80439668792292
hcn_ccpvdz,HCN/cc-pVDZ,3100,52.74729854650673
hcn_ccpvdz,HCN/cc-pVDZ,3110,56.405700538547876
hcn_ccpvdz,HCN/cc-pVDZ,3120,54.80750846004412
hcn_ccpvdz,HCN/cc-pVDZ,3130,52.61880811208641
hcn_ccpvdz,HCN/cc-pVDZ,3140,57.67911573060758
hcn_ccpvdz,HCN/cc-pVDZ,3150,52.74586968022277
hcn_ccpvdz,HCN/cc-pVDZ,3160,53.63776505708984
hcn_ccpvdz,HCN/cc-pVDZ,3170,55.01851263129254
hcn_ccpvdz,HCN/cc-pVDZ,3180,53.39686893938733
hcn_ccpvdz,HCN/cc-pVDZ,3190,55.09331499061432
hcn_ccpvdz,HCN/cc-pVDZ,3200,53.09827043583937
hcn_ccpvdz,HCN/cc-pVDZ,3210,60.469424772804814
hcn_ccpvdz,HCN/cc-pVDZ,3220,57.465698355684935
hcn_ccpvdz,HCN/cc-pVDZ,3230,54.942894440870305
hcn_ccpvdz,HCN/cc-pVDZ,3240,53.82430224631207
hcn_ccpvdz,HCN/cc-pVDZ,3250,53.03412130525942
hcn_ccpvdz,HCN/cc-pVDZ,3260,52.16023813989068
hcn_ccpvdz,HCN/cc-pVDZ,3270,54.44851634314318
hcn_ccpvdz,HCN/cc-pVDZ,3280,52.63261352098425
hcn_ccpvdz,HCN/cc-pVDZ,3290,53.65489202000617
hcn_ccpvdz,HCN/cc-pVDZ,3300,52.663270171024124
hcn_ccpvdz,HCN/cc-pVDZ,3310,53.84608908582322
hcn_ccpvdz,HCN/cc-pVDZ,3320,53.679900794861624
hcn_ccpvdz,HCN/cc-pVDZ,3330,53.105004567783
hcn_ccpvdz,HCN/cc-pVDZ,3340,52.16650218913799
hcn_ccpvdz,HCN/cc-pVDZ,3350,53.20359618930581
hcn_ccpvdz,HCN/cc-pVDZ,3360,52.47880111292602
hcn_ccpvdz,HCN/cc-pVDZ,3370,54.23891191726682
hcn_ccpvdz,HCN/cc-pVDZ,3380,59.13417906164398
hcn_ccpvdz,HCN/cc-pVDZ,3390,53.57125330161239
hcn_ccpvdz,HCN/cc-pVDZ,3400,57.813601333052134
hcn_ccpvdz,HCN/cc-pVDZ,3410,54.95452169569148
hcn_ccpvdz,HCN/cc-pVDZ,3420,52.24500898307838
hcn_ccpvdz,HCN/cc-pVDZ,3430,52.262295376777956
hcn_ccpvdz,HCN/cc-pVDZ,3440,52.21283840953106
hcn_ccpvdz,HCN/cc-pVDZ,3450,53.032939513840915
hcn_ccpvdz,HCN/cc-pVDZ,3460,56.27329948264048
hcn_ccpvdz,HCN/cc-pVDZ,3470,63.39787412548503
hcn_ccpvdz,HCN/cc-pVDZ,3480,57.84779027425202
hcn_ccpvdz,HCN/cc-pVDZ,3490,54.70008302002327
hcn_ccpvdz,HCN/cc-pVDZ,3500,52.775806221262656
hcn_ccpvdz,HCN/cc-pVDZ,3510,51.945734721613235
hcn_ccpvdz,HCN/cc-pVDZ,3520,52.045634529804374
hcn_ccpvdz,HCN/cc-pVDZ,3530,52.64276737351281
hcn_ccpvdz,HCN/cc-pVDZ,3540,51.93050683399747
hcn_ccpvdz,HCN/cc-pVDZ,3550,52.057024827249165
hcn_ccpvdz,HCN/cc-pVDZ,3560,57.48651237475144
hcn_ccpvdz,HCN/cc-pVDZ,3570,56.08563865531835
hcn_ccpvdz,HCN/cc-pVDZ,3580,53.32313770000496
hcn_ccpvdz,HCN/cc-pVDZ,3590,52.523403664494595
hcn_ccpvdz,HCN/cc-pVDZ,3600,52.07004821942007
hcn_ccpvdz,HCN/cc-pVDZ,3610,52.915524019269355
hcn_ccpvdz,HCN/cc-pVDZ,3620,53.51194750919319
hcn_ccpvdz,HCN/cc-pVDZ,3630,52.17508484193445
hcn_ccpvdz,HCN/cc-pVDZ,3640,52.241864083697465
hcn_ccpvdz,HCN/cc-pVDZ,3650,52.6308780839031
hcn_ccpvdz,HCN/cc-pVDZ,3660,52.53141401649941
hcn_ccpvdz,HCN/cc-pVDZ,3670,67.79546595632269
hcn_ccpvdz,HCN/cc-pVDZ,3680,57.32683035377306
hcn_ccpvdz,HCN/cc-pVDZ,3690,54.25877875576646
hcn_ccpvdz,HCN/cc-pVDZ,3700,53.06250777341859
hcn_ccpvdz,HCN/cc-pVDZ,3710,52.60201655850949
hcn_ccpvdz,HCN/cc-pVDZ,3720,51.596115373996554
hcn_ccpvdz,HCN/cc-pVDZ,3730,52.25358919844325
hcn_ccpvdz,HCN/cc-pVDZ,3740,50.90732010928889
hcn_ccpvdz,HCN/cc-pVDZ,3750,57.83898217285355
hcn_ccpvdz,HCN/cc-pVDZ,3760,51.89165548397057
hcn_ccpvdz,HCN/cc-pVDZ,3770,53.7779324798322
hcn_ccpvdz,HCN/cc-pVDZ,3780,55.55015690219989
hcn_ccpvdz,HCN/cc-pVDZ,3790,52.001168265917386
hcn_ccpvdz,HCN/cc-pVDZ,3800,51.569299074273545
hcn_ccpvdz,HCN/cc-pVDZ,3810,53.904135249396745
hcn_ccpvdz,HCN/cc-pVDZ,3820,55.12836727994852
hcn_ccpvdz,HCN/cc-pVDZ,3830,53.17373114257862
hcn_ccpvdz,HCN/cc-pVDZ,3840,52.1977327037888
hcn_ccpvdz,HCN/cc-pVDZ,3850,51.99887574711681
hcn_ccpvdz,HCN/cc-pVDZ,3860,51.81634472420171
hcn_ccpvdz,HCN/cc-pVDZ,3870,51.349453268670686
hcn_ccpvdz,HCN/cc-pVDZ,3880,50.65488446292932
hcn_ccpvdz,HCN/cc-pVDZ,3890,54.52212563413639
hcn_ccpvdz,HCN/cc-pVDZ,3900,52.29039207870301
hcn_ccpvdz,HCN/cc-pVDZ,3910,52.53818468224836
hcn_ccpvdz,HCN/cc-pVDZ,3920,52.646973239063755
hcn_ccpvdz,HCN/cc-pVDZ,3930,52.05063464188697
hcn_ccpvdz,HCN/cc-pVDZ,3940,52.39516105787345
hcn_ccpvdz,HCN/cc-pVDZ,3950,50.37999435090512
hcn_ccpvdz,HCN/cc-pVDZ,3960,54.615839622286444
hcn_ccpvdz,HCN/cc-pVDZ,3970,62.80179518194018
hcn_ccpvdz,HCN/cc-pVDZ,3980,62.706708722856774
hcn_ccpvdz,HCN/cc-pVDZ,3990,54.411048188072186
hcn_ccpvdz,HCN/cc-pVDZ,4000,51.91741250223458
hcn_ccpvdz,HCN/cc-pVDZ,4010,50.83757119048471
hcn_ccpvdz,HCN/cc-pVDZ,4020,50.34796915676054
hcn_ccpvdz,HCN/cc-pVDZ,4030,50.199165224967146
hcn_ccpvdz,HCN/cc-pVDZ,4040,51.496554831075514
hcn_ccpvdz,HCN/cc-pVDZ,4050,54.944932787719836
hcn_ccpvdz,HCN/cc-pVDZ,4060,50.35003907478597
hcn_ccpvdz,HCN/cc-pVDZ,4070,51.235692242443065
hcn_ccpvdz,HCN/cc-pVDZ,4080,52.643052252165035
hcn_ccpvdz,HCN/cc-pVDZ,4090,51.19228389203556
hcn_ccpvdz,HCN/cc-pVDZ,4100,56.56100069016645
hcn_ccpvdz,HCN/cc-pVDZ,4110,54.069112980613454
hcn_ccpvdz,HCN/cc-pVDZ,4120,51.15840636997859
hcn_ccpvdz,HCN/cc-pVDZ,4130,54.109985194244814
hcn_ccpvdz,HCN/cc-pVDZ,4140,51.226510493876276
hcn_ccpvdz,HCN/cc-pVDZ,4150,50.14535338055737
hcn_ccpvdz,HCN/cc-pVDZ,4160,51.9458084004043
hcn_ccpvdz,HCN/cc-pVDZ,4170,55.99166877200901
hcn_ccpvdz,HCN/cc-pVDZ,4180,50.29192427538476
hcn_ccpvdz,HCN/cc-pVDZ,4190,51.40128811814293
hcn_ccpvdz,HCN/cc-pVDZ,4200,51.04192399554108
hcn_ccpvdz,HCN/cc-pVDZ,4210,53.341070733836204
hcn_ccpvdz,HCN/cc-pVDZ,4220,51.764269529286366
hcn_ccpvdz,HCN/cc-pVDZ,4230,51.310905525284056
hcn_ccpvdz,HCN/cc-pVDZ,4240,50.02934559203709
hcn_ccpvdz,HCN/cc-pVDZ,4250,55.95687285509143
hcn_ccpvdz,HCN/cc-pVDZ,4260,51.243854422466484
hcn_ccpvdz,HCN/cc-pVDZ,4270,53.614348303099746
hcn_ccpvdz,HCN/cc-pVDZ,4280,51.507910736091844
hcn_ccpvdz,HCN/cc-pVDZ,4290,52.48982584905093
hcn_ccpvdz,HCN/cc-pVDZ,4300,50.86307523377798
hcn_ccpvdz,HCN/cc-pVDZ,4310,51.04736944662136
hcn_ccpvdz,HCN/cc-pVDZ,4320,50.62601836546321
hcn_ccpvdz,HCN/cc-pVDZ,4330,52.14621708391576
hcn_ccpvdz,HCN/cc-pVDZ,4340,51.649509236682434
hcn_ccpvdz,HCN/cc-pVDZ,4350,51.27030498773877
hcn_ccpvdz,HCN/cc-pVDZ,4360,50.067633380251664
hcn_ccpvdz,HCN/cc-pVDZ,4370,52.25047646689518
hcn_ccpvdz,HCN/cc-pVDZ,4380,50.144587981577615
hcn_ccpvdz,HCN/cc-pVDZ,4390,50.303324165199115
hcn_ccpvdz,HCN/cc-pVDZ,4400,50.18825312779995
hcn_ccpvdz,HCN/cc-pVDZ,4410,49.33539052946401
hcn_ccpvdz,HCN/cc-pVDZ,4420,71.15043902744844
hcn_ccpvdz,HCN/cc-pVDZ,4430,56.54101295944258
hcn_ccpvdz,HCN/cc-pVDZ,4440,54.48079987556298
hcn_ccpvdz,HCN/cc-pVDZ,4450,50.36940531147138
hcn_ccpvdz,HCN/cc-pVDZ,4460,50.14990674931141
hcn_ccpvdz,HCN/cc-pVDZ,4470,50.77907671659432
hcn_ccpvdz,HCN/cc-pVDZ,4480,50.011144342335
hcn_ccpvdz,HCN/cc-pVDZ,4490,49.619602236617766
hcn_ccpvdz,HCN/cc-pVDZ,4500,52.275689707741435
hcn_ccpvdz,HCN/cc-pVDZ,4510,50.107837477810335
hcn_ccpvdz,HCN/cc-pVDZ,4520,49.71074743951931
hcn_ccpvdz,HCN/cc-pVDZ,4530,56.119200458212504
hcn_ccpvdz,HCN/cc-pVDZ,4540,51.28224164997164
hcn_ccpvdz,HCN/cc-pVDZ,4550,51.67249744837932
hcn_ccpvdz,HCN/cc-pVDZ,4560,50.47671717821345
hcn_ccpvdz,HCN/cc-pVDZ,4570,49.864886846833656
hcn_ccpvdz,HCN/cc-pVDZ,4580,49.68285667244743
hcn_ccpvdz,HCN/cc-pVDZ,4590,50.141878228288306
hcn_ccpvdz,HCN/cc-pVDZ,4600,53.971254092203935
hcn_ccpvdz,HCN/cc-pVDZ,4610,53.92899216825242
hcn_ccpvdz,HCN/cc-pVDZ,4620,51.0096562097857
hcn_ccpvdz,HCN/cc-pVDZ,4630,51.50200329124743
hcn_ccpvdz,HCN/cc-pVDZ,4640,50.1726832867746
hcn_ccpvdz,HCN/cc-pVDZ,4650,57.22929868294102
hcn_ccpvdz,HCN/cc-pVDZ,4660,50.50990008663803
hcn_ccpvdz,HCN/cc-pVDZ,4670,48.91706713026167
hcn_ccpvdz,HCN/cc-pVDZ,4680,51.5009693507551
hcn_ccpvdz,HCN/cc-pVDZ,4690,49.910999092830366
hcn_ccpvdz,HCN/cc-pVDZ,4700,50.49868557512127
hcn_ccpvdz,HCN/cc-pVDZ,4710,57.74486241111276
hcn_ccpvdz,HCN/cc-pVDZ,4720,53.591767913800936
hcn_ccpvdz,HCN/cc-pVDZ,4730,49.26754429124003
hcn_ccpvdz,HCN/cc-pVDZ,4740,49.56385585819589
hcn_ccpvdz,HCN/cc-pVDZ,4750,49.48937238486906
hcn_ccpvdz,HCN/cc-pVDZ,4760,49.17726652972476
hcn_ccpvdz,HCN/cc-pVDZ,4770,49.95092484955421
hcn_ccpvdz,HCN/cc-pVDZ,4780,52.20623339803865
hcn_ccpvdz,HCN/cc-pVDZ,4790,52.76289480157459
hcn_ccpvdz,HCN/cc-pVDZ,4800,48.807109677085236
hcn_ccpvdz,HCN/cc-pVDZ,4810,54.140413306626556
hcn_ccpvdz,HCN/cc-pVDZ,4820,50.37220764607753
hcn_ccpvdz,HCN/cc-pVDZ,4830,62.539404722912195
hcn_ccpvdz,HCN/cc-pVDZ,4840,51.65493042328251
hcn_ccpvdz,HCN/cc-pVDZ,4850,52.938720139138695
hcn_ccpvdz,HCN/cc-pVDZ,4860,49.88323029780872
hcn_ccpvdz,HCN/cc-pVDZ,4870,48.74638339710202
hcn_ccpvdz,HCN/cc-pVDZ,4880,51.20483669328735
hcn_ccpvdz,HCN/cc-pVDZ,4890,49.53189653467405
hcn_ccpvdz,HCN/cc-pVDZ,4900,51.69367499225075
hcn_ccpvdz,HCN/cc-pVDZ,4910,51.34547385664234
hcn_ccpvdz,HCN/cc-pVDZ,4920,50.7829136220721
hcn_ccpvdz,HCN/cc-pVDZ,4930,50.47652783817114
hcn_ccpvdz,HCN/cc-pVDZ,4940,49.990060695748184
hcn_ccpvdz,HCN/cc-pVDZ,4950,49.42780536147495
hcn_ccpvdz,HCN/cc-pVDZ,4960,50.50500253778978
hcn_ccpvdz,HCN/cc-pVDZ,4970,49.702069837536555
hcn_ccpvdz,HCN/cc-pVDZ,4980,52.00601998018328
hcn_ccpvdz,HCN/cc-pVDZ,4990,54.82236746566116
hcn_ccpvdz,HCN/cc-pVDZ,5000,49.38045482586517
hcn_ccpvdz,HCN/cc-pVDZ,5010,48.69067420899853
hcn_ccpvdz,HCN/cc-pVDZ,5020,48.89789012058543
hcn_ccpvdz,HCN/cc-pVDZ,5030,49.19718550590346
hcn_ccpvdz,HCN/cc-pVDZ,5040,49.46943227207612
hcn_ccpvdz,HCN/cc-pVDZ,5050,53.31471379379593
hcn_ccpvdz,HCN/cc-pVDZ,5060,50.56341133501974
hcn_ccpvdz,HCN/cc-pVDZ,5070,49.91345806971026
hcn_ccpvdz,HCN/cc-pVDZ,5080,48.616532342791174
hcn_ccpvdz,HCN/cc-pVDZ,5090,53.651677797347475
hcn_ccpvdz,HCN/cc-pVDZ,5100,54.74923383202679
hcn_ccpvdz,HCN/cc-pVDZ,5110,50.73971540902278
hcn_ccpvdz,HCN/cc-pVDZ,5120,48.79817719715618
hcn_ccpvdz,HCN/cc-pVDZ,5130,48.4025929174976
hcn_ccpvdz,HCN/cc-pVDZ,5140,50.1246310901422
hcn_ccpvdz,HCN/cc-pVDZ,5150,48.98837566616976
hcn_ccpvdz,HCN/cc-pVDZ,5160,52.61670348751579
hcn_ccpvdz,HCN/cc-pVDZ,5170,58.77363852401629
hcn_ccpvdz,HCN/cc-pVDZ,5180,54.247869357411105
hcn_ccpvdz,HCN/cc-pVDZ,5190,55.23656515939024
hcn_ccpvdz,HCN/cc-pVDZ,5200,49.91811381407274
hcn_ccpvdz,HCN/cc-pVDZ,5210,48.68295827445479
hcn_ccpvdz,HCN/cc-pVDZ,5220,48.05665711477047
hcn_ccpvdz,HCN/cc-pVDZ,5230,47.84377991467181
hcn_ccpvdz,HCN/cc-pVDZ,5240,47.77211002880222
hcn_ccpvdz,HCN/cc-pVDZ,5250,49.59698377997768
hcn_ccpvdz,HCN/cc-pVDZ,5260,48.59655179861022
hcn_ccpvdz,HCN/cc-pVDZ,5270,48.71876228440897
hcn_ccpvdz,HCN/cc-pVDZ,5280,64.32792742069182
hcn_ccpvdz,HCN/cc-pVDZ,5290,55.024411984490484
hcn_ccpvdz,HCN/cc-pVDZ,5300,51.6907664847821
hcn_ccpvdz,HCN/cc-pVDZ,5310,51.68399234702292
hcn_ccpvdz,HCN/cc-pVDZ,5320,48.83788271328626
hcn_ccpvdz,HCN/cc-pVDZ,5330,48.48131149410051
hcn_ccpvdz,HCN/cc-pVDZ,5340,48.20694059755226
hcn_ccpvdz,HCN/cc-pVDZ,5350,48.30437457471248
hcn_ccpvdz,HCN/cc-pVDZ,5360,48.726347148175364
hcn_ccpvdz,HCN/cc-pVDZ,5370,54.864953020413054
hcn_ccpvdz,HCN/cc-pVDZ,5380,50.553405594641276
hcn_ccpvdz,HCN/cc-pVDZ,5390,50.61745798231243
hcn_ccpvdz,HCN/cc-pVDZ,5400,48.891681442327695
hcn_ccpvdz,HCN/cc-pVDZ,5410,48.9740030014616
hcn_ccpvdz,HCN/cc-pVDZ,5420,48.517250859873684
hcn_ccpvdz,HCN/cc-pVDZ,5430,53.761302912732845
hcn_ccpvdz,HCN/cc-pVDZ,5440,50.54059603008909
hcn_ccpvdz,HCN/cc-pVDZ,5450,49.86340989930227
hcn_ccpvdz,HCN/cc-pVDZ,5460,49.32283346131783
hcn_ccpvdz,HCN/cc-pVDZ,5470,48.47463331577728
hcn_ccpvdz,HCN/cc-pVDZ,5480,50.84654378597975
hcn_ccpvdz,HCN/cc-pVDZ,5490,49.13246391944881
hcn_ccpvdz,HCN/cc-pVDZ,5500,49.886129935856616
hcn_ccpvdz,HCN/cc-pVDZ,5510,49.60109549745084
hcn_ccpvdz,HCN/cc-pVDZ,5520,48.86958745456127
hcn_ccpvdz,HCN/cc-pVDZ,5530,49.55811693088208
hcn_ccpvdz,HCN/cc-pVDZ,5540,52.246500080869396
hcn_ccpvdz,HCN/cc-pVDZ,5550,51.36492438586515
hcn_ccpvdz,HCN/cc-pVDZ,5560,48.256879621860094
hcn_ccpvdz,HCN/cc-pVDZ,5570,48.131473444968265
hcn_ccpvdz,HCN/cc-pVDZ,5580,47.89692345285346
hcn_ccpvdz,HCN/cc-pVDZ,5590,51.184549579843974
hcn_ccpvdz,HCN/cc-pVDZ,5600,52.921070273740156
hcn_ccpvdz,HCN/cc-pVDZ,5610,56.46496736926565
hcn_ccpvdz,HCN/cc-pVDZ,5620,53.927977945647854
hcn_ccpvdz,HCN/cc-pVDZ,5630,48.565534740234284
hcn_ccpvdz,HCN/cc-pVDZ,5640,47.78061290984681
hcn_ccpvdz,HCN/cc-pVDZ,5650,48.27098133148411
hcn_ccpvdz,HCN/cc-pVDZ,5660,47.8923438408998
hcn_ccpvdz,HCN/cc-pVDZ,5670,47.71838868707334
hcn_ccpvdz,HCN/cc-pVDZ,5680,48.59677106136928
hcn_ccpvdz,HCN/cc-pVDZ,5690,52.12656368841806
hcn_ccpvdz,HCN/cc-pVDZ,5700,48.79062663967204
hcn_ccpvdz,HCN/cc-pVDZ,5710,48.10483668511267
hcn_ccpvdz,HCN/cc-pVDZ,5720,52.42504947662496
hcn_ccpvdz,HCN/cc-pVDZ,5730,49.28423627698919
hcn_ccpvdz,HCN/cc-pVDZ,5740,51.30488572712011
hcn_ccpvdz,HCN/cc-pVDZ,5750,50.13903589716051
hcn_ccpvdz,HCN/cc-pVDZ,5760,49.054839857873844
hcn_ccpvdz,HCN/cc-pVDZ,5770,48.35462986341099
hcn_ccpvdz,HCN/cc-pVDZ,5780,48.292291109518715
hcn_ccpvdz,HCN/cc-pVDZ,5790,48.627486374073214
hcn_ccpvdz,HCN/cc-pVDZ,5800,49.081311807967154
hcn_ccpvdz,HCN/cc-pVDZ,5810,50.6317283400648
hcn_ccpvdz,HCN/cc-pVDZ,5820,49.90032207554407
hcn_ccpvdz,HCN/cc-pVDZ,5830,47.83889870097369
hcn_ccpvdz,HCN/cc-pVDZ,5840,47.7389339208969
hcn_ccpvdz,HCN/cc-pVDZ,5850,50.814859927896805
hcn_ccpvdz,HCN/cc-pVDZ,5860,49.281993818794945
hcn_ccpvdz,HCN/cc-pVDZ,5870,51.207645629105514
hcn_ccpvdz,HCN/cc-pVDZ,5880,49.874394849993564
hcn_ccpvdz,HCN/cc-pVDZ,5890,48.76235927967798
hcn_ccpvdz,HCN/cc-pVDZ,5900,48.180404957037126
hcn_ccpvdz,HCN/cc-pVDZ,5910,50.4209027347855
hcn_ccpvdz,HCN/cc-pVDZ,5920,48.55832458648024
hcn_ccpvdz,HCN/cc-pVDZ,5930,47.0965798181453
hcn_ccpvdz,HCN/cc-pVDZ,5940,49.39327009795136
hcn_ccpvdz,HCN/cc-pVDZ,5950,49.57803595173971
hcn_ccpvdz,HCN/cc-pVDZ,5960,48.154718130476226
hcn_ccpvdz,HCN/cc-pVDZ,5970,50.85378697918941
hcn_ccpvdz,HCN/cc-pVDZ,5980,48.34978529740397
hcn_ccpvdz,HCN/cc-pVDZ,5990,57.32734719164512
hcn_ccpvdz,HCN/cc-pVDZ,6000,54.05929225845796
hcn_ccpvdz,HCN/cc-pVDZ,6010,47.725601233480575
hcn_ccpvdz,HCN/cc-pVDZ,6020,48.008675077795715
hcn_ccpvdz,HCN/cc-pVDZ,6030,47.39028811098933
hcn_ccpvdz,HCN/cc-pVDZ,6040,48.119217128473224
hcn_ccpvdz,HCN/cc-pVDZ,6050,47.201269322854955
hcn_ccpvdz,HCN/cc-pVDZ,6060,51.04916986999797
hcn_ccpvdz,HCN/cc-pVDZ,6070,48.624390276941654
hcn_ccpvdz,HCN/cc-pVDZ,6080,48.26915904165219
hcn_ccpvdz,HCN/cc-pVDZ,6090,47.57865795710359
hcn_ccpvdz,HCN/cc-pVDZ,6100,52.07705126167639
hcn_ccpvdz,HCN/cc-pVDZ,6110,53.05565998015993
hcn_ccpvdz,HCN/cc-pVDZ,6120,48.61620327505989
hcn_ccpvdz,HCN/cc-pVDZ,6130,48.64378855981499
hcn_ccpvdz,HCN/cc-pVDZ,6140,47.15992322201146
hcn_ccpvdz,HCN/cc-pVDZ,6150,48.07473916829963
hcn_ccpvdz,HCN/cc-pVDZ,6160,47.460421695419086
hcn_ccpvdz,HCN/cc-pVDZ,6170,47.13805408806593
hcn_ccpvdz,HCN/cc-pVDZ,6180,47.11165048594523
hcn_ccpvdz,HCN/cc-pVDZ,6190,52.82186107871212
hcn_ccpvdz,HCN/cc-pVDZ,6200,49.91991626006609
hcn_ccpvdz,HCN/cc-pVDZ,6210,46.77119875680091
hcn_ccpvdz,HCN/cc-pVDZ,6220,47.88456081448089
hcn_ccpvdz,HCN/cc-pVDZ,6230,48.350298673668135
hcn_ccpvdz,HCN/cc-pVDZ,6240,47.01001801271332
hcn_ccpvdz,HCN/cc-pVDZ,6250,47.600805277994596
hcn_ccpvdz,HCN/cc-pVDZ,6260,48.75246995297289
hcn_ccpvdz,HCN/cc-pVDZ,6270,46.75974438825392
hcn_ccpvdz,HCN/cc-pVDZ,6280,48.94800416482781
hcn_ccpvdz,HCN/cc-pVDZ,6290,49.78077160639316
hcn_ccpvdz,HCN/cc-pVDZ,6300,49.38475739126602
hcn_ccpvdz,HCN/cc-pVDZ,6310,48.29240125499723
hcn_ccpvdz,HCN/cc-pVDZ,6320,46.54776098341529
hcn_ccpvdz,HCN/cc-pVDZ,6330,53.52372444222908
hcn_ccpvdz,HCN/cc-pVDZ,6340,50.321602650967634
hcn_ccpvdz,HCN/cc-pVDZ,6350,47.344359403112435
hcn_ccpvdz,HCN/cc-pVDZ,6360,46.74687564848057
hcn_ccpvdz,HCN/cc-pVDZ,6370,49.120150468183965
hcn_ccpvdz,HCN/cc-pVDZ,6380,46.79717056461641
hcn_ccpvdz,HCN/cc-pVDZ,6390,48.36649980975949
hcn_ccpvdz,HCN/cc-pVDZ,6400,49.227461462251654
hcn_ccpvdz,HCN/cc-pVDZ,6410,49.19772948545642
hcn_ccpvdz,HCN/cc-pVDZ,6420,46.22719205836745
hcn_ccpvdz,HCN/cc-pVDZ,6430,46.542136950009194
hcn_ccpvdz,HCN/cc-pVDZ,6440,46.174737634743224
hcn_ccpvdz,HCN/cc-pVDZ,6450,46.52131405464388
hcn_ccpvdz,HCN/cc-pVDZ,6460,59.68136088193887
hcn_ccpvdz,HCN/cc-pVDZ,6470,55.313112165237044
hcn_ccpvdz,HCN/cc-pVDZ,6480,49.14995270726763
hcn_ccpvdz,HCN/cc-pVDZ,6490,47.105633895498045
hcn_ccpvdz,HCN/cc-pVDZ,6500,47.34683302859821
hcn_ccpvdz,HCN/cc-pVDZ,6510,46.56380602638421
hcn_ccpvdz,HCN/cc-pVDZ,6520,46.53253256923051
hcn_ccpvdz,HCN/cc-pVDZ,6530,47.04690705058567
hcn_ccpvdz,HCN/cc-pVDZ,6540,47.34801480230999
hcn_ccpvdz,HCN/cc-pVDZ,6550,46.29511507746997
hcn_ccpvdz,HCN/cc-pVDZ,6560,47.92502143143906
hcn_ccpvdz,HCN/cc-pVDZ,6570,46.67482990582528
hcn_ccpvdz,HCN/cc-pVDZ,6580,46.63455250313575
hcn_ccpvdz,HCN/cc-pVDZ,6590,48.1880732564548
hcn_ccpvdz,HCN/cc-pVDZ,6600,47.37705450044416
hcn_ccpvdz,HCN/cc-pVDZ,6610,47.13677726475396
hcn_ccpvdz,HCN/cc-pVDZ,6620,48.41194256056269
hcn_ccpvdz,HCN/cc-pVDZ,6630,47.45934224801829
hcn_ccpvdz,HCN/cc-pVDZ,6640,48.65394887393393
hcn_ccpvdz,HCN/cc-pVDZ,6650,46.17285026802165
hcn_ccpvdz,HCN/cc-pVDZ,6660,47.89707039522284
hcn_ccpvdz,HCN/cc-pVDZ,6670,47.19077206732436
hcn_ccpvdz,HCN/cc-pVDZ,6680,47.98402200864871
hcn_ccpvdz,HCN/cc-pVDZ,6690,48.114256476708306
hcn_ccpvdz,HCN/cc-pVDZ,6700,47.179409879788636
hcn_ccpvdz,HCN/cc-pVDZ,6710,46.50569484104494
hcn_ccpvdz,HCN/cc-pVDZ,6720,48.913622892911235
hcn_ccpvdz,HCN/cc-pVDZ,6730,50.5824474253842
hcn_ccpvdz,HCN/cc-pVDZ,6740,47.94037876064294
hcn_ccpvdz,HCN/cc-pVDZ,6750,45.554721487775396
hcn_ccpvdz,HCN/cc-pVDZ,6760,47.62217082164
hcn_ccpvdz,HCN/cc-pVDZ,6770,48.34091542888075
hcn_ccpvdz,HCN/cc-pVDZ,6780,46.75324841917927
hcn_ccpvdz,HCN/cc-pVDZ,6790,46.77123337957312
hcn_ccpvdz,HCN/cc-pVDZ,6800,53.12435657499748
hcn_ccpvdz,HCN/cc-pVDZ,6810,47.73028446973626
hcn_ccpvdz,HCN/cc-pVDZ,6820,46.5377564138123
hcn_ccpvdz,HCN/cc-pVDZ,6830,49.23106694381829
hcn_ccpvdz,HCN/cc-pVDZ,6840,48.65895774233309
hcn_ccpvdz,HCN/cc-pVDZ,6850,50.558113166687235
hcn_ccpvdz,HCN/cc-pVDZ,6860,52.51174443293394
hcn_ccpvdz,HCN/cc-pVDZ,6870,48.08223716479176
hcn_ccpvdz,HCN/cc-pVDZ,6880,47.383082133450216
hcn_ccpvdz,HCN/cc-pVDZ,6890,45.6334297574017
hcn_ccpvdz,HCN/cc-pVDZ,6900,45.590637678216694
hcn_ccpvdz,HCN/cc-pVDZ,6910,52.702368967572966
hcn_ccpvdz,HCN/cc-pVDZ,6920,48.46463632613052
hcn_ccpvdz,HCN/cc-pVDZ,6930,47.23704683541996
hcn_ccpvdz,HCN/cc-pVDZ,6940,46.38740586314327
hcn_ccpvdz,HCN/cc-pVDZ,6950,45.73145034542847
hcn_ccpvdz,HCN/cc-pVDZ,6960,46.717005130375355
hcn_ccpvdz,HCN/cc-pVDZ,6970,49.266350757562805
hcn_ccpvdz,HCN/cc-pVDZ,6980,48.22902002179319
hcn_ccpvdz,HCN/cc-pVDZ,6990,45.77835365145688
hcn_ccpvdz,HCN/cc-pVDZ,7000,47.75293528801683
hcn_ccpvdz,HCN/cc-pVDZ,7010,47.65283682998245
hcn_ccpvdz,HCN/cc-pVDZ,7020,46.216559868966556
hcn_ccpvdz,HCN/cc-pVDZ,7030,45.700248901255236
hcn_ccpvdz,HCN/cc-pVDZ,7040,47.38133611851936
hcn_ccpvdz,HCN/cc-pVDZ,7050,46.34988280527352
hcn_ccpvdz,HCN/cc-pVDZ,7060,46.43319631631471
hcn_ccpvdz,HCN/cc-pVDZ,7070,45.762896609318204
hcn_ccpvdz,HCN/cc-pVDZ,7080,46.164699476719306
hcn_ccpvdz,HCN/cc-pVDZ,7090,46.06601902929697
hcn_ccpvdz,HCN/cc-pVDZ,7100,46.59426182728055
hcn_ccpvdz,HCN/cc-pVDZ,7110,46.65698566213905
hcn_ccpvdz,HCN/cc-pVDZ,7120,47.9946382043579
hcn_ccpvdz,HCN/cc-pVDZ,7130,45.49337664167297
hcn_ccpvdz,HCN/cc-pVDZ,7140,49.96205040211521
hcn_ccpvdz,HCN/cc-pVDZ,7150,46.762492275320255
hcn_ccpvdz,HCN/cc-pVDZ,7160,55.361425735242165
hcn_ccpvdz,HCN/cc-pVDZ,7170,51.68422829731867
hcn_ccpvdz,HCN/cc-pVDZ,7180,46.9919884658907
hcn_ccpvdz,HCN/cc-pVDZ,7190,45.59831804384373
hcn_ccpvdz,HCN/cc-pVDZ,7200,48.50252331819149
hcn_ccpvdz,HCN/cc-pVDZ,7210,46.39814885712212
hcn_ccpvdz,HCN/cc-pVDZ,7220,46.106552505023046
hcn_ccpvdz,HCN/cc-pVDZ,7230,47.00590955941664
hcn_ccpvdz,HCN/cc-pVDZ,7240,46.373866425639676
hcn_ccpvdz,HCN/cc-pVDZ,7250,45.723467995017586
hcn_ccpvdz,HCN/cc-pVDZ,7260,46.655302010989885
hcn_ccpvdz,HCN/cc-pVDZ,7270,45.77884810457533
hcn_ccpvdz,HCN/cc-pVDZ,7280,46.054729161213004
hcn_ccpvdz,HCN/cc-pVDZ,7290,46.24325990207012
hcn_ccpvdz,HCN/cc-pVDZ,7300,53.39627230168276
hcn_ccpvdz,HCN/cc-pVDZ,7310,47.53471114686647
hcn_ccpvdz,HCN/cc-pVDZ,7320,46.061348928475354
hcn_ccpvdz,HCN/cc-pVDZ,7330,47.96457375641694
hcn_ccpvdz,HCN/cc-pVDZ,7340,56.06354586939233
hcn_ccpvdz,HCN/cc-pVDZ,7350,47.61367536336536
hcn_ccpvdz,HCN/cc-pVDZ,7360,54.6070076383387
hcn_ccpvdz,HCN/cc-pVDZ,7370,52.27561359737365
hcn_ccpvdz,HCN/cc-pVDZ,7380,49.30218611326609
hcn_ccpvdz,HCN/cc-pVDZ,7390,46.643371229521335
hcn_ccpvdz,HCN/cc-pVDZ,7400,45.668624116558476
hcn_ccpvdz,HCN/cc-pVDZ,7410,45.92610222734095
hcn_ccpvdz,HCN/cc-pVDZ,7420,45.18654929701427
hcn_ccpvdz,HCN/cc-pVDZ,7430,44.98828290056167
hcn_ccpvdz,HCN/cc-pVDZ,7440,45.21546704518187
hcn_ccpvdz,HCN/cc-pVDZ,7450,51.49481251181953
hcn_ccpvdz,HCN/cc-pVDZ,7460,45.74979790605482
hcn_ccpvdz,HCN/cc-pVDZ,7470,46.98202064359691
hcn_ccpvdz,HCN/cc-pVDZ,7480,45.28158013285122
hcn_ccpvdz,HCN/cc-pVDZ,7490,46.47220366209126
hcn_ccpvdz,HCN/cc-pVDZ,7500,49.60940297638672
hcn_ccpvdz,HCN/cc-pVDZ,7510,46.93569419544019
hcn_ccpvdz,HCN/cc-pVDZ,7520,46.02384043806751
hcn_ccpvdz,HCN/cc-pVDZ,7530,46.69151159619389
hcn_ccpvdz,HCN/cc-pVDZ,7540,47.77993909327449
hcn_ccpvdz,HCN/cc-pVDZ,7550,46.3686362694915
hcn_ccpvdz,HCN/cc-pVDZ,7560,45.64638225639328
hcn_ccpvdz,HCN/cc-pVDZ,7570,45.332606852710455
hcn_ccpvdz,HCN/cc-pVDZ,7580,47.85101049883167
hcn_ccpvdz,HCN/cc-pVDZ,7590,44.85313595735363
hcn_ccpvdz,HCN/cc-pVDZ,7600,49.01373891743788
hcn_ccpvdz,HCN/cc-pVDZ,7610,52.125602878419386
hcn_ccpvdz,HCN/cc-pVDZ,7620,47.99931736528151
hcn_ccpvdz,HCN/cc-pVDZ,7630,45.74949380706528
hcn_ccpvdz,HCN/cc-pVDZ,7640,44.91977451270657
hcn_ccpvdz,HCN/cc-pVDZ,7650,46.162071183545095
hcn_ccpvdz,HCN/cc-pVDZ,7660,45.348037487784154
hcn_ccpvdz,HCN/cc-pVDZ,7670,45.93553046461807
hcn_ccpvdz,HCN/cc-pVDZ,7680,45.67558287403983
hcn_ccpvdz,HCN/cc-pVDZ,7690,49.29061421432834
hcn_ccpvdz,HCN/cc-pVDZ,7700,46.641599172261294
hcn_ccpvdz,HCN/cc-pVDZ,7710,46.20215234361069
hcn_ccpvdz,HCN/cc-pVDZ,7720,45.17931078122217
hcn_ccpvdz,HCN/cc-pVDZ,7730,46.94090968966691
hcn_ccpvdz,HCN/cc-pVDZ,7740,49.81528449673078
hcn_ccpvdz,HCN/cc-pVDZ,7750,45.63806898552514
hcn_ccpvdz,HCN/cc-pVDZ,7760,46.258148274318955
hcn_ccpvdz,HCN/cc-pVDZ,7770,46.22102251047977
hcn_ccpvdz,HCN/cc-pVDZ,7780,47.28869556949178
hcn_ccpvdz,HCN/cc-pVDZ,7790,48.384506382831205
hcn_ccpvdz,HCN/cc-pVDZ,7800,48.32252783810986
hcn_ccpvdz,HCN/cc-pVDZ,7810,47.39990827155793
hcn_ccpvdz,HCN/cc-pVDZ,7820,45.067082882169984
hcn_ccpvdz,HCN/cc-pVDZ,7830,44.689286197026945
hcn_ccpvdz,HCN/cc-pVDZ,7840,45.94621529159326
hcn_ccpvdz,HCN/cc-pVDZ,7850,44.99408772704783
hcn_ccpvdz,HCN/cc-pVDZ,7860,46.272338064497376
hcn_ccpvdz,HCN/cc-pVDZ,7870,47.888077668503115
hcn_ccpvdz,HCN/cc-pVDZ,7880,47.351850188007916
hcn_ccpvdz,HCN/cc-pVDZ,7890,46.22208119977245
hcn_ccpvdz,HCN/cc-pVDZ,7900,44.99639613359818
hcn_ccpvdz,HCN/cc-pVDZ,7910,46.21773093504089
hcn_ccpvdz,HCN/cc-pVDZ,7920,46.10918861263258
hcn_ccpvdz,HCN/cc-pVDZ,7930,45.75037232626755
hcn_ccpvdz,HCN/cc-pVDZ,7940,45.19101721801633
hcn_ccpvdz,HCN/cc-pVDZ,7950,46.85336406095075
hcn_ccpvdz,HCN/cc-pVDZ,7960,46.812266863781815
hcn_ccpvdz,HCN/cc-pVDZ,7970,45.98642166727984
hcn_ccpvdz,HCN/cc-pVDZ,7980,45.254517691887486
hcn_ccpvdz,HCN/cc-pVDZ,7990,45.48393622494018
hcn_ccpvdz,HCN/cc-pVDZ,8000,44.63140146998512
hcn_ccpvdz,HCN/cc-pVDZ,8010,45.224897137941866
hcn_ccpvdz,HCN/cc-pVDZ,8020,46.45942401317882
hcn_ccpvdz,HCN/cc-pVDZ,8030,46.632441933667224
hcn_ccpvdz,HCN/cc-pVDZ,8040,48.700739644772284
hcn_ccpvdz,HCN/cc-pVDZ,8050,45.81375414470301
hcn_ccpvdz,HCN/cc-pVDZ,8060,45.140207792584874
hcn_ccpvdz,HCN/cc-pVDZ,8070,45.3679128311677
hcn_ccpvdz,HCN/cc-pVDZ,8080,46.55808850293397
hcn_ccpvdz,HCN/cc-pVDZ,8090,44.87597962105383
hcn_ccpvdz,HCN/cc-pVDZ,8100,44.84530532114661
hcn_ccpvdz,HCN/cc-pVDZ,8110,45.042062549327966
hcn_ccpvdz,HCN/cc-pVDZ,8120,46.102266891736576
hcn_ccpvdz,HCN/cc-pVDZ,8130,46.37145710567836
hcn_ccpvdz,HCN/cc-pVDZ,8140,44.45362208527115
hcn_ccpvdz,HCN/cc-pVDZ,8150,45.01972402515264
hcn_ccpvdz,HCN/cc-pVDZ,8160,44.14326203507812
hcn_ccpvdz,HCN/cc-pVDZ,8170,44.77825268700997
hcn_ccpvdz,HCN/cc-pVDZ,8180,44.69597708101958
hcn_ccpvdz,HCN/cc-pVDZ,8190,46.302051138297884
hcn_ccpvdz,HCN/cc-pVDZ,8200,46.6352504869576
hcn_ccpvdz,HCN/cc-pVDZ,8210,44.5859968269815
hcn_ccpvdz,HCN/cc-pVDZ,8220,45.3799440756768
hcn_ccpvdz,HCN/cc-pVDZ,8230,44.70987558100603
hcn_ccpvdz,HCN/cc-pVDZ,8240,46.227689970891106
hcn_ccpvdz,HCN/cc-pVDZ,8250,45.44719090314686
hcn_ccpvdz,HCN/cc-pVDZ,8260,45.1321676581955
hcn_ccpvdz,HCN/cc-pVDZ,8270,44.64672909091405
hcn_ccpvdz,HCN/cc-pVDZ,8280,46.5065773690867
hcn_ccpvdz,HCN/cc-pVDZ,8290,53.89876747155142
hcn_ccpvdz,HCN/cc-pVDZ,8300,47.655031312146434
hcn_ccpvdz,HCN/cc-pVDZ,8310,46.581479860307695
hcn_ccpvdz,HCN/cc-pVDZ,8320,44.44234085812582
hcn_ccpvdz,HCN/cc-pVDZ,8330,45.887598954593045
hcn_ccpvdz,HCN/cc-pVDZ,8340,44.27471085968193
hcn_ccpvdz,HCN/cc-pVDZ,8350,44.006933716033814
hcn_ccpvdz,HCN/cc-pVDZ,8360,44.40232693150392
hcn_ccpvdz,HCN/cc-pVDZ,8370,46.12592525256787
hcn_ccpvdz,HCN/cc-pVDZ,8380,49.99001060160424
hcn_ccpvdz,HCN/cc-pVDZ,8390,45.030687821721926
hcn_ccpvdz,HCN/cc-pVDZ,8400,44.19212169551656
hcn_ccpvdz,HCN/cc-pVDZ,8410,46.238801929732176
hcn_ccpvdz,HCN/cc-pVDZ,8420,45.62231139156836
hcn_ccpvdz,HCN/cc-pVDZ,8430,47.171914692214045
hcn_ccpvdz,HCN/cc-pVDZ,8440,45.20321949490835
hcn_ccpvdz,HCN/cc-pVDZ,8450,45.41819889327314
hcn_ccpvdz,HCN/cc-pVDZ,8460,50.462215989441006
hcn_ccpvdz,HCN/cc-pVDZ,8470,47.4971528121273
hcn_ccpvdz,HCN/cc-pVDZ,8480,44.340893856855246
hcn_ccpvdz,HCN/cc-pVDZ,8490,43.88959465258324
hcn_ccpvdz,HCN/cc-pVDZ,8500,44.35541846152091
hcn_ccpvdz,HCN/cc-pVDZ,8510,47.615410543471626
hcn_ccpvdz,HCN/cc-pVDZ,8520,55.01036423328287
hcn_ccpvdz,HCN/cc-pVDZ,8530,48.75479202556221
hcn_ccpvdz,HCN/cc-pVDZ,8540,45.93140751113367
hcn_ccpvdz,HCN/cc-pVDZ,8550,45.44677271893249
hcn_ccpvdz,HCN/cc-pVDZ,8560,44.54755673202726
hcn_ccpvdz,HCN/cc-pVDZ,8570,44.06367629613328
hcn_ccpvdz,HCN/cc-pVDZ,8580,45.362467276675034
hcn_ccpvdz,HCN/cc-pVDZ,8590,43.87824625598569
hcn_ccpvdz,HCN/cc-pVDZ,8600,43.819207162897555
hcn_ccpvdz,HCN/cc-pVDZ,8610,43.816705600633554
hcn_ccpvdz,HCN/cc-pVDZ,8620,45.827910475608746
hcn_ccpvdz,HCN/cc-pVDZ,8630,45.60831485659378
hcn_ccpvdz,HCN/cc-pVDZ,8640,46.70375830536955
hcn_ccpvdz,HCN/cc-pVDZ,8650,46.06264146404726
hcn_ccpvdz,HCN/cc-pVDZ,8660,45.798361356219175
hcn_ccpvdz,HCN/cc-pVDZ,8670,44.518420907166956
hcn_ccpvdz,HCN/cc-pVDZ,8680,43.59443496045401
hcn_ccpvdz,HCN/cc-pVDZ,8690,44.2383950815497
hcn_ccpvdz,HCN/cc-pVDZ,8700,44.21253832767036
hcn_ccpvdz,HCN/cc-pVDZ,8710,47.51715807043411
hcn_ccpvdz,HCN/cc-pVDZ,8720,45.72700450994205
hcn_ccpvdz,HCN/cc-pVDZ,8730,44.72173780122546
hcn_ccpvdz,HCN/cc-pVDZ,8740,44.4887542531518
hcn_ccpvdz,HCN/cc-pVDZ,8750,46.49227931165001
hcn_ccpvdz,HCN/cc-pVDZ,8760,46.6976659320153
hcn_ccpvdz,HCN/cc-pVDZ,8770,45.69670625376432
hcn_ccpvdz,HCN/cc-pVDZ,8780,45.00954823285497
hcn_ccpvdz,HCN/cc-pVDZ,8790,44.46382951843475
hcn_ccpvdz,HCN/cc-pVDZ,8800,43.8260646595694
hcn_ccpvdz,HCN/cc-pVDZ,8810,46.19693514844414
hcn_ccpvdz,HCN/cc-pVDZ,8820,46.46169870937911
hcn_ccpvdz,HCN/cc-pVDZ,8830,43.762345983168416
hcn_ccpvdz,HCN/cc-pVDZ,8840,44.13524080942466
hcn_ccpvdz,HCN/cc-pVDZ,8850,43.713490796363885
hcn_ccpvdz,HCN/cc-pVDZ,8860,46.179929154249066
hcn_ccpvdz,HCN/cc-pVDZ,8870,43.88895060537834
hcn_ccpvdz,HCN/cc-pVDZ,8880,45.82514771186652
hcn_ccpvdz,HCN/cc-pVDZ,8890,45.255356011963954
hcn_ccpvdz,HCN/cc-pVDZ,8900,44.04996735138411
hcn_ccpvdz,HCN/cc-pVDZ,8910,45.33550991837387
hcn_ccpvdz,HCN/cc-pVDZ,8920,44.922899463259114
hcn_ccpvdz,HCN/cc-pVDZ,8930,44.54172144818358
hcn_ccpvdz,HCN/cc-pVDZ,8940,44.46889606745685
hcn_ccpvdz,HCN/cc-pVDZ,8950,44.14445061841832
hcn_ccpvdz,HCN/cc-pVDZ,8960,43.913059391456954
hcn_ccpvdz,HCN/cc-pVDZ,8970,43.897047774208886
hcn_ccpvdz,HCN/cc-pVDZ,8980,43.7518344498784
hcn_ccpvdz,HCN/cc-pVDZ,8990,46.72431153187517
hcn_ccpvdz,HCN/cc-pVDZ,9000,44.29460937102192
hcn_ccpvdz,HCN/cc-pVDZ,9010,43.623606588013786
hcn_ccpvdz,HCN/cc-pVDZ,9020,45.37924760535361
hcn_ccpvdz,HCN/cc-pVDZ,9030,45.45988797343625
hcn_ccpvdz,HCN/cc-pVDZ,9040,44.02499512224267
hcn_ccpvdz,HCN/cc-pVDZ,9050,43.315898871043146
hcn_ccpvdz,HCN/cc-pVDZ,9060,45.08837474826066
hcn_ccpvdz,HCN/cc-pVDZ,9070,43.83232226503253
hcn_ccpvdz,HCN/cc-pVDZ,9080,50.32469623510849
hcn_ccpvdz,HCN/cc-pVDZ,9090,46.38175595556504
hcn_ccpvdz,HCN/cc-pVDZ,9100,44.21851113852426
hcn_ccpvdz,HCN/cc-pVDZ,9110,43.53626570890867
hcn_ccpvdz,HCN/cc-pVDZ,9120,45.132555727107615
hcn_ccpvdz,HCN/cc-pVDZ,9130,44.81748866855639
hcn_ccpvdz,HCN/cc-pVDZ,9140,43.73585001714275
hcn_ccpvdz,HCN/cc-pVDZ,9150,44.153084672004184
hcn_ccpvdz,HCN/cc-pVDZ,9160,43.74190964941249
hcn_ccpvdz,HCN/cc-pVDZ,9170,44.988961253451976
hcn_ccpvdz,HCN/cc-pVDZ,9180,44.8082639354368
hcn_ccpvdz,HCN/cc-pVDZ,9190,43.84061614572943
hcn_ccpvdz,HCN/cc-pVDZ,9200,45.93891340844891
hcn_ccpvdz,HCN/cc-pVDZ,9210,43.821179155685286
hcn_ccpvdz,HCN/cc-pVDZ,9220,43.94871705781611
hcn_ccpvdz,HCN/cc-pVDZ,9230,43.481117156488835
hcn_ccpvdz,HCN/cc-pVDZ,9240,43.37913835877316
hcn_ccpvdz,HCN/cc-pVDZ,9250,48.96146707335447
hcn_ccpvdz,HCN/cc-pVDZ,9260,45.186496008824406
hcn_ccpvdz,HCN/cc-pVDZ,9270,44.566948479484836
hcn_ccpvdz,HCN/cc-pVDZ,9280,43.514929337533204
hcn_ccpvdz,HCN/cc-pVDZ,9290,44.82124421039657
hcn_ccpvdz,HCN/cc-pVDZ,9300,43.709998879847944
hcn_ccpvdz,HCN/cc-pVDZ,9310,45.528383574378495
hcn_ccpvdz,HCN/cc-pVDZ,9320,43.957160871528345
hcn_ccpvdz,HCN/cc-pVDZ,9330,46.10631337440907
hcn_ccpvdz,HCN/cc-pVDZ,9340,44.65136516785151
hcn_ccpvdz,HCN/cc-pVDZ,9350,43.19091577804102
hcn_ccpvdz,HCN/cc-pVDZ,9360,45.20038117459535
hcn_ccpvdz,HCN/cc-pVDZ,9370,48.17879082131071
hcn_ccpvdz,HCN/cc-pVDZ,9380,50.00168383351422
hcn_ccpvdz,HCN/cc-pVDZ,9390,45.61839010656854
hcn_ccpvdz,HCN/cc-pVDZ,9400,44.1910716966305
hcn_ccpvdz,HCN/cc-pVDZ,9410,43.48798498219253
hcn_ccpvdz,HCN/cc-pVDZ,9420,45.87150081584923
hcn_ccpvdz,HCN/cc-pVDZ,9430,44.67411122250553
hcn_ccpvdz,HCN/cc-pVDZ,9440,44.04621380616902
hcn_ccpvdz,HCN/cc-pVDZ,9450,43.41756990675094
hcn_ccpvdz,HCN/cc-pVDZ,9460,43.040308920296866
hcn_ccpvdz,HCN/cc-pVDZ,9470,47.06106368779217
hcn_ccpvdz,HCN/cc-pVDZ,9480,43.02542475079463
hcn_ccpvdz,HCN/cc-pVDZ,9490,44.09640019528638
hcn_ccpvdz,HCN/cc-pVDZ,9500,43.80789940537966
hcn_ccpvdz,HCN/cc-pVDZ,9510,43.40347231359942
hcn_ccpvdz,HCN/cc-pVDZ,9520,44.97426784257641
hcn_ccpvdz,HCN/cc-pVDZ,9530,42.880013855082666
hcn_ccpvdz,HCN/cc-pVDZ,9540,43.614699658348854
hcn_ccpvdz,HCN/cc-pVDZ,9550,44.035949226881144
hcn_ccpvdz,HCN/cc-pVDZ,9560,43.05062634296064
hcn_ccpvdz,HCN/cc-pVDZ,9570,43.46745153146969
hcn_ccpvdz,HCN/cc-pVDZ,9580,48.30661936897229
hcn_ccpvdz,HCN/cc-pVDZ,9590,45.112056079517515
hcn_ccpvdz,HCN/cc-pVDZ,9600,43.895560770806696
hcn_ccpvdz,HCN/cc-pVDZ,9610,43.1843761545565
hcn_ccpvdz,HCN/cc-pVDZ,9620,42.70793097104786
hcn_ccpvdz,HCN/cc-pVDZ,9630,43.24327506810732
hcn_ccpvdz,HCN/cc-pVDZ,9640,43.80563133878468
hcn_ccpvdz,HCN/cc-pVDZ,9650,43.63177139489949
hcn_ccpvdz,HCN/cc-pVDZ,9660,44.94382000982
hcn_ccpvdz,HCN/cc-pVDZ,9670,44.976315011979295
hcn_ccpvdz,HCN/cc-pVDZ,9680,43.925194462445916
hcn_ccpvdz,HCN/cc-pVDZ,9690,43.11794172407701
hcn_ccpvdz,HCN/cc-pVDZ,9700,42.750940069950616
hcn_ccpvdz,HCN/cc-pVDZ,9710,42.655056736492725
hcn_ccpvdz,HCN/cc-pVDZ,9720,44.36717915106669
hcn_ccpvdz,HCN/cc-pVDZ,9730,44.57130554686728
hcn_ccpvdz,HCN/cc-pVDZ,9740,43.543871738719986
hcn_ccpvdz,HCN/cc-pVDZ,9750,45.583643079638136
hcn_ccpvdz,HCN/cc-pVDZ,9760,43.79811703418568
hcn_ccpvdz,HCN/cc-pVDZ,9770,42.890534757432874
hcn_ccpvdz,HCN/cc-pVDZ,9780,42.71189973599121
hcn_ccpvdz,HCN/cc-pVDZ,9790,43.060292718848814
hcn_ccpvdz,HCN/cc-pVDZ,9800,44.27610813213789
hcn_ccpvdz,HCN/cc-pVDZ,9810,44.04751665917672
hcn_ccpvdz,HCN/cc-pVDZ,9820,42.58483508107247
hcn_ccpvdz,HCN/cc-pVDZ,9830,44.089812382452465
hcn_ccpvdz,HCN/cc-pVDZ,9840,42.61891831417586
hcn_ccpvdz,HCN/cc-pVDZ,9850,43.30073869007833
hcn_ccpvdz,HCN/cc-pVDZ,9860,47.20182425801056
hcn_ccpvdz,HCN/cc-pVDZ,9870,46.790737424714735
hcn_ccpvdz,HCN/cc-pVDZ,9880,43.91172430329959
hcn_ccpvdz,HCN/cc-pVDZ,9890,44.08701281761296
hcn_ccpvdz,HCN/cc-pVDZ,9900,43.834021092450826
hcn_ccpvdz,HCN/cc-pVDZ,9910,43.52877557339241
hcn_ccpvdz,HCN/cc-pVDZ,9920,44.18171759559186
hcn_ccpvdz,HCN/cc-pVDZ,9930,43.03619116997481
hcn_ccpvdz,HCN/cc-pVDZ,9940,43.48721138592282
hcn_ccpvdz,HCN/cc-pVDZ,9950,49.29488875899324
hcn_ccpvdz,HCN/cc-pVDZ,9960,42.40961109327657
hcn_ccpvdz,HCN/cc-pVDZ,9970,43.90840398122009
hcn_ccpvdz,HCN/cc-pVDZ,9980,42.9337117750066
hcn_ccpvdz,HCN/cc-pVDZ,9990,42.812904484023306
hcn_ccpvdz,HCN/cc-pVDZ,10000,42.167686960510764
hcn_ccpvdz,HCN/cc-pVDZ,10010,46.092178667990424
hcn_ccpvdz,HCN/cc-pVDZ,10020,47.43457252784822
hcn_ccpvdz,HCN/cc-pVDZ,10030,49.4343805230244
hcn_ccpvdz,HCN/cc-pVDZ,10040,43.333444332986915
hcn_ccpvdz,HCN/cc-pVDZ,10050,43.35455023777968
hcn_ccpvdz,HCN/cc-pVDZ,10060,42.817448279336645
hcn_ccpvdz,HCN/cc-pVDZ,10070,42.087305311042655
hcn_ccpvdz,HCN/cc-pVDZ,10080,42.01639660315948
hcn_ccpvdz,HCN/cc-pVDZ,10090,44.53342622281298
hcn_ccpvdz,HCN/cc-pVDZ,10100,42.90958442474846
hcn_ccpvdz,HCN/cc-pVDZ,10110,52.63835211938783
hcn_ccpvdz,HCN/cc-pVDZ,10120,44.48463801531943
hcn_ccpvdz,HCN/cc-pVDZ,10130,44.68742692247929
hcn_ccpvdz,HCN/cc-pVDZ,10140,43.444938247134246
hcn_ccpvdz,HCN/cc-pVDZ,10150,44.9871920864382
hcn_ccpvdz,HCN/cc-pVDZ,10160,43.46820455148759
hcn_ccpvdz,HCN/cc-pVDZ,10170,42.432965878717255
hcn_ccpvdz,HCN/cc-pVDZ,10180,42.22541109767519
hcn_ccpvdz,HCN/cc-pVDZ,10190,44.27420506603141
hcn_ccpvdz,HCN/cc-pVDZ,10200,46.102331400376784
hcn_ccpvdz,HCN/cc-pVDZ,10210,42.7819141019512
hcn_ccpvdz,HCN/cc-pVDZ,10220,42.76145108217122
hcn_ccpvdz,HCN/cc-pVDZ,10230,43.0493132225962
hcn_ccpvdz,HCN/cc-pVDZ,10240,42.70496081898045
hcn_ccpvdz,HCN/cc-pVDZ,10250,43.528912150577526
hcn_ccpvdz,HCN/cc-pVDZ,10260,42.59294636398181
hcn_ccpvdz,HCN/cc-pVDZ,10270,45.43863014207261
hcn_ccpvdz,HCN/cc-pVDZ,10280,42.964481418394485
hcn_ccpvdz,HCN/cc-pVDZ,10290,42.421729918387996
hcn_ccpvdz,HCN/cc-pVDZ,10300,43.26493416911603
hcn_ccpvdz,HCN/cc-pVDZ,10310,42.13630495263487
hcn_ccpvdz,HCN/cc-pVDZ,10320,42.95160063190906
hcn_ccpvdz,HCN/cc-pVDZ,10330,45.35336552390845
hcn_ccpvdz,HCN/cc-pVDZ,10340,44.12541897839617
hcn_ccpvdz,HCN/cc-pVDZ,10350,43.60655921490775
hcn_ccpvdz,HCN/cc-pVDZ,10360,43.03133619696098
hcn_ccpvdz,HCN/cc-pVDZ,10370,44.839585887601174
hcn_ccpvdz,HCN/cc-pVDZ,10380,42.85567896772591
hcn_ccpvdz,HCN/cc-pVDZ,10390,43.56560953382882
hcn_ccpvdz,HCN/cc-pVDZ,10400,42.26344611625166
hcn_ccpvdz,HCN/cc-pVDZ,10410,44.746072000535264
hcn_ccpvdz,HCN/cc-pVDZ,10420,42.71048520297427
hcn_ccpvdz,HCN/cc-pVDZ,10430,42.33993745278042
hcn_ccpvdz,HCN/cc-pVDZ,10440,43.57596272295439
hcn_ccpvdz,HCN/cc-pVDZ,10450,43.4815104936348
hcn_ccpvdz,HCN/cc-pVDZ,10460,43.169452598917246
hcn_ccpvdz,HCN/cc-pVDZ,10470,42.58524729394253
hcn_ccpvdz,HCN/cc-pVDZ,10480,46.04209635797929
hcn_ccpvdz,HCN/cc-pVDZ,10490,43.85490405779535
hcn_ccpvdz,HCN/cc-pVDZ,10500,43.202639975049806
hcn_ccpvdz,HCN/cc-pVDZ,10510,42.92148317891531
hcn_ccpvdz,HCN/cc-pVDZ,10520,44.12258832270766
hcn_ccpvdz,HCN/cc-pVDZ,10530,45.21841092918066
hcn_ccpvdz,HCN/cc-pVDZ,10540,43.145544934375835
hcn_ccpvdz,HCN/cc-pVDZ,10550,42.37111894468626
hcn_ccpvdz,HCN/cc-pVDZ,10560,41.70467234376929
hcn_ccpvdz,HCN/cc-pVDZ,10570,43.904326912695524
hcn_ccpvdz,HCN/cc-pVDZ,10580,42.604650685362344
hcn_ccpvdz,HCN/cc-pVDZ,10590,41.69623461478977
hcn_ccpvdz,HCN/cc-pVDZ,10600,42.31913464090553
hcn_ccpvdz,HCN/cc-pVDZ,10610,43.83285437698703
hcn_ccpvdz,HCN/cc-pVDZ,10620,42.318561735910976
hcn_ccpvdz,HCN/cc-pVDZ,10630,45.04419557142114
hcn_ccpvdz,HCN/cc-pVDZ,10640,42.5242118093081
hcn_ccpvdz,HCN/cc-pVDZ,10650,41.9834835366828
hcn_ccpvdz,HCN/cc-pVDZ,10660,41.89335827015839
hcn_ccpvdz,HCN/cc-pVDZ,10670,42.973937537510665
hcn_ccpvdz,HCN/cc-pVDZ,10680,42.35817765044203
hcn_ccpvdz,HCN/cc-pVDZ,10690,46.788437782225856
hcn_ccpvdz,HCN/cc-pVDZ,10700,45.50801060241838
hcn_ccpvdz,HCN/cc-pVDZ,10710,44.90606830150057
hcn_ccpvdz,HCN/cc-pVDZ,10720,42.64838063406273
hcn_ccpvdz,HCN/cc-pVDZ,10730,41.72901548149355
hcn_ccpvdz,HCN/cc-pVDZ,10740,46.187040055485795
hcn_ccpvdz,HCN/cc-pVDZ,10750,42.04674895908056
hcn_ccpvdz,HCN/cc-pVDZ,10760,41.81453208455821
hcn_ccpvdz,HCN/cc-pVDZ,10770,41.703821215776316
hcn_ccpvdz,HCN/cc-pVDZ,10780,42.66049797688254
hcn_ccpvdz,HCN/cc-pVDZ,10790,50.32275828911281
hcn_ccpvdz,HCN/cc-pVDZ,10800,41.85802423053531
hcn_ccpvdz,HCN/cc-pVDZ,10810,43.6637937730211
hcn_ccpvdz,HCN/cc-pVDZ,10820,42.29933718923462
hcn_ccpvdz,HCN/cc-pVDZ,10830,41.949222573208544
hcn_ccpvdz,HCN/cc-pVDZ,10840,42.11614027364874
hcn_ccpvdz,HCN/cc-pVDZ,10850,41.88913292765051
hcn_ccpvdz,HCN/cc-pVDZ,10860,52.90870280701654
hcn_ccpvdz,HCN/cc-pVDZ,10870,44.99909293289761
hcn_ccpvdz,HCN/cc-pVDZ,10880,41.9223242514164
hcn_ccpvdz,HCN/cc-pVDZ,10890,43.01499120235519
hcn_ccpvdz,HCN/cc-pVDZ,10900,41.937164266954596
hcn_ccpvdz,HCN/cc-pVDZ,10910,41.6434897219915
hcn_ccpvdz,HCN/cc-pVDZ,10920,42.79841399529971
hcn_ccpvdz,HCN/cc-pVDZ,10930,42.583064064317
hcn_ccpvdz,HCN/cc-pVDZ,10940,42.269923909458385
hcn_ccpvdz,HCN/cc-pVDZ,10950,41.87230741214876
hcn_ccpvdz,HCN/cc-pVDZ,10960,43.85067598053638
hcn_ccpvdz,HCN/cc-pVDZ,10970,42.99534913128866
hcn_ccpvdz,HCN/cc-pVDZ,10980,42.303142726652254
hcn_ccpvdz,HCN/cc-pVDZ,10990,41.36939125993422
hcn_ccpvdz,HCN/cc-pVDZ,11000,42.01613751206423
hcn_ccpvdz,HCN/cc-pVDZ,11010,43.50208639286279
hcn_ccpvdz,HCN/cc-pVDZ,11020,42.21566183557002
hcn_ccpvdz,HCN/cc-pVDZ,11030,42.98577426408201
hcn_ccpvdz,HCN/cc-pVDZ,11040,42.990835163479346
hcn_ccpvdz,HCN/cc-pVDZ,11050,42.034197449908106
hcn_ccpvdz,HCN/cc-pVDZ,11060,44.29148571848884
hcn_ccpvdz,HCN/cc-pVDZ,11070,41.852074042637355
hcn_ccpvdz,HCN/cc-pVDZ,11080,42.839131777128614
hcn_ccpvdz,HCN/cc-pVDZ,11090,42.43957247159358
hcn_ccpvdz,HCN/cc-pVDZ,11100,41.51490671998204
hcn_ccpvdz,HCN/cc-pVDZ,11110,44.10977515073
hcn_ccpvdz,HCN/cc-pVDZ,11120,41.8009139087161
hcn_ccpvdz,HCN/cc-pVDZ,11130,41.45724489647762
hcn_ccpvdz,HCN/cc-pVDZ,11140,41.64810326362556
hcn_ccpvdz,HCN/cc-pVDZ,11150,43.96220269754281
hcn_ccpvdz,HCN/cc-pVDZ,11160,42.60029565590173
hcn_ccpvdz,HCN/cc-pVDZ,11170,42.51588318666677
hcn_ccpvdz,HCN/cc-pVDZ,11180,41.61094930496745
hcn_ccpvdz,HCN/cc-pVDZ,11190,43.09959147708753
hcn_ccpvdz,HCN/cc-pVDZ,11200,45.15955450310116
hcn_ccpvdz,HCN/cc-pVDZ,11210,41.699713251986736
hcn_ccpvdz,HCN/cc-pVDZ,11220,44.57415668763076
hcn_ccpvdz,HCN/cc-pVDZ,11230,42.36250923516138
hcn_ccpvdz,HCN/cc-pVDZ,11240,41.27294872398579
hcn_ccpvdz,HCN/cc-pVDZ,11250,41.43318268138785
hcn_ccpvdz,HCN/cc-pVDZ,11260,44.16474748875032
hcn_ccpvdz,HCN/cc-pVDZ,11270,42.91397798043306
hcn_ccpvdz,HCN/cc-pVDZ,11280,41.715604265334605
hcn_ccpvdz,HCN/cc-pVDZ,11290,42.44924008233397
hcn_ccpvdz,HCN/cc-pVDZ,11300,41.45439154075348
hcn_ccpvdz,HCN/cc-pVDZ,11310,45.240433578072725
hcn_ccpvdz,HCN/cc-pVDZ,11320,43.541233562663706
hcn_ccpvdz,HCN/cc-pVDZ,11330,41.585145452614825
hcn_ccpvdz,HCN/cc-pVDZ,11340,41.62402307787261
hcn_ccpvdz,HCN/cc-pVDZ,11350,43.147753273416356
hcn_ccpvdz,HCN/cc-pVDZ,11360,42.383949737512694
hcn_ccpvdz,HCN/cc-pVDZ,11370,41.68325605505174
hcn_ccpvdz,HCN/cc-pVDZ,11380,42.5705344653835
hcn_ccpvdz,HCN/cc-pVDZ,11390,41.8155952440884
hcn_ccpvdz,HCN/cc-pVDZ,11400,40.95777100762632
hcn_ccpvdz,HCN/cc-pVDZ,11410,41.77180590609453
hcn_ccpvdz,HCN/cc-pVDZ,11420,41.56944766215531
hcn_ccpvdz,HCN/cc-pVDZ,11430,43.318380908033305
hcn_ccpvdz,HCN/cc-pVDZ,11440,41.96837273799758
hcn_ccpvdz,HCN/cc-pVDZ,11450,45.48876217957343
hcn_ccpvdz,HCN/cc-pVDZ,11460,42.314448830907736
hcn_ccpvdz,HCN/cc-pVDZ,11470,42.112536629517194
hcn_ccpvdz,HCN/cc-pVDZ,11480,41.247001902831926
hcn_ccpvdz,HCN/cc-pVDZ,11490,40.90067265229891
hcn_ccpvdz,HCN/cc-pVDZ,11500,42.96217264479196
hcn_ccpvdz,HCN/cc-pVDZ,11510,47.82450577177144
hcn_ccpvdz,HCN/cc-pVDZ,11520,43.23852714554732
hcn_ccpvdz,HCN/cc-pVDZ,11530,45.615944320061885
hcn_ccpvdz,HCN/cc-pVDZ,11540,43.4058842610483
hcn_ccpvdz,HCN/cc-pVDZ,11550,43.05696668011194
hcn_ccpvdz,HCN/cc-pVDZ,11560,43.1476773331525
hcn_ccpvdz,HCN/cc-pVDZ,11570,42.456799225945474
hcn_ccpvdz,HCN/cc-pVDZ,11580,42.13623894550267
hcn_ccpvdz,HCN/cc-pVDZ,11590,41.66741081915859
hcn_ccpvdz,HCN/cc-pVDZ,11600,40.84620377152248
hcn_ccpvdz,HCN/cc-pVDZ,11610,40.88007803593996
hcn_ccpvdz,HCN/cc-pVDZ,11620,40.62815465998426
hcn_ccpvdz,HCN/cc-pVDZ,11630,42.71106196108576
hcn_ccpvdz,HCN/cc-pVDZ,11640,41.26141736185218
hcn_ccpvdz,HCN/cc-pVDZ,11650,41.44803838856603
hcn_ccpvdz,HCN/cc-pVDZ,11660,42.52058209075926
hcn_ccpvdz,HCN/cc-pVDZ,11670,40.897487933818866
hcn_ccpvdz,HCN/cc-pVDZ,11680,41.715808638613794
hcn_ccpvdz,HCN/cc-pVDZ,11690,41.83471014061979
hcn_ccpvdz,HCN/cc-pVDZ,11700,43.639178248582766
hcn_ccpvdz,HCN/cc-pVDZ,11710,43.102629352063104
hcn_ccpvdz,HCN/cc-pVDZ,11720,41.96095136786937
hcn_ccpvdz,HCN/cc-pVDZ,11730,40.85307492125878
hcn_ccpvdz,HCN/cc-pVDZ,11740,43.27817223951058
hcn_ccpvdz,HCN/cc-pVDZ,11750,42.23705716711379
hcn_ccpvdz,HCN/cc-pVDZ,11760,41.23691693584419
hcn_ccpvdz,HCN/cc-pVDZ,11770,40.6500287602114
hcn_ccpvdz,HCN/cc-pVDZ,11780,42.23168949367562
hcn_ccpvdz,HCN/cc-pVDZ,11790,43.31323086564964
hcn_ccpvdz,HCN/cc-pVDZ,11800,41.943218340833255
hcn_ccpvdz,HCN/cc-pVDZ,11810,42.351041138104506
hcn_ccpvdz,HCN/cc-pVDZ,11820,41.19294271768581
hcn_ccpvdz,HCN/cc-pVDZ,11830,41.35824650964537
hcn_ccpvdz,HCN/cc-pVDZ,11840,41.820509700116304
hcn_ccpvdz,HCN/cc-pVDZ,11850,41.10407241689984
hcn_ccpvdz,HCN/cc-pVDZ,11860,46.06699974246453
hcn_ccpvdz,HCN/cc-pVDZ,11870,44.650842916254874
hcn_ccpvdz,HCN/cc-pVDZ,11880,42.19141987313435
hcn_ccpvdz,HCN/cc-pVDZ,11890,41.7764462932837
hcn_ccpvdz,HCN/cc-pVDZ,11900,41.40040350337415
hcn_ccpvdz,HCN/cc-pVDZ,11910,40.80457513116187
hcn_ccpvdz,HCN/cc-pVDZ,11920,40.54716407863168
hcn_ccpvdz,HCN/cc-pVDZ,11930,42.006027776935184
hcn_ccpvdz,HCN/cc-pVDZ,11940,45.49575479248347
hcn_ccpvdz,HCN/cc-pVDZ,11950,41.6233355399811
hcn_ccpvdz,HCN/cc-pVDZ,11960,40.952399345314916
hcn_ccpvdz,HCN/cc-pVDZ,11970,40.951636580828676
hcn_ccpvdz,HCN/cc-pVDZ,11980,41.27556598841409
hcn_ccpvdz,HCN/cc-pVDZ,11990,43.91536851325384
hcn_ccpvdz,HCN/cc-pVDZ,12000,42.581306625095294
hcn_ccpvdz,HCN/cc-pVDZ,12010,41.84170009058619
hcn_ccpvdz,HCN/cc-pVDZ,12020,40.99833707527978
hcn_ccpvdz,HCN/cc-pVDZ,12030,40.556726485036165
hcn_ccpvdz,HCN/cc-pVDZ,12040,40.58053555201013
hcn_ccpvdz,HCN/cc-pVDZ,12050,42.014675089703246
hcn_ccpvdz,HCN/cc-pVDZ,12060,43.82241524737651
hcn_ccpvdz,HCN/cc-pVDZ,12070,41.53033481840396
hcn_ccpvdz,HCN/cc-pVDZ,12080,42.255721667117996
hcn_ccpvdz,HCN/cc-pVDZ,12090,41.24111047413237
hcn_ccpvdz,HCN/cc-pVDZ,12100,41.73431288050722
hcn_ccpvdz,HCN/cc-pVDZ,12110,44.02648754768279
hcn_ccpvdz,HCN/cc-pVDZ,12120,46.86275843543797
hcn_ccpvdz,HCN/cc-pVDZ,12130,43.22926507653335
hcn_ccpvdz,HCN/cc-pVDZ,12140,41.57404686478117
hcn_ccpvdz,HCN/cc-pVDZ,12150,41.50427985163674
hcn_ccpvdz,HCN/cc-pVDZ,12160,40.98666591090705
hcn_ccpvdz,HCN/cc-pVDZ,12170,42.374046788992814
hcn_ccpvdz,HCN/cc-pVDZ,12180,42.27436794272421
hcn_ccpvdz,HCN/cc-pVDZ,12190,41.31963169726305
hcn_ccpvdz,HCN/cc-pVDZ,12200,40.46230492494374
hcn_ccpvdz,HCN/cc-pVDZ,12210,49.35479126432085
hcn_ccpvdz,HCN/cc-pVDZ,12220,45.856742483110224
hcn_ccpvdz,HCN/cc-pVDZ,12230,43.44337431899703
hcn_ccpvdz,HCN/cc-pVDZ,12240,40.651858446736355
hcn_ccpvdz,HCN/cc-pVDZ,12250,41.6496327013931
hcn_ccpvdz,HCN/cc-pVDZ,12260,40.414355454061024
hcn_ccpvdz,HCN/cc-pVDZ,12270,40.19478392473275
hcn_ccpvdz,HCN/cc-pVDZ,12280,40.52094886756663
hcn_ccpvdz,HCN/cc-pVDZ,12290,40.28605250744022
hcn_ccpvdz,HCN/cc-pVDZ,12300,40.080936645949805
hcn_ccpvdz,HCN/cc-pVDZ,12310,42.804122925716115
hcn_ccpvdz,HCN/cc-pVDZ,12320,40.93822809130643
hcn_ccpvdz,HCN/cc-pVDZ,12330,57.73691699370431
hcn_ccpvdz,HCN/cc-pVDZ,12340,47.621946143124205
hcn_ccpvdz,HCN/cc-pVDZ,12350,43.727312782493755
hcn_ccpvdz,HCN/cc-pVDZ,12360,40.209792748171935
hcn_ccpvdz,HCN/cc-pVDZ,12370,42.27096271549158
hcn_ccpvdz,HCN/cc-pVDZ,12380,40.93929625977921
hcn_ccpvdz,HCN/cc-pVDZ,12390,40.43572659809058
hcn_ccpvdz,HCN/cc-pVDZ,12400,40.33489193491846
hcn_ccpvdz,HCN/cc-pVDZ,12410,41.89248679621471
hcn_ccpvdz,HCN/cc-pVDZ,12420,40.26691540940419
hcn_ccpvdz,HCN/cc-pVDZ,12430,40.19987023941951
hcn_ccpvdz,HCN/cc-pVDZ,12440,41.665053928809925
hcn_ccpvdz,HCN/cc-pVDZ,12450,42.51666129282228
hcn_ccpvdz,HCN/cc-pVDZ,12460,40.6242840495139
hcn_ccpvdz,HCN/cc-pVDZ,12470,42.76663681964976
hcn_ccpvdz,HCN/cc-pVDZ,12480,40.46745020404785
hcn_ccpvdz,HCN/cc-pVDZ,12490,40.414448732477126
hcn_ccpvdz,HCN/cc-pVDZ,12500,41.43653709138562
hcn_ccpvdz,HCN/cc-pVDZ,12510,42.74717617616375
hcn_ccpvdz,HCN/cc-pVDZ,12520,41.545682540146345
hcn_ccpvdz,HCN/cc-pVDZ,12530,41.32701490993895
hcn_ccpvdz,HCN/cc-pVDZ,12540,40.66304427139755
hcn_ccpvdz,HCN/cc-pVDZ,12550,40.94157018845124
hcn_ccpvdz,HCN/cc-pVDZ,12560,41.01901465455171
hcn_ccpvdz,HCN/cc-pVDZ,12570,40.540823413849125
hcn_ccpvdz,HCN/cc-pVDZ,12580,40.86554731601666
hcn_ccpvdz,HCN/cc-pVDZ,12590,39.99045519546485
hcn_ccpvdz,HCN/cc-pVDZ,12600,42.489962462354924
hcn_ccpvdz,HCN/cc-pVDZ,12610,41.62846279945143
hcn_ccpvdz,HCN/cc-pVDZ,12620,41.31933115522202
hcn_ccpvdz,HCN/cc-pVDZ,12630,40.325260048007294
hcn_ccpvdz,HCN/cc-pVDZ,12640,42.153043243502
hcn_ccpvdz,HCN/cc-pVDZ,12650,44.43315506109968
hcn_ccpvdz,HCN/cc-pVDZ,12660,42.44306570339518
hcn_ccpvdz,HCN/cc-pVDZ,12670,40.98969946974762
hcn_ccpvdz,HCN/cc-pVDZ,12680,41.37316319815909
hcn_ccpvdz,HCN/cc-pVDZ,12690,41.55958930036263
hcn_ccpvdz,HCN/cc-pVDZ,12700,42.19685905879089
hcn_ccpvdz,HCN/cc-pVDZ,12710,40.58427041140078
hcn_ccpvdz,HCN/cc-pVDZ,12720,40.24094514737442
hcn_ccpvdz,HCN/cc-pVDZ,12730,40.57068692011967
hcn_ccpvdz,HCN/cc-pVDZ,12740,40.33957379525077
hcn_ccpvdz,HCN/cc-pVDZ,12750,41.39319232733385
hcn_ccpvdz,HCN/cc-pVDZ,12760,42.693513868243826
hcn_ccpvdz,HCN/cc-pVDZ,12770,42.00745344174095
hcn_ccpvdz,HCN/cc-pVDZ,12780,40.464812133635064
hcn_ccpvdz,HCN/cc-pVDZ,12790,41.07824986077446
hcn_ccpvdz,HCN/cc-pVDZ,12800,42.38585954324492
hcn_ccpvdz,HCN/cc-pVDZ,12810,41.33659498445752
hcn_ccpvdz,HCN/cc-pVDZ,12820,40.70401702898607
hcn_ccpvdz,HCN/cc-pVDZ,12830,41.28824291736066
hcn_ccpvdz,HCN/cc-pVDZ,12840,41.286207158307775
hcn_ccpvdz,HCN/cc-pVDZ,12850,40.81116976263388
hcn_ccpvdz,HCN/cc-pVDZ,12860,40.739924805833994
hcn_ccpvdz,HCN/cc-pVDZ,12870,41.661294124239134
hcn_ccpvdz,HCN/cc-pVDZ,12880,41.055582010386615
hcn_ccpvdz,HCN/cc-pVDZ,12890,39.970409466434376
hcn_ccpvdz,HCN/cc-pVDZ,12900,40.26891828188184
hcn_ccpvdz,HCN/cc-pVDZ,12910,39.93054551706621
hcn_ccpvdz,HCN/cc-pVDZ,12920,41.445011525709674
hcn_ccpvdz,HCN/cc-pVDZ,12930,41.58233922238708
hcn_ccpvdz,HCN/cc-pVDZ,12940,41.196443329724275
hcn_ccpvdz,HCN/cc-pVDZ,12950,40.232790149573816
hcn_ccpvdz,HCN/cc-pVDZ,12960,41.96669396918651
hcn_ccpvdz,HCN/cc-pVDZ,12970,40.21595618341678
hcn_ccpvdz,HCN/cc-pVDZ,12980,39.87177374467876
hcn_ccpvdz,HCN/cc-pVDZ,12990,40.84409997871319
hcn_ccpvdz,HCN/cc-pVDZ,13000,41.859694663585856
hcn_ccpvdz,HCN/cc-pVDZ,13010,40.354168464943996
hcn_ccpvdz,HCN/cc-pVDZ,13020,41.281155457213
hcn_ccpvdz,HCN/cc-pVDZ,13030,40.18316794949328
hcn_ccpvdz,HCN/cc-pVDZ,13040,40.26479978610098
hcn_ccpvdz,HCN/cc-pVDZ,13050,40.49989388390429
hcn_ccpvdz,HCN/cc-pVDZ,13060,39.615968770831955
hcn_ccpvdz,HCN/cc-pVDZ,13070,44.065578364069324
hcn_ccpvdz,HCN/cc-pVDZ,13080,41.00653403170895
hcn_ccpvdz,HCN/cc-pVDZ,13090,41.61011265499326
hcn_ccpvdz,HCN/cc-pVDZ,13100,40.34881227781284
hcn_ccpvdz,HCN/cc-pVDZ,13110,39.868959425206185
hcn_ccpvdz,HCN/cc-pVDZ,13120,40.31433628756531
hcn_ccpvdz,HCN/cc-pVDZ,13130,39.745600964636196
hcn_ccpvdz,HCN/cc-pVDZ,13140,42.98522288736706
hcn_ccpvdz,HCN/cc-pVDZ,13150,43.16425318198469
hcn_ccpvdz,HCN/cc-pVDZ,13160,40.25875043416249
hcn_ccpvdz,HCN/cc-pVDZ,13170,39.99680686345641
hcn_ccpvdz,HCN/cc-pVDZ,13180,39.64855706183812
hcn_ccpvdz,HCN/cc-pVDZ,13190,41.84565779229388
hcn_ccpvdz,HCN/cc-pVDZ,13200,39.69686148687401
hcn_ccpvdz,HCN/cc-pVDZ,13210,40.01724094077019
hcn_ccpvdz,HCN/cc-pVDZ,13220,43.05192653292522
hcn_ccpvdz,HCN/cc-pVDZ,13230,41.383788219405915
hcn_ccpvdz,HCN/cc-pVDZ,13240,40.85100948020681
hcn_ccpvdz,HCN/cc-pVDZ,13250,39.84035440601019
hcn_ccpvdz,HCN/cc-pVDZ,13260,39.96689675904008
hcn_ccpvdz,HCN/cc-pVDZ,13270,41.552893571520144
hcn_ccpvdz,HCN/cc-pVDZ,13280,40.75561493444013
hcn_ccpvdz,HCN/cc-pVDZ,13290,40.123809863160886
hcn_ccpvdz,HCN/cc-pVDZ,13300,40.961319627939474
hcn_ccpvdz,HCN/cc-pVDZ,13310,39.98646876480905
hcn_ccpvdz,HCN/cc-pVDZ,13320,40.69492698340582
hcn_ccpvdz,HCN/cc-pVDZ,13330,41.99088878893065
hcn_ccpvdz,HCN/cc-pVDZ,13340,41.18251844073484
hcn_ccpvdz,HCN/cc-pVDZ,13350,41.4693418237988
hcn_ccpvdz,HCN/cc-pVDZ,13360,41.719545449339535
hcn_ccpvdz,HCN/cc-pVDZ,13370,39.40843945278516
hcn_ccpvdz,HCN/cc-pVDZ,13380,40.61102808972805
hcn_ccpvdz,HCN/cc-pVDZ,13390,40.86618501678174
hcn_ccpvdz,HCN/cc-pVDZ,13400,39.69354633647981
hcn_ccpvdz,HCN/cc-pVDZ,13410,41.30029991777917
hcn_ccpvdz,HCN/cc-pVDZ,13420,41.67923455203493
hcn_ccpvdz,HCN/cc-pVDZ,13430,40.29148445575004
hcn_ccpvdz,HCN/cc-pVDZ,13440,40.980969583799265
hcn_ccpvdz,HCN/cc-pVDZ,13450,39.922048432671886
hcn_ccpvdz,HCN/cc-pVDZ,13460,42.087958873523235
hcn_ccpvdz,HCN/cc-pVDZ,13470,40.42418223086486
hcn_ccpvdz,HCN/cc-pVDZ,13480,40.52259814817205
hcn_ccpvdz,HCN/cc-pVDZ,13490,41.53115725280543
hcn_ccpvdz,HCN/cc-pVDZ,13500,40.164235268321136
hcn_ccpvdz,HCN/cc-pVDZ,13510,39.97713512856649
hcn_ccpvdz,HCN/cc-pVDZ,13520,39.94166964046997
hcn_ccpvdz,HCN/cc-pVDZ,13530,41.566623260408164
hcn_ccpvdz,HCN/cc-pVDZ,13540,40.89703684766732
hcn_ccpvdz,HCN/cc-pVDZ,13550,43.58956038385031
hcn_ccpvdz,HCN/cc-pVDZ,13560,41.29663000549044
hcn_ccpvdz,HCN/cc-pVDZ,13570,40.42727818109881
hcn_ccpvdz,HCN/cc-pVDZ,13580,40.14600248419242
hcn_ccpvdz,HCN/cc-pVDZ,13590,40.03914479159221
hcn_ccpvdz,HCN/cc-pVDZ,13600,40.36883677493108
hcn_ccpvdz,HCN/cc-pVDZ,13610,43.38417983287002
hcn_ccpvdz,HCN/cc-pVDZ,13620,39.71207340130434
hcn_ccpvdz,HCN/cc-pVDZ,13630,39.99132547357931
hcn_ccpvdz,HCN/cc-pVDZ,13640,40.3020209203504
hcn_ccpvdz,HCN/cc-pVDZ,13650,39.4272185958755
hcn_ccpvdz,HCN/cc-pVDZ,13660,40.572090352426926
hcn_ccpvdz,HCN/cc-pVDZ,13670,60.67523292874455
hcn_ccpvdz,HCN/cc-pVDZ,13680,58.67385541662884
hcn_ccpvdz,HCN/cc-pVDZ,13690,42.4202428524012
hcn_ccpvdz,HCN/cc-pVDZ,13700,42.10492921555442
hcn_ccpvdz,HCN/cc-pVDZ,13710,40.03365470651943
hcn_ccpvdz,HCN/cc-pVDZ,13720,39.492226048224666
hcn_ccpvdz,HCN/cc-pVDZ,13730,39.407216318579685
hcn_ccpvdz,HCN/cc-pVDZ,13740,39.36482033206801
hcn_ccpvdz,HCN/cc-pVDZ,13750,39.43441648233659
hcn_ccpvdz,HCN/cc-pVDZ,13760,39.66814761351145
hcn_ccpvdz,HCN/cc-pVDZ,13770,39.12439537229773
hcn_ccpvdz,HCN/cc-pVDZ,13780,39.851939601874165
hcn_ccpvdz,HCN/cc-pVDZ,13790,39.33054533538893
hcn_ccpvdz,HCN/cc-pVDZ,13800,39.823559784764484
hcn_ccpvdz,HCN/cc-pVDZ,13810,39.53380989190691
hcn_ccpvdz,HCN/cc-pVDZ,13820,41.653155735971836
hcn_ccpvdz,HCN/cc-pVDZ,13830,41.58293447170536
hcn_ccpvdz,HCN/cc-pVDZ,13840,41.588903432597135
hcn_ccpvdz,HCN/cc-pVDZ,13850,39.97290650838181
hcn_ccpvdz,HCN/cc-pVDZ,13860,39.57252170260972
hcn_ccpvdz,HCN/cc-pVDZ,13870,40.85817124463631
hcn_ccpvdz,HCN/cc-pVDZ,13880,40.12103610770623
hcn_ccpvdz,HCN/cc-pVDZ,13890,39.478974085113805
hcn_ccpvdz,HCN/cc-pVDZ,13900,39.0775203353968
hcn_ccpvdz,HCN/cc-pVDZ,13910,39.32610574473472
hcn_ccpvdz,HCN/cc-pVDZ,13920,40.44624522674667
hcn_ccpvdz,HCN/cc-pVDZ,13930,41.13596130181918
hcn_ccpvdz,HCN/cc-pVDZ,13940,39.98442938340929
hcn_ccpvdz,HCN/cc-pVDZ,13950,39.88235850964372
hcn_ccpvdz,HCN/cc-pVDZ,13960,39.25082706369665
hcn_ccpvdz,HCN/cc-pVDZ,13970,42.72690869858309
hcn_ccpvdz,HCN/cc-pVDZ,13980,41.43917606621983
hcn_ccpvdz,HCN/cc-pVDZ,13990,41.782831776600915
hcn_ccpvdz,HCN/cc-pVDZ,14000,40.11178446887698
hcn_ccpvdz,HCN/cc-pVDZ,14010,39.94183948057639
hcn_ccpvdz,HCN/cc-pVDZ,14020,39.84986289228232
hcn_ccpvdz,HCN/cc-pVDZ,14030,39.295732241825476
hcn_ccpvdz,HCN/cc-pVDZ,14040,38.921239490832704
hcn_ccpvdz,HCN/cc-pVDZ,14050,40.16467272177238
hcn_ccpvdz,HCN/cc-pVDZ,14060,40.06101043368915
hcn_ccpvdz,HCN/cc-pVDZ,14070,41.9299712276171
hcn_ccpvdz,HCN/cc-pVDZ,14080,40.50757815723216
hcn_ccpvdz,HCN/cc-pVDZ,14090,39.17380834946016
hcn_ccpvdz,HCN/cc-pVDZ,14100,40.876752996254595
hcn_ccpvdz,HCN/cc-pVDZ,14110,40.150417793924476
hcn_ccpvdz,HCN/cc-pVDZ,14120,39.22104819511674
hcn_ccpvdz,HCN/cc-pVDZ,14130,39.57091199758622
hcn_ccpvdz,HCN/cc-pVDZ,14140,40.325934065180036
hcn_ccpvdz,HCN/cc-pVDZ,14150,40.12102824250974
hcn_ccpvdz,HCN/cc-pVDZ,14160,40.56615562654997
hcn_ccpvdz,HCN/cc-pVDZ,14170,40.56926518359205
hcn_ccpvdz,HCN/cc-pVDZ,14180,39.908089085329834
hcn_ccpvdz,HCN/cc-pVDZ,14190,39.01683408565759
hcn_ccpvdz,HCN/cc-pVDZ,14200,42.39882243221871
hcn_ccpvdz,HCN/cc-pVDZ,14210,39.91661147652792
hcn_ccpvdz,HCN/cc-pVDZ,14220,40.29539047702713
hcn_ccpvdz,HCN/cc-pVDZ,14230,39.56722206480379
hcn_ccpvdz,HCN/cc-pVDZ,14240,39.415303188093276
hcn_ccpvdz,HCN/cc-pVDZ,14250,39.953152069685416
hcn_ccpvdz,HCN/cc-pVDZ,14260,42.06249518711047
hcn_ccpvdz,HCN/cc-pVDZ,14270,40.04911911916054
hcn_ccpvdz,HCN/cc-pVDZ,14280,39.725335727126776
hcn_ccpvdz,HCN/cc-pVDZ,14290,40.23109327188479
hcn_ccpvdz,HCN/cc-pVDZ,14300,39.122547018564546
hcn_ccpvdz,HCN/cc-pVDZ,14310,42.897277081706875
hcn_ccpvdz,HCN/cc-pVDZ,14320,43.04029085491834
hcn_ccpvdz,HCN/cc-pVDZ,14330,40.43331464379207
hcn_ccpvdz,HCN/cc-pVDZ,14340,40.33968737392968
hcn_ccpvdz,HCN/cc-pVDZ,14350,39.35077176808477
hcn_ccpvdz,HCN/cc-pVDZ,14360,38.699100439473
hcn_ccpvdz,HCN/cc-pVDZ,14370,40.410356947333526
hcn_ccpvdz,HCN/cc-pVDZ,14380,39.558695844576164
hcn_ccpvdz,HCN/cc-pVDZ,14390,40.21974660125238
hcn_ccpvdz,HCN/cc-pVDZ,14400,39.90176981245952
hcn_ccpvdz,HCN/cc-pVDZ,14410,40.57403876018384
hcn_ccpvdz,HCN/cc-pVDZ,14420,39.240310123844324
hcn_ccpvdz,HCN/cc-pVDZ,14430,39.11507751278975
hcn_ccpvdz,HCN/cc-pVDZ,14440,38.709465572466684
hcn_ccpvdz,HCN/cc-pVDZ,14450,39.42559688579195
hcn_ccpvdz,HCN/cc-pVDZ,14460,39.43209786744717
hcn_ccpvdz,HCN/cc-pVDZ,14470,40.530611093700486
hcn_ccpvdz,HCN/cc-pVDZ,14480,40.10139659921208
hcn_ccpvdz,HCN/cc-pVDZ,14490,38.66018689605255
hcn_ccpvdz,HCN/cc-pVDZ,14500,39.1799944218576
hcn_ccpvdz,HCN/cc-pVDZ,14510,39.13310908868084
hcn_ccpvdz,HCN/cc-pVDZ,14520,38.68658080008913
hcn_ccpvdz,HCN/cc-pVDZ,14530,39.20312504480705
hcn_ccpvdz,HCN/cc-pVDZ,14540,45.808449039583365
hcn_ccpvdz,HCN/cc-pVDZ,14550,42.48596258230464
hcn_ccpvdz,HCN/cc-pVDZ,14560,38.81905130896257
hcn_ccpvdz,HCN/cc-pVDZ,14570,39.02550706622776
hcn_ccpvdz,HCN/cc-pVDZ,14580,39.27882167798202
hcn_ccpvdz,HCN/cc-pVDZ,14590,38.721141794823666
hcn_ccpvdz,HCN/cc-pVDZ,14600,38.89916085859113
hcn_ccpvdz,HCN/cc-pVDZ,14610,38.18118052571151
hcn_ccpvdz,HCN/cc-pVDZ,14620,38.79742459156432
hcn_ccpvdz,HCN/cc-pVDZ,14630,38.70126987760614
hcn_ccpvdz,HCN/cc-pVDZ,14640,44.728832482689995
hcn_ccpvdz,HCN/cc-pVDZ,14650,40.617580010092524
hcn_ccpvdz,HCN/cc-pVDZ,14660,38.84346387042115
hcn_ccpvdz,HCN/cc-pVDZ,14670,38.792835770578904
hcn_ccpvdz,HCN/cc-pVDZ,14680,38.53713272816606
hcn_ccpvdz,HCN/cc-pVDZ,14690,38.082615841645406
hcn_ccpvdz,HCN/cc-pVDZ,14700,39.04553978171066
hcn_ccpvdz,HCN/cc-pVDZ,14710,45.496390825064736
hcn_ccpvdz,HCN/cc-pVDZ,14720,39.91464290986357
hcn_ccpvdz,HCN/cc-pVDZ,14730,41.333219842385915
hcn_ccpvdz,HCN/cc-pVDZ,14740,38.39068966320269
hcn_ccpvdz,HCN/cc-pVDZ,14750,39.6180608204304
hcn_ccpvdz,HCN/cc-pVDZ,14760,38.6505056613089
hcn_ccpvdz,HCN/cc-pVDZ,14770,38.36224058814253
hcn_ccpvdz,HCN/cc-pVDZ,14780,38.759811087658136
hcn_ccpvdz,HCN/cc-pVDZ,14790,38.351314027011085
hcn_ccpvdz,HCN/cc-pVDZ,14800,38.32761523331385
hcn_ccpvdz,HCN/cc-pVDZ,14810,38.280312090890334
hcn_ccpvdz,HCN/cc-pVDZ,14820,40.60206967064062
hcn_ccpvdz,HCN/cc-pVDZ,14830,39.00433003923354
hcn_ccpvdz,HCN/cc-pVDZ,14840,39.9884304540592
hcn_ccpvdz,HCN/cc-pVDZ,14850,38.24559218575985
hcn_ccpvdz,HCN/cc-pVDZ,14860,38.905228067932285
hcn_ccpvdz,HCN/cc-pVDZ,14870,38.72508791744167
hcn_ccpvdz,HCN/cc-pVDZ,14880,38.34359458431891
hcn_ccpvdz,HCN/cc-pVDZ,14890,41.15845665103279
hcn_ccpvdz,HCN/cc-pVDZ,14900,43.29919027247797
hcn_ccpvdz,HCN/cc-pVDZ,14910,39.965372710668134
hcn_ccpvdz,HCN/cc-pVDZ,14920,38.87046461787236
hcn_ccpvdz,HCN/cc-pVDZ,14930,38.94205982562937
hcn_ccpvdz,HCN/cc-pVDZ,14940,38.24443646581699
hcn_ccpvdz,HCN/cc-pVDZ,14950,38.0332545441604
hcn_ccpvdz,HCN/cc-pVDZ,14960,38.06851405313694
hcn_ccpvdz,HCN/cc-pVDZ,14970,37.82169345693376
hcn_ccpvdz,HCN/cc-pVDZ,14980,48.62981791646348
hcn_ccpvdz,HCN/cc-pVDZ,14990,40.01583640440742
hcn_ccpvdz,HCN/cc-pVDZ,15000,39.56333224449793
hcn_ccpvdz,HCN/cc-pVDZ,15010,38.31187985323936
hcn_ccpvdz,HCN/cc-pVDZ,15020,39.471681911976475
hcn_ccpvdz,HCN/cc-pVDZ,15030,38.62313855017874
hcn_ccpvdz,HCN/cc-pVDZ,15040,37.65116401932289
hcn_ccpvdz,HCN/cc-pVDZ,15050,40.269420025964564
hcn_ccpvdz,HCN/cc-pVDZ,15060,38.354653048941145
hcn_ccpvdz,HCN/cc-pVDZ,15070,37.660938920353715
hcn_ccpvdz,HCN/cc-pVDZ,15080,39.32475314701378
hcn_ccpvdz,HCN/cc-pVDZ,15090,44.4634822887906
hcn_ccpvdz,HCN/cc-pVDZ,15100,42.00069360042846
hcn_ccpvdz,HCN/cc-pVDZ,15110,39.79089358132626
hcn_ccpvdz,HCN/cc-pVDZ,15120,38.24363307305134
hcn_ccpvdz,HCN/cc-pVDZ,15130,40.73783459371327
hcn_ccpvdz,HCN/cc-pVDZ,15140,38.494136611248564
hcn_ccpvdz,HCN/cc-pVDZ,15150,37.76392775218085
hcn_ccpvdz,HCN/cc-pVDZ,15160,37.76976492832773
hcn_ccpvdz,HCN/cc-pVDZ,15170,38.50458016110281
hcn_ccpvdz,HCN/cc-pVDZ,15180,37.52643499241515
hcn_ccpvdz,HCN/cc-pVDZ,15190,37.45727573799229
hcn_ccpvdz,HCN/cc-pVDZ,15200,37.886726472962096
hcn_ccpvdz,HCN/cc-pVDZ,15210,38.46640515455135
hcn_ccpvdz,HCN/cc-pVDZ,15220,39.95435197140296
hcn_ccpvdz,HCN/cc-pVDZ,15230,42.13047783069612
hcn_ccpvdz,HCN/cc-pVDZ,15240,38.223292826501165
hcn_ccpvdz,HCN/cc-pVDZ,15250,39.27947900230322
hcn_ccpvdz,HCN/cc-pVDZ,15260,38.23089023138948
hcn_ccpvdz,HCN/cc-pVDZ,15270,37.58869682870625
hcn_ccpvdz,HCN/cc-pVDZ,15280,37.55379747705945
hcn_ccpvdz,HCN/cc-pVDZ,15290,37.87789893500815
hcn_ccpvdz,HCN/cc-pVDZ,15300,37.76562310795839
hcn_ccpvdz,HCN/cc-pVDZ,15310,37.28084308391999
hcn_ccpvdz,HCN/cc-pVDZ,15320,43.89168589015924
hcn_ccpvdz,HCN/cc-pVDZ,15330,41.59416148337414
hcn_ccpvdz,HCN/cc-pVDZ,15340,38.25715881488634
hcn_ccpvdz,HCN/cc-pVDZ,15350,37.44893540581984
hcn_ccpvdz,HCN/cc-pVDZ,15360,38.39849898584191
hcn_ccpvdz,HCN/cc-pVDZ,15370,37.43799423692451
hcn_ccpvdz,HCN/cc-pVDZ,15380,37.806860968757405
hcn_ccpvdz,HCN/cc-pVDZ,15390,41.438583787311245
hcn_ccpvdz,HCN/cc-pVDZ,15400,39.0658525513885
hcn_ccpvdz,HCN/cc-pVDZ,15410,37.94157358231587
hcn_ccpvdz,HCN/cc-pVDZ,15420,38.79385958678938
hcn_ccpvdz,HCN/cc-pVDZ,15430,37.83166482232048
hcn_ccpvdz,HCN/cc-pVDZ,15440,37.22912534431089
hcn_ccpvdz,HCN/cc-pVDZ,15450,38.34617086687331
hcn_ccpvdz,HCN/cc-pVDZ,15460,45.10543152920832
hcn_ccpvdz,HCN/cc-pVDZ,15470,46.09964930372712
hcn_ccpvdz,HCN/cc-pVDZ,15480,39.99674161285327
hcn_ccpvdz,HCN/cc-pVDZ,15490,37.616719704260504
hcn_ccpvdz,HCN/cc-pVDZ,15500,37.40454247544278
hcn_ccpvdz,HCN/cc-pVDZ,15510,37.780511488847424
hcn_ccpvdz,HCN/cc-pVDZ,15520,37.31125334783769
hcn_ccpvdz,HCN/cc-pVDZ,15530,37.20707977501547
hcn_ccpvdz,HCN/cc-pVDZ,15540,37.25995712758845
hcn_ccpvdz,HCN/cc-pVDZ,15550,37.30267768918338
hcn_ccpvdz,HCN/cc-pVDZ,15560,37.34697976258872
hcn_ccpvdz,HCN/cc-pVDZ,15570,37.5169441805383
hcn_ccpvdz,HCN/cc-pVDZ,15580,38.04250635961637
hcn_ccpvdz,HCN/cc-pVDZ,15590,38.02128840762009
hcn_ccpvdz,HCN/cc-pVDZ,15600,37.98462199760877
hcn_ccpvdz,HCN/cc-pVDZ,15610,40.312664652958574
hcn_ccpvdz,HCN/cc-pVDZ,15620,46.99909311241868
hcn_ccpvdz,HCN/cc-pVDZ,15630,42.79101367444582
hcn_ccpvdz,HCN/cc-pVDZ,15640,38.812492488389694
hcn_ccpvdz,HCN/cc-pVDZ,15650,37.99246753617069
hcn_ccpvdz,HCN/cc-pVDZ,15660,37.19540381183606
hcn_ccpvdz,HCN/cc-pVDZ,15670,37.656422231918896
hcn_ccpvdz,HCN/cc-pVDZ,15680,37.515838986124095
hcn_ccpvdz,HCN/cc-pVDZ,15690,37.58617512980322
hcn_ccpvdz,HCN/cc-pVDZ,15700,37.268716169435834
hcn_ccpvdz,HCN/cc-pVDZ,15710,37.35730131684534
hcn_ccpvdz,HCN/cc-pVDZ,15720,37.613892297585494
hcn_ccpvdz,HCN/cc-pVDZ,15730,37.493170367866924
hcn_ccpvdz,HCN/cc-pVDZ,15740,42.18175378288436
hcn_ccpvdz,HCN/cc-pVDZ,15750,40.332206231340706
hcn_ccpvdz,HCN/cc-pVDZ,15760,38.75586781664708
hcn_ccpvdz,HCN/cc-pVDZ,15770,38.42775713698643
hcn_ccpvdz,HCN/cc-pVDZ,15780,38.53068234792545
hcn_ccpvdz,HCN/cc-pVDZ,15790,37.04467036642711
hcn_ccpvdz,HCN/cc-pVDZ,15800,36.94365958152446
hcn_ccpvdz,HCN/cc-pVDZ,15810,37.87917922271333
hcn_ccpvdz,HCN/cc-pVDZ,15820,37.939651877408664
hcn_ccpvdz,HCN/cc-pVDZ,15830,37.428156429825776
hcn_ccpvdz,HCN/cc-pVDZ,15840,37.30258484038984
hcn_ccpvdz,HCN/cc-pVDZ,15850,38.85130962274275
hcn_ccpvdz,HCN/cc-pVDZ,15860,37.2041737115012
hcn_ccpvdz,HCN/cc-pVDZ,15870,37.193722817292496
hcn_ccpvdz,HCN/cc-pVDZ,15880,39.85030400708922
hcn_ccpvdz,HCN/cc-pVDZ,15890,37.646287299565984
hcn_ccpvdz,HCN/cc-pVDZ,15900,37.278326285303365
hcn_ccpvdz,HCN/cc-pVDZ,15910,37.99186626152107
hcn_ccpvdz,HCN/cc-pVDZ,15920,38.318343257387255
hcn_ccpvdz,HCN/cc-pVDZ,15930,38.23889561932958
hcn_ccpvdz,HCN/cc-pVDZ,15940,37.40333679117214
hcn_ccpvdz,HCN/cc-pVDZ,15950,38.111033312574705
hcn_ccpvdz,HCN/cc-pVDZ,15960,37.80848074407572
hcn_ccpvdz,HCN/cc-pVDZ,15970,38.917566543062776
hcn_ccpvdz,HCN/cc-pVDZ,15980,38.17799706192204
hcn_ccpvdz,HCN/cc-pVDZ,15990,37.29816000276287
hcn_ccpvdz,HCN/cc-pVDZ,16000,40.7819031786687
hcn_ccpvdz,HCN/cc-pVDZ,16010,37.14672381119044
hcn_ccpvdz,HCN/cc-pVDZ,16020,36.956488536503684
hcn_ccpvdz,HCN/cc-pVDZ,16030,36.91184459773922
hcn_ccpvdz,HCN/cc-pVDZ,16040,38.5066767464366
hcn_ccpvdz,HCN/cc-pVDZ,16050,41.90617934227703
hcn_ccpvdz,HCN/cc-pVDZ,16060,38.58515664583706
hcn_ccpvdz,HCN/cc-pVDZ,16070,37.73763402989516
hcn_ccpvdz,HCN/cc-pVDZ,16080,37.064230015076305
hcn_ccpvdz,HCN/cc-pVDZ,16090,38.091300085810076
hcn_ccpvdz,HCN/cc-pVDZ,16100,37.732953878162334
hcn_ccpvdz,HCN/cc-pVDZ,16110,42.47403922855142
hcn_ccpvdz,HCN/cc-pVDZ,16120,38.833166104396355
hcn_ccpvdz,HCN/cc-pVDZ,16130,37.43250924256358
hcn_ccpvdz,HCN/cc-pVDZ,16140,37.64817601965831
hcn_ccpvdz,HCN/cc-pVDZ,16150,37.586394188437566
hcn_ccpvdz,HCN/cc-pVDZ,16160,37.131978125017895
hcn_ccpvdz,HCN/cc-pVDZ,16170,38.05844909601319
hcn_ccpvdz,HCN/cc-pVDZ,16180,38.10397928934606
hcn_ccpvdz,HCN/cc-pVDZ,16190,37.42554701589995
hcn_ccpvdz,HCN/cc-pVDZ,16200,38.74737661978145
hcn_ccpvdz,HCN/cc-pVDZ,16210,37.30378640668164
hcn_ccpvdz,HCN/cc-pVDZ,16220,39.103849354745535
hcn_ccpvdz,HCN/cc-pVDZ,16230,37.532837683755815
hcn_ccpvdz,HCN/cc-pVDZ,16240,37.20895708364935
hcn_ccpvdz,HCN/cc-pVDZ,16250,37.38742435159281
hcn_ccpvdz,HCN/cc-pVDZ,16260,37.10255110736682
hcn_ccpvdz,HCN/cc-pVDZ,16270,38.01345827304203
hcn_ccpvdz,HCN/cc-pVDZ,16280,43.71229687238554
hcn_ccpvdz,HCN/cc-pVDZ,16290,42.31627150588224
hcn_ccpvdz,HCN/cc-pVDZ,16300,39.00940871740488
hcn_ccpvdz,HCN/cc-pVDZ,16310,37.81958439350319
hcn_ccpvdz,HCN/cc-pVDZ,16320,37.26134466248254
hcn_ccpvdz,HCN/cc-pVDZ,16330,36.704610650573954
hcn_ccpvdz,HCN/cc-pVDZ,16340,37.30732162435402
hcn_ccpvdz,HCN/cc-pVDZ,16350,36.65722654451997
hcn_ccpvdz,HCN/cc-pVDZ,16360,36.52625218907701
hcn_ccpvdz,HCN/cc-pVDZ,16370,38.60284815267789
hcn_ccpvdz,HCN/cc-pVDZ,16380,39.044589776878524
hcn_ccpvdz,HCN/cc-pVDZ,16390,36.96435944918619
hcn_ccpvdz,HCN/cc-pVDZ,16400,37.512837439138025
hcn_ccpvdz,HCN/cc-pVDZ,16410,37.03946330708163
hcn_ccpvdz,HCN/cc-pVDZ,16420,36.512297833070306
hcn_ccpvdz,HCN/cc-pVDZ,16430,40.56812589283254
hcn_ccpvdz,HCN/cc-pVDZ,16440,38.65697015689307
hcn_ccpvdz,HCN/cc-pVDZ,16450,38.43134372695545
hcn_ccpvdz,HCN/cc-pVDZ,16460,37.128282812020075
hcn_ccpvdz,HCN/cc-pVDZ,16470,37.13885625843716
hcn_ccpvdz,HCN/cc-pVDZ,16480,36.77619417418043
hcn_ccpvdz,HCN/cc-pVDZ,16490,37.440176880906506
hcn_ccpvdz,HCN/cc-pVDZ,16500,37.96602791759085
hcn_ccpvdz,HCN/cc-pVDZ,16510,37.96088891868976
hcn_ccpvdz,HCN/cc-pVDZ,16520,38.314919316164264
hcn_ccpvdz,HCN/cc-pVDZ,16530,37.14239037643097
hcn_ccpvdz,HCN/cc-pVDZ,16540,37.265973641169126
hcn_ccpvdz,HCN/cc-pVDZ,16550,38.99182502784981
hcn_ccpvdz,HCN/cc-pVDZ,16560,37.61650850822207
hcn_ccpvdz,HCN/cc-pVDZ,16570,37.209219426685536
hcn_ccpvdz,HCN/cc-pVDZ,16580,36.659852583824204
hcn_ccpvdz,HCN/cc-pVDZ,16590,37.090698450370496
hcn_ccpvdz,HCN/cc-pVDZ,16600,39.38021288524851
hcn_ccpvdz,HCN/cc-pVDZ,16610,37.54497820695235
hcn_ccpvdz,HCN/cc-pVDZ,16620,36.352492061610064
hcn_ccpvdz,HCN/cc-pVDZ,16630,38.59499764459429
hcn_ccpvdz,HCN/cc-pVDZ,16640,38.004802800102766
hcn_ccpvdz,HCN/cc-pVDZ,16650,38.1703347128024
hcn_ccpvdz,HCN/cc-pVDZ,16660,38.04807567792068
hcn_ccpvdz,HCN/cc-pVDZ,16670,42.53535314371959
hcn_ccpvdz,HCN/cc-pVDZ,16680,39.47930050262016
hcn_ccpvdz,HCN/cc-pVDZ,16690,36.898361913245026
hcn_ccpvdz,HCN/cc-pVDZ,16700,40.84715500150082
hcn_ccpvdz,HCN/cc-pVDZ,16710,40.44297250383977
hcn_ccpvdz,HCN/cc-pVDZ,16720,37.52915086656117
hcn_ccpvdz,HCN/cc-pVDZ,16730,37.04876065977203
hcn_ccpvdz,HCN/cc-pVDZ,16740,36.581088261314676
hcn_ccpvdz,HCN/cc-pVDZ,16750,37.13184652477253
hcn_ccpvdz,HCN/cc-pVDZ,16760,36.382150398623025
hcn_ccpvdz,HCN/cc-pVDZ,16770,36.82802258983031
hcn_ccpvdz,HCN/cc-pVDZ,16780,36.21620250238777
hcn_ccpvdz,HCN/cc-pVDZ,16790,38.467371334178324
hcn_ccpvdz,HCN/cc-pVDZ,16800,36.98878931029981
hcn_ccpvdz,HCN/cc-pVDZ,16810,37.765997120217776
hcn_ccpvdz,HCN/cc-pVDZ,16820,36.773687017699785
hcn_ccpvdz,HCN/cc-pVDZ,16830,36.525791708086786
hcn_ccpvdz,HCN/cc-pVDZ,16840,38.479677348050245
hcn_ccpvdz,HCN/cc-pVDZ,16850,37.348023516415196
hcn_ccpvdz,HCN/cc-pVDZ,16860,36.87767886034976
hcn_ccpvdz,HCN/cc-pVDZ,16870,38.029110910969166
hcn_ccpvdz,HCN/cc-pVDZ,16880,36.688695017844
hcn_ccpvdz,HCN/cc-pVDZ,16890,36.4335412179031
hcn_ccpvdz,HCN/cc-pVDZ,16900,38.64800489468223
hcn_ccpvdz,HCN/cc-pVDZ,16910,38.522313502710404
hcn_ccpvdz,HCN/cc-pVDZ,16920,37.886746203341204
hcn_ccpvdz,HCN/cc-pVDZ,16930,36.91952809913346
hcn_ccpvdz,HCN/cc-pVDZ,16940,36.1431611744365
hcn_ccpvdz,HCN/cc-pVDZ,16950,38.99874357647093
hcn_ccpvdz,HCN/cc-pVDZ,16960,38.09665031469933
hcn_ccpvdz,HCN/cc-pVDZ,16970,36.57600750150891
hcn_ccpvdz,HCN/cc-pVDZ,16980,37.032718730131364
hcn_ccpvdz,HCN/cc-pVDZ,16990,36.477008935321464
hcn_ccpvdz,HCN/cc-pVDZ,17000,37.018439527074065
hcn_ccpvdz,HCN/cc-pVDZ,17010,39.67926928946497
hcn_ccpvdz,HCN/cc-pVDZ,17020,36.785203674568834
hcn_ccpvdz,HCN/cc-pVDZ,17030,36.698535065440296
hcn_ccpvdz,HCN/cc-pVDZ,17040,37.52827244370849
hcn_ccpvdz,HCN/cc-pVDZ,17050,36.41444889008483
hcn_ccpvdz,HCN/cc-pVDZ,17060,36.05980622739935
hcn_ccpvdz,HCN/cc-pVDZ,17070,40.078273844514456
hcn_ccpvdz,HCN/cc-pVDZ,17080,36.34077101125399
hcn_ccpvdz,HCN/cc-pVDZ,17090,37.02426279444637
hcn_ccpvdz,HCN/cc-pVDZ,17100,36.523821587408634
hcn_ccpvdz,HCN/cc-pVDZ,17110,37.06972122549246
hcn_ccpvdz,HCN/cc-pVDZ,17120,36.21792722049122
hcn_ccpvdz,HCN/cc-pVDZ,17130,37.56392695457578
hcn_ccpvdz,HCN/cc-pVDZ,17140,39.02874447408067
hcn_ccpvdz,HCN/cc-pVDZ,17150,38.27867045403366
hcn_ccpvdz,HCN/cc-pVDZ,17160,36.31945303243356
hcn_ccpvdz,HCN/cc-pVDZ,17170,37.183757578517884
hcn_ccpvdz,HCN/cc-pVDZ,17180,36.28725014485212
hcn_ccpvdz,HCN/cc-pVDZ,17190,35.94973280453928
hcn_ccpvdz,HCN/cc-pVDZ,17200,36.547552869222955
hcn_ccpvdz,HCN/cc-pVDZ,17210,39.86534577283862
hcn_ccpvdz,HCN/cc-pVDZ,17220,37.566979469644934
hcn_ccpvdz,HCN/cc-pVDZ,17230,36.050458765529925
hcn_ccpvdz,HCN/cc-pVDZ,17240,37.79221442391645
hcn_ccpvdz,HCN/cc-pVDZ,17250,36.34275811553778
hcn_ccpvdz,HCN/cc-pVDZ,17260,36.74719903693813
hcn_ccpvdz,HCN/cc-pVDZ,17270,40.04873843318535
hcn_ccpvdz,HCN/cc-pVDZ,17280,36.394426293853144
hcn_ccpvdz,HCN/cc-pVDZ,17290,36.72559713820078
hcn_ccpvdz,HCN/cc-pVDZ,17300,36.38233004389235
hcn_ccpvdz,HCN/cc-pVDZ,17310,37.40421687419371
hcn_ccpvdz,HCN/cc-pVDZ,17320,36.639988592270356
hcn_ccpvdz,HCN/cc-pVDZ,17330,36.72154543055228
hcn_ccpvdz,HCN/cc-pVDZ,17340,38.08710125355219
hcn_ccpvdz,HCN/cc-pVDZ,17350,37.92325820546694
hcn_ccpvdz,HCN/cc-pVDZ,17360,37.21836300192649
hcn_ccpvdz,HCN/cc-pVDZ,17370,35.947146634001115
hcn_ccpvdz,HCN/cc-pVDZ,17380,37.75371689681606
hcn_ccpvdz,HCN/cc-pVDZ,17390,36.915111052934435
hcn_ccpvdz,HCN/cc-pVDZ,17400,38.69263821650293
hcn_ccpvdz,HCN/cc-pVDZ,17410,37.704567648418674
hcn_ccpvdz,HCN/cc-pVDZ,17420,35.87555604107706
hcn_ccpvdz,HCN/cc-pVDZ,17430,38.10355083645334
hcn_ccpvdz,HCN/cc-pVDZ,17440,36.6313814257353
hcn_ccpvdz,HCN/cc-pVDZ,17450,36.056112438330956
hcn_ccpvdz,HCN/cc-pVDZ,17460,35.82617152059697
hcn_ccpvdz,HCN/cc-pVDZ,17470,39.19651523227685
hcn_ccpvdz,HCN/cc-pVDZ,17480,44.41641078594216
hcn_ccpvdz,HCN/cc-pVDZ,17490,40.672391295288435
hcn_ccpvdz,HCN/cc-pVDZ,17500,37.36152132529469
hcn_ccpvdz,HCN/cc-pVDZ,17510,35.924750106460124
hcn_ccpvdz,HCN/cc-pVDZ,17520,35.813513644015416
hcn_ccpvdz,HCN/cc-pVDZ,17530,35.78183892524578
hcn_ccpvdz,HCN/cc-pVDZ,17540,37.90342293072513
hcn_ccpvdz,HCN/cc-pVDZ,17550,35.95754023328368
hcn_ccpvdz,HCN/cc-pVDZ,17560,36.089526209792666
hcn_ccpvdz,HCN/cc-pVDZ,17570,37.41364575897421
hcn_ccpvdz,HCN/cc-pVDZ,17580,35.86255455618925
hcn_ccpvdz,HCN/cc-pVDZ,17590,38.129553838970764
hcn_ccpvdz,HCN/cc-pVDZ,17600,36.602543682349165
hcn_ccpvdz,HCN/cc-pVDZ,17610,36.22264340174297
hcn_ccpvdz,HCN/cc-pVDZ,17620,36.67314239471864
hcn_ccpvdz,HCN/cc-pVDZ,17630,37.20645991293736
hcn_ccpvdz,HCN/cc-pVDZ,17640,36.23104677390643
hcn_ccpvdz,HCN/cc-pVDZ,17650,35.777029801579374
hcn_ccpvdz,HCN/cc-pVDZ,17660,36.12048624103181
hcn_ccpvdz,HCN/cc-pVDZ,17670,39.684044743651725
hcn_ccpvdz,HCN/cc-pVDZ,17680,36.216545531601696
hcn_ccpvdz,HCN/cc-pVDZ,17690,36.44806887791674
hcn_ccpvdz,HCN/cc-pVDZ,17700,36.24925069652818
hcn_ccpvdz,HCN/cc-pVDZ,17710,36.04811090795579
hcn_ccpvdz,HCN/cc-pVDZ,17720,36.979931514864006
hcn_ccpvdz,HCN/cc-pVDZ,17730,38.020940822718785
hcn_ccpvdz,HCN/cc-pVDZ,17740,36.09393105968195
hcn_ccpvdz,HCN/cc-pVDZ,17750,36.554530476323066
hcn_ccpvdz,HCN/cc-pVDZ,17760,35.877759906639994
hcn_ccpvdz,HCN/cc-pVDZ,17770,35.9771148901018
hcn_ccpvdz,HCN/cc-pVDZ,17780,35.862640997152084
hcn_ccpvdz,HCN/cc-pVDZ,17790,36.759492608226196
hcn_ccpvdz,HCN/cc-pVDZ,17800,36.88942508019011
hcn_ccpvdz,HCN/cc-pVDZ,17810,37.84764514755068
hcn_ccpvdz,HCN/cc-pVDZ,17820,36.556304551652374
hcn_ccpvdz,HCN/cc-pVDZ,17830,37.61183253701006
hcn_ccpvdz,HCN/cc-pVDZ,17840,36.88935442356467
hcn_ccpvdz,HCN/cc-pVDZ,17850,36.36862186620249
hcn_ccpvdz,HCN/cc-pVDZ,17860,36.2513517319627
hcn_ccpvdz,HCN/cc-pVDZ,17870,36.46500724923385
hcn_ccpvdz,HCN/cc-pVDZ,17880,36.52054287114481
hcn_ccpvdz,HCN/cc-pVDZ,17890,37.24377866218731
hcn_ccpvdz,HCN/cc-pVDZ,17900,36.469136078437714
hcn_ccpvdz,HCN/cc-pVDZ,17910,36.64370252705851
hcn_ccpvdz,HCN/cc-pVDZ,17920,36.3168386275845
hcn_ccpvdz,HCN/cc-pVDZ,17930,35.88588350680766
hcn_ccpvdz,HCN/cc-pVDZ,17940,37.899357437297
hcn_ccpvdz,HCN/cc-pVDZ,17950,37.0183429481159
hcn_ccpvdz,HCN/cc-pVDZ,17960,36.96556642773885
hcn_ccpvdz,HCN/cc-pVDZ,17970,37.78383926099593
hcn_ccpvdz,HCN/cc-pVDZ,17980,35.96867001104442
hcn_ccpvdz,HCN/cc-pVDZ,17990,35.949051456228176
hcn_ccpvdz,HCN/cc-pVDZ,18000,35.72241392510023
hcn_ccpvdz,HCN/cc-pVDZ,18010,36.914962403400864
hcn_ccpvdz,HCN/cc-pVDZ,18020,36.94879076455493
hcn_ccpvdz,HCN/cc-pVDZ,18030,36.67921629630655
hcn_ccpvdz,HCN/cc-pVDZ,18040,36.03019331197288
hcn_ccpvdz,HCN/cc-pVDZ,18050,36.06233927439462
hcn_ccpvdz,HCN/cc-pVDZ,18060,36.168537418689084
hcn_ccpvdz,HCN/cc-pVDZ,18070,36.28514634739588
hcn_ccpvdz,HCN/cc-pVDZ,18080,35.53163286117922
hcn_ccpvdz,HCN/cc-pVDZ,18090,35.601279223840265
hcn_ccpvdz,HCN/cc-pVDZ,18100,37.23234243797435
hcn_ccpvdz,HCN/cc-pVDZ,18110,37.08528536665767
hcn_ccpvdz,HCN/cc-pVDZ,18120,36.03794794673831
hcn_ccpvdz,HCN/cc-pVDZ,18130,37.793796174241834
hcn_ccpvdz,HCN/cc-pVDZ,18140,35.791318832565366
hcn_ccpvdz,HCN/cc-pVDZ,18150,39.10778955832939
hcn_ccpvdz,HCN/cc-pVDZ,18160,35.516144029742236
hcn_ccpvdz,HCN/cc-pVDZ,18170,35.34247784578781
hcn_ccpvdz,HCN/cc-pVDZ,18180,35.70003937204547
hcn_ccpvdz,HCN/cc-pVDZ,18190,35.63257279704146
hcn_ccpvdz,HCN/cc-pVDZ,18200,35.684847558684396
hcn_ccpvdz,HCN/cc-pVDZ,18210,38.29594050718299
hcn_ccpvdz,HCN/cc-pVDZ,18220,36.11312867867866
hcn_ccpvdz,HCN/cc-pVDZ,18230,35.6147671645175
hcn_ccpvdz,HCN/cc-pVDZ,18240,35.89562980307903
hcn_ccpvdz,HCN/cc-pVDZ,18250,37.56111620796787
hcn_ccpvdz,HCN/cc-pVDZ,18260,35.933386273029555
hcn_ccpvdz,HCN/cc-pVDZ,18270,35.66755860403248
hcn_ccpvdz,HCN/cc-pVDZ,18280,35.276849182565684
hcn_ccpvdz,HCN/cc-pVDZ,18290,39.34102507470527
hcn_ccpvdz,HCN/cc-pVDZ,18300,35.716556699000535
hcn_ccpvdz,HCN/cc-pVDZ,18310,35.67371428766819
hcn_ccpvdz,HCN/cc-pVDZ,18320,35.96228404566659
hcn_ccpvdz,HCN/cc-pVDZ,18330,35.68053067247945
hcn_ccpvdz,HCN/cc-pVDZ,18340,36.32272025456018
hcn_ccpvdz,HCN/cc-pVDZ,18350,37.19863026537951
hcn_ccpvdz,HCN/cc-pVDZ,18360,37.25162316301578
hcn_ccpvdz,HCN/cc-pVDZ,18370,36.78393038561012
hcn_ccpvdz,HCN/cc-pVDZ,18380,35.73581385958846
hcn_ccpvdz,HCN/cc-pVDZ,18390,35.80786177006701
hcn_ccpvdz,HCN/cc-pVDZ,18400,35.6983478384052
hcn_ccpvdz,HCN/cc-pVDZ,18410,35.83585498357422
hcn_ccpvdz,HCN/cc-pVDZ,18420,36.67997574265769
hcn_ccpvdz,HCN/cc-pVDZ,18430,35.95465605185666
hcn_ccpvdz,HCN/cc-pVDZ,18440,35.560305088765176
hcn_ccpvdz,HCN/cc-pVDZ,18450,36.764986740337235
hcn_ccpvdz,HCN/cc-pVDZ,18460,36.022839882335234
hcn_ccpvdz,HCN/cc-pVDZ,18470,36.794706526066534
hcn_ccpvdz,HCN/cc-pVDZ,18480,35.4737000247809
hcn_ccpvdz,HCN/cc-pVDZ,18490,35.345684990147674
hcn_ccpvdz,HCN/cc-pVDZ,18500,35.15068314440839
hcn_ccpvdz,HCN/cc-pVDZ,18510,35.60028712674068
hcn_ccpvdz,HCN/cc-pVDZ,18520,36.58577979780375
hcn_ccpvdz,HCN/cc-pVDZ,18530,35.7760151685369
hcn_ccpvdz,HCN/cc-pVDZ,18540,35.305574684073804
hcn_ccpvdz,HCN/cc-pVDZ,18550,37.595228143203485
hcn_ccpvdz,HCN/cc-pVDZ,18560,37.13907076937062
hcn_ccpvdz,HCN/cc-pVDZ,18570,36.01705020484758
hcn_ccpvdz,HCN/cc-pVDZ,18580,35.70338341459944
hcn_ccpvdz,HCN/cc-pVDZ,18590,36.01151023715943
hcn_ccpvdz,HCN/cc-pVDZ,18600,35.982643003166004
hcn_ccpvdz,HCN/cc-pVDZ,18610,35.745838939732266
hcn_ccpvdz,HCN/cc-pVDZ,18620,35.91181250418174
hcn_ccpvdz,HCN/cc-pVDZ,18630,37.52389264840872
hcn_ccpvdz,HCN/cc-pVDZ,18640,37.94531042383653
hcn_ccpvdz,HCN/cc-pVDZ,18650,35.73374691977449
hcn_ccpvdz,HCN/cc-pVDZ,18660,35.44737249136176
hcn_ccpvdz,HCN/cc-pVDZ,18670,35.52888586550296
hcn_ccpvdz,HCN/cc-pVDZ,18680,35.670933784061276
hcn_ccpvdz,HCN/cc-pVDZ,18690,35.61962918372785
hcn_ccpvdz,HCN/cc-pVDZ,18700,36.76975606597921
hcn_ccpvdz,HCN/cc-pVDZ,18710,35.90609507241993
hcn_ccpvdz,HCN/cc-pVDZ,18720,36.98948527569712
hcn_ccpvdz,HCN/cc-pVDZ,18730,35.23620231486291
hcn_ccpvdz,HCN/cc-pVDZ,18740,38.65884406178566
hcn_ccpvdz,HCN/cc-pVDZ,18750,36.042387495768935
hcn_ccpvdz,HCN/cc-pVDZ,18760,35.24034104003704
hcn_ccpvdz,HCN/cc-pVDZ,18770,35.52449708851668
hcn_ccpvdz,HCN/cc-pVDZ,18780,35.84022193624037
hcn_ccpvdz,HCN/cc-pVDZ,18790,35.03152303947843
hcn_ccpvdz,HCN/cc-pVDZ,18800,35.37137680176272
hcn_ccpvdz,HCN/cc-pVDZ,18810,36.42859276446586
hcn_ccpvdz,HCN/cc-pVDZ,18820,36.10845726633727
hcn_ccpvdz,HCN/cc-pVDZ,18830,35.67942775160304
hcn_ccpvdz,HCN/cc-pVDZ,18840,35.375804801589084
hcn_ccpvdz,HCN/cc-pVDZ,18850,35.16843614188758
hcn_ccpvdz,HCN/cc-pVDZ,18860,34.961979504785745
hcn_ccpvdz,HCN/cc-pVDZ,18870,35.07021409343736
hcn_ccpvdz,HCN/cc-pVDZ,18880,35.375776587727614
hcn_ccpvdz,HCN/cc-pVDZ,18890,37.71644670121077
hcn_ccpvdz,HCN/cc-pVDZ,18900,36.13058707665573
hcn_ccpvdz,HCN/cc-pVDZ,18910,35.19626057763503
hcn_ccpvdz,HCN/cc-pVDZ,18920,37.59156634980343
hcn_ccpvdz,HCN/cc-pVDZ,18930,35.988158551475635
hcn_ccpvdz,HCN/cc-pVDZ,18940,39.28776178115356
hcn_ccpvdz,HCN/cc-pVDZ,18950,35.21651719046304
hcn_ccpvdz,HCN/cc-pVDZ,18960,35.96205137593245
hcn_ccpvdz,HCN/cc-pVDZ,18970,35.635930028618645
hcn_ccpvdz,HCN/cc-pVDZ,18980,35.639965194619094
hcn_ccpvdz,HCN/cc-pVDZ,18990,35.03321618940447
hcn_ccpvdz,HCN/cc-pVDZ,19000,36.58801961697122
hcn_ccpvdz,HCN/cc-pVDZ,19010,35.399963221962594
hcn_ccpvdz,HCN/cc-pVDZ,19020,35.71300601919347
hcn_ccpvdz,HCN/cc-pVDZ,19030,35.23357313677877
hcn_ccpvdz,HCN/cc-pVDZ,19040,35.811352496253335
hcn_ccpvdz,HCN/cc-pVDZ,19050,35.110845818508096
hcn_ccpvdz,HCN/cc-pVDZ,19060,38.60683935121756
hcn_ccpvdz,HCN/cc-pVDZ,19070,38.948700438467654
hcn_ccpvdz,HCN/cc-pVDZ,19080,35.67464302361145
hcn_ccpvdz,HCN/cc-pVDZ,19090,35.081410915665856
hcn_ccpvdz,HCN/cc-pVDZ,19100,35.69962411903305
hcn_ccpvdz,HCN/cc-pVDZ,19110,36.50547650478586
hcn_ccpvdz,HCN/cc-pVDZ,19120,36.31383161418
hcn_ccpvdz,HCN/cc-pVDZ,19130,35.220547150373704
hcn_ccpvdz,HCN/cc-pVDZ,19140,35.7959416803908
hcn_ccpvdz,HCN/cc-pVDZ,19150,35.09345871972869
hcn_ccpvdz,HCN/cc-pVDZ,19160,35.275241223800435
hcn_ccpvdz,HCN/cc-pVDZ,19170,37.640774573162616
hcn_ccpvdz,HCN/cc-pVDZ,19180,35.30970598583849
hcn_ccpvdz,HCN/cc-pVDZ,19190,35.6874470108437
hcn_ccpvdz,HCN/cc-pVDZ,19200,34.86978782012784
hcn_ccpvdz,HCN/cc-pVDZ,19210,34.84448674667817
hcn_ccpvdz,HCN/cc-pVDZ,19220,36.294479408127245
hcn_ccpvdz,HCN/cc-pVDZ,19230,35.08276204833294
hcn_ccpvdz,HCN/cc-pVDZ,19240,38.50947377813441
hcn_ccpvdz,HCN/cc-pVDZ,19250,37.791054663344426
hcn_ccpvdz,HCN/cc-pVDZ,19260,36.53119224736656
hcn_ccpvdz,HCN/cc-pVDZ,19270,34.76999327563135
hcn_ccpvdz,HCN/cc-pVDZ,19280,35.20967448285717
hcn_ccpvdz,HCN/cc-pVDZ,19290,34.72658248422533
hcn_ccpvdz,HCN/cc-pVDZ,19300,35.69442106157794
hcn_ccpvdz,HCN/cc-pVDZ,19310,34.62491972192083
hcn_ccpvdz,HCN/cc-pVDZ,19320,34.58060829413512
hcn_ccpvdz,HCN/cc-pVDZ,19330,35.33063515152435
hcn_ccpvdz,HCN/cc-pVDZ,19340,35.60432529513946
hcn_ccpvdz,HCN/cc-pVDZ,19350,36.39283946496619
hcn_ccpvdz,HCN/cc-pVDZ,19360,35.20558781167438
hcn_ccpvdz,HCN/cc-pVDZ,19370,35.00852010432709
hcn_ccpvdz,HCN/cc-pVDZ,19380,34.85970181587561
hcn_ccpvdz,HCN/cc-pVDZ,19390,35.09284864200879
hcn_ccpvdz,HCN/cc-pVDZ,19400,35.666639018259616
hcn_ccpvdz,HCN/cc-pVDZ,19410,35.956759574332864
hcn_ccpvdz,HCN/cc-pVDZ,19420,35.450749092731826
hcn_ccpvdz,HCN/cc-pVDZ,19430,35.05547337375958
hcn_ccpvdz,HCN/cc-pVDZ,19440,34.70983787190107
hcn_ccpvdz,HCN/cc-pVDZ,19450,35.419849855102825
hcn_ccpvdz,HCN/cc-pVDZ,19460,34.8844775792827
hcn_ccpvdz,HCN/cc-pVDZ,19470,34.64822819829294
hcn_ccpvdz,HCN/cc-pVDZ,19480,38.690365014034
hcn_ccpvdz,HCN/cc-pVDZ,19490,35.04996724811349
hcn_ccpvdz,HCN/cc-pVDZ,19500,34.75585763477795
hcn_ccpvdz,HCN/cc-pVDZ,19510,36.11481729785737
hcn_ccpvdz,HCN/cc-pVDZ,19520,35.43873801147868
hcn_ccpvdz,HCN/cc-pVDZ,19530,35.75450322580309
hcn_ccpvdz,HCN/cc-pVDZ,19540,36.50085830575733
hcn_ccpvdz,HCN/cc-pVDZ,19550,35.1303997146033
hcn_ccpvdz,HCN/cc-pVDZ,19560,34.81145988344281
hcn_ccpvdz,HCN/cc-pVDZ,19570,35.62477671357556
hcn_ccpvdz,HCN/cc-pVDZ,19580,36.251606431335404
hcn_ccpvdz,HCN/cc-pVDZ,19590,36.51402611636456
hcn_ccpvdz,HCN/cc-pVDZ,19600,36.026353809248235
hcn_ccpvdz,HCN/cc-pVDZ,19610,35.0141663932817
hcn_ccpvdz,HCN/cc-pVDZ,19620,35.00073488697808
hcn_ccpvdz,HCN/cc-pVDZ,19630,35.73980182936509
hcn_ccpvdz,HCN/cc-pVDZ,19640,35.22077916207422
hcn_ccpvdz,HCN/cc-pVDZ,19650,35.267184682865604
hcn_ccpvdz,HCN/cc-pVDZ,19660,35.644339776411016
hcn_ccpvdz,HCN/cc-pVDZ,19670,35.66012413764952
hcn_ccpvdz,HCN/cc-pVDZ,19680,35.53901987325503
hcn_ccpvdz,HCN/cc-pVDZ,19690,36.05681814633499
hcn_ccpvdz,HCN/cc-pVDZ,19700,35.05067558438668
hcn_ccpvdz,HCN/cc-pVDZ,19710,34.6273014156111
hcn_ccpvdz,HCN/cc-pVDZ,19720,34.927407946170774
hcn_ccpvdz,HCN/cc-pVDZ,19730,34.97322838040873
hcn_ccpvdz,HCN/cc-pVDZ,19740,35.26489092853069
hcn_ccpvdz,HCN/cc-pVDZ,19750,35.68135202345957
hcn_ccpvdz,HCN/cc-pVDZ,19760,35.16849711837722
hcn_ccpvdz,HCN/cc-pVDZ,19770,34.894063964969746
hcn_ccpvdz,HCN/cc-pVDZ,19780,35.2390519956316
hcn_ccpvdz,HCN/cc-pVDZ,19790,37.795930446918646
hcn_ccpvdz,HCN/cc-pVDZ,19800,35.79584790576007
hcn_ccpvdz,HCN/cc-pVDZ,19810,36.29190001350935
hcn_ccpvdz,HCN/cc-pVDZ,19820,34.48752472647243
hcn_ccpvdz,HCN/cc-pVDZ,19830,34.52841812796237
hcn_ccpvdz,HCN/cc-pVDZ,19840,34.960494090384486
hcn_ccpvdz,HCN/cc-pVDZ,19850,35.072976809999545
hcn_ccpvdz,HCN/cc-pVDZ,19860,34.864790645173116
hcn_ccpvdz,HCN/cc-pVDZ,19870,35.19233659348231
hcn_ccpvdz,HCN/cc-pVDZ,19880,34.717066558769716
hcn_ccpvdz,HCN/cc-pVDZ,19890,34.93853382703094
hcn_ccpvdz,HCN/cc-pVDZ,19900,35.07283277653528
hcn_ccpvdz,HCN/cc-pVDZ,19910,35.730634216292856
hcn_ccpvdz,HCN/cc-pVDZ,19920,35.236521601632376
hcn_ccpvdz,HCN/cc-pVDZ,19930,34.844665439209166
hcn_ccpvdz,HCN/cc-pVDZ,19940,36.516183844767625
hcn_ccpvdz,HCN/cc-pVDZ,19950,34.88330500158554
hcn_ccpvdz,HCN/cc-pVDZ,19960,35.020031005402075
hcn_ccpvdz,HCN/cc-pVDZ,19970,34.44372863488354
hcn_ccpvdz,HCN/cc-pVDZ,19980,39.615935083872955
hcn_ccpvdz,HCN/cc-pVDZ,19990,36.52311722832735
hcn_ccpvdz,HCN/cc-pVDZ,20000,35.31603670874972
hcn_ccpvdz,HCN/cc-pVDZ,20010,34.461505415151805
hcn_ccpvdz,HCN/cc-pVDZ,20020,34.89191351751231
hcn_ccpvdz,HCN/cc-pVDZ,20030,34.699072450763424
hcn_ccpvdz,HCN/cc-pVDZ,20040,35.91464839861658
hcn_ccpvdz,HCN/cc-pVDZ,20050,36.545348212357
hcn_ccpvdz,HCN/cc-pVDZ,20060,35.079280749755526
hcn_ccpvdz,HCN/cc-pVDZ,20070,34.65503423950622
hcn_ccpvdz,HCN/cc-pVDZ,20080,35.04611594071605
hcn_ccpvdz,HCN/cc-pVDZ,20090,35.313578082991626
hcn_ccpvdz,HCN/cc-pVDZ,20100,35.105007275518574
hcn_ccpvdz,HCN/cc-pVDZ,20110,35.49783257997774
hcn_ccpvdz,HCN/cc-pVDZ,20120,34.85235882128279
hcn_ccpvdz,HCN/cc-pVDZ,20130,37.50738345603111
hcn_ccpvdz,HCN/cc-pVDZ,20140,36.20554009629018
hcn_ccpvdz,HCN/cc-pVDZ,20150,35.09040421931786
hcn_ccpvdz,HCN/cc-pVDZ,20160,34.85657376646145
hcn_ccpvdz,HCN/cc-pVDZ,20170,34.307259285938585
hcn_ccpvdz,HCN/cc-pVDZ,20180,35.003481629971134
hcn_ccpvdz,HCN/cc-pVDZ,20190,34.500981115016316
hcn_ccpvdz,HCN/cc-pVDZ,20200,34.31661240065864
hcn_ccpvdz,HCN/cc-pVDZ,20210,36.416840966793984
hcn_ccpvdz,HCN/cc-pVDZ,20220,34.63921692632255
hcn_ccpvdz,HCN/cc-pVDZ,20230,34.27153334456534
hcn_ccpvdz,HCN/cc-pVDZ,20240,34.91096171902086
hcn_ccpvdz,HCN/cc-pVDZ,20250,34.423635818242815
hcn_ccpvdz,HCN/cc-pVDZ,20260,34.59984433777663
hcn_ccpvdz,HCN/cc-pVDZ,20270,35.63084984153875
hcn_ccpvdz,HCN/cc-pVDZ,20280,35.34506812560778
hcn_ccpvdz,HCN/cc-pVDZ,20290,34.56504071260724
hcn_ccpvdz,HCN/cc-pVDZ,20300,34.40510380113437
hcn_ccpvdz,HCN/cc-pVDZ,20310,34.803230102340876
hcn_ccpvdz,HCN/cc-pVDZ,20320,34.42427476325349
hcn_ccpvdz,HCN/cc-pVDZ,20330,36.56019146215783
hcn_ccpvdz,HCN/cc-pVDZ,20340,34.48148903393644
hcn_ccpvdz,HCN/cc-pVDZ,20350,34.37414726334964
hcn_ccpvdz,HCN/cc-pVDZ,20360,34.29563210217168
hcn_ccpvdz,HCN/cc-pVDZ,20370,36.64220418248476
hcn_ccpvdz,HCN/cc-pVDZ,20380,34.451770461643605
hcn_ccpvdz,HCN/cc-pVDZ,20390,35.33735831057072
hcn_ccpvdz,HCN/cc-pVDZ,20400,34.20181407801692
hcn_ccpvdz,HCN/cc-pVDZ,20410,34.8712886070075
hcn_ccpvdz,HCN/cc-pVDZ,20420,34.25719988690901
hcn_ccpvdz,HCN/cc-pVDZ,20430,35.26285023222897
hcn_ccpvdz,HCN/cc-pVDZ,20440,34.32820830525429
hcn_ccpvdz,HCN/cc-pVDZ,20450,34.84322660762018
hcn_ccpvdz,HCN/cc-pVDZ,20460,34.440368793241305
hcn_ccpvdz,HCN/cc-pVDZ,20470,34.410377829402705
hcn_ccpvdz,HCN/cc-pVDZ,20480,35.89473431384249
hcn_ccpvdz,HCN/cc-pVDZ,20490,34.683045880683494
hcn_ccpvdz,HCN/cc-pVDZ,20500,34.615165224920474
hcn_ccpvdz,HCN/cc-pVDZ,20510,34.461042395093955
hcn_ccpvdz,HCN/cc-pVDZ,20520,35.798721315643434
hcn_ccpvdz,HCN/cc-pVDZ,20530,35.07128108874724
hcn_ccpvdz,HCN/cc-pVDZ,20540,34.53853681301666
hcn_ccpvdz,HCN/cc-pVDZ,20550,34.82697761162967
hcn_ccpvdz,HCN/cc-pVDZ,20560,34.22609885393513
hcn_ccpvdz,HCN/cc-pVDZ,20570,34.98329831630542
hcn_ccpvdz,HCN/cc-pVDZ,20580,34.75590894599634
hcn_ccpvdz,HCN/cc-pVDZ,20590,35.990172435035106
hcn_ccpvdz,HCN/cc-pVDZ,20600,34.182065516560556
hcn_ccpvdz,HCN/cc-pVDZ,20610,34.97129781906949
hcn_ccpvdz,HCN/cc-pVDZ,20620,34.61252651437974
hcn_ccpvdz,HCN/cc-pVDZ,20630,34.49169434985322
hcn_ccpvdz,HCN/cc-pVDZ,20640,37.17222928669628
hcn_ccpvdz,HCN/cc-pVDZ,20650,35.4256432474358
hcn_ccpvdz,HCN/cc-pVDZ,20660,34.86385329750874
hcn_ccpvdz,HCN/cc-pVDZ,20670,34.62181730654379
hcn_ccpvdz,HCN/cc-pVDZ,20680,34.44914663357679
hcn_ccpvdz,HCN/cc-pVDZ,20690,35.1888695876994
hcn_ccpvdz,HCN/cc-pVDZ,20700,34.679393558661786
hcn_ccpvdz,HCN/cc-pVDZ,20710,35.33712571892522
hcn_ccpvdz,HCN/cc-pVDZ,20720,34.85437641597855
hcn_ccpvdz,HCN/cc-pVDZ,20730,34.23641839073355
hcn_ccpvdz,HCN/cc-pVDZ,20740,34.828614614554
hcn_ccpvdz,HCN/cc-pVDZ,20750,34.16320416823737
hcn_ccpvdz,HCN/cc-pVDZ,20760,34.978212053260904
hcn_ccpvdz,HCN/cc-pVDZ,20770,34.109325916631406
hcn_ccpvdz,HCN/cc-pVDZ,20780,34.38578050017327
hcn_ccpvdz,HCN/cc-pVDZ,20790,34.249301707802715
hcn_ccpvdz,HCN/cc-pVDZ,20800,35.20326959984743
hcn_ccpvdz,HCN/cc-pVDZ,20810,34.23317271462167
hcn_ccpvdz,HCN/cc-pVDZ,20820,34.17688696441701
hcn_ccpvdz,HCN/cc-pVDZ,20830,33.95883584433079
hcn_ccpvdz,HCN/cc-pVDZ,20840,35.40086950565069
hcn_ccpvdz,HCN/cc-pVDZ,20850,35.85937105010828
hcn_ccpvdz,HCN/cc-pVDZ,20860,33.83371152695247
hcn_ccpvdz,HCN/cc-pVDZ,20870,34.569838531410824
hcn_ccpvdz,HCN/cc-pVDZ,20880,34.098248059407865
hcn_ccpvdz,HCN/cc-pVDZ,20890,33.98653691336051
hcn_ccpvdz,HCN/cc-pVDZ,20900,34.532051784339046
hcn_ccpvdz,HCN/cc-pVDZ,20910,37.80657177154012
hcn_ccpvdz,HCN/cc-pVDZ,20920,34.8185805977721
hcn_ccpvdz,HCN/cc-pVDZ,20930,33.9426621254546
hcn_ccpvdz,HCN/cc-pVDZ,20940,34.16112807889249
hcn_ccpvdz,HCN/cc-pVDZ,20950,34.37369547359026
hcn_ccpvdz,HCN/cc-pVDZ,20960,34.31345464144897
hcn_ccpvdz,HCN/cc-pVDZ,20970,34.44084274595127
hcn_ccpvdz,HCN/cc-pVDZ,20980,34.60365454493797
hcn_ccpvdz,HCN/cc-pVDZ,20990,34.78420220127987
hcn_ccpvdz,HCN/cc-pVDZ,21000,33.765181457056315
hcn_ccpvdz,HCN/cc-pVDZ,21010,38.08316217786967
hcn_ccpvdz,HCN/cc-pVDZ,21020,36.653754047733855
hcn_ccpvdz,HCN/cc-pVDZ,21030,34.32651293417166
hcn_ccpvdz,HCN/cc-pVDZ,21040,34.11692372050368
hcn_ccpvdz,HCN/cc-pVDZ,21050,34.620881645309964
hcn_ccpvdz,HCN/cc-pVDZ,21060,33.99572112448368
hcn_ccpvdz,HCN/cc-pVDZ,21070,33.70173427562406
hcn_ccpvdz,HCN/cc-pVDZ,21080,37.24801843654291
hcn_ccpvdz,HCN/cc-pVDZ,21090,34.77755255869397
hcn_ccpvdz,HCN/cc-pVDZ,21100,35.14609371590893
hcn_ccpvdz,HCN/cc-pVDZ,21110,34.0302443948417
hcn_ccpvdz,HCN/cc-pVDZ,21120,35.63278222785016
hcn_ccpvdz,HCN/cc-pVDZ,21130,33.964362498295486
hcn_ccpvdz,HCN/cc-pVDZ,21140,33.77806251222637
hcn_ccpvdz,HCN/cc-pVDZ,21150,35.72622811618942
hcn_ccpvdz,HCN/cc-pVDZ,21160,34.833318935412194
hcn_ccpvdz,HCN/cc-pVDZ,21170,34.43570146039576
hcn_ccpvdz,HCN/cc-pVDZ,21180,33.96140131764014
hcn_ccpvdz,HCN/cc-pVDZ,21190,33.79307823432498
hcn_ccpvdz,HCN/cc-pVDZ,21200,33.819220239806214
hcn_ccpvdz,HCN/cc-pVDZ,21210,34.469129099719
hcn_ccpvdz,HCN/cc-pVDZ,21220,38.86405704595575
hcn_ccpvdz,HCN/cc-pVDZ,21230,36.016544098387726
hcn_ccpvdz,HCN/cc-pVDZ,21240,34.15030704532285
hcn_ccpvdz,HCN/cc-pVDZ,21250,34.34617633536163
hcn_ccpvdz,HCN/cc-pVDZ,21260,34.024909370813816
hcn_ccpvdz,HCN/cc-pVDZ,21270,33.703231506507336
hcn_ccpvdz,HCN/cc-pVDZ,21280,34.3333084787929
hcn_ccpvdz,HCN/cc-pVDZ,21290,34.560299746928536
hcn_ccpvdz,HCN/cc-pVDZ,21300,33.942187812115776
hcn_ccpvdz,HCN/cc-pVDZ,21310,33.82183425365781
hcn_ccpvdz,HCN/cc-pVDZ,21320,35.5463038762025
hcn_ccpvdz,HCN/cc-pVDZ,21330,34.93221085173559
hcn_ccpvdz,HCN/cc-pVDZ,21340,33.712325779148955
hcn_ccpvdz,HCN/cc-pVDZ,21350,33.86408798604634
hcn_ccpvdz,HCN/cc-pVDZ,21360,33.458563313203626
hcn_ccpvdz,HCN/cc-pVDZ,21370,33.69186140297131
hcn_ccpvdz,HCN/cc-pVDZ,21380,34.50172755576375
hcn_ccpvdz,HCN/cc-pVDZ,21390,34.152746315470495
hcn_ccpvdz,HCN/cc-pVDZ,21400,34.517184383858535
hcn_ccpvdz,HCN/cc-pVDZ,21410,33.593060670725094
hcn_ccpvdz,HCN/cc-pVDZ,21420,34.269931515325425
hcn_ccpvdz,HCN/cc-pVDZ,21430,35.24375969189464
hcn_ccpvdz,HCN/cc-pVDZ,21440,34.77000413751341
hcn_ccpvdz,HCN/cc-pVDZ,21450,34.12998532414235
hcn_ccpvdz,HCN/cc-pVDZ,21460,34.2551930191064
hcn_ccpvdz,HCN/cc-pVDZ,21470,33.9324838986812
hcn_ccpvdz,HCN/cc-pVDZ,21480,34.92086827401408
hcn_ccpvdz,HCN/cc-pVDZ,21490,34.59261141432535
hcn_ccpvdz,HCN/cc-pVDZ,21500,34.57977258638323
hcn_ccpvdz,HCN/cc-pVDZ,21510,34.492093155108705
hcn_ccpvdz,HCN/cc-pVDZ,21520,33.90491464158174
hcn_ccpvdz,HCN/cc-pVDZ,21530,36.26393969554442
hcn_ccpvdz,HCN/cc-pVDZ,21540,33.78566364669666
hcn_ccpvdz,HCN/cc-pVDZ,21550,34.32709090618857
hcn_ccpvdz,HCN/cc-pVDZ,21560,34.12029164564956
hcn_ccpvdz,HCN/cc-pVDZ,21570,33.48185830481043
hcn_ccpvdz,HCN/cc-pVDZ,21580,34.95882825205854
hcn_ccpvdz,HCN/cc-pVDZ,21590,34.91717956720208
hcn_ccpvdz,HCN/cc-pVDZ,21600,34.30177475004825
hcn_ccpvdz,HCN/cc-pVDZ,21610,34.921801578747136
hcn_ccpvdz,HCN/cc-pVDZ,21620,33.75601815602636
hcn_ccpvdz,HCN/cc-pVDZ,21630,33.490642049898156
hcn_ccpvdz,HCN/cc-pVDZ,21640,34.70724620339638
hcn_ccpvdz,HCN/cc-pVDZ,21650,34.05544307740627
hcn_ccpvdz,HCN/cc-pVDZ,21660,33.42017769494987
hcn_ccpvdz,HCN/cc-pVDZ,21670,35.41375740203989
hcn_ccpvdz,HCN/cc-pVDZ,21680,33.81813533930256
hcn_ccpvdz,HCN/cc-pVDZ,21690,34.119250005971935
hcn_ccpvdz,HCN/cc-pVDZ,21700,35.186346757342335
hcn_ccpvdz,HCN/cc-pVDZ,21710,35.55795188181321
hcn_ccpvdz,HCN/cc-pVDZ,21720,34.542932441382845
hcn_ccpvdz,HCN/cc-pVDZ,21730,33.84374648224764
hcn_ccpvdz,HCN/cc-pVDZ,21740,34.14020720258293
hcn_ccpvdz,HCN/cc-pVDZ,21750,33.73039981107695
hcn_ccpvdz,HCN/cc-pVDZ,21760,34.10693662821984
hcn_ccpvdz,HCN/cc-pVDZ,21770,33.80312784771888
hcn_ccpvdz,HCN/cc-pVDZ,21780,33.68118491718519
hcn_ccpvdz,HCN/cc-pVDZ,21790,34.61158096570216
hcn_ccpvdz,HCN/cc-pVDZ,21800,34.44586717594689
hcn_ccpvdz,HCN/cc-pVDZ,21810,34.77612035300126
hcn_ccpvdz,HCN/cc-pVDZ,21820,33.76326780917793
hcn_ccpvdz,HCN/cc-pVDZ,21830,34.199620431451194
hcn_ccpvdz,HCN/cc-pVDZ,21840,33.646612185961544
hcn_ccpvdz,HCN/cc-pVDZ,21850,33.79069979740734
hcn_ccpvdz,HCN/cc-pVDZ,21860,33.40711042464761
hcn_ccpvdz,HCN/cc-pVDZ,21870,40.527973358379654
hcn_ccpvdz,HCN/cc-pVDZ,21880,33.966930199596845
hcn_ccpvdz,HCN/cc-pVDZ,21890,34.71379321504742
hcn_ccpvdz,HCN/cc-pVDZ,21900,34.01087762330235
hcn_ccpvdz,HCN/cc-pVDZ,21910,33.64246180531438
hcn_ccpvdz,HCN/cc-pVDZ,21920,33.36153633507877
hcn_ccpvdz,HCN/cc-pVDZ,21930,34.39750144008258
hcn_ccpvdz,HCN/cc-pVDZ,21940,33.6474575827026
hcn_ccpvdz,HCN/cc-pVDZ,21950,33.49500896395341
hcn_ccpvdz,HCN/cc-pVDZ,21960,36.649168206494664
hcn_ccpvdz,HCN/cc-pVDZ,21970,33.93596266487009
hcn_ccpvdz,HCN/cc-pVDZ,21980,33.78654745911547
hcn_ccpvdz,HCN/cc-pVDZ,21990,33.27946361054046
hcn_ccpvdz,HCN/cc-pVDZ,22000,36.35495954044643
hcn_ccpvdz,HCN/cc-pVDZ,22010,34.645276794663005
hcn_ccpvdz,HCN/cc-pVDZ,22020,36.13576307785138
hcn_ccpvdz,HCN/cc-pVDZ,22030,33.2303405220955
hcn_ccpvdz,HCN/cc-pVDZ,22040,33.54692355404154
hcn_ccpvdz,HCN/cc-pVDZ,22050,34.00752734212631
hcn_ccpvdz,HCN/cc-pVDZ,22060,33.27155427361106
hcn_ccpvdz,HCN/cc-pVDZ,22070,35.97545489884624
hcn_ccpvdz,HCN/cc-pVDZ,22080,33.925021501715946
hcn_ccpvdz,HCN/cc-pVDZ,22090,33.692070772048055
hcn_ccpvdz,HCN/cc-pVDZ,22100,33.414461574579946
hcn_ccpvdz,HCN/cc-pVDZ,22110,33.23282668391414
hcn_ccpvdz,HCN/cc-pVDZ,22120,33.51297734549519
hcn_ccpvdz,HCN/cc-pVDZ,22130,37.61854028202549
hcn_ccpvdz,HCN/cc-pVDZ,22140,34.78538245488494
hcn_ccpvdz,HCN/cc-pVDZ,22150,33.89971100440903
hcn_ccpvdz,HCN/cc-pVDZ,22160,33.337304443676885
hcn_ccpvdz,HCN/cc-pVDZ,22170,35.00364154500346
hcn_ccpvdz,HCN/cc-pVDZ,22180,34.11606090124053
hcn_ccpvdz,HCN/cc-pVDZ,22190,33.77665925573581
hcn_ccpvdz,HCN/cc-pVDZ,22200,33.12023772890882
hcn_ccpvdz,HCN/cc-pVDZ,22210,33.02290907151928
hcn_ccpvdz,HCN/cc-pVDZ,22220,35.16429335280691
hcn_ccpvdz,HCN/cc-pVDZ,22230,33.28326747505628
hcn_ccpvdz,HCN/cc-pVDZ,22240,33.69568564899339
hcn_ccpvdz,HCN/cc-pVDZ,22250,33.04136950576719
hcn_ccpvdz,HCN/cc-pVDZ,22260,34.0570263221025
hcn_ccpvdz,HCN/cc-pVDZ,22270,32.99561375408189
hcn_ccpvdz,HCN/cc-pVDZ,22280,33.24739535813137
hcn_ccpvdz,HCN/cc-pVDZ,22290,33.958536375905624
hcn_ccpvdz,HCN/cc-pVDZ,22300,33.67378108097796
hcn_ccpvdz,HCN/cc-pVDZ,22310,33.326756746475894
hcn_ccpvdz,HCN/cc-pVDZ,22320,33.327535908114214
hcn_ccpvdz,HCN/cc-pVDZ,22330,35.466319094140886
hcn_ccpvdz,HCN/cc-pVDZ,22340,33.239760850221955
hcn_ccpvdz,HCN/cc-pVDZ,22350,34.23734113563626
hcn_ccpvdz,HCN/cc-pVDZ,22360,33.090420518732344
hcn_ccpvdz,HCN/cc-pVDZ,22370,33.4860763821041
hcn_ccpvdz,HCN/cc-pVDZ,22380,33.32388302197842
hcn_ccpvdz,HCN/cc-pVDZ,22390,33.34107321855129
hcn_ccpvdz,HCN/cc-pVDZ,22400,32.96864251505838
hcn_ccpvdz,HCN/cc-pVDZ,22410,34.71029752427057
hcn_ccpvdz,HCN/cc-pVDZ,22420,34.22557101663415
hcn_ccpvdz,HCN/cc-pVDZ,22430,33.418551075740766
hcn_ccpvdz,HCN/cc-pVDZ,22440,33.50474978905993
hcn_ccpvdz,HCN/cc-pVDZ,22450,33.136430659553184
hcn_ccpvdz,HCN/cc-pVDZ,22460,32.97709452428421
hcn_ccpvdz,HCN/cc-pVDZ,22470,33.74548585647119
hcn_ccpvdz,HCN/cc-pVDZ,22480,34.27053247627043
hcn_ccpvdz,HCN/cc-pVDZ,22490,33.66262506193607
hcn_ccpvdz,HCN/cc-pVDZ,22500,34.010686456653616
hcn_ccpvdz,HCN/cc-pVDZ,22510,33.35394234599676
hcn_ccpvdz,HCN/cc-pVDZ,22520,33.05039040860436
hcn_ccpvdz,HCN/cc-pVDZ,22530,32.84398467343408
hcn_ccpvdz,HCN/cc-pVDZ,22540,38.565445356539385
hcn_ccpvdz,HCN/cc-pVDZ,22550,33.936506758266205
hcn_ccpvdz,HCN/cc-pVDZ,22560,33.14045966496337
hcn_ccpvdz,HCN/cc-pVDZ,22570,33.53141986565333
hcn_ccpvdz,HCN/cc-pVDZ,22580,32.77170706424215
hcn_ccpvdz,HCN/cc-pVDZ,22590,32.88881102869823
hcn_ccpvdz,HCN/cc-pVDZ,22600,32.59683928574475
hcn_ccpvdz,HCN/cc-pVDZ,22610,32.497683675757116
hcn_ccpvdz,HCN/cc-pVDZ,22620,34.06313297723784
hcn_ccpvdz,HCN/cc-pVDZ,22630,34.42415884745742
hcn_ccpvdz,HCN/cc-pVDZ,22640,32.5526155576199
hcn_ccpvdz,HCN/cc-pVDZ,22650,33.7294867247806
hcn_ccpvdz,HCN/cc-pVDZ,22660,33.058000565972634
hcn_ccpvdz,HCN/cc-pVDZ,22670,32.499482994012396
hcn_ccpvdz,HCN/cc-pVDZ,22680,32.56766143965706
hcn_ccpvdz,HCN/cc-pVDZ,22690,34.863280662037255
hcn_ccpvdz,HCN/cc-pVDZ,22700,32.600793170416864
hcn_ccpvdz,HCN/cc-pVDZ,22710,32.506086302902304
hcn_ccpvdz,HCN/cc-pVDZ,22720,34.15931860817523
hcn_ccpvdz,HCN/cc-pVDZ,22730,33.55535437218293
hcn_ccpvdz,HCN/cc-pVDZ,22740,33.39643506025425
hcn_ccpvdz,HCN/cc-pVDZ,22750,33.38788726520647
hcn_ccpvdz,HCN/cc-pVDZ,22760,33.0842855395872
hcn_ccpvdz,HCN/cc-pVDZ,22770,32.72446458672107
hcn_ccpvdz,HCN/cc-pVDZ,22780,32.64238731583191
hcn_ccpvdz,HCN/cc-pVDZ,22790,32.816153102373846
hcn_ccpvdz,HCN/cc-pVDZ,22800,35.63054583312919
hcn_ccpvdz,HCN/cc-pVDZ,22810,34.891727883490375
hcn_ccpvdz,HCN/cc-pVDZ,22820,33.40070410520468
hcn_ccpvdz,HCN/cc-pVDZ,22830,32.723266055612044
hcn_ccpvdz,HCN/cc-pVDZ,22840,33.25915438263394
hcn_ccpvdz,HCN/cc-pVDZ,22850,32.58021326604421
hcn_ccpvdz,HCN/cc-pVDZ,22860,33.69816314604179
hcn_ccpvdz,HCN/cc-pVDZ,22870,33.46776516616501
hcn_ccpvdz,HCN/cc-pVDZ,22880,32.923738771401645
hcn_ccpvdz,HCN/cc-pVDZ,22890,32.72500710556869
hcn_ccpvdz,HCN/cc-pVDZ,22900,33.201246097945614
hcn_ccpvdz,HCN/cc-pVDZ,22910,36.41670633582805
hcn_ccpvdz,HCN/cc-pVDZ,22920,32.611713334461
hcn_ccpvdz,HCN/cc-pVDZ,22930,32.93263121881296
hcn_ccpvdz,HCN/cc-pVDZ,22940,33.15999424118843
hcn_ccpvdz,HCN/cc-pVDZ,22950,32.269698242117784
hcn_ccpvdz,HCN/cc-pVDZ,22960,32.35757834474384
hcn_ccpvdz,HCN/cc-pVDZ,22970,32.38821910352385
hcn_ccpvdz,HCN/cc-pVDZ,22980,33.30547498502767
hcn_ccpvdz,HCN/cc-pVDZ,22990,33.38243842178201
hcn_ccpvdz,HCN/cc-pVDZ,23000,32.69121465183389
hcn_ccpvdz,HCN/cc-pVDZ,23010,32.33367145460875
hcn_ccpvdz,HCN/cc-pVDZ,23020,32.141580718132445
hcn_ccpvdz,HCN/cc-pVDZ,23030,32.604792793009096
hcn_ccpvdz,HCN/cc-pVDZ,23040,37.43314414138865
hcn_ccpvdz,HCN/cc-pVDZ,23050,34.14544779644757
hcn_ccpvdz,HCN/cc-pVDZ,23060,32.68690148564701
hcn_ccpvdz,HCN/cc-pVDZ,23070,32.780337533679926
hcn_ccpvdz,HCN/cc-pVDZ,23080,32.16016202294725
hcn_ccpvdz,HCN/cc-pVDZ,23090,32.36194930843794
hcn_ccpvdz,HCN/cc-pVDZ,23100,32.647643567685236
hcn_ccpvdz,HCN/cc-pVDZ,23110,32.468881584264864
hcn_ccpvdz,HCN/cc-pVDZ,23120,35.050200753673266
hcn_ccpvdz,HCN/cc-pVDZ,23130,32.982084712301685
hcn_ccpvdz,HCN/cc-pVDZ,23140,33.3609931278005
hcn_ccpvdz,HCN/cc-pVDZ,23150,32.635095967606276
hcn_ccpvdz,HCN/cc-pVDZ,23160,32.30710467738618
hcn_ccpvdz,HCN/cc-pVDZ,23170,33.090889608587304
hcn_ccpvdz,HCN/cc-pVDZ,23180,33.03743866497655
hcn_ccpvdz,HCN/cc-pVDZ,23190,33.135017479139606
hcn_ccpvdz,HCN/cc-pVDZ,23200,32.22414882453961
hcn_ccpvdz,HCN/cc-pVDZ,23210,33.260494307185695
hcn_ccpvdz,HCN/cc-pVDZ,23220,32.92696586433408
hcn_ccpvdz,HCN/cc-pVDZ,23230,33.84883662116067
hcn_ccpvdz,HCN/cc-pVDZ,23240,32.67745334996164
hcn_ccpvdz,HCN/cc-pVDZ,23250,32.53430455356465
hcn_ccpvdz,HCN/cc-pVDZ,23260,34.04137144127617
hcn_ccpvdz,HCN/cc-pVDZ,23270,33.42796821223715
hcn_ccpvdz,HCN/cc-pVDZ,23280,32.80095629173729
hcn_ccpvdz,HCN/cc-pVDZ,23290,32.515166112744964
hcn_ccpvdz,HCN/cc-pVDZ,23300,32.25722961482802
hcn_ccpvdz,HCN/cc-pVDZ,23310,34.221926358313226
hcn_ccpvdz,HCN/cc-pVDZ,23320,32.19175870790991
hcn_ccpvdz,HCN/cc-pVDZ,23330,33.14927379418009
hcn_ccpvdz,HCN/cc-pVDZ,23340,32.68865760490769
hcn_ccpvdz,HCN/cc-pVDZ,23350,32.05750317863476
hcn_ccpvdz,HCN/cc-pVDZ,23360,36.26208413338361
hcn_ccpvdz,HCN/cc-pVDZ,23370,33.39300055844774
hcn_ccpvdz,HCN/cc-pVDZ,23380,32.63697417037292
hcn_ccpvdz,HCN/cc-pVDZ,23390,32.37533202593568
hcn_ccpvdz,HCN/cc-pVDZ,23400,32.079896620174964
hcn_ccpvdz,HCN/cc-pVDZ,23410,32.58559841262354
hcn_ccpvdz,HCN/cc-pVDZ,23420,32.925168621630974
hcn_ccpvdz,HCN/cc-pVDZ,23430,32.24691991792383
hcn_ccpvdz,HCN/cc-pVDZ,23440,32.62338233311368
hcn_ccpvdz,HCN/cc-pVDZ,23450,32.06708173571826
hcn_ccpvdz,HCN/cc-pVDZ,23460,32.31651953485937
hcn_ccpvdz,HCN/cc-pVDZ,23470,32.211960248460514
hcn_ccpvdz,HCN/cc-pVDZ,23480,32.26194180905395
hcn_ccpvdz,HCN/cc-pVDZ,23490,32.3125345569224
hcn_ccpvdz,HCN/cc-pVDZ,23500,33.17226001429674
hcn_ccpvdz,HCN/cc-pVDZ,23510,32.217725900352434
hcn_ccpvdz,HCN/cc-pVDZ,23520,32.96837428615618
hcn_ccpvdz,HCN/cc-pVDZ,23530,32.35548974566882
hcn_ccpvdz,HCN/cc-pVDZ,23540,32.141002760610604
hcn_ccpvdz,HCN/cc-pVDZ,23550,32.46338700783724
hcn_ccpvdz,HCN/cc-pVDZ,23560,32.29123128720346
hcn_ccpvdz,HCN/cc-pVDZ,23570,32.35678809389242
hcn_ccpvdz,HCN/cc-pVDZ,23580,32.692100167139415
hcn_ccpvdz,HCN/cc-pVDZ,23590,32.97941560855122
hcn_ccpvdz,HCN/cc-pVDZ,23600,32.039349596558964
hcn_ccpvdz,HCN/cc-pVDZ,23610,32.09171305756797
hcn_ccpvdz,HCN/cc-pVDZ,23620,33.2497342587601
hcn_ccpvdz,HCN/cc-pVDZ,23630,31.922954121611724
hcn_ccpvdz,HCN/cc-pVDZ,23640,32.089636253189724
hcn_ccpvdz,HCN/cc-pVDZ,23650,32.178634114870874
hcn_ccpvdz,HCN/cc-pVDZ,23660,34.80280176309236
hcn_ccpvdz,HCN/cc-pVDZ,23670,32.12095467046083
hcn_ccpvdz,HCN/cc-pVDZ,23680,32.59531953423789
hcn_ccpvdz,HCN/cc-pVDZ,23690,32.24770125439136
hcn_ccpvdz,HCN/cc-pVDZ,23700,32.1664436941802
hcn_ccpvdz,HCN/cc-pVDZ,23710,32.045750843437304
hcn_ccpvdz,HCN/cc-pVDZ,23720,32.49612610825636
hcn_ccpvdz,HCN/cc-pVDZ,23730,33.000102746868265
hcn_ccpvdz,HCN/cc-pVDZ,23740,33.556033600248725
hcn_ccpvdz,HCN/cc-pVDZ,23750,32.36649819307047
hcn_ccpvdz,HCN/cc-pVDZ,23760,32.0256938810104
hcn_ccpvdz,HCN/cc-pVDZ,23770,32.43698782877402
hcn_ccpvdz,HCN/cc-pVDZ,23780,31.841888422462716
hcn_ccpvdz,HCN/cc-pVDZ,23790,31.77284543892256
hcn_ccpvdz,HCN/cc-pVDZ,23800,36.66150094828424
hcn_ccpvdz,HCN/cc-pVDZ,23810,33.39446897639675
hcn_ccpvdz,HCN/cc-pVDZ,23820,32.17584719631361
hcn_ccpvdz,HCN/cc-pVDZ,23830,32.37346789498474
hcn_ccpvdz,HCN/cc-pVDZ,23840,32.21293097797684
hcn_ccpvdz,HCN/cc-pVDZ,23850,31.685186947441935
hcn_ccpvdz,HCN/cc-pVDZ,23860,31.848710521302337
hcn_ccpvdz,HCN/cc-pVDZ,23870,35.73160287960775
hcn_ccpvdz,HCN/cc-pVDZ,23880,34.31399244794875
hcn_ccpvdz,HCN/cc-pVDZ,23890,32.52441825382846
hcn_ccpvdz,HCN/cc-pVDZ,23900,32.06863797586834
hcn_ccpvdz,HCN/cc-pVDZ,23910,31.934592330628675
hcn_ccpvdz,HCN/cc-pVDZ,23920,32.42317078860424
hcn_ccpvdz,HCN/cc-pVDZ,23930,33.3618651630303
hcn_ccpvdz,HCN/cc-pVDZ,23940,32.144228322508184
hcn_ccpvdz,HCN/cc-pVDZ,23950,32.561496328312955
hcn_ccpvdz,HCN/cc-pVDZ,23960,32.90655424522981
hcn_ccpvdz,HCN/cc-pVDZ,23970,31.96231785609882
hcn_ccpvdz,HCN/cc-pVDZ,23980,31.95663892708467
hcn_ccpvdz,HCN/cc-pVDZ,23990,31.75979843624077
hcn_ccpvdz,HCN/cc-pVDZ,24000,33.69074295109442
hcn_ccpvdz,HCN/cc-pVDZ,24010,32.512913285614786
hcn_ccpvdz,HCN/cc-pVDZ,24020,32.75719236020791
hcn_ccpvdz,HCN/cc-pVDZ,24030,31.77670239566055
hcn_ccpvdz,HCN/cc-pVDZ,24040,31.95055360215804
hcn_ccpvdz,HCN/cc-pVDZ,24050,32.2696422190063
hcn_ccpvdz,HCN/cc-pVDZ,24060,31.818730263353245
hcn_ccpvdz,HCN/cc-pVDZ,24070,33.088386468364206
hcn_ccpvdz,HCN/cc-pVDZ,24080,32.031572830618416
hcn_ccpvdz,HCN/cc-pVDZ,24090,32.19503215220243
hcn_ccpvdz,HCN/cc-pVDZ,24100,31.9772472167017
hcn_ccpvdz,HCN/cc-pVDZ,24110,32.235178969969525
hcn_ccpvdz,HCN/cc-pVDZ,24120,31.841882842329028
hcn_ccpvdz,HCN/cc-pVDZ,24130,31.925238470464024
hcn_ccpvdz,HCN/cc-pVDZ,24140,33.23002175801548
hcn_ccpvdz,HCN/cc-pVDZ,24150,31.936295726197272
hcn_ccpvdz,HCN/cc-pVDZ,24160,32.27179984571649
hcn_ccpvdz,HCN/cc-pVDZ,24170,31.576896963883883
hcn_ccpvdz,HCN/cc-pVDZ,24180,35.56017421855984
hcn_ccpvdz,HCN/cc-pVDZ,24190,32.80119077410859
hcn_ccpvdz,HCN/cc-pVDZ,24200,32.422865278377344
hcn_ccpvdz,HCN/cc-pVDZ,24210,31.64353224313743
hcn_ccpvdz,HCN/cc-pVDZ,24220,31.48397990446483
hcn_ccpvdz,HCN/cc-pVDZ,24230,32.0727171608155
hcn_ccpvdz,HCN/cc-pVDZ,24240,34.8749416421299
hcn_ccpvdz,HCN/cc-pVDZ,24250,32.0783448835158
hcn_ccpvdz,HCN/cc-pVDZ,24260,32.045700787278975
hcn_ccpvdz,HCN/cc-pVDZ,24270,31.87012314135984
hcn_ccpvdz,HCN/cc-pVDZ,24280,31.898348451335323
hcn_ccpvdz,HCN/cc-pVDZ,24290,31.851204299400138
hcn_ccpvdz,HCN/cc-pVDZ,24300,32.7332108713847
hcn_ccpvdz,HCN/cc-pVDZ,24310,32.81985687358713
hcn_ccpvdz,HCN/cc-pVDZ,24320,32.075625468735325
hcn_ccpvdz,HCN/cc-pVDZ,24330,31.650931013160744
hcn_ccpvdz,HCN/cc-pVDZ,24340,31.76155644514722
hcn_ccpvdz,HCN/cc-pVDZ,24350,38.09845102222198
hcn_ccpvdz,HCN/cc-pVDZ,24360,33.164713629588505
hcn_ccpvdz,HCN/cc-pVDZ,24370,31.741480946223533
hcn_ccpvdz,HCN/cc-pVDZ,24380,32.298514538211975
hcn_ccpvdz,HCN/cc-pVDZ,24390,31.958814300537597
hcn_ccpvdz,HCN/cc-pVDZ,24400,31.728215040729424
hcn_ccpvdz,HCN/cc-pVDZ,24410,31.88259883994249
hcn_ccpvdz,HCN/cc-pVDZ,24420,31.911623797171274
hcn_ccpvdz,HCN/cc-pVDZ,24430,31.484156829478138
hcn_ccpvdz,HCN/cc-pVDZ,24440,31.802995026211534
hcn_ccpvdz,HCN/cc-pVDZ,24450,41.79163322531565
hcn_ccpvdz,HCN/cc-pVDZ,24460,39.1145492631324
hcn_ccpvdz,HCN/cc-pVDZ,24470,35.708342899084755
hcn_ccpvdz,HCN/cc-pVDZ,24480,32.585612303250855
hcn_ccpvdz,HCN/cc-pVDZ,24490,31.781543946124202
hcn_ccpvdz,HCN/cc-pVDZ,24500,31.5728872887604
hcn_ccpvdz,HCN/cc-pVDZ,24510,31.55863806945547
hcn_ccpvdz,HCN/cc-pVDZ,24520,31.307832573972405
hcn_ccpvdz,HCN/cc-pVDZ,24530,31.199643037339797
hcn_ccpvdz,HCN/cc-pVDZ,24540,31.786558608743576
hcn_ccpvdz,HCN/cc-pVDZ,24550,31.86660492566773
hcn_ccpvdz,HCN/cc-pVDZ,24560,31.609994177841827
hcn_ccpvdz,HCN/cc-pVDZ,24570,31.300946814951658
hcn_ccpvdz,HCN/cc-pVDZ,24580,31.380024077407143
hcn_ccpvdz,HCN/cc-pVDZ,24590,32.38740144142582
hcn_ccpvdz,HCN/cc-pVDZ,24600,33.55119801648243
hcn_ccpvdz,HCN/cc-pVDZ,24610,31.879028176376778
hcn_ccpvdz,HCN/cc-pVDZ,24620,32.36997971843891
hcn_ccpvdz,HCN/cc-pVDZ,24630,31.8134757542623
hcn_ccpvdz,HCN/cc-pVDZ,24640,31.291775796518095
hcn_ccpvdz,HCN/cc-pVDZ,24650,31.40824408910703
hcn_ccpvdz,HCN/cc-pVDZ,24660,32.122025278496835
hcn_ccpvdz,HCN/cc-pVDZ,24670,33.54086788812083
hcn_ccpvdz,HCN/cc-pVDZ,24680,32.31305106312732
hcn_ccpvdz,HCN/cc-pVDZ,24690,32.51423605507853
hcn_ccpvdz,HCN/cc-pVDZ,24700,31.368265425342656
hcn_ccpvdz,HCN/cc-pVDZ,24710,31.629730244702614
hcn_ccpvdz,HCN/cc-pVDZ,24720,33.97980629742392
hcn_ccpvdz,HCN/cc-pVDZ,24730,31.27185339857874
hcn_ccpvdz,HCN/cc-pVDZ,24740,31.86759236299963
hcn_ccpvdz,HCN/cc-pVDZ,24750,31.79243325936909
hcn_ccpvdz,HCN/cc-pVDZ,24760,31.703639296864594
hcn_ccpvdz,HCN/cc-pVDZ,24770,33.83714127531334
hcn_ccpvdz,HCN/cc-pVDZ,24780,31.956622043907146
hcn_ccpvdz,HCN/cc-pVDZ,24790,31.4857031673057
hcn_ccpvdz,HCN/cc-pVDZ,24800,32.173366039089046
hcn_ccpvdz,HCN/cc-pVDZ,24810,31.873896061028972
hcn_ccpvdz,HCN/cc-pVDZ,24820,31.789853410018054
hcn_ccpvdz,HCN/cc-pVDZ,24830,31.870068650164285
hcn_ccpvdz,HCN/cc-pVDZ,24840,32.07055281195892
hcn_ccpvdz,HCN/cc-pVDZ,24850,31.55334348812744
hcn_ccpvdz,HCN/cc-pVDZ,24860,31.40206519967137
hcn_ccpvdz,HCN/cc-pVDZ,24870,31.85981611794375
hcn_ccpvdz,HCN/cc-pVDZ,24880,34.27299901191816
hcn_ccpvdz,HCN/cc-pVDZ,24890,31.540387583376628
hcn_ccpvdz,HCN/cc-pVDZ,24900,31.87722505602153
hcn_ccpvdz,HCN/cc-pVDZ,24910,31.98674076175223
hcn_ccpvdz,HCN/cc-pVDZ,24920,31.412867884256457
hcn_ccpvdz,HCN/cc-pVDZ,24930,31.376983135373848
hcn_ccpvdz,HCN/cc-pVDZ,24940,31.366375580162753
hcn_ccpvdz,HCN/cc-pVDZ,24950,34.42872076806225
hcn_ccpvdz,HCN/cc-pVDZ,24960,32.70691700761574
hcn_ccpvdz,HCN/cc-pVDZ,24970,31.752329206042873
hcn_ccpvdz,HCN/cc-pVDZ,24980,31.368979687215415
hcn_ccpvdz,HCN/cc-pVDZ,24990,32.53016931125785
hcn_ccpvdz,HCN/cc-pVDZ,25000,35.09521933486326
hcn_ccpvdz,HCN/cc-pVDZ,25010,32.13878607485299
hcn_ccpvdz,HCN/cc-pVDZ,25020,31.793353341782904
hcn_ccpvdz,HCN/cc-pVDZ,25030,31.377689738576464
hcn_ccpvdz,HCN/cc-pVDZ,25040,31.44595836019448
hcn_ccpvdz,HCN/cc-pVDZ,25050,32.03964399094161
hcn_ccpvdz,HCN/cc-pVDZ,25060,32.09434598561245
hcn_ccpvdz,HCN/cc-pVDZ,25070,31.450446181452207
hcn_ccpvdz,HCN/cc-pVDZ,25080,31.418168840488647
hcn_ccpvdz,HCN/cc-pVDZ,25090,34.056842358140216
hcn_ccpvdz,HCN/cc-pVDZ,25100,31.274205571293123
hcn_ccpvdz,HCN/cc-pVDZ,25110,31.307029965546462
hcn_ccpvdz,HCN/cc-pVDZ,25120,31.4882002537189
hcn_ccpvdz,HCN/cc-pVDZ,25130,31.451301455305725
hcn_ccpvdz,HCN/cc-pVDZ,25140,31.110670677207963
hcn_ccpvdz,HCN/cc-pVDZ,25150,32.379613588332745
hcn_ccpvdz,HCN/cc-pVDZ,25160,32.31116362988473
hcn_ccpvdz,HCN/cc-pVDZ,25170,31.23056878469299
hcn_ccpvdz,HCN/cc-pVDZ,25180,30.988684483929774
hcn_ccpvdz,HCN/cc-pVDZ,25190,33.160550657513
hcn_ccpvdz,HCN/cc-pVDZ,25200,31.565002999826675
hcn_ccpvdz,HCN/cc-pVDZ,25210,31.366212365426804
hcn_ccpvdz,HCN/cc-pVDZ,25220,31.05307014293146
hcn_ccpvdz,HCN/cc-pVDZ,25230,31.294699257841785
hcn_ccpvdz,HCN/cc-pVDZ,25240,31.40628009633417
hcn_ccpvdz,HCN/cc-pVDZ,25250,32.55335127735748
hcn_ccpvdz,HCN/cc-pVDZ,25260,31.524973882454788
hcn_ccpvdz,HCN/cc-pVDZ,25270,32.0016696492047
hcn_ccpvdz,HCN/cc-pVDZ,25280,31.246305480308934
hcn_ccpvdz,HCN/cc-pVDZ,25290,31.155498285130534
hcn_ccpvdz,HCN/cc-pVDZ,25300,33.2791438227531
hcn_ccpvdz,HCN/cc-pVDZ,25310,31.353489833662707
hcn_ccpvdz,HCN/cc-pVDZ,25320,31.599051885265794
hcn_ccpvdz,HCN/cc-pVDZ,25330,32.083319783794195
hcn_ccpvdz,HCN/cc-pVDZ,25340,31.33198810891713
hcn_ccpvdz,HCN/cc-pVDZ,25350,35.30224775198576
hcn_ccpvdz,HCN/cc-pVDZ,25360,32.50478154481584
hcn_ccpvdz,HCN/cc-pVDZ,25370,31.916931531796422
hcn_ccpvdz,HCN/cc-pVDZ,25380,31.298967835581948
hcn_ccpvdz,HCN/cc-pVDZ,25390,31.35861816728891
hcn_ccpvdz,HCN/cc-pVDZ,25400,30.933817758949544
hcn_ccpvdz,HCN/cc-pVDZ,25410,31.671907442984093
hcn_ccpvdz,HCN/cc-pVDZ,25420,31.566546768189596
hcn_ccpvdz,HCN/cc-pVDZ,25430,31.146488664731464
hcn_ccpvdz,HCN/cc-pVDZ,25440,33.880628433948345
hcn_ccpvdz,HCN/cc-pVDZ,25450,31.495973325178284
hcn_ccpvdz,HCN/cc-pVDZ,25460,33.15722967941781
hcn_ccpvdz,HCN/cc-pVDZ,25470,31.211569610292145
hcn_ccpvdz,HCN/cc-pVDZ,25480,31.441006967881435
hcn_ccpvdz,HCN/cc-pVDZ,25490,31.512891288755895
hcn_ccpvdz,HCN/cc-pVDZ,25500,31.437591246572083
hcn_ccpvdz,HCN/cc-pVDZ,25510,33.20805460441534
hcn_ccpvdz,HCN/cc-pVDZ,25520,32.56908622202559
hcn_ccpvdz,HCN/cc-pVDZ,25530,31.744400963944486
hcn_ccpvdz,HCN/cc-pVDZ,25540,31.183095932604488
hcn_ccpvdz,HCN/cc-pVDZ,25550,31.65520962153323
hcn_ccpvdz,HCN/cc-pVDZ,25560,31.340888430591463
hcn_ccpvdz,HCN/cc-pVDZ,25570,31.308346250952468
hcn_ccpvdz,HCN/cc-pVDZ,25580,32.057253887316506
hcn_ccpvdz,HCN/cc-pVDZ,25590,32.02102147739083
hcn_ccpvdz,HCN/cc-pVDZ,25600,31.02250189229494
hcn_ccpvdz,HCN/cc-pVDZ,25610,31.539236918931124
hcn_ccpvdz,HCN/cc-pVDZ,25620,32.09367587068357
hcn_ccpvdz,HCN/cc-pVDZ,25630,31.436750514956202
hcn_ccpvdz,HCN/cc-pVDZ,25640,31.156642978800164
hcn_ccpvdz,HCN/cc-pVDZ,25650,31.23921955385356
hcn_ccpvdz,HCN/cc-pVDZ,25660,31.238220948466733
hcn_ccpvdz,HCN/cc-pVDZ,25670,32.560041551576546
hcn_ccpvdz,HCN/cc-pVDZ,25680,31.255986039710137
hcn_ccpvdz,HCN/cc-pVDZ,25690,33.528167085634664
hcn_ccpvdz,HCN/cc-pVDZ,25700,32.55878623328101
hcn_ccpvdz,HCN/cc-pVDZ,25710,31.601943966308
hcn_ccpvdz,HCN/cc-pVDZ,25720,31.66063391137186
hcn_ccpvdz,HCN/cc-pVDZ,25730,31.16629790845593
hcn_ccpvdz,HCN/cc-pVDZ,25740,30.78900372644
hcn_ccpvdz,HCN/cc-pVDZ,25750,31.127861399070866
hcn_ccpvdz,HCN/cc-pVDZ,25760,33.48300701806295
hcn_ccpvdz,HCN/cc-pVDZ,25770,31.055885966395635
hcn_ccpvdz,HCN/cc-pVDZ,25780,31.587765699853776
hcn_ccpvdz,HCN/cc-pVDZ,25790,31.429420076861447
hcn_ccpvdz,HCN/cc-pVDZ,25800,31.17231835973655
hcn_ccpvdz,HCN/cc-pVDZ,25810,31.034572473089383
hcn_ccpvdz,HCN/cc-pVDZ,25820,31.703403380902273
hcn_ccpvdz,HCN/cc-pVDZ,25830,33.44869490130975
hcn_ccpvdz,HCN/cc-pVDZ,25840,31.506091158917116
hcn_ccpvdz,HCN/cc-pVDZ,25850,31.242644876314785
hcn_ccpvdz,HCN/cc-pVDZ,25860,30.979959693269166
hcn_ccpvdz,HCN/cc-pVDZ,25870,30.726570504413075
hcn_ccpvdz,HCN/cc-pVDZ,25880,31.89957222983253
hcn_ccpvdz,HCN/cc-pVDZ,25890,32.00978851015179
hcn_ccpvdz,HCN/cc-pVDZ,25900,31.15687106061671
hcn_ccpvdz,HCN/cc-pVDZ,25910,31.143732555662496
hcn_ccpvdz,HCN/cc-pVDZ,25920,30.88654797545587
hcn_ccpvdz,HCN/cc-pVDZ,25930,30.859079709429693
hcn_ccpvdz,HCN/cc-pVDZ,25940,31.68553759057602
hcn_ccpvdz,HCN/cc-pVDZ,25950,30.879877787143073
hcn_ccpvdz,HCN/cc-pVDZ,25960,31.832360060747078
hcn_ccpvdz,HCN/cc-pVDZ,25970,31.60000543519459
hcn_ccpvdz,HCN/cc-pVDZ,25980,31.59136876786306
hcn_ccpvdz,HCN/cc-pVDZ,25990,30.856154562854954
hcn_ccpvdz,HCN/cc-pVDZ,26000,35.11766753133827
hcn_ccpvdz,HCN/cc-pVDZ,26010,31.84002295938626
hcn_ccpvdz,HCN/cc-pVDZ,26020,31.978382671326244
hcn_ccpvdz,HCN/cc-pVDZ,26030,31.183810076129248
hcn_ccpvdz,HCN/cc-pVDZ,26040,31.225076964517484
hcn_ccpvdz,HCN/cc-pVDZ,26050,30.811615889405175
hcn_ccpvdz,HCN/cc-pVDZ,26060,30.676438466372247
hcn_ccpvdz,HCN/cc-pVDZ,26070,30.72867343146868
hcn_ccpvdz,HCN/cc-pVDZ,26080,30.65169326127659
hcn_ccpvdz,HCN/cc-pVDZ,26090,30.954124155528007
hcn_ccpvdz,HCN/cc-pVDZ,26100,32.661669330721566
hcn_ccpvdz,HCN/cc-pVDZ,26110,30.831793169198818
hcn_ccpvdz,HCN/cc-pVDZ,26120,31.76275305162335
hcn_ccpvdz,HCN/cc-pVDZ,26130,31.001996931436793
hcn_ccpvdz,HCN/cc-pVDZ,26140,31.396106741880203
hcn_ccpvdz,HCN/cc-pVDZ,26150,31.20270203716302
hcn_ccpvdz,HCN/cc-pVDZ,26160,30.992165708781272
hcn_ccpvdz,HCN/cc-pVDZ,26170,31.99727592011925
hcn_ccpvdz,HCN/cc-pVDZ,26180,32.05872999444637
hcn_ccpvdz,HCN/cc-pVDZ,26190,31.132013047425744
hcn_ccpvdz,HCN/cc-pVDZ,26200,31.477703604238627
hcn_ccpvdz,HCN/cc-pVDZ,26210,30.657954213992866
hcn_ccpvdz,HCN/cc-pVDZ,26220,30.94192535156992
hcn_ccpvdz,HCN/cc-pVDZ,26230,31.347933502232195
hcn_ccpvdz,HCN/cc-pVDZ,26240,32.204057418312004
hcn_ccpvdz,HCN/cc-pVDZ,26250,31.173311755580357
hcn_ccpvdz,HCN/cc-pVDZ,26260,31.089017401072283
hcn_ccpvdz,HCN/cc-pVDZ,26270,30.950994153769784
hcn_ccpvdz,HCN/cc-pVDZ,26280,31.221954429412335
hcn_ccpvdz,HCN/cc-pVDZ,26290,35.03013564659341
hcn_ccpvdz,HCN/cc-pVDZ,26300,32.8116855425975
hcn_ccpvdz,HCN/cc-pVDZ,26310,31.374072564574362
hcn_ccpvdz,HCN/cc-pVDZ,26320,30.739537535197314
hcn_ccpvdz,HCN/cc-pVDZ,26330,31.309714917370002
hcn_ccpvdz,HCN/cc-pVDZ,26340,30.93066442133363
hcn_ccpvdz,HCN/cc-pVDZ,26350,31.544525809053425
hcn_ccpvdz,HCN/cc-pVDZ,26360,32.07299790327056
hcn_ccpvdz,HCN/cc-pVDZ,26370,31.65931581574455
hcn_ccpvdz,HCN/cc-pVDZ,26380,31.186370885890824
hcn_ccpvdz,HCN/cc-pVDZ,26390,30.539320801693748
hcn_ccpvdz,HCN/cc-pVDZ,26400,30.915259986841193
hcn_ccpvdz,HCN/cc-pVDZ,26410,31.38228405474308
hcn_ccpvdz,HCN/cc-pVDZ,26420,30.675711358526314
hcn_ccpvdz,HCN/cc-pVDZ,26430,31.233618030128696
hcn_ccpvdz,HCN/cc-pVDZ,26440,31.14195582378443
hcn_ccpvdz,HCN/cc-pVDZ,26450,30.800587232235443
hcn_ccpvdz,HCN/cc-pVDZ,26460,30.76487231386693
hcn_ccpvdz,HCN/cc-pVDZ,26470,30.98271589438184
hcn_ccpvdz,HCN/cc-pVDZ,26480,31.63024178705598
hcn_ccpvdz,HCN/cc-pVDZ,26490,31.267775503522444
hcn_ccpvdz,HCN/cc-pVDZ,26500,30.9494740314733
hcn_ccpvdz,HCN/cc-pVDZ,26510,30.9414963031287
hcn_ccpvdz,HCN/cc-pVDZ,26520,31.324606875287486
hcn_ccpvdz,HCN/cc-pVDZ,26530,31.167130445098223
hcn_ccpvdz,HCN/cc-pVDZ,26540,30.854779469080995
hcn_ccpvdz,HCN/cc-pVDZ,26550,32.29274367632229
hcn_ccpvdz,HCN/cc-pVDZ,26560,31.629794033648295
hcn_ccpvdz,HCN/cc-pVDZ,26570,30.88209998669811
hcn_ccpvdz,HCN/cc-pVDZ,26580,30.9326057456758
hcn_ccpvdz,HCN/cc-pVDZ,26590,30.707107587005567
hcn_ccpvdz,HCN/cc-pVDZ,26600,30.616037216162795
hcn_ccpvdz,HCN/cc-pVDZ,26610,30.78073002231463
hcn_ccpvdz,HCN/cc-pVDZ,26620,31.463105243702216
hcn_ccpvdz,HCN/cc-pVDZ,26630,32.06163594408906
hcn_ccpvdz,HCN/cc-pVDZ,26640,30.745221062261407
hcn_ccpvdz,HCN/cc-pVDZ,26650,30.71640482808391
hcn_ccpvdz,HCN/cc-pVDZ,26660,30.81390348364721
hcn_ccpvdz,HCN/cc-pVDZ,26670,30.696865564863174
hcn_ccpvdz,HCN/cc-pVDZ,26680,30.66892844790914
hcn_ccpvdz,HCN/cc-pVDZ,26690,31.78916406723431
hcn_ccpvdz,HCN/cc-pVDZ,26700,31.261520688389055
hcn_ccpvdz,HCN/cc-pVDZ,26710,31.117638572297324
hcn_ccpvdz,HCN/cc-pVDZ,26720,30.76280330307668
hcn_ccpvdz,HCN/cc-pVDZ,26730,30.911925436981846
hcn_ccpvdz,HCN/cc-pVDZ,26740,30.692747912880236
hcn_ccpvdz,HCN/cc-pVDZ,26750,30.928470676030884
hcn_ccpvdz,HCN/cc-pVDZ,26760,30.60281958219946
hcn_ccpvdz,HCN/cc-pVDZ,26770,33.12448310573757
hcn_ccpvdz,HCN/cc-pVDZ,26780,32.54604584518006
hcn_ccpvdz,HCN/cc-pVDZ,26790,30.80482926098682
hcn_ccpvdz,HCN/cc-pVDZ,26800,30.619154717598462
hcn_ccpvdz,HCN/cc-pVDZ,26810,32.0864263156011
hcn_ccpvdz,HCN/cc-pVDZ,26820,30.793915571422303
hcn_ccpvdz,HCN/cc-pVDZ,26830,30.444943388786783
hcn_ccpvdz,HCN/cc-pVDZ,26840,30.741540693597358
hcn_ccpvdz,HCN/cc-pVDZ,26850,32.497688370526134
hcn_ccpvdz,HCN/cc-pVDZ,26860,30.86530931872744
hcn_ccpvdz,HCN/cc-pVDZ,26870,30.932760255950598
hcn_ccpvdz,HCN/cc-pVDZ,26880,30.710717941673238
hcn_ccpvdz,HCN/cc-pVDZ,26890,30.33475122526852
hcn_ccpvdz,HCN/cc-pVDZ,26900,30.814776184087123
hcn_ccpvdz,HCN/cc-pVDZ,26910,30.895375836436756
hcn_ccpvdz,HCN/cc-pVDZ,26920,30.931268965218806
hcn_ccpvdz,HCN/cc-pVDZ,26930,31.017123709787597
hcn_ccpvdz,HCN/cc-pVDZ,26940,31.191556929627495
hcn_ccpvdz,HCN/cc-pVDZ,26950,30.714952016211328
hcn_ccpvdz,HCN/cc-pVDZ,26960,30.95539464938213
hcn_ccpvdz,HCN/cc-pVDZ,26970,31.594998508694516
hcn_ccpvdz,HCN/cc-pVDZ,26980,31.34692063319733
hcn_ccpvdz,HCN/cc-pVDZ,26990,30.588187877015116
hcn_ccpvdz,HCN/cc-pVDZ,27000,30.39561396455781
hcn_ccpvdz,HCN/cc-pVDZ,27010,31.40976070204715
hcn_ccpvdz,HCN/cc-pVDZ,27020,30.533350120208524
hcn_ccpvdz,HCN/cc-pVDZ,27030,30.90995305053923
hcn_ccpvdz,HCN/cc-pVDZ,27040,33.07243153857087
hcn_ccpvdz,HCN/cc-pVDZ,27050,30.83863758502048
hcn_ccpvdz,HCN/cc-pVDZ,27060,30.485393641313863
hcn_ccpvdz,HCN/cc-pVDZ,27070,30.75027659691898
hcn_ccpvdz,HCN/cc-pVDZ,27080,31.308055611276586
hcn_ccpvdz,HCN/cc-pVDZ,27090,30.649365224860503
hcn_ccpvdz,HCN/cc-pVDZ,27100,30.696806792846587
hcn_ccpvdz,HCN/cc-pVDZ,27110,31.22526876802567
hcn_ccpvdz,HCN/cc-pVDZ,27120,31.370881945917972
hcn_ccpvdz,HCN/cc-pVDZ,27130,30.91568381621812
hcn_ccpvdz,HCN/cc-pVDZ,27140,31.065326288953088
hcn_ccpvdz,HCN/cc-pVDZ,27150,31.742453954137773
hcn_ccpvdz,HCN/cc-pVDZ,27160,30.879097606060668
hcn_ccpvdz,HCN/cc-pVDZ,27170,31.426638875018398
hcn_ccpvdz,HCN/cc-pVDZ,27180,30.882978735064626
hcn_ccpvdz,HCN/cc-pVDZ,27190,31.739011959487584
hcn_ccpvdz,HCN/cc-pVDZ,27200,31.216829922115608
hcn_ccpvdz,HCN/cc-pVDZ,27210,30.360749305359036
hcn_ccpvdz,HCN/cc-pVDZ,27220,30.451931969821544
hcn_ccpvdz,HCN/cc-pVDZ,27230,33.11862919407815
hcn_ccpvdz,HCN/cc-pVDZ,27240,33.57959574120173
hcn_ccpvdz,HCN/cc-pVDZ,27250,31.197993658096834
hcn_ccpvdz,HCN/cc-pVDZ,27260,30.70956121383972
hcn_ccpvdz,HCN/cc-pVDZ,27270,30.193857193154372
hcn_ccpvdz,HCN/cc-pVDZ,27280,30.233132892547587
hcn_ccpvdz,HCN/cc-pVDZ,27290,30.57647946766906
hcn_ccpvdz,HCN/cc-pVDZ,27300,32.6263000865481
hcn_ccpvdz,HCN/cc-pVDZ,27310,32.8728071133213
hcn_ccpvdz,HCN/cc-pVDZ,27320,31.029390238998644
hcn_ccpvdz,HCN/cc-pVDZ,27330,31.375763978900295
hcn_ccpvdz,HCN/cc-pVDZ,27340,30.559169742318204
hcn_ccpvdz,HCN/cc-pVDZ,27350,30.301962071305866
hcn_ccpvdz,HCN/cc-pVDZ,27360,30.103168659962876
hcn_ccpvdz,HCN/cc-pVDZ,27370,32.22467969204956
hcn_ccpvdz,HCN/cc-pVDZ,27380,31.041158998206697
hcn_ccpvdz,HCN/cc-pVDZ,27390,37.90290972266064
hcn_ccpvdz,HCN/cc-pVDZ,27400,31.602670179211145
hcn_ccpvdz,HCN/cc-pVDZ,27410,31.07192869360631
hcn_ccpvdz,HCN/cc-pVDZ,27420,31.268566935366948
hcn_ccpvdz,HCN/cc-pVDZ,27430,30.350877503067863
hcn_ccpvdz,HCN/cc-pVDZ,27440,30.179843791188432
hcn_ccpvdz,HCN/cc-pVDZ,27450,30.75841663839185
hcn_ccpvdz,HCN/cc-pVDZ,27460,30.295404262588477
hcn_ccpvdz,HCN/cc-pVDZ,27470,31.479745704075413
hcn_ccpvdz,HCN/cc-pVDZ,27480,33.58417839220351
hcn_ccpvdz,HCN/cc-pVDZ,27490,30.540945206652736
hcn_ccpvdz,HCN/cc-pVDZ,27500,30.849410645330977
hcn_ccpvdz,HCN/cc-pVDZ,27510,30.604698040036737
hcn_ccpvdz,HCN/cc-pVDZ,27520,30.229835202248978
hcn_ccpvdz,HCN/cc-pVDZ,27530,30.50996719510124
hcn_ccpvdz,HCN/cc-pVDZ,27540,30.358850502693713
hcn_ccpvdz,HCN/cc-pVDZ,27550,32.44229513970254
hcn_ccpvdz,HCN/cc-pVDZ,27560,32.8421336125615
hcn_ccpvdz,HCN/cc-pVDZ,27570,30.972864419865687
hcn_ccpvdz,HCN/cc-pVDZ,27580,30.696111269406856
hcn_ccpvdz,HCN/cc-pVDZ,27590,30.705285847957953
hcn_ccpvdz,HCN/cc-pVDZ,27600,30.428604487624966
hcn_ccpvdz,HCN/cc-pVDZ,27610,30.127504868289634
hcn_ccpvdz,HCN/cc-pVDZ,27620,30.81952340029659
hcn_ccpvdz,HCN/cc-pVDZ,27630,30.590066634132995
hcn_ccpvdz,HCN/cc-pVDZ,27640,30.34555772251224
hcn_ccpvdz,HCN/cc-pVDZ,27650,31.527157717050613
hcn_ccpvdz,HCN/cc-pVDZ,27660,31.13154196930168
hcn_ccpvdz,HCN/cc-pVDZ,27670,30.647094041540868
hcn_ccpvdz,HCN/cc-pVDZ,27680,30.734374158299715
hcn_ccpvdz,HCN/cc-pVDZ,27690,30.426535691773893
hcn_ccpvdz,HCN/cc-pVDZ,27700,31.027088485416243
hcn_ccpvdz,HCN/cc-pVDZ,27710,32.53288993245462
hcn_ccpvdz,HCN/cc-pVDZ,27720,30.531210048934554
hcn_ccpvdz,HCN/cc-pVDZ,27730,30.243104040280855
hcn_ccpvdz,HCN/cc-pVDZ,27740,30.75214876952259
hcn_ccpvdz,HCN/cc-pVDZ,27750,31.293149098303275
hcn_ccpvdz,HCN/cc-pVDZ,27760,30.836466528413098
hcn_ccpvdz,HCN/cc-pVDZ,27770,30.556378996124067
hcn_ccpvdz,HCN/cc-pVDZ,27780,31.896795029368263
hcn_ccpvdz,HCN/cc-pVDZ,27790,30.652525379267104
hcn_ccpvdz,HCN/cc-pVDZ,27800,30.432302147602286
hcn_ccpvdz,HCN/cc-pVDZ,27810,30.74901856379597
hcn_ccpvdz,HCN/cc-pVDZ,27820,30.3228508867619
hcn_ccpvdz,HCN/cc-pVDZ,27830,33.94656255387929
hcn_ccpvdz,HCN/cc-pVDZ,27840,31.891564137566775
hcn_ccpvdz,HCN/cc-pVDZ,27850,30.669954036781633
hcn_ccpvdz,HCN/cc-pVDZ,27860,30.671981955734395
hcn_ccpvdz,HCN/cc-pVDZ,27870,30.16826676403639
hcn_ccpvdz,HCN/cc-pVDZ,27880,30.29734182857169
hcn_ccpvdz,HCN/cc-pVDZ,27890,30.234688862947223
hcn_ccpvdz,HCN/cc-pVDZ,27900,37.297887744060176
hcn_ccpvdz,HCN/cc-pVDZ,27910,32.08211764412283
hcn_ccpvdz,HCN/cc-pVDZ,27920,30.57607545395058
hcn_ccpvdz,HCN/cc-pVDZ,27930,30.62735933487204
hcn_ccpvdz,HCN/cc-pVDZ,27940,30.424682170959727
hcn_ccpvdz,HCN/cc-pVDZ,27950,30.308938724047607
hcn_ccpvdz,HCN/cc-pVDZ,27960,30.533457348511206
hcn_ccpvdz,HCN/cc-pVDZ,27970,30.24126313891884
hcn_ccpvdz,HCN/cc-pVDZ,27980,30.304982797360935
hcn_ccpvdz,HCN/cc-pVDZ,27990,30.251233000569755
hcn_ccpvdz,HCN/cc-pVDZ,28000,31.103971868816416
hcn_ccpvdz,HCN/cc-pVDZ,28010,31.868660164320772
hcn_ccpvdz,HCN/cc-pVDZ,28020,30.407038264229413
hcn_ccpvdz,HCN/cc-pVDZ,28030,30.425567917845342
hcn_ccpvdz,HCN/cc-pVDZ,28040,29.943859461738498
hcn_ccpvdz,HCN/cc-pVDZ,28050,31.20708397008798
hcn_ccpvdz,HCN/cc-pVDZ,28060,30.362639110222744
hcn_ccpvdz,HCN/cc-pVDZ,28070,30.512147701728054
hcn_ccpvdz,HCN/cc-pVDZ,28080,30.958454073015673
hcn_ccpvdz,HCN/cc-pVDZ,28090,30.1285299647418
hcn_ccpvdz,HCN/cc-pVDZ,28100,30.018383485227673
hcn_ccpvdz,HCN/cc-pVDZ,28110,30.094832553800188
hcn_ccpvdz,HCN/cc-pVDZ,28120,32.1324373264531
hcn_ccpvdz,HCN/cc-pVDZ,28130,30.773935690433518
hcn_ccpvdz,HCN/cc-pVDZ,28140,30.298620952294186
hcn_ccpvdz,HCN/cc-pVDZ,28150,30.014285564305965
hcn_ccpvdz,HCN/cc-pVDZ,28160,31.49830904962414
hcn_ccpvdz,HCN/cc-pVDZ,28170,32.23689062812696
hcn_ccpvdz,HCN/cc-pVDZ,28180,30.621288761537357
hcn_ccpvdz,HCN/cc-pVDZ,28190,30.121497026158295
hcn_ccpvdz,HCN/cc-pVDZ,28200,30.67507235188316
hcn_ccpvdz,HCN/cc-pVDZ,28210,29.946795904749024
hcn_ccpvdz,HCN/cc-pVDZ,28220,32.475261447928006
hcn_ccpvdz,HCN/cc-pVDZ,28230,30.267681305758742
hcn_ccpvdz,HCN/cc-pVDZ,28240,30.23792271358161
hcn_ccpvdz,HCN/cc-pVDZ,28250,30.4833221702836
hcn_ccpvdz,HCN/cc-pVDZ,28260,29.926762200148005
hcn_ccpvdz,HCN/cc-pVDZ,28270,30.102346120159496
hcn_ccpvdz,HCN/cc-pVDZ,28280,30.48844530745498
hcn_ccpvdz,HCN/cc-pVDZ,28290,31.907306025232174
hcn_ccpvdz,HCN/cc-pVDZ,28300,31.242429935218752
hcn_ccpvdz,HCN/cc-pVDZ,28310,30.284321063732023
hcn_ccpvdz,HCN/cc-pVDZ,28320,29.97226746262527
hcn_ccpvdz,HCN/cc-pVDZ,28330,30.45468439441379
hcn_ccpvdz,HCN/cc-pVDZ,28340,30.521265540485842
hcn_ccpvdz,HCN/cc-pVDZ,28350,32.88599383138546
hcn_ccpvdz,HCN/cc-pVDZ,28360,30.464724089696915
hcn_ccpvdz,HCN/cc-pVDZ,28370,30.260934504852344
hcn_ccpvdz,HCN/cc-pVDZ,28380,30.266553887969394
hcn_ccpvdz,HCN/cc-pVDZ,28390,30.047107057143307
hcn_ccpvdz,HCN/cc-pVDZ,28400,31.292001734925634
hcn_ccpvdz,HCN/cc-pVDZ,28410,31.118957874952002
hcn_ccpvdz,HCN/cc-pVDZ,28420,30.44003977886689
hcn_ccpvdz,HCN/cc-pVDZ,28430,30.76841078352288
hcn_ccpvdz,HCN/cc-pVDZ,28440,30.23268190644046
hcn_ccpvdz,HCN/cc-pVDZ,28450,30.617044822449202
hcn_ccpvdz,HCN/cc-pVDZ,28460,30.370553265427702
hcn_ccpvdz,HCN/cc-pVDZ,28470,30.6950320370305
hcn_ccpvdz,HCN/cc-pVDZ,28480,31.136890691328745
hcn_ccpvdz,HCN/cc-pVDZ,28490,30.2178211480566
hcn_ccpvdz,HCN/cc-pVDZ,28500,31.30774936860803
hcn_ccpvdz,HCN/cc-pVDZ,28510,30.74995653781798
hcn_ccpvdz,HCN/cc-pVDZ,28520,29.982050680715133
hcn_ccpvdz,HCN/cc-pVDZ,28530,29.808166753099385
hcn_ccpvdz,HCN/cc-pVDZ,28540,30.914188665278175
hcn_ccpvdz,HCN/cc-pVDZ,28550,30.234928030367314
hcn_ccpvdz,HCN/cc-pVDZ,28560,30.993150478224152
hcn_ccpvdz,HCN/cc-pVDZ,28570,30.52322712062505
hcn_ccpvdz,HCN/cc-pVDZ,28580,30.59345687601933
hcn_ccpvdz,HCN/cc-pVDZ,28590,31.056228622929893
hcn_ccpvdz,HCN/cc-pVDZ,28600,30.534256502122048
hcn_ccpvdz,HCN/cc-pVDZ,28610,29.733759252025038
hcn_ccpvdz,HCN/cc-pVDZ,28620,30.48075318073984
hcn_ccpvdz,HCN/cc-pVDZ,28630,30.873942710599067
hcn_ccpvdz,HCN/cc-pVDZ,28640,30.99029352452476
hcn_ccpvdz,HCN/cc-pVDZ,28650,30.371295390750674
hcn_ccpvdz,HCN/cc-pVDZ,28660,31.191300331741445
hcn_ccpvdz,HCN/cc-pVDZ,28670,30.92373683750793
hcn_ccpvdz,HCN/cc-pVDZ,28680,30.14388311969185
hcn_ccpvdz,HCN/cc-pVDZ,28690,30.331157383074014
hcn_ccpvdz,HCN/cc-pVDZ,28700,30.41029529471473
hcn_ccpvdz,HCN/cc-pVDZ,28710,30.26786670940851
hcn_ccpvdz,HCN/cc-pVDZ,28720,29.872170664191344
hcn_ccpvdz,HCN/cc-pVDZ,28730,29.9677402104237
hcn_ccpvdz,HCN/cc-pVDZ,28740,33.346097455577706
hcn_ccpvdz,HCN/cc-pVDZ,28750,30.66896439858624
hcn_ccpvdz,HCN/cc-pVDZ,28760,30.39485216322646
hcn_ccpvdz,HCN/cc-pVDZ,28770,29.928539572665613
hcn_ccpvdz,HCN/cc-pVDZ,28780,30.311172889156524
hcn_ccpvdz,HCN/cc-pVDZ,28790,29.965268746749985
hcn_ccpvdz,HCN/cc-pVDZ,28800,29.84360262826158
hcn_ccpvdz,HCN/cc-pVDZ,28810,29.76313086044513
hcn_ccpvdz,HCN/cc-pVDZ,28820,31.409510038884036
hcn_ccpvdz,HCN/cc-pVDZ,28830,30.31998974911687
hcn_ccpvdz,HCN/cc-pVDZ,28840,30.109943316162457
hcn_ccpvdz,HCN/cc-pVDZ,28850,29.841172134879912
hcn_ccpvdz,HCN/cc-pVDZ,28860,30.43268678079869
hcn_ccpvdz,HCN/cc-pVDZ,28870,30.313368931999207
hcn_ccpvdz,HCN/cc-pVDZ,28880,30.089924077500996
hcn_ccpvdz,HCN/cc-pVDZ,28890,29.662641577900217
hcn_ccpvdz,HCN/cc-pVDZ,28900,29.587075800307616
hcn_ccpvdz,HCN/cc-pVDZ,28910,30.342238525307152
hcn_ccpvdz,HCN/cc-pVDZ,28920,31.90922917752914
hcn_ccpvdz,HCN/cc-pVDZ,28930,30.32086365607256
hcn_ccpvdz,HCN/cc-pVDZ,28940,30.564549296499877
hcn_ccpvdz,HCN/cc-pVDZ,28950,29.9224115088208
hcn_ccpvdz,HCN/cc-pVDZ,28960,29.630469454090758
hcn_ccpvdz,HCN/cc-pVDZ,28970,29.58481050424666
hcn_ccpvdz,HCN/cc-pVDZ,28980,29.714611973844285
hcn_ccpvdz,HCN/cc-pVDZ,28990,31.380690200194294
hcn_ccpvdz,HCN/cc-pVDZ,29000,30.40256780795403
hcn_ccpvdz,HCN/cc-pVDZ,29010,30.055798108264753
hcn_ccpvdz,HCN/cc-pVDZ,29020,29.734386844026517
hcn_ccpvdz,HCN/cc-pVDZ,29030,30.06168391074482
hcn_ccpvdz,HCN/cc-pVDZ,29040,29.865569188999075
hcn_ccpvdz,HCN/cc-pVDZ,29050,29.800522096508075
hcn_ccpvdz,HCN/cc-pVDZ,29060,29.728886743356497
hcn_ccpvdz,HCN/cc-pVDZ,29070,30.192755009167627
hcn_ccpvdz,HCN/cc-pVDZ,29080,37.56093389489479
hcn_ccpvdz,HCN/cc-pVDZ,29090,31.673270330315972
hcn_ccpvdz,HCN/cc-pVDZ,29100,32.02262140348466
hcn_ccpvdz,HCN/cc-pVDZ,29110,30.71290853071673
hcn_ccpvdz,HCN/cc-pVDZ,29120,30.0773274746291
hcn_ccpvdz,HCN/cc-pVDZ,29130,29.767470918486083
hcn_ccpvdz,HCN/cc-pVDZ,29140,29.676091289815076
hcn_ccpvdz,HCN/cc-pVDZ,29150,29.564080490828815
hcn_ccpvdz,HCN/cc-pVDZ,29160,29.56790595435166
hcn_ccpvdz,HCN/cc-pVDZ,29170,29.531549182422623
hcn_ccpvdz,HCN/cc-pVDZ,29180,35.13625219194694
hcn_ccpvdz,HCN/cc-pVDZ,29190,31.09867231158603
hcn_ccpvdz,HCN/cc-pVDZ,29200,30.490123394059765
hcn_ccpvdz,HCN/cc-pVDZ,29210,30.00894767055229
hcn_ccpvdz,HCN/cc-pVDZ,29220,30.77895372221917
hcn_ccpvdz,HCN/cc-pVDZ,29230,29.973983665627202
hcn_ccpvdz,HCN/cc-pVDZ,29240,29.76132384168295
hcn_ccpvdz,HCN/cc-pVDZ,29250,29.918468534191334
hcn_ccpvdz,HCN/cc-pVDZ,29260,31.655465157669482
hcn_ccpvdz,HCN/cc-pVDZ,29270,31.222632217222213
hcn_ccpvdz,HCN/cc-pVDZ,29280,29.664990574559624
hcn_ccpvdz,HCN/cc-pVDZ,29290,30.179783750099887
hcn_ccpvdz,HCN/cc-pVDZ,29300,29.6885971602876
hcn_ccpvdz,HCN/cc-pVDZ,29310,29.642279582773767
hcn_ccpvdz,HCN/cc-pVDZ,29320,29.84775538834583
hcn_ccpvdz,HCN/cc-pVDZ,29330,29.84805006022384
hcn_ccpvdz,HCN/cc-pVDZ,29340,32.21598963527583
hcn_ccpvdz,HCN/cc-pVDZ,29350,31.106828255289543
hcn_ccpvdz,HCN/cc-pVDZ,29360,29.629767526955675
hcn_ccpvdz,HCN/cc-pVDZ,29370,29.648922716575044
hcn_ccpvdz,HCN/cc-pVDZ,29380,29.626521822763152
hcn_ccpvdz,HCN/cc-pVDZ,29390,29.596372923478498
hcn_ccpvdz,HCN/cc-pVDZ,29400,29.820617425656337
hcn_ccpvdz,HCN/cc-pVDZ,29410,30.264982559060627
hcn_ccpvdz,HCN/cc-pVDZ,29420,29.981409847778195
hcn_ccpvdz,HCN/cc-pVDZ,29430,31.15967019655841
hcn_ccpvdz,HCN/cc-pVDZ,29440,30.061153546782293
hcn_ccpvdz,HCN/cc-pVDZ,29450,29.750902572331483
hcn_ccpvdz,HCN/cc-pVDZ,29460,32.719133320796345
hcn_ccpvdz,HCN/cc-pVDZ,29470,31.19625929372205
hcn_ccpvdz,HCN/cc-pVDZ,29480,30.60593626848629
hcn_ccpvdz,HCN/cc-pVDZ,29490,29.883170707250883
hcn_ccpvdz,HCN/cc-pVDZ,29500,29.41750847300284
hcn_ccpvdz,HCN/cc-pVDZ,29510,30.654642920083575
hcn_ccpvdz,HCN/cc-pVDZ,29520,29.896277220643697
hcn_ccpvdz,HCN/cc-pVDZ,29530,36.99208246580099
hcn_ccpvdz,HCN/cc-pVDZ,29540,34.54324628761185
hcn_ccpvdz,HCN/cc-pVDZ,29550,31.490468887199086
hcn_ccpvdz,HCN/cc-pVDZ,29560,29.826195619961027
hcn_ccpvdz,HCN/cc-pVDZ,29570,30.357001142078843
hcn_ccpvdz,HCN/cc-pVDZ,29580,29.41822642594616
hcn_ccpvdz,HCN/cc-pVDZ,29590,29.667394267718805
hcn_ccpvdz,HCN/cc-pVDZ,29600,30.065938243325263
hcn_ccpvdz,HCN/cc-pVDZ,29610,29.67504379608954
hcn_ccpvdz,HCN/cc-pVDZ,29620,29.5658723615162
hcn_ccpvdz,HCN/cc-pVDZ,29630,30.48312392999719
hcn_ccpvdz,HCN/cc-pVDZ,29640,29.577425975247706
hcn_ccpvdz,HCN/cc-pVDZ,29650,30.66540646338467
hcn_ccpvdz,HCN/cc-pVDZ,29660,29.91773667302766
hcn_ccpvdz,HCN/cc-pVDZ,29670,29.959668450729282
hcn_ccpvdz,HCN/cc-pVDZ,29680,30.05891169497943
hcn_ccpvdz,HCN/cc-pVDZ,29690,30.72870792898641
hcn_ccpvdz,HCN/cc-pVDZ,29700,29.75360928130044
hcn_ccpvdz,HCN/cc-pVDZ,29710,29.442037226885986
hcn_ccpvdz,HCN/cc-pVDZ,29720,29.98905316437117
hcn_ccpvdz,HCN/cc-pVDZ,29730,30.246210280495234
hcn_ccpvdz,HCN/cc-pVDZ,29740,30.56502058144872
hcn_ccpvdz,HCN/cc-pVDZ,29750,30.477766053493838
hcn_ccpvdz,HCN/cc-pVDZ,29760,30.19307819791095
hcn_ccpvdz,HCN/cc-pVDZ,29770,29.66603356614428
hcn_ccpvdz,HCN/cc-pVDZ,29780,30.01719528049307
hcn_ccpvdz,HCN/cc-pVDZ,29790,29.54127648456506
hcn_ccpvdz,HCN/cc-pVDZ,29800,29.536789766510196
hcn_ccpvdz,HCN/cc-pVDZ,29810,30.74337686567219
hcn_ccpvdz,HCN/cc-pVDZ,29820,30.338605300741506
hcn_ccpvdz,HCN/cc-pVDZ,29830,29.48155827650112
hcn_ccpvdz,HCN/cc-pVDZ,29840,29.518224747121735
hcn_ccpvdz,HCN/cc-pVDZ,29850,30.155684827690266
hcn_ccpvdz,HCN/cc-pVDZ,29860,30.14217816669884
hcn_ccpvdz,HCN/cc-pVDZ,29870,31.845059698213163
hcn_ccpvdz,HCN/cc-pVDZ,29880,29.51936251831455
hcn_ccpvdz,HCN/cc-pVDZ,29890,30.063557216848835
hcn_ccpvdz,HCN/cc-pVDZ,29900,30.05995973448705
hcn_ccpvdz,HCN/cc-pVDZ,29910,29.359260615791527
hcn_ccpvdz,HCN/cc-pVDZ,29920,29.862059617570935
hcn_ccpvdz,HCN/cc-pVDZ,29930,31.452682289369704
hcn_ccpvdz,HCN/cc-pVDZ,29940,29.594354985079008
hcn_ccpvdz,HCN/cc-pVDZ,29950,29.666556145485856
hcn_ccpvdz,HCN/cc-pVDZ,29960,29.446529867982463
hcn_ccpvdz,HCN/cc-pVDZ,29970,29.307289985823104
hcn_ccpvdz,HCN/cc-pVDZ,29980,30.429658637643797
hcn_ccpvdz,HCN/cc-pVDZ,29990,30.503101952746192
hcn_ccpvdz,HCN/cc-pVDZ,30000,29.848936447734786
