seed,system,method,information_order,m,error_microhartree,ritz_residual_norm_hartree,relative_independent_norm,normalized_gram_min_eigenvalue
333,lih_sto3g,rPT2,2,,-0.044922193076502026,,,
333,lih_sto3g,PT partial sum,2,,-0.044925870135159585,,,
333,lih_sto3g,PT partial sum,3,,0.05414565240613456,,,
333,lih_sto3g,PT partial sum,4,,-0.0006737472801887634,,,
333,lih_sto3g,PT partial sum,5,,0.009445892068526973,,,
333,lih_sto3g,PT partial sum,6,,2.3281820915599383e-05,,,
333,lih_sto3g,PT partial sum,7,,0.0019208226120781546,,,
333,lih_sto3g,PT partial sum,8,,1.4315659768726618e-05,,,
333,lih_sto3g,PT partial sum,9,,0.0004008269272048892,,,
333,lih_sto3g,PT partial sum,10,,3.717026686445024e-06,,,
333,lih_sto3g,PT partial sum,11,,8.448441946029561e-05,,,
333,lih_sto3g,PT partial sum,12,,8.411049634560186e-07,,,
333,lih_sto3g,PT partial sum,13,,1.7911894190092426e-05,,,
333,lih_sto3g,PT partial sum,14,,1.8740564655672642e-07,,,
333,lih_sto3g,PT partial sum,15,,3.818279026290838e-06,,,
333,lih_sto3g,PT partial sum,16,,4.707345624410664e-08,,,
333,lih_sto3g,PT partial sum,17,,8.22453216642316e-07,,,
333,lih_sto3g,PT partial sum,18,,1.7763568394002505e-08,,,
333,lih_sto3g,PT partial sum,19,,1.8385293287792592e-07,,,
333,lih_sto3g,PT partial sum,20,,1.2434497875801753e-08,,,
333,lih_sto3g,PT partial sum,21,,4.796163466380676e-08,,,
333,lih_sto3g,PT partial sum,22,,1.0658141036401503e-08,,,
333,lih_sto3g,PT partial sum,23,,1.865174681370263e-08,,,
333,lih_sto3g,PT partial sum,24,,1.0658141036401503e-08,,,
333,lih_sto3g,strict RR,3,2,0.04948974385854399,0.00018842002500094092,1.0,0.9999999999999994
333,lih_sto3g,order-matched RR,4,2,-0.00044431924806076495,0.00018842002500094092,1.0,0.9999999999999994
333,lih_sto3g,restarted RR+$r$PT2,4,2,0.009416545765361661,0.00018842002500094092,1.0,0.9999999999999994
333,lih_sto3g,strict RR,5,3,0.007323356143729143,7.25589524267426e-05,0.9375819117561587,0.6522354837714647
333,lih_sto3g,order-matched RR,6,3,0.0004981659529335047,7.25589524267426e-05,0.9375819117561587,0.6522354837714647
333,lih_sto3g,restarted RR+$r$PT2,6,3,0.0024062041248384958,7.25589524267426e-05,0.9375819117561587,0.6522354837714647
333,lih_sto3g,strict RR,7,4,0.00034370284396345596,2.722631233367634e-05,0.7066719474699055,0.33423539772608446
333,lih_sto3g,order-matched RR,8,4,9.567724390535659e-05,2.722631233367634e-05,0.7066719474699055,0.33423539772608446
333,lih_sto3g,restarted RR+$r$PT2,8,4,6.571188038151377e-05,2.722631233367634e-05,0.7066719474699055,0.33423539772608446
333,lih_sto3g,strict RR,9,5,1.0903278280238737e-05,3.4865581570978394e-06,0.17722883588989397,0.015784729735997136
333,lih_sto3g,order-matched RR,10,5,3.1938895972416503e-06,3.4865581570978394e-06,0.17722883588989397,0.015784729735997136
333,lih_sto3g,restarted RR+$r$PT2,10,5,1.2381207170619746e-06,3.4865581570978394e-06,0.17722883588989397,0.015784729735997136
333,lih_sto3g,strict RR,11,6,6.439293542825908e-07,8.495693760336926e-07,0.14806632322081736,0.007964845691419595
333,lih_sto3g,order-matched RR,12,6,2.433608869978343e-07,8.495693760336926e-07,0.14806632322081736,0.007964845691419595
333,lih_sto3g,restarted RR+$r$PT2,12,6,2.3003821070233244e-07,8.495693760336926e-07,0.14806632322081736,0.007964845691419595
333,lih_sto3g,strict RR,13,7,5.595524044110789e-08,2.2477055083214606e-07,0.040341509472098594,0.0006215673712072342
333,lih_sto3g,order-matched RR,14,7,2.9309887850104133e-08,2.2477055083214606e-07,0.040341509472098594,0.0006215673712072342
333,lih_sto3g,restarted RR+$r$PT2,14,7,2.1316282072803006e-08,2.2477055083214606e-07,0.040341509472098594,0.0006215673712072342
333,lih_sto3g,strict RR,15,8,1.2434497875801753e-08,6.071171562061297e-08,0.037091144954896786,0.0003291200878451154
333,lih_sto3g,order-matched RR,16,8,1.0658141036401503e-08,6.071171562061297e-08,0.037091144954896786,0.0003291200878451154
333,lih_sto3g,restarted RR+$r$PT2,16,8,1.0658141036401503e-08,6.071171562061297e-08,0.037091144954896786,0.0003291200878451154
333,lih_sto3g,strict RR,17,9,7.993605777301127e-09,1.0067786446481761e-08,0.0084537283660594,1.3807851373192638e-05
333,lih_sto3g,order-matched RR,18,9,7.993605777301127e-09,1.0067786446481761e-08,0.0084537283660594,1.3807851373192638e-05
333,lih_sto3g,restarted RR+$r$PT2,18,9,7.993605777301127e-09,1.0067786446481761e-08,0.0084537283660594,1.3807851373192638e-05
333,lih_sto3g,strict RR,19,10,1.0658141036401503e-08,1.3590653056753535e-09,0.0037083130297334344,2.153893471882236e-06
333,lih_sto3g,order-matched RR,20,10,1.0658141036401503e-08,1.3590653056753535e-09,0.0037083130297334344,2.153893471882236e-06
333,lih_sto3g,restarted RR+$r$PT2,20,10,1.0658141036401503e-08,1.3590653056753535e-09,0.0037083130297334344,2.153893471882236e-06
333,lih_sto3g,strict RR,21,11,7.993605777301127e-09,3.354929233860283e-10,0.0007820878875478385,9.057874616672234e-08
333,lih_sto3g,order-matched RR,22,11,7.993605777301127e-09,3.354929233860283e-10,0.0007820878875478385,9.057874616672234e-08
333,lih_sto3g,restarted RR+$r$PT2,22,11,7.993605777301127e-09,3.354929233860283e-10,0.0007820878875478385,9.057874616672234e-08
333,lih_sto3g,strict RR,23,12,8.881784197001252e-09,9.483707436926287e-11,0.0007750870613380695,4.751275787719293e-08
333,lih_sto3g,order-matched RR,24,12,8.881784197001252e-09,9.483707436926287e-11,0.0007750870613380695,4.751275787719293e-08
333,lih_sto3g,restarted RR+$r$PT2,24,12,8.881784197001252e-09,9.483707436926287e-11,0.0007750870613380695,4.751275787719293e-08
333,h2o_sto3g,rPT2,2,,-5.36753172752924,,,
333,h2o_sto3g,PT partial sum,2,,-5.369998987703184,,,
333,h2o_sto3g,PT partial sum,3,,3.5686950781155247,,,
333,h2o_sto3g,PT partial sum,4,,-1.041719315253431,,,
333,h2o_sto3g,PT partial sum,5,,0.5746994560240637,,,
333,h2o_sto3g,PT partial sum,6,,-0.2658144353517855,,,
333,h2o_sto3g,PT partial sum,7,,0.1495347561331073,,,
333,h2o_sto3g,PT partial sum,8,,-0.08056379385834589,,,
333,h2o_sto3g,PT partial sum,9,,0.045809855464540306,,,
333,h2o_sto3g,PT partial sum,10,,-0.025726805574777245,,,
333,h2o_sto3g,PT partial sum,11,,0.014666383663097804,,,
333,h2o_sto3g,PT partial sum,12,,-0.00832837088182714,,,
333,h2o_sto3g,PT partial sum,13,,0.0047501060862487066,,,
333,h2o_sto3g,PT partial sum,14,,-0.0027058177920480375,,,
333,h2o_sto3g,PT partial sum,15,,0.0015432988220709376,,,
333,h2o_sto3g,PT partial sum,16,,-0.0008799929673841689,,,
333,h2o_sto3g,PT partial sum,17,,0.0005018279125579284,,,
333,h2o_sto3g,PT partial sum,18,,-0.00028630608994717477,,,
333,h2o_sto3g,PT partial sum,19,,0.0001631832446946646,,,
333,h2o_sto3g,PT partial sum,20,,-9.318057436757954e-05,,,
333,h2o_sto3g,PT partial sum,21,,5.303490979713388e-05,,,
333,h2o_sto3g,PT partial sum,22,,-3.0368596526386682e-05,,,
333,h2o_sto3g,PT partial sum,23,,1.7209345060109627e-05,,,
333,h2o_sto3g,PT partial sum,24,,-9.919176591210999e-06,,,
333,h2o_sto3g,strict RR,3,2,2.483394212049461,0.0024023425660163363,1.0,1.0000000000000004
333,h2o_sto3g,order-matched RR,4,2,-0.8920367520204309,0.0024023425660163363,1.0,1.0000000000000004
333,h2o_sto3g,restarted RR+$r$PT2,4,2,-0.11066371996548696,0.0024023425660163363,1.0,1.0000000000000004
333,h2o_sto3g,strict RR,5,3,0.12810470195745438,0.000548429185956087,0.8443778135778801,0.4642518241398869
333,h2o_sto3g,order-matched RR,6,3,-0.09981262394376245,0.000548429185956087,0.8443778135778801,0.4642518241398869
333,h2o_sto3g,restarted RR+$r$PT2,6,3,-0.013431858292278775,0.000548429185956087,0.8443778135778801,0.4642518241398869
333,h2o_sto3g,strict RR,7,4,0.006286157372414891,0.00011407803211718292,0.4854621306248844,0.13873258606244343
333,h2o_sto3g,order-matched RR,8,4,-0.0062089355878924835,0.00011407803211718292,0.4854621306248844,0.13873258606244343
333,h2o_sto3g,restarted RR+$r$PT2,8,4,0.0010749943157861708,0.00011407803211718292,0.4854621306248844,0.13873258606244343
333,h2o_sto3g,strict RR,9,5,0.00019755930225073826,2.1446918409624265e-05,0.19460789007961277,0.017836376630917906
333,h2o_sto3g,order-matched RR,10,5,-0.0001589484099895344,2.1446918409624265e-05,0.19460789007961277,0.017836376630917906
333,h2o_sto3g,restarted RR+$r$PT2,10,5,2.5551116777933203e-05,2.1446918409624265e-05,0.19460789007961277,0.017836376630917906
333,h2o_sto3g,strict RR,11,6,7.318590178329032e-06,3.764931851782673e-06,0.05736589460994663,0.0016525293159528381
333,h2o_sto3g,order-matched RR,12,6,-5.329070518200751e-06,3.764931851782673e-06,0.05736589460994663,0.0016525293159528381
333,h2o_sto3g,restarted RR+$r$PT2,12,6,6.252776074688882e-07,3.764931851782673e-06,0.05736589460994663,0.0016525293159528381
333,h2o_sto3g,strict RR,13,7,2.842170943040401e-07,8.321595669832038e-07,0.02005737557053805,0.00020056550529115748
333,h2o_sto3g,order-matched RR,14,7,-3.410605131648481e-07,8.321595669832038e-07,0.02005737557053805,0.00020056550529115748
333,h2o_sto3g,restarted RR+$r$PT2,14,7,-5.6843418860808015e-08,8.321595669832038e-07,0.02005737557053805,0.00020056550529115748
333,h2o_sto3g,strict RR,15,8,-1.1368683772161603e-07,2.0780728837435853e-07,0.00842578598339891,3.080851915703866e-05
333,h2o_sto3g,order-matched RR,16,8,-1.4210854715202004e-07,2.0780728837435853e-07,0.00842578598339891,3.080851915703866e-05
333,h2o_sto3g,restarted RR+$r$PT2,16,8,-1.2789769243681803e-07,2.0780728837435853e-07,0.00842578598339891,3.080851915703866e-05
333,h2o_sto3g,strict RR,17,9,-9.947598300641403e-08,3.2902155691378294e-08,0.0024561967860049876,2.3552260426697826e-06
333,h2o_sto3g,order-matched RR,18,9,-9.947598300641403e-08,3.2902155691378294e-08,0.0024561967860049876,2.3552260426697826e-06
333,h2o_sto3g,restarted RR+$r$PT2,18,9,-9.947598300641403e-08,3.2902155691378294e-08,0.0024561967860049876,2.3552260426697826e-06
333,h2o_sto3g,strict RR,19,10,-1.1368683772161603e-07,6.371775192432342e-09,0.0007433839166595042,1.8163252377710525e-07
333,h2o_sto3g,order-matched RR,20,10,-1.1368683772161603e-07,6.371775192432342e-09,0.0007433839166595042,1.8163252377710525e-07
333,h2o_sto3g,restarted RR+$r$PT2,20,10,-1.1368683772161603e-07,6.371775192432342e-09,0.0007433839166595042,1.8163252377710525e-07
333,h2o_sto3g,strict RR,21,11,-1.4210854715202004e-07,1.4471509953139201e-09,0.0003384542753651486,3.071912755023918e-08
333,h2o_sto3g,order-matched RR,22,11,-1.4210854715202004e-07,1.4471509953139201e-09,0.0003384542753651486,3.071912755023918e-08
333,h2o_sto3g,restarted RR+$r$PT2,22,11,-1.4210854715202004e-07,1.4471509953139201e-09,0.0003384542753651486,3.071912755023918e-08
333,h2o_sto3g,strict RR,23,12,-1.1368683772161603e-07,3.005438598831985e-10,0.00013933510967746726,3.971385854313409e-09
333,h2o_sto3g,order-matched RR,24,12,-1.1368683772161603e-07,3.005438598831985e-10,0.00013933510967746726,3.971385854313409e-09
333,h2o_sto3g,restarted RR+$r$PT2,24,12,-1.1368683772161603e-07,3.005438598831985e-10,0.00013933510967746726,3.971385854313409e-09
333,nh3_sto3g,rPT2,2,,-0.5438715575678543,,,
333,nh3_sto3g,PT partial sum,2,,-0.5453965812307615,,,
333,nh3_sto3g,PT partial sum,3,,2.2317871568589,,,
333,nh3_sto3g,PT partial sum,4,,-0.4043532015884921,,,
333,nh3_sto3g,PT partial sum,5,,0.2751452043980862,,,
333,nh3_sto3g,PT partial sum,6,,-0.09842167258966583,,,
333,nh3_sto3g,PT partial sum,7,,0.05404491787430743,,,
333,nh3_sto3g,PT partial sum,8,,-0.025191489783082943,,,
333,nh3_sto3g,PT partial sum,9,,0.013737228243826394,,,
333,nh3_sto3g,PT partial sum,10,,-0.007222709541565564,,,
333,nh3_sto3g,PT partial sum,11,,0.004037097767195519,,,
333,nh3_sto3g,PT partial sum,12,,-0.002245840846626379,,,
333,nh3_sto3g,PT partial sum,13,,0.0012805259075321374,,,
333,nh3_sto3g,PT partial sum,14,,-0.0007313047944990103,,,
333,nh3_sto3g,PT partial sum,15,,0.0004219486982037779,,,
333,nh3_sto3g,PT partial sum,16,,-0.000243971953750588,,,
333,nh3_sto3g,PT partial sum,17,,0.00014168222151056398,,,
333,nh3_sto3g,PT partial sum,18,,-8.243006277552922e-05,,,
333,nh3_sto3g,PT partial sum,19,,4.802558351002517e-05,,,
333,nh3_sto3g,PT partial sum,20,,-2.8045121780451154e-05,,,
333,nh3_sto3g,PT partial sum,21,,1.6356693777197506e-05,,,
333,nh3_sto3g,PT partial sum,22,,-9.585221505403752e-06,,,
333,nh3_sto3g,PT partial sum,23,,5.5848659030743875e-06,,,
333,nh3_sto3g,PT partial sum,24,,-3.289812866569264e-06,,,
333,nh3_sto3g,strict RR,3,2,2.1028570671433044,0.0025000540622517197,1.0,1.0000000000000004
333,nh3_sto3g,order-matched RR,4,2,-0.3981485221515868,0.0025000540622517197,1.0,1.0000000000000004
333,nh3_sto3g,restarted RR+$r$PT2,4,2,-0.15200412661897644,0.0025000540622517197,1.0,1.0000000000000004
333,nh3_sto3g,strict RR,5,3,0.0897283669587523,0.000569912105707756,0.9500465803886288,0.687891853531706
333,nh3_sto3g,order-matched RR,6,3,-0.03992803954133706,0.000569912105707756,0.9500465803886288,0.687891853531706
333,nh3_sto3g,restarted RR+$r$PT2,6,3,-0.0013845351531927008,0.000569912105707756,0.9500465803886288,0.687891853531706
333,nh3_sto3g,strict RR,7,4,0.0047769432853783655,0.00011649396355811529,0.5177496530197419,0.16295132332473103
333,nh3_sto3g,order-matched RR,8,4,-0.0037259013652146677,0.00011649396355811529,0.5177496530197419,0.16295132332473103
333,nh3_sto3g,restarted RR+$r$PT2,8,4,8.413536534135346e-05,0.00011649396355811529,0.5177496530197419,0.16295132332473103
333,nh3_sto3g,strict RR,9,5,0.00029891111807955895,2.8571504941083284e-05,0.32538997700546846,0.05300741320138288
333,nh3_sto3g,order-matched RR,10,5,-0.0003026841000064451,2.8571504941083284e-05,0.32538997700546846,0.05300741320138288
333,nh3_sto3g,restarted RR+$r$PT2,10,5,4.020961341666407e-05,2.8571504941083284e-05,0.32538997700546846,0.05300741320138288
333,nh3_sto3g,strict RR,11,6,1.2860823517257813e-05,6.445483577258395e-06,0.13991178351650202,0.008100556303517768
333,nh3_sto3g,order-matched RR,12,6,-1.3059775483270641e-05,6.445483577258395e-06,0.13991178351650202,0.008100556303517768
333,nh3_sto3g,restarted RR+$r$PT2,12,6,1.5560885913146194e-06,6.445483577258395e-06,0.13991178351650202,0.008100556303517768
333,nh3_sto3g,strict RR,13,7,5.613287612504791e-07,1.2612995064746815e-06,0.05100846527457232,0.001052589534187931
333,nh3_sto3g,order-matched RR,14,7,-6.252776074688882e-07,1.2612995064746815e-06,0.05100846527457232,0.001052589534187931
333,nh3_sto3g,restarted RR+$r$PT2,14,7,5.6843418860808015e-08,1.2612995064746815e-06,0.05100846527457232,0.001052589534187931
333,nh3_sto3g,strict RR,15,8,3.552713678800501e-08,3.107788506720234e-07,0.019670413515873664,0.0001351283941761886
333,nh3_sto3g,order-matched RR,16,8,-4.263256414560601e-08,3.107788506720234e-07,0.019670413515873664,0.0001351283941761886
333,nh3_sto3g,restarted RR+$r$PT2,16,8,0.0,3.107788506720234e-07,0.019670413515873664,0.0001351283941761886
333,nh3_sto3g,strict RR,17,9,-7.105427357601002e-09,7.88047912480927e-08,0.008707620191614179,2.369816368284284e-05
333,nh3_sto3g,order-matched RR,18,9,-1.4210854715202004e-08,7.88047912480927e-08,0.008707620191614179,2.369816368284284e-05
333,nh3_sto3g,restarted RR+$r$PT2,18,9,-7.105427357601002e-09,7.88047912480927e-08,0.008707620191614179,2.369816368284284e-05
333,nh3_sto3g,strict RR,19,10,2.1316282072803006e-08,1.763165381771464e-08,0.0035989477257387446,3.2532391615031046e-06
333,nh3_sto3g,order-matched RR,20,10,2.1316282072803006e-08,1.763165381771464e-08,0.0035989477257387446,3.2532391615031046e-06
333,nh3_sto3g,restarted RR+$r$PT2,20,10,2.1316282072803006e-08,1.763165381771464e-08,0.0035989477257387446,3.2532391615031046e-06
333,nh3_sto3g,strict RR,21,11,7.105427357601002e-09,3.970058782568723e-09,0.001262995866366094,3.3804378201448785e-07
333,nh3_sto3g,order-matched RR,22,11,7.105427357601002e-09,3.970058782568723e-09,0.001262995866366094,3.3804378201448785e-07
333,nh3_sto3g,restarted RR+$r$PT2,22,11,7.105427357601002e-09,3.970058782568723e-09,0.001262995866366094,3.3804378201448785e-07
333,nh3_sto3g,strict RR,23,12,1.4210854715202004e-08,9.540143360460233e-10,0.0005938177442998147,5.89023178962286e-08
333,nh3_sto3g,order-matched RR,24,12,1.4210854715202004e-08,9.540143360460233e-10,0.0005938177442998147,5.89023178962286e-08
333,nh3_sto3g,restarted RR+$r$PT2,24,12,1.4210854715202004e-08,9.540143360460233e-10,0.0005938177442998147,5.89023178962286e-08
333,n2_sto3g,rPT2,2,,-27.76474653387595,,,
333,n2_sto3g,PT partial sum,2,,-27.79573095779142,,,
333,n2_sto3g,PT partial sum,3,,32.93774909707281,,,
333,n2_sto3g,PT partial sum,4,,-32.69437446817847,,,
333,n2_sto3g,PT partial sum,5,,39.53033548498297,,,
333,n2_sto3g,PT partial sum,6,,-47.793880113999876,,,
333,n2_sto3g,PT partial sum,7,,59.28180557646101,,,
333,n2_sto3g,PT partial sum,8,,-73.85837582774002,,,
333,n2_sto3g,PT partial sum,9,,92.6040148527818,,,
333,n2_sto3g,PT partial sum,10,,-116.43251369264362,,,
333,n2_sto3g,PT partial sum,11,,146.7569193636109,,,
333,n2_sto3g,PT partial sum,12,,-185.26323933087951,,,
333,n2_sto3g,PT partial sum,13,,234.15309348706614,,,
333,n2_sto3g,PT partial sum,14,,-296.19307640871284,,,
333,n2_sto3g,PT partial sum,15,,374.9128291019588,,,
333,n2_sto3g,PT partial sum,16,,-474.78778905940544,,,
333,n2_sto3g,PT partial sum,17,,601.509805235878,,,
333,n2_sto3g,PT partial sum,18,,-762.3129625642378,,,
333,n2_sto3g,PT partial sum,19,,966.4012543311173,,,
333,n2_sto3g,PT partial sum,20,,-1225.4906858686354,,,
333,n2_sto3g,PT partial sum,21,,1554.508361095941,,,
333,n2_sto3g,PT partial sum,22,,-1972.489945160305,,,
333,n2_sto3g,PT partial sum,23,,2503.737747105106,,,
333,n2_sto3g,PT partial sum,24,,-3179.317315655794,,,
333,n2_sto3g,PT partial sum,25,,4038.9982602277996,,,
333,n2_sto3g,PT partial sum,26,,-5133.779084175671,,,
333,n2_sto3g,PT partial sum,27,,6529.184249643549,,,
333,n2_sto3g,PT partial sum,28,,-8309.58720720787,,,
333,n2_sto3g,PT partial sum,29,,10583.9040824236,,,
333,n2_sto3g,PT partial sum,30,,-13493.128996699965,,,
333,n2_sto3g,PT partial sum,31,,17220.35856215598,,,
333,n2_sto3g,PT partial sum,32,,-22004.201501957254,,,
333,n2_sto3g,strict RR,3,2,21.528684044369584,0.010415075185796964,1.0,0.9999999999999992
333,n2_sto3g,order-matched RR,4,2,-30.061224009614307,0.010415075185796964,1.0,0.9999999999999992
333,n2_sto3g,restarted RR+$r$PT2,4,2,-9.047287576890994,0.010415075185796964,1.0,0.9999999999999992
333,n2_sto3g,strict RR,5,3,1.6936244691123647,0.002198570893090909,0.7651119576393745,0.35610273158115835
333,n2_sto3g,order-matched RR,6,3,-6.164187155377476,0.002198570893090909,0.7651119576393745,0.35610273158115835
333,n2_sto3g,restarted RR+$r$PT2,6,3,-0.05606773356703343,0.002198570893090909,0.7651119576393745,0.35610273158115835
333,n2_sto3g,strict RR,7,4,0.22521831510857737,0.0007774190870456215,0.2677661939373449,0.03654179427501403
333,n2_sto3g,order-matched RR,8,4,-1.1334217759895182,0.0007774190870456215,0.2677661939373449,0.03654179427501403
333,n2_sto3g,restarted RR+$r$PT2,8,4,0.03500564105252124,0.0007774190870456215,0.2677661939373449,0.03654179427501403
333,n2_sto3g,strict RR,9,5,0.0373643871398599,0.00032487710223396164,0.09337138042015072,0.0038119288004255804
333,n2_sto3g,order-matched RR,10,5,-0.2557121234758597,0.00032487710223396164,0.09337138042015072,0.0038119288004255804
333,n2_sto3g,restarted RR+$r$PT2,10,5,0.005383554935178836,0.00032487710223396164,0.09337138042015072,0.0038119288004255804
333,n2_sto3g,strict RR,11,6,0.004985125201528717,0.00010530792069408433,0.03389452914378006,0.00040489694719251113
333,n2_sto3g,order-matched RR,12,6,-0.03545507354374422,0.00010530792069408433,0.03389452914378006,0.00040489694719251113
333,n2_sto3g,restarted RR+$r$PT2,12,6,0.0014566694517270662,0.00010530792069408433,0.03389452914378006,0.00040489694719251113
333,n2_sto3g,strict RR,13,7,0.0009451213145439397,4.807464822104281e-05,0.010561604188252435,3.205632569589645e-05
333,n2_sto3g,order-matched RR,14,7,-0.009730243277772388,4.807464822104281e-05,0.010561604188252435,3.205632569589645e-05
333,n2_sto3g,restarted RR+$r$PT2,14,7,1.4168222151056398e-05,4.807464822104281e-05,0.010561604188252435,3.205632569589645e-05
333,n2_sto3g,strict RR,15,8,0.0002162749979106593,2.4675955782521043e-05,0.004789141368942577,5.1817986573808715e-06
333,n2_sto3g,order-matched RR,16,8,-0.004638224027075921,2.4675955782521043e-05,0.004789141368942577,5.1817986573808715e-06
333,n2_sto3g,restarted RR+$r$PT2,16,8,2.644640062499093e-05,2.4675955782521043e-05,0.004789141368942577,5.1817986573808715e-06
333,n2_sto3g,strict RR,17,9,2.6062707547680475e-05,8.307257504805433e-06,0.0022191658661368844,5.394522360829457e-07
333,n2_sto3g,order-matched RR,18,9,-0.0006781846195735852,8.307257504805433e-06,0.0022191658661368844,5.394522360829457e-07
333,n2_sto3g,restarted RR+$r$PT2,18,9,5.8690829973784275e-06,8.307257504805433e-06,0.0022191658661368844,5.394522360829457e-07
333,n2_sto3g,strict RR,19,10,3.751665644813329e-06,3.3201126567073173e-06,0.0006252088418275545,3.4088314258385006e-08
333,n2_sto3g,order-matched RR,20,10,-0.00013507417406799505,3.3201126567073173e-06,0.0006252088418275545,3.4088314258385006e-08
333,n2_sto3g,restarted RR+$r$PT2,20,10,2.8421709430404007e-08,3.3201126567073173e-06,0.0006252088418275545,3.4088314258385006e-08
333,n2_sto3g,strict RR,21,11,2.7000623958883807e-07,1.3258359706246323e-06,0.00024756394536952817,4.488358956118627e-09
333,n2_sto3g,order-matched RR,22,11,-2.7995383788947947e-05,1.3258359706246323e-06,0.00024756394536952817,4.488358956118627e-09
333,n2_sto3g,restarted RR+$r$PT2,22,11,-2.5579538487363607e-07,1.3258359706246323e-06,0.00024756394536952817,4.488358956118627e-09
333,n2_sto3g,strict RR,23,12,-2.842170943040401e-07,5.076685531806959e-07,7.969498657344067e-05,3.2735305399288607e-10
333,n2_sto3g,order-matched RR,24,12,-5.7411853049416095e-06,5.076685531806959e-07,7.969498657344067e-05,3.2735305399288607e-10
333,n2_sto3g,restarted RR+$r$PT2,24,12,-3.694822225952521e-07,5.076685531806959e-07,7.969498657344067e-05,3.2735305399288607e-10
333,n2_sto3g,strict RR,25,13,-4.263256414560601e-07,2.438537635179345e-07,2.8787145238394266e-05,3.5813387952385314e-11
333,n2_sto3g,order-matched RR,26,13,-1.4352963262354024e-06,2.438537635179345e-07,2.8787145238394266e-05,3.5813387952385314e-11
333,n2_sto3g,restarted RR+$r$PT2,26,13,-4.405364961712621e-07,2.438537635179345e-07,2.8787145238394266e-05,3.5813387952385314e-11
333,n2_sto3g,strict RR,27,14,-3.979039320256561e-07,8.00522113118815e-08,8.56129937032476e-06,2.559973374492923e-12
333,n2_sto3g,order-matched RR,28,14,-4.547473508864641e-07,8.00522113118815e-08,8.56129937032476e-06,2.559973374492923e-12
333,n2_sto3g,restarted RR+$r$PT2,28,14,-3.979039320256561e-07,8.00522113118815e-08,8.56129937032476e-06,2.559973374492923e-12
333,n2_sto3g,strict RR,29,15,-3.979039320256561e-07,2.3500871027354282e-08,2.367546327104303e-06,1.49772100301888e-13
333,n2_sto3g,order-matched RR,30,15,-3.126388037344441e-07,2.3500871027354282e-08,2.367546327104303e-06,1.49772100301888e-13
333,n2_sto3g,restarted RR+$r$PT2,30,15,-3.979039320256561e-07,2.3500871027354282e-08,2.367546327104303e-06,1.49772100301888e-13
333,n2_sto3g,strict RR,31,16,-4.263256414560601e-07,8.161124600148354e-09,6.442876599968444e-07,9.365465610896248e-15
333,n2_sto3g,order-matched RR,32,16,-2.7000623958883807e-07,8.161124600148354e-09,6.442876599968444e-07,9.365465610896248e-15
333,n2_sto3g,restarted RR+$r$PT2,32,16,-4.263256414560601e-07,8.161124600148354e-09,6.442876599968444e-07,9.365465610896248e-15
333,ch4_sto3g,rPT2,2,,-4.983576985750915,,,
333,ch4_sto3g,PT partial sum,2,,-5.0797856658846285,,,
333,ch4_sto3g,PT partial sum,3,,17.761210081346235,,,
333,ch4_sto3g,PT partial sum,4,,-2.017111476959599,,,
333,ch4_sto3g,PT partial sum,5,,1.8934521719415898,,,
333,ch4_sto3g,PT partial sum,6,,-0.46230022121562797,,,
333,ch4_sto3g,PT partial sum,7,,0.2940751642199757,,,
333,ch4_sto3g,PT partial sum,8,,-0.09676811174585964,,,
333,ch4_sto3g,PT partial sum,9,,0.05350598542008811,,,
333,ch4_sto3g,PT partial sum,10,,-0.01994570908436799,,,
333,ch4_sto3g,PT partial sum,11,,0.010488186319435044,,,
333,ch4_sto3g,PT partial sum,12,,-0.0041650736193332705,,,
333,ch4_sto3g,PT partial sum,13,,0.0021575203845713986,,,
333,ch4_sto3g,PT partial sum,14,,-0.0008952909524850838,,,
333,ch4_sto3g,PT partial sum,15,,0.00046404835529756383,,,
333,ch4_sto3g,PT partial sum,16,,-0.00020054358174093068,,,
333,ch4_sto3g,PT partial sum,17,,0.00010483347523404518,,,
333,ch4_sto3g,PT partial sum,18,,-4.725819735540426e-05,,,
333,ch4_sto3g,PT partial sum,19,,2.502531515347073e-05,,,
333,ch4_sto3g,PT partial sum,20,,-1.177369313154486e-05,,,
333,ch4_sto3g,PT partial sum,21,,6.330935775622493e-06,,,
333,ch4_sto3g,PT partial sum,22,,-3.097966327914037e-06,,,
333,ch4_sto3g,PT partial sum,23,,1.6981971384666394e-06,,,
333,ch4_sto3g,PT partial sum,24,,-8.455458555545192e-07,,,
333,ch4_sto3g,strict RR,3,2,16.876041662783337,0.00734050726821276,1.0,0.9999999999999998
333,ch4_sto3g,order-matched RR,4,2,-1.9858959348084682,0.00734050726821276,1.0,0.9999999999999998
333,ch4_sto3g,restarted RR+$r$PT2,4,2,-0.2766077713545201,0.00734050726821276,1.0,0.9999999999999998
333,ch4_sto3g,strict RR,5,3,0.9020816236215978,0.0017012880859024735,0.9676287891512069,0.7476222545354488
333,ch4_sto3g,order-matched RR,6,3,-0.21167957697798556,0.0017012880859024735,0.9676287891512069,0.7476222545354488
333,ch4_sto3g,restarted RR+$r$PT2,6,3,0.050705942555850925,0.0017012880859024735,0.9676287891512069,0.7476222545354488
333,ch4_sto3g,strict RR,7,4,0.042016424117719,0.00035740405988778236,0.6519875791160686,0.2654035390681879
333,ch4_sto3g,order-matched RR,8,4,-0.007859036088575522,0.00035740405988778236,0.6519875791160686,0.2654035390681879
333,ch4_sto3g,restarted RR+$r$PT2,8,4,0.004951523635554622,0.00035740405988778236,0.6519875791160686,0.2654035390681879
333,ch4_sto3g,strict RR,9,5,0.002778826058147388,8.1532326904581e-05,0.34953201223918057,0.07058845925493111
333,ch4_sto3g,order-matched RR,10,5,-3.7765346405649325e-05,8.1532326904581e-05,0.34953201223918057,0.07058845925493111
333,ch4_sto3g,restarted RR+$r$PT2,10,5,0.0006263505269998859,8.1532326904581e-05,0.34953201223918057,0.07058845925493111
333,ch4_sto3g,strict RR,11,6,0.00025561774918969604,2.5866333378915558e-05,0.20351705764466102,0.02141811916856166
333,ch4_sto3g,order-matched RR,12,6,8.206768598029157e-06,2.5866333378915558e-05,0.20351705764466102,0.02141811916856166
333,ch4_sto3g,restarted RR+$r$PT2,12,6,3.213784793842933e-05,2.5866333378915558e-05,0.20351705764466102,0.02141811916856166
333,ch4_sto3g,strict RR,13,7,1.9703350062627578e-05,7.5050788189101195e-06,0.14010117310180736,0.007384751160281193
333,ch4_sto3g,order-matched RR,14,7,-5.258016244624741e-07,7.5050788189101195e-06,0.14010117310180736,0.007384751160281193
333,ch4_sto3g,restarted RR+$r$PT2,14,7,2.7782220968219917e-06,7.5050788189101195e-06,0.14010117310180736,0.007384751160281193
333,ch4_sto3g,strict RR,15,8,1.1723955140041653e-06,1.9019587169938019e-06,0.0788405962024227,0.0013842691256005309
333,ch4_sto3g,order-matched RR,16,8,-2.8421709430404007e-08,1.9019587169938019e-06,0.0788405962024227,0.0013842691256005309
333,ch4_sto3g,restarted RR+$r$PT2,16,8,1.4921397450962104e-07,1.9019587169938019e-06,0.0788405962024227,0.0013842691256005309
333,ch4_sto3g,strict RR,17,9,2.1316282072803006e-08,4.259146696610999e-07,0.0376042921376174,0.0002486940901373562
333,ch4_sto3g,order-matched RR,18,9,-3.552713678800501e-08,4.259146696610999e-07,0.0376042921376174,0.0002486940901373562
333,ch4_sto3g,restarted RR+$r$PT2,18,9,-2.8421709430404007e-08,4.259146696610999e-07,0.0376042921376174,0.0002486940901373562
333,ch4_sto3g,strict RR,19,10,-2.8421709430404007e-08,8.534482570174474e-08,0.015548193863155018,3.5769414594773906e-05
333,ch4_sto3g,order-matched RR,20,10,-2.8421709430404007e-08,8.534482570174474e-08,0.015548193863155018,3.5769414594773906e-05
333,ch4_sto3g,restarted RR+$r$PT2,20,10,-2.8421709430404007e-08,8.534482570174474e-08,0.015548193863155018,3.5769414594773906e-05
333,ch4_sto3g,strict RR,21,11,-3.552713678800501e-08,1.914414423354807e-08,0.006164207126443567,5.103222519174345e-06
333,ch4_sto3g,order-matched RR,22,11,-3.552713678800501e-08,1.914414423354807e-08,0.006164207126443567,5.103222519174345e-06
333,ch4_sto3g,restarted RR+$r$PT2,22,11,-3.552713678800501e-08,1.914414423354807e-08,0.006164207126443567,5.103222519174345e-06
333,ch4_sto3g,strict RR,23,12,-4.263256414560601e-08,4.376299415374827e-09,0.0026473011803139434,8.542638554917631e-07
333,ch4_sto3g,order-matched RR,24,12,-4.263256414560601e-08,4.376299415374827e-09,0.0026473011803139434,8.542638554917631e-07
333,ch4_sto3g,restarted RR+$r$PT2,24,12,-4.263256414560601e-08,4.376299415374827e-09,0.0026473011803139434,8.542638554917631e-07
333,lif_sto3g,rPT2,2,,0.22389006915091159,,,
333,lif_sto3g,PT partial sum,2,,0.22381598796528124,,,
333,lif_sto3g,PT partial sum,3,,1.3257789959197908,,,
333,lif_sto3g,PT partial sum,4,,-0.5733596992740786,,,
333,lif_sto3g,PT partial sum,5,,0.9804992799899992,,,
333,lif_sto3g,PT partial sum,6,,-1.137857623234595,,,
333,lif_sto3g,PT partial sum,7,,1.670438450673828,,,
333,lif_sto3g,PT partial sum,8,,-2.356358820065907,,,
333,lif_sto3g,PT partial sum,9,,3.4733883893522943,,,
333,lif_sto3g,PT partial sum,10,,-5.121082494952134,,,
333,lif_sto3g,PT partial sum,11,,7.644030759479392,,,
333,lif_sto3g,PT partial sum,12,,-11.461479942909136,,,
333,lif_sto3g,PT partial sum,13,,17.29003277262109,,,
333,lif_sto3g,PT partial sum,14,,-26.196634209441072,,,
333,lif_sto3g,PT partial sum,15,,39.863495629788304,,,
333,lif_sto3g,PT partial sum,16,,-60.888818637749864,,,
333,lif_sto3g,PT partial sum,17,,93.33045564119402,,,
333,lif_sto3g,PT partial sum,18,,-143.51268298185005,,,
333,lif_sto3g,PT partial sum,19,,221.32317140233226,,,
333,lif_sto3g,PT partial sum,20,,-342.23249636511355,,,
333,lif_sto3g,PT partial sum,21,,530.4839993414134,,,
333,lif_sto3g,PT partial sum,22,,-824.1076079826826,,,
333,lif_sto3g,PT partial sum,23,,1282.8239622137971,,,
333,lif_sto3g,PT partial sum,24,,-2000.4998530680496,,,
333,lif_sto3g,PT partial sum,25,,3124.793461125819,,,
333,lif_sto3g,PT partial sum,26,,-4888.148001484183,,,
333,lif_sto3g,PT partial sum,27,,7656.711951767647,,,
333,lif_sto3g,PT partial sum,28,,-12007.57882568837,,,
333,lif_sto3g,PT partial sum,29,,18850.77917079059,,,
333,lif_sto3g,PT partial sum,30,,-29622.004797204227,,,
333,lif_sto3g,PT partial sum,31,,46587.14955185417,,,
333,lif_sto3g,PT partial sum,32,,-73323.64189230134,,,
333,lif_sto3g,strict RR,3,2,1.249734012276349,0.0021076767002815733,1.0,0.9999999999999981
333,lif_sto3g,order-matched RR,4,2,-0.5677280228155723,0.0021076767002815733,1.0,0.9999999999999981
333,lif_sto3g,restarted RR+$r$PT2,4,2,-0.2287467424366696,0.0021076767002815733,1.0,0.9999999999999981
333,lif_sto3g,strict RR,5,3,0.2587251088925768,0.0009225164507176372,0.9401305341149668,0.6591854187029154
333,lif_sto3g,order-matched RR,6,3,-0.5183251801099686,0.0009225164507176372,0.9401305341149668,0.6591854187029154
333,lif_sto3g,restarted RR+$r$PT2,6,3,0.006132850671747292,0.0009225164507176372,0.9401305341149668,0.6591854187029154
333,lif_sto3g,strict RR,7,4,0.05488800525199622,0.00040462937191896014,0.4377022013896446,0.10633509057750876
333,lif_sto3g,order-matched RR,8,4,-0.17651889550052147,0.00040462937191896014,0.4377022013896446,0.10633509057750876
333,lif_sto3g,restarted RR+$r$PT2,8,4,0.011235229635531141,0.00040462937191896014,0.4377022013896446,0.10633509057750876
333,lif_sto3g,strict RR,9,5,0.01297421192703041,0.0001775685670976718,0.1946822073133119,0.01847410519377012
333,lif_sto3g,order-matched RR,10,5,-0.05504998057404009,0.0001775685670976718,0.1946822073133119,0.01847410519377012
333,lif_sto3g,restarted RR+$r$PT2,10,5,0.00328496696511138,0.0001775685670976718,0.1946822073133119,0.01847410519377012
333,lif_sto3g,strict RR,11,6,0.0039054839362506755,0.0001040964178498242,0.07036010405203039,0.0019389392072517108
333,lif_sto3g,order-matched RR,12,6,-0.02767102103007346,0.0001040964178498242,0.07036010405203039,0.0019389392072517108
333,lif_sto3g,restarted RR+$r$PT2,12,6,0.0008005258678167593,0.0001040964178498242,0.07036010405203039,0.0019389392072517108
333,lif_sto3g,strict RR,13,7,0.0009157901104117627,5.200623708941806e-05,0.03184130776912546,0.0002865176634884918
333,lif_sto3g,order-matched RR,14,7,-0.00838743119402352,5.200623708941806e-05,0.03184130776912546,0.0002865176634884918
333,lif_sto3g,restarted RR+$r$PT2,14,7,0.00024867574666131986,5.200623708941806e-05,0.03184130776912546,0.0002865176634884918
333,lif_sto3g,strict RR,15,8,0.00020196466721245088,2.370678864320158e-05,0.010881026939117069,2.4323042797364178e-05
333,lif_sto3g,order-matched RR,16,8,-0.00224625296141312,2.370678864320158e-05,0.010881026939117069,2.4323042797364178e-05
333,lif_sto3g,restarted RR+$r$PT2,16,8,4.170885858911788e-05,2.370678864320158e-05,0.010881026939117069,2.4323042797364178e-05
333,lif_sto3g,strict RR,17,9,4.632738637155853e-05,1.157713824440279e-05,0.0033974269536788406,1.8840661530312388e-06
333,lif_sto3g,order-matched RR,18,9,-0.0006051550371921621,1.157713824440279e-05,0.0033974269536788406,1.8840661530312388e-06
333,lif_sto3g,restarted RR+$r$PT2,18,9,1.5134560271690134e-05,1.157713824440279e-05,0.0033974269536788406,1.8840661530312388e-06
333,lif_sto3g,strict RR,19,10,9.64917035162216e-06,5.447512577770421e-06,0.0011631802824414506,1.6462044646491693e-07
333,lif_sto3g,order-matched RR,20,10,-0.00013250200936454348,5.447512577770421e-06,0.0011631802824414506,1.6462044646491693e-07
333,lif_sto3g,restarted RR+$r$PT2,20,10,2.4016344468691386e-06,5.447512577770421e-06,0.0011631802824414506,1.6462044646491693e-07
333,lif_sto3g,strict RR,21,11,1.8900436771218665e-06,2.6662293171825664e-06,0.00032093268441889743,1.0982965195778032e-08
333,lif_sto3g,order-matched RR,22,11,-3.218758592993254e-05,2.6662293171825664e-06,0.00032093268441889743,1.0982965195778032e-08
333,lif_sto3g,restarted RR+$r$PT2,22,11,2.4158453015843406e-07,2.6662293171825664e-06,0.00032093268441889743,1.0982965195778032e-08
333,lif_sto3g,strict RR,23,12,2.1316282072803006e-07,1.218227069421833e-06,0.00010258282891321635,9.157197659212763e-10
333,lif_sto3g,order-matched RR,24,12,-8.185452315956354e-06,1.218227069421833e-06,0.00010258282891321635,9.157197659212763e-10
333,lif_sto3g,restarted RR+$r$PT2,24,12,-1.2789769243681803e-07,1.218227069421833e-06,0.00010258282891321635,9.157197659212763e-10
333,lif_sto3g,strict RR,25,13,-1.1368683772161603e-07,5.09481311845686e-07,3.146005108824635e-05,6.67160124841956e-11
333,lif_sto3g,order-matched RR,26,13,-2.1600499167107046e-06,5.09481311845686e-07,3.146005108824635e-05,6.67160124841956e-11
333,lif_sto3g,restarted RR+$r$PT2,26,13,-1.7053025658242404e-07,5.09481311845686e-07,3.146005108824635e-05,6.67160124841956e-11
333,lif_sto3g,strict RR,27,14,-1.9895196601282805e-07,2.1641809219727608e-07,9.19391714825774e-06,4.585449926358843e-12
333,lif_sto3g,order-matched RR,28,14,-1.0516032489249483e-06,2.1641809219727608e-07,9.19391714825774e-06,4.585449926358843e-12
333,lif_sto3g,restarted RR+$r$PT2,28,14,-2.1316282072803006e-07,2.1641809219727608e-07,9.19391714825774e-06,4.585449926358843e-12
333,lif_sto3g,strict RR,29,15,-1.8474111129762605e-07,8.814737682220345e-08,2.4563570030663293e-06,2.7707576368397843e-13
333,lif_sto3g,order-matched RR,30,15,-1.4921397450962104e-06,8.814737682220345e-08,2.4563570030663293e-06,2.7707576368397843e-13
333,lif_sto3g,restarted RR+$r$PT2,30,15,-1.8474111129762605e-07,8.814737682220345e-08,2.4563570030663293e-06,2.7707576368397843e-13
333,lif_sto3g,strict RR,31,16,-2.1316282072803006e-07,3.6979175882413146e-08,7.371705599178519e-07,2.1800915909522408e-14
333,lif_sto3g,order-matched RR,32,16,-3.325340003357269e-06,3.6979175882413146e-08,7.371705599178519e-07,2.1800915909522408e-14
333,lif_sto3g,restarted RR+$r$PT2,32,16,-2.1316282072803006e-07,3.6979175882413146e-08,7.371705599178519e-07,2.1800915909522408e-14
334,lih_sto3g,rPT2,2,,-0.04490013694180561,,,
334,lih_sto3g,PT partial sum,2,,-0.04490381400046317,,,
334,lih_sto3g,PT partial sum,3,,0.054134731364285926,,,
334,lih_sto3g,PT partial sum,4,,-0.0006731513124691446,,,
334,lih_sto3g,PT partial sum,5,,0.00944510070155502,,,
334,lih_sto3g,PT partial sum,6,,2.3168134077877767e-05,,,
334,lih_sto3g,PT partial sum,7,,0.0019207098134188527,,,
334,lih_sto3g,PT partial sum,8,,1.4281020810358314e-05,,,
334,lih_sto3g,PT partial sum,9,,0.0004008056109228164,,,
334,lih_sto3g,PT partial sum,10,,3.709921259087423e-06,,,
334,lih_sto3g,PT partial sum,11,,8.447997856819711e-05,,,
334,lih_sto3g,PT partial sum,12,,8.402167850363185e-07,,,
334,lih_sto3g,PT partial sum,13,,1.7911006011672725e-05,,,
334,lih_sto3g,PT partial sum,14,,1.865174681370263e-07,,,
334,lih_sto3g,PT partial sum,15,,3.818279026290838e-06,,,
334,lih_sto3g,PT partial sum,16,,4.707345624410664e-08,,,
334,lih_sto3g,PT partial sum,17,,8.22453216642316e-07,,,
334,lih_sto3g,PT partial sum,18,,1.7763568394002505e-08,,,
334,lih_sto3g,PT partial sum,19,,1.8385293287792592e-07,,,
334,lih_sto3g,PT partial sum,20,,1.2434497875801753e-08,,,
334,lih_sto3g,PT partial sum,21,,4.796163466380676e-08,,,
334,lih_sto3g,PT partial sum,22,,1.1546319456101628e-08,,,
334,lih_sto3g,PT partial sum,23,,1.865174681370263e-08,,,
334,lih_sto3g,PT partial sum,24,,1.0658141036401503e-08,,,
334,lih_sto3g,strict RR,3,2,0.04948003429205983,0.0001883332235555155,1.0,0.9999999999999993
334,lih_sto3g,order-matched RR,4,2,-0.00044377035379739027,0.0001883332235555155,1.0,0.9999999999999993
334,lih_sto3g,restarted RR+$r$PT2,4,2,0.009416527113614848,0.0001883332235555155,1.0,0.9999999999999993
334,lih_sto3g,strict RR,5,3,0.007322672246345974,7.255339065352038e-05,0.9375720187999799,0.6522088132753644
334,lih_sto3g,order-matched RR,6,3,0.0004980647005936589,7.255339065352038e-05,0.9375720187999799,0.6522088132753644
334,lih_sto3g,restarted RR+$r$PT2,6,3,0.0024058257608317035,7.255339065352038e-05,0.9375720187999799,0.6522088132753644
334,lih_sto3g,strict RR,7,4,0.00034348435207220973,2.7212872356144495e-05,0.7066523252366345,0.3342161802435732
334,lih_sto3g,order-matched RR,8,4,9.563994041172919e-05,2.7212872356144495e-05,0.7066523252366345,0.3342161802435732
334,lih_sto3g,restarted RR+$r$PT2,8,4,6.566391874684996e-05,2.7212872356144495e-05,0.7066523252366345,0.3342161802435732
334,lih_sto3g,strict RR,9,5,1.0903278280238737e-05,3.4842688744141997e-06,0.1772119902762464,0.015781637509591627
334,lih_sto3g,order-matched RR,10,5,3.198330489340151e-06,3.4842688744141997e-06,0.1772119902762464,0.015781637509591627
334,lih_sto3g,restarted RR+$r$PT2,10,5,1.2434497875801753e-06,3.4842688744141997e-06,0.1772119902762464,0.015781637509591627
334,lih_sto3g,strict RR,11,6,6.45705711121991e-07,8.496396317920942e-07,0.1480785285347875,0.00796593636886734
334,lih_sto3g,order-matched RR,12,6,2.4513724383723456e-07,8.496396317920942e-07,0.1480785285347875,0.00796593636886734
334,lih_sto3g,restarted RR+$r$PT2,12,6,2.3181456754173269e-07,8.496396317920942e-07,0.1480785285347875,0.00796593636886734
334,lih_sto3g,strict RR,13,7,6.217248937900877e-08,2.2467784316627157e-07,0.04033840210366853,0.0006214844782173432
334,lih_sto3g,order-matched RR,14,7,3.6415315207705135e-08,2.2467784316627157e-07,0.04033840210366853,0.0006214844782173432
334,lih_sto3g,restarted RR+$r$PT2,14,7,2.7533531010703882e-08,2.2467784316627157e-07,0.04033840210366853,0.0006214844782173432
334,lih_sto3g,strict RR,15,8,1.5987211554602254e-08,6.069201662991423e-08,0.0370836439092928,0.000328978441535966
334,lih_sto3g,order-matched RR,16,8,1.4210854715202004e-08,6.069201662991423e-08,0.0370836439092928,0.000328978441535966
334,lih_sto3g,restarted RR+$r$PT2,16,8,1.4210854715202004e-08,6.069201662991423e-08,0.0370836439092928,0.000328978441535966
334,lih_sto3g,strict RR,17,9,1.4210854715202004e-08,1.0068721614973125e-08,0.008455905612905016,1.3814129894702533e-05
334,lih_sto3g,order-matched RR,18,9,1.4210854715202004e-08,1.0068721614973125e-08,0.008455905612905016,1.3814129894702533e-05
334,lih_sto3g,restarted RR+$r$PT2,18,9,1.4210854715202004e-08,1.0068721614973125e-08,0.008455905612905016,1.3814129894702533e-05
334,lih_sto3g,strict RR,19,10,1.3322676295501878e-08,1.357444459195594e-09,0.0037067763202522203,2.15225555493591e-06
334,lih_sto3g,order-matched RR,20,10,1.3322676295501878e-08,1.357444459195594e-09,0.0037067763202522203,2.15225555493591e-06
334,lih_sto3g,restarted RR+$r$PT2,20,10,1.3322676295501878e-08,1.357444459195594e-09,0.0037067763202522203,2.15225555493591e-06
334,lih_sto3g,strict RR,21,11,1.509903313490213e-08,3.3521813083505403e-10,0.0007816268729858795,9.047386514715675e-08
334,lih_sto3g,order-matched RR,22,11,1.509903313490213e-08,3.3521813083505403e-10,0.0007816268729858795,9.047386514715675e-08
334,lih_sto3g,restarted RR+$r$PT2,22,11,1.509903313490213e-08,3.3521813083505403e-10,0.0007816268729858795,9.047386514715675e-08
334,lih_sto3g,strict RR,23,12,1.509903313490213e-08,9.485293856849216e-11,0.000775061320908441,4.7486569484790485e-08
334,lih_sto3g,order-matched RR,24,12,1.509903313490213e-08,9.485293856849216e-11,0.000775061320908441,4.7486569484790485e-08
334,lih_sto3g,restarted RR+$r$PT2,24,12,1.509903313490213e-08,9.485293856849216e-11,0.000775061320908441,4.7486569484790485e-08
334,h2o_sto3g,rPT2,2,,-5.36742621193298,,,
334,h2o_sto3g,PT partial sum,2,,-5.369893685269744,,,
334,h2o_sto3g,PT partial sum,3,,3.568830138078738,,,
334,h2o_sto3g,PT partial sum,4,,-1.0417372067195174,,,
334,h2o_sto3g,PT partial sum,5,,0.574722690771523,,,
334,h2o_sto3g,PT partial sum,6,,-0.2658228339669222,,,
334,h2o_sto3g,PT partial sum,7,,0.1495403836315745,,,
334,h2o_sto3g,PT partial sum,8,,-0.0805666076075795,,,
334,h2o_sto3g,PT partial sum,9,,0.04581144708026841,,,
334,h2o_sto3g,PT partial sum,10,,-0.025727700858624303,,,
334,h2o_sto3g,PT partial sum,11,,0.01466683841044869,,,
334,h2o_sto3g,PT partial sum,12,,-0.00832866930977616,,,
334,h2o_sto3g,PT partial sum,13,,0.004750233983941143,,,
334,h2o_sto3g,PT partial sum,14,,-0.002705931478885759,,,
334,h2o_sto3g,PT partial sum,15,,0.0015433130329256528,,,
334,h2o_sto3g,PT partial sum,16,,-0.0008800498108030297,,,
334,h2o_sto3g,PT partial sum,17,,0.0005018137017032132,,,
334,h2o_sto3g,PT partial sum,18,,-0.0002863345116566052,,,
334,h2o_sto3g,PT partial sum,19,,0.0001631690338399494,,,
334,h2o_sto3g,PT partial sum,20,,-9.320899607700994e-05,,,
334,h2o_sto3g,PT partial sum,21,,5.3006488087703474e-05,,,
334,h2o_sto3g,PT partial sum,22,,-3.0382807381101884e-05,,,
334,h2o_sto3g,PT partial sum,23,,1.7180923350679222e-05,,,
334,h2o_sto3g,PT partial sum,24,,-9.947598300641403e-06,,,
334,h2o_sto3g,strict RR,3,2,2.4835763667852007,0.002402861749936416,1.0,0.9999999999999998
334,h2o_sto3g,order-matched RR,4,2,-0.8920690106606344,0.002402861749936416,1.0,0.9999999999999998
334,h2o_sto3g,restarted RR+$r$PT2,4,2,-0.1106686227103637,0.002402861749936416,1.0,0.9999999999999998
334,h2o_sto3g,strict RR,5,3,0.12811587168926053,0.0005484983981988279,0.8443796710756294,0.46425475170169633
334,h2o_sto3g,order-matched RR,6,3,-0.09981664561564685,0.0005484983981988279,0.8443796710756294,0.46425475170169633
334,h2o_sto3g,restarted RR+$r$PT2,6,3,-0.013430707213046844,0.0005484983981988279,0.8443796710756294,0.46425475170169633
334,h2o_sto3g,strict RR,7,4,0.0062870952888260945,0.00011414922781034225,0.4854672078981255,0.13873642586085858
334,h2o_sto3g,order-matched RR,8,4,-0.006209674552337674,0.00011414922781034225,0.4854672078981255,0.13873642586085858
334,h2o_sto3g,restarted RR+$r$PT2,8,4,0.0010750937917691772,0.00011414922781034225,0.4854672078981255,0.13873642586085858
334,h2o_sto3g,strict RR,9,5,0.00019755930225073826,2.145296382243383e-05,0.19461145079032316,0.017837247334838723
334,h2o_sto3g,order-matched RR,10,5,-0.00015897683169896482,2.145296382243383e-05,0.19461145079032316,0.017837247334838723
334,h2o_sto3g,restarted RR+$r$PT2,10,5,2.5551116777933203e-05,2.145296382243383e-05,0.19461145079032316,0.017837247334838723
334,h2o_sto3g,strict RR,11,6,7.332801033044234e-06,3.7664844168672233e-06,0.05736382654852914,0.0016523967254970624
334,h2o_sto3g,order-matched RR,12,6,-5.314859663485549e-06,3.7664844168672233e-06,0.05736382654852914,0.0016523967254970624
334,h2o_sto3g,restarted RR+$r$PT2,12,6,6.394884621840902e-07,3.7664844168672233e-06,0.05736382654852914,0.0016523967254970624
334,h2o_sto3g,strict RR,13,7,2.5579538487363607e-07,8.323802201343698e-07,0.020060216340165013,0.0002006123699611565
334,h2o_sto3g,order-matched RR,14,7,-3.836930773104541e-07,8.323802201343698e-07,0.020060216340165013,0.0002006123699611565
334,h2o_sto3g,restarted RR+$r$PT2,14,7,-8.526512829121202e-08,8.323802201343698e-07,0.020060216340165013,0.0002006123699611565
334,h2o_sto3g,strict RR,15,8,-1.1368683772161603e-07,2.0793070864377914e-07,0.008426627643102464,3.081098339349331e-05
334,h2o_sto3g,order-matched RR,16,8,-1.4210854715202004e-07,2.0793070864377914e-07,0.008426627643102464,3.081098339349331e-05
334,h2o_sto3g,restarted RR+$r$PT2,16,8,-1.2789769243681803e-07,2.0793070864377914e-07,0.008426627643102464,3.081098339349331e-05
334,h2o_sto3g,strict RR,17,9,-1.1368683772161603e-07,3.294722233107328e-08,0.002459186222750593,2.3604204225434636e-06
334,h2o_sto3g,order-matched RR,18,9,-1.1368683772161603e-07,3.294722233107328e-08,0.002459186222750593,2.3604204225434636e-06
334,h2o_sto3g,restarted RR+$r$PT2,18,9,-1.1368683772161603e-07,3.294722233107328e-08,0.002459186222750593,2.3604204225434636e-06
334,h2o_sto3g,strict RR,19,10,-1.2789769243681803e-07,6.3979175060744155e-09,0.0007460499915115112,1.8277654498819346e-07
334,h2o_sto3g,order-matched RR,20,10,-1.2789769243681803e-07,6.3979175060744155e-09,0.0007460499915115112,1.8277654498819346e-07
334,h2o_sto3g,restarted RR+$r$PT2,20,10,-1.2789769243681803e-07,6.3979175060744155e-09,0.0007460499915115112,1.8277654498819346e-07
334,h2o_sto3g,strict RR,21,11,-1.1368683772161603e-07,1.4542275602870235e-09,0.00034028512932511633,3.0947519766064256e-08
334,h2o_sto3g,order-matched RR,22,11,-1.1368683772161603e-07,1.4542275602870235e-09,0.00034028512932511633,3.0947519766064256e-08
334,h2o_sto3g,restarted RR+$r$PT2,22,11,-1.1368683772161603e-07,1.4542275602870235e-09,0.00034028512932511633,3.0947519766064256e-08
334,h2o_sto3g,strict RR,23,12,-1.1368683772161603e-07,3.012935540489943e-10,0.00014016469746630853,4.0028077309370415e-09
334,h2o_sto3g,order-matched RR,24,12,-1.1368683772161603e-07,3.012935540489943e-10,0.00014016469746630853,4.0028077309370415e-09
334,h2o_sto3g,restarted RR+$r$PT2,24,12,-1.1368683772161603e-07,3.012935540489943e-10,0.00014016469746630853,4.0028077309370415e-09
334,nh3_sto3g,rPT2,2,,-0.5457831235844424,,,
334,nh3_sto3g,PT partial sum,2,,-0.5473091135854702,,,
334,nh3_sto3g,PT partial sum,3,,2.231641694550035,,,
334,nh3_sto3g,PT partial sum,4,,-0.40448932026038165,,,
334,nh3_sto3g,PT partial sum,5,,0.27521249990059005,,,
334,nh3_sto3g,PT partial sum,6,,-0.0984864669817398,,,
334,nh3_sto3g,PT partial sum,7,,0.0540827969075508,,,
334,nh3_sto3g,PT partial sum,8,,-0.02521661457421942,,,
334,nh3_sto3g,PT partial sum,9,,0.0137517233156359,,,
334,nh3_sto3g,PT partial sum,10,,-0.00723154869319842,,,
334,nh3_sto3g,PT partial sum,11,,0.004042163936901488,,,
334,nh3_sto3g,PT partial sum,12,,-0.0022488819695354323,,,
334,nh3_sto3g,PT partial sum,13,,0.0012822383155253192,,,
334,nh3_sto3g,PT partial sum,14,,-0.0007323563977479353,,,
334,nh3_sto3g,PT partial sum,15,,0.00042250292153767077,,,
334,nh3_sto3g,PT partial sum,16,,-0.00024435564682789845,,,
334,nh3_sto3g,PT partial sum,17,,0.0001418456463397888,,,
334,nh3_sto3g,PT partial sum,18,,-8.257927675003884e-05,,,
334,nh3_sto3g,PT partial sum,19,,4.8061110646813177e-05,,,
334,nh3_sto3g,PT partial sum,20,,-2.8116176054027164e-05,,,
334,nh3_sto3g,PT partial sum,21,,1.6349588349839905e-05,,,
334,nh3_sto3g,PT partial sum,22,,-9.627854069549358e-06,,,
334,nh3_sto3g,PT partial sum,23,,5.5564441936439835e-06,,,
334,nh3_sto3g,PT partial sum,24,,-3.325340003357269e-06,,,
334,nh3_sto3g,strict RR,3,2,2.1026222896125546,0.002499901049189397,1.0,1.0
334,nh3_sto3g,order-matched RR,4,2,-0.39828003650654864,0.002499901049189397,1.0,1.0
334,nh3_sto3g,restarted RR+$r$PT2,4,2,-0.15214175874689317,0.002499901049189397,1.0,1.0
334,nh3_sto3g,strict RR,5,3,0.089785764600947,0.0005705569876916406,0.9500657170861652,0.6879501110117932
334,nh3_sto3g,order-matched RR,6,3,-0.0399834192421622,0.0005705569876916406,0.9500657170861652,0.6879501110117932
334,nh3_sto3g,restarted RR+$r$PT2,6,3,-0.0013798384657093266,0.0005705569876916406,0.9500657170861652,0.6879501110117932
334,nh3_sto3g,strict RR,7,4,0.004777234607900027,0.00011655340368373601,0.5178419068806766,0.1630068673533006
334,nh3_sto3g,order-matched RR,8,4,-0.0037287364307303505,0.00011655340368373601,0.5178419068806766,0.1630068673533006
334,nh3_sto3g,restarted RR+$r$PT2,8,4,8.43840552988695e-05,0.00011655340368373601,0.5178419068806766,0.1630068673533006
334,nh3_sto3g,strict RR,9,5,0.0002986979552588309,2.8579522548762092e-05,0.3251800276199884,0.052937827849351145
334,nh3_sto3g,order-matched RR,10,5,-0.0003027906814168091,2.8579522548762092e-05,0.3251800276199884,0.052937827849351145
334,nh3_sto3g,restarted RR+$r$PT2,10,5,4.0103032006300054e-05,2.8579522548762092e-05,0.3251800276199884,0.052937827849351145
334,nh3_sto3g,strict RR,11,6,1.2796874671039404e-05,6.445204885838437e-06,0.13980504828360757,0.008088724209123153
334,nh3_sto3g,order-matched RR,12,6,-1.312372432948905e-05,6.445204885838437e-06,0.13980504828360757,0.008088724209123153
334,nh3_sto3g,restarted RR+$r$PT2,12,6,1.4921397450962104e-06,6.445204885838437e-06,0.13980504828360757,0.008088724209123153
334,nh3_sto3g,strict RR,13,7,5.115907697472721e-07,1.2607919355929552e-06,0.0509764359256071,0.001051282455208824
334,nh3_sto3g,order-matched RR,14,7,-6.679101716144942e-07,1.2607919355929552e-06,0.0509764359256071,0.001051282455208824
334,nh3_sto3g,restarted RR+$r$PT2,14,7,7.105427357601002e-09,1.2607919355929552e-06,0.0509764359256071,0.001051282455208824
334,nh3_sto3g,strict RR,15,8,7.105427357601002e-09,3.1072244769351585e-07,0.01964441020536747,0.00013476873230372277
334,nh3_sto3g,order-matched RR,16,8,-7.105427357601002e-08,3.1072244769351585e-07,0.01964441020536747,0.00013476873230372277
334,nh3_sto3g,restarted RR+$r$PT2,16,8,-2.8421709430404007e-08,3.1072244769351585e-07,0.01964441020536747,0.00013476873230372277
334,nh3_sto3g,strict RR,17,9,-4.263256414560601e-08,7.87805075196554e-08,0.008701051304241467,2.365484259517158e-05
334,nh3_sto3g,order-matched RR,18,9,-4.973799150320701e-08,7.87805075196554e-08,0.008701051304241467,2.365484259517158e-05
334,nh3_sto3g,restarted RR+$r$PT2,18,9,-4.263256414560601e-08,7.87805075196554e-08,0.008701051304241467,2.365484259517158e-05
334,nh3_sto3g,strict RR,19,10,-3.552713678800501e-08,1.762942795914692e-08,0.0035961506116381765,3.2474748122173016e-06
334,nh3_sto3g,order-matched RR,20,10,-3.552713678800501e-08,1.762942795914692e-08,0.0035961506116381765,3.2474748122173016e-06
334,nh3_sto3g,restarted RR+$r$PT2,20,10,-3.552713678800501e-08,1.762942795914692e-08,0.0035961506116381765,3.2474748122173016e-06
334,nh3_sto3g,strict RR,21,11,-2.1316282072803006e-08,3.9701345820504405e-09,0.0012618683284688049,3.3740813552606857e-07
334,nh3_sto3g,order-matched RR,22,11,-2.1316282072803006e-08,3.9701345820504405e-09,0.0012618683284688049,3.3740813552606857e-07
334,nh3_sto3g,restarted RR+$r$PT2,22,11,-2.1316282072803006e-08,3.9701345820504405e-09,0.0012618683284688049,3.3740813552606857e-07
334,nh3_sto3g,strict RR,23,12,-4.263256414560601e-08,9.536816630728913e-10,0.0005931331201592086,5.874568150010302e-08
334,nh3_sto3g,order-matched RR,24,12,-4.263256414560601e-08,9.536816630728913e-10,0.0005931331201592086,5.874568150010302e-08
334,nh3_sto3g,restarted RR+$r$PT2,24,12,-4.263256414560601e-08,9.536816630728913e-10,0.0005931331201592086,5.874568150010302e-08
334,n2_sto3g,rPT2,2,,-27.765369893018033,,,
334,n2_sto3g,PT partial sum,2,,-27.796354657994016,,,
334,n2_sto3g,PT partial sum,3,,32.938345100319566,,,
334,n2_sto3g,PT partial sum,4,,-32.69482297696413,,,
334,n2_sto3g,PT partial sum,5,,39.53058798344955,,,
334,n2_sto3g,PT partial sum,6,,-47.79396324749996,,,
334,n2_sto3g,PT partial sum,7,,59.28171039215613,,,
334,n2_sto3g,PT partial sum,8,,-73.85810033611051,,,
334,n2_sto3g,PT partial sum,9,,92.60354751461364,,,
334,n2_sto3g,PT partial sum,10,,-116.43184421927799,,,
334,n2_sto3g,PT partial sum,11,,146.75603999592113,,,
334,n2_sto3g,PT partial sum,12,,-185.26215406211577,,,
334,n2_sto3g,PT partial sum,13,,234.1518288773159,,,
334,n2_sto3g,PT partial sum,14,,-296.19170072692214,,,
334,n2_sto3g,PT partial sum,15,,374.91148117396733,,,
334,n2_sto3g,PT partial sum,16,,-474.78672372847086,,,
334,n2_sto3g,PT partial sum,17,,601.5094632658702,,,
334,n2_sto3g,PT partial sum,18,,-762.3140778889592,,,
334,n2_sto3g,PT partial sum,19,,966.4050175217653,,,
334,n2_sto3g,PT partial sum,20,,-1225.4989923121684,,,
334,n2_sto3g,PT partial sum,21,,1554.5241862184866,,,
334,n2_sto3g,PT partial sum,22,,-1972.5179099623347,,,
334,n2_sto3g,PT partial sum,23,,2503.7849683968716,,,
334,n2_sto3g,PT partial sum,24,,-3179.394681566805,,,
334,n2_sto3g,PT partial sum,25,,4039.122340117274,,,
334,n2_sto3g,PT partial sum,26,,-5133.974984175893,,,
334,n2_sto3g,PT partial sum,27,,6529.489876797356,,,
334,n2_sto3g,PT partial sum,28,,-8310.059629963007,,,
334,n2_sto3g,PT partial sum,29,,10584.629009628088,,,
334,n2_sto3g,PT partial sum,30,,-13494.23489337198,,,
334,n2_sto3g,PT partial sum,31,,17222.037656651424,,,
334,n2_sto3g,PT partial sum,32,,-22006.74103168865,,,
334,n2_sto3g,strict RR,3,2,21.528921749336405,0.010415180483896808,1.0,1.0000000000000002
334,n2_sto3g,order-matched RR,4,2,-30.061552962479254,0.010415180483896808,1.0,1.0000000000000002
334,n2_sto3g,restarted RR+$r$PT2,4,2,-9.047141517726232,0.010415180483896808,1.0,1.0000000000000002
334,n2_sto3g,strict RR,5,3,1.693621811682533,0.002198549180051517,0.7651070916761787,0.3560969496369665
334,n2_sto3g,order-matched RR,6,3,-6.164248560480701,0.002198549180051517,0.7651070916761787,0.3560969496369665
334,n2_sto3g,restarted RR+$r$PT2,6,3,-0.05609707898202032,0.002198549180051517,0.7651070916761787,0.3560969496369665
334,n2_sto3g,strict RR,7,4,0.22522391418533516,0.0007774235301151563,0.2677683259576013,0.03654236971158498
334,n2_sto3g,order-matched RR,8,4,-1.1335063305750737,0.0007774235301151563,0.2677683259576013,0.03654236971158498
334,n2_sto3g,restarted RR+$r$PT2,8,4,0.0350045752384176,0.0007774235301151563,0.2677683259576013,0.03654236971158498
334,n2_sto3g,strict RR,9,5,0.037365467164818256,0.0003248769298097532,0.09337439331767686,0.0038121075110371288
334,n2_sto3g,order-matched RR,10,5,-0.2557321465701534,0.0003248769298097532,0.09337439331767686,0.0038121075110371288
334,n2_sto3g,restarted RR+$r$PT2,10,5,0.0053839528391108615,0.0003248769298097532,0.09337439331767686,0.0038121075110371288
334,n2_sto3g,strict RR,11,6,0.004985594159734319,0.00010531148833953245,0.03389583577643416,0.0004049137202927492
334,n2_sto3g,order-matched RR,12,6,-0.03546446691871097,0.00010531148833953245,0.03389583577643416,0.0004049137202927492
334,n2_sto3g,restarted RR+$r$PT2,12,6,0.0014564136563421926,0.00010531148833953245,0.03389583577643416,0.0004049137202927492
334,n2_sto3g,strict RR,13,7,0.0009456755378778325,4.808501280158693e-05,0.010563879135880024,3.206802226009881e-05
334,n2_sto3g,order-matched RR,14,7,-0.009742336715135025,4.808501280158693e-05,0.010563879135880024,3.206802226009881e-05
334,n2_sto3g,restarted RR+$r$PT2,14,7,1.4139800441625994e-05,4.808501280158693e-05,0.010563879135880024,3.206802226009881e-05
334,n2_sto3g,strict RR,15,8,0.0002164028956030961,2.4679265925720133e-05,0.004792269315025886,5.1863573160438795e-06
334,n2_sto3g,order-matched RR,16,8,-0.004641364625967981,2.4679265925720133e-05,0.004792269315025886,5.1863573160438795e-06
334,n2_sto3g,restarted RR+$r$PT2,16,8,2.6560087462712545e-05,2.4679265925720133e-05,0.004792269315025886,5.1863573160438795e-06
334,n2_sto3g,strict RR,17,9,2.610534011182608e-05,8.307966520446224e-06,0.0022196499130258136,5.39541234824655e-07
334,n2_sto3g,order-matched RR,18,9,-0.0006784830475226045,8.307966520446224e-06,0.0022196499130258136,5.39541234824655e-07
334,n2_sto3g,restarted RR+$r$PT2,18,9,5.9117155615240335e-06,8.307966520446224e-06,0.0022196499130258136,5.39541234824655e-07
334,n2_sto3g,strict RR,19,10,3.822719918389339e-06,3.320746546868731e-06,0.0006253808491440124,3.4103834828217724e-08
334,n2_sto3g,order-matched RR,20,10,-0.00013515943919628626,3.320746546868731e-06,0.0006253808491440124,3.4103834828217724e-08
334,n2_sto3g,restarted RR+$r$PT2,20,10,9.947598300641403e-08,3.320746546868731e-06,0.0006253808491440124,3.4103834828217724e-08
334,n2_sto3g,strict RR,21,11,3.552713678800501e-07,1.3260187186324471e-06,0.00024770442054339184,4.4916204782503136e-09
334,n2_sto3g,order-matched RR,22,11,-2.7966962079517543e-05,1.3260187186324471e-06,0.00024770442054339184,4.4916204782503136e-09
334,n2_sto3g,restarted RR+$r$PT2,22,11,-1.7053025658242404e-07,1.3260187186324471e-06,0.00024770442054339184,4.4916204782503136e-09
334,n2_sto3g,strict RR,23,12,-2.2737367544323206e-07,5.077380102046273e-07,7.972385027656108e-05,3.2749697451387973e-10
334,n2_sto3g,order-matched RR,24,12,-5.7269744502264075e-06,5.077380102046273e-07,7.972385027656108e-05,3.2749697451387973e-10
334,n2_sto3g,restarted RR+$r$PT2,24,12,-3.126388037344441e-07,5.077380102046273e-07,7.972385027656108e-05,3.2749697451387973e-10
334,n2_sto3g,strict RR,25,13,-2.842170943040401e-07,2.4388599364505e-07,2.879585521775531e-05,3.582942919075879e-11
334,n2_sto3g,order-matched RR,26,13,-1.3642420526593924e-06,2.4388599364505e-07,2.879585521775531e-05,3.582942919075879e-11
334,n2_sto3g,restarted RR+$r$PT2,26,13,-2.984279490192421e-07,2.4388599364505e-07,2.879585521775531e-05,3.582942919075879e-11
334,n2_sto3g,strict RR,27,14,-3.268496584496461e-07,8.004494460261826e-08,8.563295691359767e-06,2.5612194518640163e-12
334,n2_sto3g,order-matched RR,28,14,-4.973799150320701e-07,8.004494460261826e-08,8.563295691359767e-06,2.5612194518640163e-12
334,n2_sto3g,restarted RR+$r$PT2,28,14,-3.268496584496461e-07,8.004494460261826e-08,8.563295691359767e-06,2.5612194518640163e-12
334,n2_sto3g,strict RR,29,15,-3.552713678800501e-07,2.348348426238579e-08,2.366518550745286e-06,1.4965301517612075e-13
334,n2_sto3g,order-matched RR,30,15,-4.121147867408581e-07,2.348348426238579e-08,2.366518550745286e-06,1.4965301517612075e-13
334,n2_sto3g,restarted RR+$r$PT2,30,15,-3.552713678800501e-07,2.348348426238579e-08,2.366518550745286e-06,1.4965301517612075e-13
334,n2_sto3g,strict RR,31,16,-3.268496584496461e-07,8.137995459798829e-09,6.424011956623195e-07,8.571407240296167e-15
334,n2_sto3g,order-matched RR,32,16,-3.836930773104541e-07,8.137995459798829e-09,6.424011956623195e-07,8.571407240296167e-15
334,n2_sto3g,restarted RR+$r$PT2,32,16,-3.268496584496461e-07,8.137995459798829e-09,6.424011956623195e-07,8.571407240296167e-15
334,ch4_sto3g,rPT2,2,,-4.988509111569783,,,
334,ch4_sto3g,PT partial sum,2,,-5.0847340773430005,,,
334,ch4_sto3g,PT partial sum,3,,17.762259332698704,,,
334,ch4_sto3g,PT partial sum,4,,-2.0170352712511885,,,
334,ch4_sto3g,PT partial sum,5,,1.8934268197767778,,,
334,ch4_sto3g,PT partial sum,6,,-0.4622524727437849,,,
334,ch4_sto3g,PT partial sum,7,,0.29405873647192493,,,
334,ch4_sto3g,PT partial sum,8,,-0.09675736123426759,,,
334,ch4_sto3g,PT partial sum,9,,0.05350182874508391,,,
334,ch4_sto3g,PT partial sum,10,,-0.019943406925904128,,,
334,ch4_sto3g,PT partial sum,11,,0.010487184454177623,,,
334,ch4_sto3g,PT partial sum,12,,-0.004164554923136166,,,
334,ch4_sto3g,PT partial sum,13,,0.002157264589186525,,,
334,ch4_sto3g,PT partial sum,14,,-0.0008951701602200046,,,
334,ch4_sto3g,PT partial sum,15,,0.0004639773010239878,,,
334,ch4_sto3g,PT partial sum,16,,-0.00020052226545885787,,,
334,ch4_sto3g,PT partial sum,17,,0.00010480505352461478,,,
334,ch4_sto3g,PT partial sum,18,,-4.7265302782761864e-05,,,
334,ch4_sto3g,PT partial sum,19,,2.5003998871397926e-05,,,
334,ch4_sto3g,PT partial sum,20,,-1.1780798558902461e-05,,,
334,ch4_sto3g,PT partial sum,21,,6.316724920907291e-06,,,
334,ch4_sto3g,PT partial sum,22,,-3.105071755271638e-06,,,
334,ch4_sto3g,PT partial sum,23,,1.6839862837514374e-06,,,
334,ch4_sto3g,PT partial sum,24,,-8.597567102697212e-07,,,
334,ch4_sto3g,strict RR,3,2,16.87669110594925,0.007340659145341917,1.0,0.9999999999999993
334,ch4_sto3g,order-matched RR,4,2,-1.9857980220194804,0.007340659145341917,1.0,0.9999999999999993
334,ch4_sto3g,restarted RR+$r$PT2,4,2,-0.2761947683893595,0.007340659145341917,1.0,0.9999999999999993
334,ch4_sto3g,strict RR,5,3,0.9021234603778794,0.001701323081659081,0.967622712614875,0.7475989579422647
334,ch4_sto3g,order-matched RR,6,3,-0.21166977148823207,0.001701323081659081,0.967622712614875,0.7475989579422647
334,ch4_sto3g,restarted RR+$r$PT2,6,3,0.050694360709258035,0.001701323081659081,0.967622712614875,0.7475989579422647
334,ch4_sto3g,strict RR,7,4,0.042021291335458955,0.0003574285462990974,0.6520113754883465,0.26542772631714395
334,ch4_sto3g,order-matched RR,8,4,-0.007860151640670665,0.0003574285462990974,0.6520113754883465,0.26542772631714395
334,ch4_sto3g,restarted RR+$r$PT2,8,4,0.004951985488332866,0.0003574285462990974,0.6520113754883465,0.26542772631714395
334,ch4_sto3g,strict RR,9,5,0.0027789965884039702,8.153137637401445e-05,0.3495641090809985,0.07059973093299927
334,ch4_sto3g,order-matched RR,10,5,-3.7630343285854906e-05,8.153137637401445e-05,0.3495641090809985,0.07059973093299927
334,ch4_sto3g,restarted RR+$r$PT2,10,5,0.0006265068464017531,8.153137637401445e-05,0.3495641090809985,0.07059973093299927
334,ch4_sto3g,strict RR,11,6,0.00025566748718119925,2.586628575238986e-05,0.2035241611363037,0.02141923406991185
334,ch4_sto3g,order-matched RR,12,6,8.29203372632037e-06,2.586628575238986e-05,0.2035241611363037,0.02141923406991185
334,ch4_sto3g,restarted RR+$r$PT2,12,6,3.220179678464774e-05,2.586628575238986e-05,0.2035241611363037,0.02141923406991185
334,ch4_sto3g,strict RR,13,7,1.9753088054130785e-05,7.5047476973026635e-06,0.14009689706947037,0.007384722555651446
334,ch4_sto3g,order-matched RR,14,7,-4.760636329592671e-07,7.5047476973026635e-06,0.14009689706947037,0.007384722555651446
334,ch4_sto3g,restarted RR+$r$PT2,14,7,2.8279600883251987e-06,7.5047476973026635e-06,0.14009689706947037,0.007384722555651446
334,ch4_sto3g,strict RR,15,8,1.2221335055073723e-06,1.9020370428265507e-06,0.07884673407485712,0.0013845200445772882
334,ch4_sto3g,order-matched RR,16,8,2.1316282072803006e-08,1.9020370428265507e-06,0.07884673407485712,0.0013845200445772882
334,ch4_sto3g,restarted RR+$r$PT2,16,8,1.9895196601282805e-07,1.9020370428265507e-06,0.07884673407485712,0.0013845200445772882
334,ch4_sto3g,strict RR,17,9,8.526512829121202e-08,4.2592103817214955e-07,0.03760867393562962,0.00024874393313785074
334,ch4_sto3g,order-matched RR,18,9,3.552713678800501e-08,4.2592103817214955e-07,0.03760867393562962,0.00024874393313785074
334,ch4_sto3g,restarted RR+$r$PT2,18,9,3.552713678800501e-08,4.2592103817214955e-07,0.03760867393562962,0.00024874393313785074
334,ch4_sto3g,strict RR,19,10,2.8421709430404007e-08,8.53498751131328e-08,0.015550226439952259,3.577667407030603e-05
334,ch4_sto3g,order-matched RR,20,10,2.8421709430404007e-08,8.53498751131328e-08,0.015550226439952259,3.577667407030603e-05
334,ch4_sto3g,restarted RR+$r$PT2,20,10,2.8421709430404007e-08,8.53498751131328e-08,0.015550226439952259,3.577667407030603e-05
334,ch4_sto3g,strict RR,21,11,2.8421709430404007e-08,1.9146000693764627e-08,0.0061655603379848056,5.105109759378357e-06
334,ch4_sto3g,order-matched RR,22,11,2.8421709430404007e-08,1.9146000693764627e-08,0.0061655603379848056,5.105109759378357e-06
334,ch4_sto3g,restarted RR+$r$PT2,22,11,2.8421709430404007e-08,1.9146000693764627e-08,0.0061655603379848056,5.105109759378357e-06
334,ch4_sto3g,strict RR,23,12,2.8421709430404007e-08,4.37701860819791e-09,0.00264809337746464,8.546939725545044e-07
334,ch4_sto3g,order-matched RR,24,12,2.8421709430404007e-08,4.37701860819791e-09,0.00264809337746464,8.546939725545044e-07
334,ch4_sto3g,restarted RR+$r$PT2,24,12,2.8421709430404007e-08,4.37701860819791e-09,0.00264809337746464,8.546939725545044e-07
334,lif_sto3g,rPT2,2,,0.22368263330463378,,,
334,lif_sto3g,PT partial sum,2,,0.22360849527558457,,,
334,lif_sto3g,PT partial sum,3,,1.326201072515687,,,
334,lif_sto3g,PT partial sum,4,,-0.5736636836672915,,,
334,lif_sto3g,PT partial sum,5,,0.9807676377704411,,,
334,lif_sto3g,PT partial sum,6,,-1.1380848263797816,,,
334,lif_sto3g,PT partial sum,7,,1.6706637495644827,,,
334,lif_sto3g,PT partial sum,8,,-2.3566083768855606,,,
334,lif_sto3g,PT partial sum,9,,3.473710094681337,,,
334,lif_sto3g,PT partial sum,10,,-5.121546124087217,,,
334,lif_sto3g,PT partial sum,11,,7.644752912483455,,,
334,lif_sto3g,PT partial sum,12,,-11.462650945759378,,,
334,lif_sto3g,PT partial sum,13,,17.291965662025177,,,
334,lif_sto3g,PT partial sum,14,,-26.1998405619579,,,
334,lif_sto3g,PT partial sum,15,,39.86880820150418,,,
334,lif_sto3g,PT partial sum,16,,-60.89758775829068,,,
334,lif_sto3g,PT partial sum,17,,93.34486303202993,,,
334,lif_sto3g,PT partial sum,18,,-143.53624413843136,,,
334,lif_sto3g,PT partial sum,19,,221.36153624785493,,,
334,lif_sto3g,PT partial sum,20,,-342.294727204262,,,
334,lif_sto3g,PT partial sum,21,,530.584605158424,,,
334,lif_sto3g,PT partial sum,22,,-824.2697839904167,,,
334,lif_sto3g,PT partial sum,23,,1283.0847409759372,,,
334,lif_sto3g,PT partial sum,24,,-2000.918294498888,,,
334,lif_sto3g,PT partial sum,25,,3125.463663209871,,,
334,lif_sto3g,PT partial sum,26,,-4889.2197636831725,,,
334,lif_sto3g,PT partial sum,27,,7658.42357517954,,,
334,lif_sto3g,PT partial sum,28,,-12010.30916450918,,,
334,lif_sto3g,PT partial sum,29,,18855.130204840974,,,
334,lif_sto3g,PT partial sum,30,,-29628.932591165834,,,
334,lif_sto3g,PT partial sum,31,,46598.17190250237,,,
334,lif_sto3g,PT partial sum,32,,-73341.1675083886,,,
334,lif_sto3g,strict RR,3,2,1.2500568402629142,0.0021075951947978296,1.0,0.9999999999999998
334,lif_sto3g,order-matched RR,4,2,-0.5680202264102263,0.0021075951947978296,1.0,0.9999999999999998
334,lif_sto3g,restarted RR+$r$PT2,4,2,-0.2287199123429673,0.0021075951947978296,1.0,0.9999999999999998
334,lif_sto3g,strict RR,5,3,0.25872421360872977,0.0009223472422553919,0.9400811553615886,0.6590492391355888
334,lif_sto3g,order-matched RR,6,3,-0.5183216273962898,0.0009223472422553919,0.9400811553615886,0.6590492391355888
334,lif_sto3g,restarted RR+$r$PT2,6,3,0.006103476835050969,0.0009223472422553919,0.9400811553615886,0.6590492391355888
334,lif_sto3g,strict RR,7,4,0.05489991394824756,0.00040445835954970816,0.43768336747644226,0.10632697426207577
334,lif_sto3g,order-matched RR,8,4,-0.17661392348600202,0.00040445835954970816,0.43768336747644226,0.10632697426207577
334,lif_sto3g,restarted RR+$r$PT2,8,4,0.011235101737838704,0.00040445835954970816,0.43768336747644226,0.10632697426207577
334,lif_sto3g,strict RR,9,5,0.01297601670557924,0.0001775375866184374,0.19472947287997153,0.018479422222732245
334,lif_sto3g,order-matched RR,10,5,-0.05507082789790729,0.0001775375866184374,0.19472947287997153,0.018479422222732245
334,lif_sto3g,restarted RR+$r$PT2,10,5,0.0032856490861377097,0.0001775375866184374,0.19472947287997153,0.018479422222732245
334,lif_sto3g,strict RR,11,6,0.0039057539424902643,0.00010406267466184047,0.0703785511485823,0.0019396656097169869
334,lif_sto3g,order-matched RR,12,6,-0.027674218472384382,0.00010406267466184047,0.0703785511485823,0.0019396656097169869
334,lif_sto3g,restarted RR+$r$PT2,12,6,0.0008008527174752089,0.00010406267466184047,0.0703785511485823,0.0019396656097169869
334,lif_sto3g,strict RR,13,7,0.00091594642981363,5.1994305634309443e-05,0.03184141428908151,0.0002865038000841992
334,lif_sto3g,order-matched RR,14,7,-0.008391410233343777,5.1994305634309443e-05,0.03184141428908151,0.0002865038000841992
334,lif_sto3g,restarted RR+$r$PT2,14,7,0.00024844837298587663,5.1994305634309443e-05,0.03184141428908151,0.0002865038000841992
334,lif_sto3g,strict RR,15,8,0.0002020641431954573,2.370342346994257e-05,0.010886552507621508,2.4349335454815225e-05
334,lif_sto3g,order-matched RR,16,8,-0.002248654595859989,2.370342346994257e-05,0.010886552507621508,2.4349335454815225e-05
334,lif_sto3g,restarted RR+$r$PT2,16,8,4.175149115326349e-05,2.370342346994257e-05,0.010886552507621508,2.4349335454815225e-05
334,lif_sto3g,strict RR,17,9,4.629896466212813e-05,1.1572949752838807e-05,0.0033992452855937673,1.8852346058148379e-06
334,lif_sto3g,order-matched RR,18,9,-0.0006051408263374469,1.1572949752838807e-05,0.0033992452855937673,1.8852346058148379e-06
334,lif_sto3g,restarted RR+$r$PT2,18,9,1.510613856225973e-05,1.1572949752838807e-05,0.0033992452855937673,1.8852346058148379e-06
334,lif_sto3g,strict RR,19,10,9.634959496906959e-06,5.446335769421358e-06,0.001162971190361361,1.6458709511469892e-07
334,lif_sto3g,order-matched RR,20,10,-0.00013251622021925868,5.446335769421358e-06,0.001162971190361361,1.6458709511469892e-07
334,lif_sto3g,restarted RR+$r$PT2,20,10,2.3874235921539366e-06,5.446335769421358e-06,0.001162971190361361,1.6458709511469892e-07
334,lif_sto3g,strict RR,21,11,1.8900436771218665e-06,2.665341289320941e-06,0.0003209970454853141,1.0988399566601285e-08
334,lif_sto3g,order-matched RR,22,11,-3.2159164220502134e-05,2.665341289320941e-06,0.0003209970454853141,1.0988399566601285e-08
334,lif_sto3g,restarted RR+$r$PT2,22,11,2.4158453015843406e-07,2.665341289320941e-06,0.0003209970454853141,1.0988399566601285e-08
334,lif_sto3g,strict RR,23,12,1.9895196601282805e-07,1.2182233828524967e-06,0.00010266722654924804,9.168857772582026e-10
334,lif_sto3g,order-matched RR,24,12,-8.071765478234738e-06,1.2182233828524967e-06,0.00010266722654924804,9.168857772582026e-10
334,lif_sto3g,restarted RR+$r$PT2,24,12,-1.4210854715202004e-07,1.2182233828524967e-06,0.00010266722654924804,9.168857772582026e-10
334,lif_sto3g,strict RR,25,13,-1.1368683772161603e-07,5.092409144647264e-07,3.146419171835476e-05,6.672099927778293e-11
334,lif_sto3g,order-matched RR,26,13,-1.8047785488306545e-06,5.092409144647264e-07,3.146419171835476e-05,6.672099927778293e-11
334,lif_sto3g,restarted RR+$r$PT2,26,13,-1.7053025658242404e-07,5.092409144647264e-07,3.146419171835476e-05,6.672099927778293e-11
334,lif_sto3g,strict RR,27,14,-1.5631940186722204e-07,2.1643706461367404e-07,9.193479222568287e-06,4.5850313568091116e-12
334,lif_sto3g,order-matched RR,28,14,-1.1368683772161603e-07,2.1643706461367404e-07,9.193479222568287e-06,4.5850313568091116e-12
334,lif_sto3g,restarted RR+$r$PT2,28,14,-1.7053025658242404e-07,2.1643706461367404e-07,9.193479222568287e-06,4.5850313568091116e-12
334,lif_sto3g,strict RR,29,15,-1.5631940186722204e-07,8.813636107790251e-08,2.4575076534012237e-06,2.7752457471577413e-13
334,lif_sto3g,order-matched RR,30,15,7.531752999057062e-07,8.813636107790251e-08,2.4575076534012237e-06,2.7752457471577413e-13
334,lif_sto3g,restarted RR+$r$PT2,30,15,-1.5631940186722204e-07,8.813636107790251e-08,2.4575076534012237e-06,2.7752457471577413e-13
334,lif_sto3g,strict RR,31,16,-1.8474111129762605e-07,3.6990824003509125e-08,7.381522489885394e-07,2.117659810753988e-14
334,lif_sto3g,order-matched RR,32,16,2.3163693185779266e-06,3.6990824003509125e-08,7.381522489885394e-07,2.117659810753988e-14
334,lif_sto3g,restarted RR+$r$PT2,32,16,-1.8474111129762605e-07,3.6990824003509125e-08,7.381522489885394e-07,2.117659810753988e-14
335,lih_sto3g,rPT2,2,,-0.04489090965620335,,,
335,lih_sto3g,PT partial sum,2,,-0.04489458671486091,,,
335,lih_sto3g,PT partial sum,3,,0.0541346265592324,,,
335,lih_sto3g,PT partial sum,4,,-0.0006728226864538556,,,
335,lih_sto3g,PT partial sum,5,,0.009445096260662922,,,
335,lih_sto3g,PT partial sum,6,,2.3178792218914168e-05,,,
335,lih_sto3g,PT partial sum,7,,0.0019207160306677906,,,
335,lih_sto3g,PT partial sum,8,,1.4279244453518913e-05,,,
335,lih_sto3g,PT partial sum,9,,0.0004008064991012361,,,
335,lih_sto3g,PT partial sum,10,,3.708144902248023e-06,,,
335,lih_sto3g,PT partial sum,11,,8.447997856819711e-05,,,
335,lih_sto3g,PT partial sum,12,,8.384404281969182e-07,,,
335,lih_sto3g,PT partial sum,13,,1.7910117833253025e-05,,,
335,lih_sto3g,PT partial sum,14,,1.8562928971732617e-07,,,
335,lih_sto3g,PT partial sum,15,,3.817390847871138e-06,,,
335,lih_sto3g,PT partial sum,16,,4.618527782440651e-08,,,
335,lih_sto3g,PT partial sum,17,,8.215650382226158e-07,,,
335,lih_sto3g,PT partial sum,18,,1.687538997430238e-08,,,
335,lih_sto3g,PT partial sum,19,,1.829647544582258e-07,,,
335,lih_sto3g,PT partial sum,20,,1.1546319456101628e-08,,,
335,lih_sto3g,PT partial sum,21,,4.707345624410664e-08,,,
335,lih_sto3g,PT partial sum,22,,9.769962616701378e-09,,,
335,lih_sto3g,PT partial sum,23,,1.7763568394002505e-08,,,
335,lih_sto3g,PT partial sum,24,,9.769962616701378e-09,,,
335,lih_sto3g,strict RR,3,2,0.04948076171018556,0.00018834453344535333,1.0,0.9999999999999999
335,lih_sto3g,order-matched RR,4,2,-0.00044349768302254233,0.00018834453344535333,1.0,0.9999999999999999
335,lih_sto3g,restarted RR+$r$PT2,4,2,0.009416433854880779,0.00018834453344535333,1.0,0.9999999999999999
335,lih_sto3g,strict RR,5,3,0.007322706885304342,7.255355183329337e-05,0.9375787530332973,0.6522269678935326
335,lih_sto3g,order-matched RR,6,3,0.0004980664769504983,7.255355183329337e-05,0.9375787530332973,0.6522269678935326
335,lih_sto3g,restarted RR+$r$PT2,6,3,0.0024057866809812367,7.255355183329337e-05,0.9375787530332973,0.6522269678935326
335,lih_sto3g,strict RR,7,4,0.00034350300381902343,2.72149500783518e-05,0.7066582218871784,0.33422109218135876
335,lih_sto3g,order-matched RR,8,4,9.565148673118529e-05,2.72149500783518e-05,0.7066582218871784,0.33422109218135876
335,lih_sto3g,restarted RR+$r$PT2,8,4,6.567546506630606e-05,2.72149500783518e-05,0.7066582218871784,0.33422109218135876
335,lih_sto3g,strict RR,9,5,1.0905054637078138e-05,3.48434443366853e-06,0.17720404677487245,0.015780408170111393
335,lih_sto3g,order-matched RR,10,5,3.199218667759851e-06,3.48434443366853e-06,0.17720404677487245,0.015780408170111393
335,lih_sto3g,restarted RR+$r$PT2,10,5,1.2443379659998755e-06,3.48434443366853e-06,0.17720404677487245,0.015780408170111393
335,lih_sto3g,strict RR,11,6,6.465938895416912e-07,8.496145321780082e-07,0.1480760587143793,0.007966762180885587
335,lih_sto3g,order-matched RR,12,6,2.469136006766348e-07,8.496145321780082e-07,0.1480760587143793,0.007966762180885587
335,lih_sto3g,restarted RR+$r$PT2,12,6,2.327027459614328e-07,8.496145321780082e-07,0.1480760587143793,0.007966762180885587
335,lih_sto3g,strict RR,13,7,6.306066779870889e-08,2.246913857090233e-07,0.04033914225658561,0.0006214934777353659
335,lih_sto3g,order-matched RR,14,7,3.730349362740526e-08,2.246913857090233e-07,0.04033914225658561,0.0006214934777353659
335,lih_sto3g,restarted RR+$r$PT2,14,7,2.8421709430404007e-08,2.246913857090233e-07,0.04033914225658561,0.0006214934777353659
335,lih_sto3g,strict RR,15,8,1.687538997430238e-08,6.069425737507853e-08,0.037083851938789,0.0003290006880963587
335,lih_sto3g,order-matched RR,16,8,1.509903313490213e-08,6.069425737507853e-08,0.037083851938789,0.0003290006880963587
335,lih_sto3g,restarted RR+$r$PT2,16,8,1.509903313490213e-08,6.069425737507853e-08,0.037083851938789,0.0003290006880963587
335,lih_sto3g,strict RR,17,9,1.687538997430238e-08,1.0069386746722825e-08,0.008455225911984731,1.3812244965027361e-05
335,lih_sto3g,order-matched RR,18,9,1.687538997430238e-08,1.0069386746722825e-08,0.008455225911984731,1.3812244965027361e-05
335,lih_sto3g,restarted RR+$r$PT2,18,9,1.687538997430238e-08,1.0069386746722825e-08,0.008455225911984731,1.3812244965027361e-05
335,lih_sto3g,strict RR,19,10,1.687538997430238e-08,1.357642324410926e-09,0.003707012429097867,2.1525467623428325e-06
335,lih_sto3g,order-matched RR,20,10,1.687538997430238e-08,1.357642324410926e-09,0.003707012429097867,2.1525467623428325e-06
335,lih_sto3g,restarted RR+$r$PT2,20,10,1.687538997430238e-08,1.357642324410926e-09,0.003707012429097867,2.1525467623428325e-06
335,lih_sto3g,strict RR,21,11,1.3322676295501878e-08,3.352250290013015e-10,0.000781635755560563,9.047481201134062e-08
335,lih_sto3g,order-matched RR,22,11,1.3322676295501878e-08,3.352250290013015e-10,0.000781635755560563,9.047481201134062e-08
335,lih_sto3g,restarted RR+$r$PT2,22,11,1.3322676295501878e-08,3.352250290013015e-10,0.000781635755560563,9.047481201134062e-08
335,lih_sto3g,strict RR,23,12,1.5987211554602254e-08,9.48665357129405e-11,0.0007752257893237866,4.750438661419212e-08
335,lih_sto3g,order-matched RR,24,12,1.5987211554602254e-08,9.48665357129405e-11,0.0007752257893237866,4.750438661419212e-08
335,lih_sto3g,restarted RR+$r$PT2,24,12,1.5987211554602254e-08,9.48665357129405e-11,0.0007752257893237866,4.750438661419212e-08
335,h2o_sto3g,rPT2,2,,-5.367571375813895,,,
335,h2o_sto3g,PT partial sum,2,,-5.370038905994079,,,
335,h2o_sto3g,PT partial sum,3,,3.5687867949718566,,,
335,h2o_sto3g,PT partial sum,4,,-1.0417261364636943,,,
335,h2o_sto3g,PT partial sum,5,,0.5747163811520295,,,
335,h2o_sto3g,PT partial sum,6,,-0.26582026180221874,,,
335,h2o_sto3g,PT partial sum,7,,0.1495393320283256,,,
335,h2o_sto3g,PT partial sum,8,,-0.08056615286022861,,,
335,h2o_sto3g,PT partial sum,9,,0.04581131918257597,,,
335,h2o_sto3g,PT partial sum,10,,-0.025727644015205442,,,
335,h2o_sto3g,PT partial sum,11,,0.01466686683215812,,,
335,h2o_sto3g,PT partial sum,12,,-0.008328655098921445,,,
335,h2o_sto3g,PT partial sum,13,,0.004750276616505289,,,
335,h2o_sto3g,PT partial sum,14,,-0.002705917268031044,,,
335,h2o_sto3g,PT partial sum,15,,0.0015433414546350832,,,
335,h2o_sto3g,PT partial sum,16,,-0.0008800213890935993,,,
335,h2o_sto3g,PT partial sum,17,,0.0005018421234126436,,,
335,h2o_sto3g,PT partial sum,18,,-0.00028632030080188997,,,
335,h2o_sto3g,PT partial sum,19,,0.0001631974555493798,,,
335,h2o_sto3g,PT partial sum,20,,-9.319478522229474e-05,,,
335,h2o_sto3g,PT partial sum,21,,5.303490979713388e-05,,,
335,h2o_sto3g,PT partial sum,22,,-3.0368596526386682e-05,,,
335,h2o_sto3g,PT partial sum,23,,1.7209345060109627e-05,,,
335,h2o_sto3g,PT partial sum,24,,-9.9333874459262e-06,,,
335,h2o_sto3g,strict RR,3,2,2.4835484708773947,0.0024029754920792306,1.0,1.0000000000000004
335,h2o_sto3g,order-matched RR,4,2,-0.8920645626631085,0.0024029754920792306,1.0,1.0000000000000004
335,h2o_sto3g,restarted RR+$r$PT2,4,2,-0.11068587468798796,0.0024029754920792306,1.0,1.0000000000000004
335,h2o_sto3g,strict RR,5,3,0.12811844385396398,0.0005485939763088178,0.8443798110768993,0.46425497235556235
335,h2o_sto3g,order-matched RR,6,3,-0.09981850723761454,0.0005485939763088178,0.8443798110768993,0.46425497235556235
335,h2o_sto3g,restarted RR+$r$PT2,6,3,-0.013429641398943204,0.0005485939763088178,0.8443798110768993,0.46425497235556235
335,h2o_sto3g,strict RR,7,4,0.006287422138484544,0.00011420672108582678,0.48547104674722313,0.1387387139734925
335,h2o_sto3g,order-matched RR,8,4,-0.006210171932252706,0.00011420672108582678,0.48547104674722313,0.1387387139734925
335,h2o_sto3g,restarted RR+$r$PT2,8,4,0.0010751080026238924,0.00011420672108582678,0.48547104674722313,0.1387387139734925
335,h2o_sto3g,strict RR,9,5,0.00019760193481488386,2.1464527837787875e-05,0.19461145745175484,0.017837286522208753
335,h2o_sto3g,order-matched RR,10,5,-0.0001589484099895344,2.1464527837787875e-05,0.19461145745175484,0.017837286522208753
335,h2o_sto3g,restarted RR+$r$PT2,10,5,2.559374934207881e-05,2.1464527837787875e-05,0.19461145745175484,0.017837286522208753
335,h2o_sto3g,strict RR,11,6,7.347011887759436e-06,3.7680574562220105e-06,0.057362150755065455,0.0016523118909914849
335,h2o_sto3g,order-matched RR,12,6,-5.300648808770347e-06,3.7680574562220105e-06,0.057362150755065455,0.0016523118909914849
335,h2o_sto3g,restarted RR+$r$PT2,12,6,6.536993168992922e-07,3.7680574562220105e-06,0.057362150755065455,0.0016523118909914849
335,h2o_sto3g,strict RR,13,7,2.7000623958883807e-07,8.325959837488539e-07,0.020054826169125694,0.00020051696877083257
335,h2o_sto3g,order-matched RR,14,7,-3.694822225952521e-07,8.325959837488539e-07,0.020054826169125694,0.00020051696877083257
335,h2o_sto3g,restarted RR+$r$PT2,14,7,-7.105427357601002e-08,8.325959837488539e-07,0.020054826169125694,0.00020051696877083257
335,h2o_sto3g,strict RR,15,8,-7.105427357601002e-08,2.0792422112979616e-07,0.008424294908703774,3.0799171852731516e-05
335,h2o_sto3g,order-matched RR,16,8,-9.947598300641403e-08,2.0792422112979616e-07,0.008424294908703774,3.0799171852731516e-05
335,h2o_sto3g,restarted RR+$r$PT2,16,8,-8.526512829121202e-08,2.0792422112979616e-07,0.008424294908703774,3.0799171852731516e-05
335,h2o_sto3g,strict RR,17,9,-1.4210854715202004e-07,3.289475648598754e-08,0.002453848133556582,2.3510618493487186e-06
335,h2o_sto3g,order-matched RR,18,9,-1.4210854715202004e-07,3.289475648598754e-08,0.002453848133556582,2.3510618493487186e-06
335,h2o_sto3g,restarted RR+$r$PT2,18,9,-1.4210854715202004e-07,3.289475648598754e-08,0.002453848133556582,2.3510618493487186e-06
335,h2o_sto3g,strict RR,19,10,-8.526512829121202e-08,6.351439315756143e-09,0.000740919776382047,1.805673263477006e-07
335,h2o_sto3g,order-matched RR,20,10,-8.526512829121202e-08,6.351439315756143e-09,0.000740919776382047,1.805673263477006e-07
335,h2o_sto3g,restarted RR+$r$PT2,20,10,-8.526512829121202e-08,6.351439315756143e-09,0.000740919776382047,1.805673263477006e-07
335,h2o_sto3g,strict RR,21,11,-8.526512829121202e-08,1.441108795431135e-09,0.00033658763541269637,3.048457729804809e-08
335,h2o_sto3g,order-matched RR,22,11,-8.526512829121202e-08,1.441108795431135e-09,0.00033658763541269637,3.048457729804809e-08
335,h2o_sto3g,restarted RR+$r$PT2,22,11,-8.526512829121202e-08,1.441108795431135e-09,0.00033658763541269637,3.048457729804809e-08
335,h2o_sto3g,strict RR,23,12,-1.2789769243681803e-07,3.000499743459927e-10,0.000138491552046843,3.940517300037358e-09
335,h2o_sto3g,order-matched RR,24,12,-1.2789769243681803e-07,3.000499743459927e-10,0.000138491552046843,3.940517300037358e-09
335,h2o_sto3g,restarted RR+$r$PT2,24,12,-1.2789769243681803e-07,3.000499743459927e-10,0.000138491552046843,3.940517300037358e-09
335,nh3_sto3g,rPT2,2,,-0.5450405495821542,,,
335,nh3_sto3g,PT partial sum,2,,-0.5465677972438243,,,
335,nh3_sto3g,PT partial sum,3,,2.2313458885037107,,,
335,nh3_sto3g,PT partial sum,4,,-0.4043103771778078,,,
335,nh3_sto3g,PT partial sum,5,,0.2751605521211786,,,
335,nh3_sto3g,PT partial sum,6,,-0.09845481940828904,,,
335,nh3_sto3g,PT partial sum,7,,0.054071236377239984,,,
335,nh3_sto3g,PT partial sum,8,,-0.025209395460024098,,,
335,nh3_sto3g,PT partial sum,9,,0.013748234550803318,,,
335,nh3_sto3g,PT partial sum,10,,-0.0072295023301194306,,,
335,nh3_sto3g,PT partial sum,11,,0.004041012857669557,,,
335,nh3_sto3g,PT partial sum,12,,-0.002248242481073248,,,
335,nh3_sto3g,PT partial sum,13,,0.001281833306165936,,,
335,nh3_sto3g,PT partial sum,14,,-0.00073216455120928,,,
335,nh3_sto3g,PT partial sum,15,,0.00042234660213580355,,,
335,nh3_sto3g,PT partial sum,16,,-0.00024430590883639525,,,
335,nh3_sto3g,PT partial sum,17,,0.0001417745920662128,,,
335,nh3_sto3g,PT partial sum,18,,-8.258638217739644e-05,,,
335,nh3_sto3g,PT partial sum,19,,4.801847808266757e-05,,,
335,nh3_sto3g,PT partial sum,20,,-2.8137492336099967e-05,,,
335,nh3_sto3g,PT partial sum,21,,1.63140612130519e-05,,,
335,nh3_sto3g,PT partial sum,22,,-9.656275778979762e-06,,,
335,nh3_sto3g,PT partial sum,23,,5.5280224842135794e-06,,,
335,nh3_sto3g,PT partial sum,24,,-3.353761712787673e-06,,,
335,nh3_sto3g,strict RR,3,2,2.102516575064328,0.002501424468196604,1.0000000000000002,1.0
335,nh3_sto3g,order-matched RR,4,2,-0.39811756380458974,0.002501424468196604,1.0000000000000002,1.0
335,nh3_sto3g,restarted RR+$r$PT2,4,2,-0.15218677162920358,0.002501424468196604,1.0000000000000002,1.0
335,nh3_sto3g,strict RR,5,3,0.08984129351574666,0.0005720679309088501,0.950083193295588,0.6880033240285116
335,nh3_sto3g,order-matched RR,6,3,-0.039995512679524836,0.0005720679309088501,0.950083193295588,0.6880033240285116
335,nh3_sto3g,restarted RR+$r$PT2,6,3,-0.0013602914350485662,0.0005720679309088501,0.950083193295588,0.6880033240285116
335,nh3_sto3g,strict RR,7,4,0.004779572293500678,0.00011675638292214597,0.5178793499395473,0.16302958136542484
335,nh3_sto3g,order-matched RR,8,4,-0.0037286298493199865,0.00011675638292214597,0.5178793499395473,0.16302958136542484
335,nh3_sto3g,restarted RR+$r$PT2,8,4,8.499512205162318e-05,0.00011675638292214597,0.5178793499395473,0.16302958136542484
335,nh3_sto3g,strict RR,9,5,0.00029888269637012854,2.863265393683547e-05,0.3252540931936797,0.05297505976945308
335,nh3_sto3g,order-matched RR,10,5,-0.0003029896333828219,2.863265393683547e-05,0.3252540931936797,0.05297505976945308
335,nh3_sto3g,restarted RR+$r$PT2,10,5,4.012434828837286e-05,2.863265393683547e-05,0.3252540931936797,0.05297505976945308
335,nh3_sto3g,strict RR,11,6,1.2754242106893798e-05,6.459761587857265e-06,0.1398886318608655,0.00809914736719205
335,nh3_sto3g,order-matched RR,12,6,-1.3166356893634656e-05,6.459761587857265e-06,0.1398886318608655,0.00809914736719205
335,nh3_sto3g,restarted RR+$r$PT2,12,6,1.4566126083082054e-06,6.459761587857265e-06,0.1398886318608655,0.00809914736719205
335,nh3_sto3g,strict RR,13,7,4.831690603168681e-07,1.2638559487769968e-06,0.05095963877718012,0.001050626080241707
335,nh3_sto3g,order-matched RR,14,7,-7.034373084024992e-07,1.2638559487769968e-06,0.05095963877718012,0.001050626080241707
335,nh3_sto3g,restarted RR+$r$PT2,14,7,-2.1316282072803006e-08,1.2638559487769968e-06,0.05095963877718012,0.001050626080241707
335,nh3_sto3g,strict RR,15,8,-6.394884621840902e-08,3.110539624912726e-07,0.019646591817526152,0.00013480558085743026
335,nh3_sto3g,order-matched RR,16,8,-1.4921397450962104e-07,3.110539624912726e-07,0.019646591817526152,0.00013480558085743026
335,nh3_sto3g,restarted RR+$r$PT2,16,8,-9.947598300641403e-08,3.110539624912726e-07,0.019646591817526152,0.00013480558085743026
335,nh3_sto3g,strict RR,17,9,-9.237055564881302e-08,7.89554696333346e-08,0.00870376488522785,2.3669035490392865e-05
335,nh3_sto3g,order-matched RR,18,9,-9.947598300641403e-08,7.89554696333346e-08,0.00870376488522785,2.3669035490392865e-05
335,nh3_sto3g,restarted RR+$r$PT2,18,9,-9.237055564881302e-08,7.89554696333346e-08,0.00870376488522785,2.3669035490392865e-05
335,nh3_sto3g,strict RR,19,10,-7.105427357601002e-08,1.7659722888982232e-08,0.0035973939135516856,3.249930507790711e-06
335,nh3_sto3g,order-matched RR,20,10,-7.105427357601002e-08,1.7659722888982232e-08,0.0035973939135516856,3.249930507790711e-06
335,nh3_sto3g,restarted RR+$r$PT2,20,10,-7.105427357601002e-08,1.7659722888982232e-08,0.0035973939135516856,3.249930507790711e-06
335,nh3_sto3g,strict RR,21,11,-7.105427357601002e-08,3.9775777428855944e-09,0.0012625503520858666,3.3778563670171455e-07
335,nh3_sto3g,order-matched RR,22,11,-7.105427357601002e-08,3.9775777428855944e-09,0.0012625503520858666,3.3778563670171455e-07
335,nh3_sto3g,restarted RR+$r$PT2,22,11,-7.105427357601002e-08,3.9775777428855944e-09,0.0012625503520858666,3.3778563670171455e-07
335,nh3_sto3g,strict RR,23,12,-7.815970093361102e-08,9.556692909101628e-10,0.0005934631644698317,5.8818365811809563e-08
335,nh3_sto3g,order-matched RR,24,12,-7.815970093361102e-08,9.556692909101628e-10,0.0005934631644698317,5.8818365811809563e-08
335,nh3_sto3g,restarted RR+$r$PT2,24,12,-7.815970093361102e-08,9.556692909101628e-10,0.0005934631644698317,5.8818365811809563e-08
335,n2_sto3g,rPT2,2,,-27.764501041360745,,,
335,n2_sto3g,PT partial sum,2,,-27.795483930503906,,,
335,n2_sto3g,PT partial sum,3,,32.93788059011149,,,
335,n2_sto3g,PT partial sum,4,,-32.69421603135925,,,
335,n2_sto3g,PT partial sum,5,,39.529818508299286,,,
335,n2_sto3g,PT partial sum,6,,-47.79297802315341,,,
335,n2_sto3g,PT partial sum,7,,59.280444901332885,,,
335,n2_sto3g,PT partial sum,8,,-73.85648211766238,,,
335,n2_sto3g,PT partial sum,9,,92.60146961764804,,,
335,n2_sto3g,PT partial sum,10,,-116.42917536391906,,,
335,n2_sto3g,PT partial sum,11,,146.7526041523115,,,
335,n2_sto3g,PT partial sum,12,,-185.25772399868856,,,
335,n2_sto3g,PT partial sum,13,,234.14610419081328,,,
335,n2_sto3g,PT partial sum,14,,-296.18428555977516,,,
335,n2_sto3g,PT partial sum,15,,374.9018490424305,,,
335,n2_sto3g,PT partial sum,16,,-474.77417164998315,,,
335,n2_sto3g,PT partial sum,17,,601.4930463891233,,,
335,n2_sto3g,PT partial sum,18,,-762.2925190986507,,,
335,n2_sto3g,PT partial sum,19,,966.3765797398582,,,
335,n2_sto3g,PT partial sum,20,,-1225.4612984605728,,,
335,n2_sto3g,PT partial sum,21,,1554.473962912084,,,
335,n2_sto3g,PT partial sum,22,,-1972.450622162114,,,
335,n2_sto3g,PT partial sum,23,,2503.6942951146557,,,
335,n2_sto3g,PT partial sum,24,,-3179.2717613967625,,,
335,n2_sto3g,PT partial sum,25,,4038.9546810501997,,,
335,n2_sto3g,PT partial sum,26,,-5133.744883636382,,,
335,n2_sto3g,PT partial sum,27,,6529.1721246723,,,
335,n2_sto3g,PT partial sum,28,,-8309.618161220555,,,
335,n2_sto3g,PT partial sum,29,,10584.012014390964,,,
335,n2_sto3g,PT partial sum,30,,-13493.367659805244,,,
335,n2_sto3g,PT partial sum,31,,17220.81207657311,,,
335,n2_sto3g,PT partial sum,32,,-22005.000189523118,,,
335,n2_sto3g,strict RR,3,2,21.528619996047382,0.010415149742184358,1.0,0.9999999999999998
335,n2_sto3g,order-matched RR,4,2,-30.060958337685406,0.010415149742184358,1.0,0.9999999999999998
335,n2_sto3g,restarted RR+$r$PT2,4,2,-9.046794474443232,0.010415149742184358,1.0,0.9999999999999998
335,n2_sto3g,strict RR,5,3,1.6936238296239026,0.0021985857224605743,0.7651049949937658,0.3560944582971888
335,n2_sto3g,order-matched RR,6,3,-6.164228864236065,0.0021985857224605743,0.7651049949937658,0.3560944582971888
335,n2_sto3g,restarted RR+$r$PT2,6,3,-0.056102663847923395,0.0021985857224605743,0.7651049949937658,0.3560944582971888
335,n2_sto3g,strict RR,7,4,0.22522117149037513,0.0007774441066481817,0.2677673820772859,0.03654226874366738
335,n2_sto3g,order-matched RR,8,4,-1.1334982730204501,0.0007774441066481817,0.2677673820772859,0.03654226874366738
335,n2_sto3g,restarted RR+$r$PT2,8,4,0.0350036373220064,0.0007774441066481817,0.2677673820772859,0.03654226874366738
335,n2_sto3g,strict RR,9,5,0.03736364817541471,0.00032487344647610727,0.09337386146534671,0.0038120464967519585
335,n2_sto3g,order-matched RR,10,5,-0.2557241884915129,0.00032487344647610727,0.09337386146534671,0.0038120464967519585
335,n2_sto3g,restarted RR+$r$PT2,10,5,0.005383142820392095,0.00032487344647610727,0.09337386146534671,0.0038120464967519585
335,n2_sto3g,strict RR,11,6,0.004985096779819287,0.00010531051835916765,0.03389560643073913,0.0004049082671866947
335,n2_sto3g,order-matched RR,12,6,-0.035460601566228434,0.00010531051835916765,0.03389560643073913,0.0004049082671866947
335,n2_sto3g,restarted RR+$r$PT2,12,6,0.001456371023778047,0.00010531051835916765,0.03389560643073913,0.0004049082671866947
335,n2_sto3g,strict RR,13,7,0.0009453060556552373,4.807974440863924e-05,0.01056313245130962,3.206363401318179e-05
335,n2_sto3g,order-matched RR,14,7,-0.009736879746924387,4.807974440863924e-05,0.01056313245130962,3.206363401318179e-05
335,n2_sto3g,restarted RR+$r$PT2,14,7,1.4097167877480388e-05,4.807974440863924e-05,0.01056313245130962,3.206363401318179e-05
335,n2_sto3g,strict RR,15,8,0.0002162749979106593,2.4677358768616735e-05,0.004790820962584897,5.184111310731767e-06
335,n2_sto3g,order-matched RR,16,8,-0.004639957751351176,2.4677358768616735e-05,0.004790820962584897,5.184111310731767e-06
335,n2_sto3g,restarted RR+$r$PT2,16,8,2.644640062499093e-05,2.4677358768616735e-05,0.004790820962584897,5.184111310731767e-06
335,n2_sto3g,strict RR,17,9,2.603428583825007e-05,8.30766896974165e-06,0.002219449692467272,5.395077369110036e-07
335,n2_sto3g,order-matched RR,18,9,-0.0006784262041037437,8.30766896974165e-06,0.002219449692467272,5.395077369110036e-07
335,n2_sto3g,restarted RR+$r$PT2,18,9,5.8406612879480235e-06,8.30766896974165e-06,0.002219449692467272,5.395077369110036e-07
335,n2_sto3g,strict RR,19,10,3.680611371237319e-06,3.3205844680387793e-06,0.000625346695370858,3.4100571729710296e-08
335,n2_sto3g,order-matched RR,20,10,-0.00013525891517929267,3.3205844680387793e-06,0.000625346695370858,3.4100571729710296e-08
335,n2_sto3g,restarted RR+$r$PT2,20,10,-4.263256414560601e-08,3.3205844680387793e-06,0.000625346695370858,3.4100571729710296e-08
335,n2_sto3g,strict RR,21,11,2.4158453015843406e-07,1.3260173092515346e-06,0.0002476723802590374,4.490809111398962e-09
335,n2_sto3g,order-matched RR,22,11,-2.8052227207808755e-05,1.3260173092515346e-06,0.0002476723802590374,4.490809111398962e-09
335,n2_sto3g,restarted RR+$r$PT2,22,11,-2.842170943040401e-07,1.3260173092515346e-06,0.0002476723802590374,4.490809111398962e-09
335,n2_sto3g,strict RR,23,12,-3.268496584496461e-07,5.077073974121729e-07,7.972357017735006e-05,3.274975891004071e-10
335,n2_sto3g,order-matched RR,24,12,-5.7838178690872155e-06,5.077073974121729e-07,7.972357017735006e-05,3.274975891004071e-10
335,n2_sto3g,restarted RR+$r$PT2,24,12,-4.121147867408581e-07,5.077073974121729e-07,7.972357017735006e-05,3.274975891004071e-10
335,n2_sto3g,strict RR,25,13,-3.979039320256561e-07,2.438814029931362e-07,2.8794044853155755e-05,3.5824974535867305e-11
335,n2_sto3g,order-matched RR,26,13,-1.3926637620897964e-06,2.438814029931362e-07,2.8794044853155755e-05,3.5824974535867305e-11
335,n2_sto3g,restarted RR+$r$PT2,26,13,-4.121147867408581e-07,2.438814029931362e-07,2.8794044853155755e-05,3.5824974535867305e-11
335,n2_sto3g,strict RR,27,14,-3.979039320256561e-07,8.006316146273227e-08,8.564135282105152e-06,2.5607671537294918e-12
335,n2_sto3g,order-matched RR,28,14,-4.547473508864641e-07,8.006316146273227e-08,8.564135282105152e-06,2.5607671537294918e-12
335,n2_sto3g,restarted RR+$r$PT2,28,14,-3.979039320256561e-07,8.006316146273227e-08,8.564135282105152e-06,2.5607671537294918e-12
335,n2_sto3g,strict RR,29,15,-4.263256414560601e-07,2.3515812154925843e-08,2.368579684759677e-06,1.493109450391014e-13
335,n2_sto3g,order-matched RR,30,15,-3.552713678800501e-07,2.3515812154925843e-08,2.368579684759677e-06,1.493109450391014e-13
335,n2_sto3g,restarted RR+$r$PT2,30,15,-4.263256414560601e-07,2.3515812154925843e-08,2.368579684759677e-06,1.493109450391014e-13
335,n2_sto3g,strict RR,31,16,-4.121147867408581e-07,8.178069830970224e-09,6.455898503599764e-07,8.200627591358892e-15
335,n2_sto3g,order-matched RR,32,16,-3.268496584496461e-07,8.178069830970224e-09,6.455898503599764e-07,8.200627591358892e-15
335,n2_sto3g,restarted RR+$r$PT2,32,16,-4.121147867408581e-07,8.178069830970224e-09,6.455898503599764e-07,8.200627591358892e-15
335,ch4_sto3g,rPT2,2,,-4.982004639941806,,,
335,ch4_sto3g,PT partial sum,2,,-5.07821170714351,,,
335,ch4_sto3g,PT partial sum,3,,17.759341140788365,,,
335,ch4_sto3g,PT partial sum,4,,-2.016098726187465,,,
335,ch4_sto3g,PT partial sum,5,,1.893056648327729,,,
335,ch4_sto3g,PT partial sum,6,,-0.4620988462988862,,,
335,ch4_sto3g,PT partial sum,7,,0.2939960310754941,,,
335,ch4_sto3g,PT partial sum,8,,-0.09672964296214559,,,
335,ch4_sto3g,PT partial sum,9,,0.053490182949644804,,,
335,ch4_sto3g,PT partial sum,10,,-0.01993821285850572,,,
335,ch4_sto3g,PT partial sum,11,,0.010484981771696766,,,
335,ch4_sto3g,PT partial sum,12,,-0.004163581479588174,,,
335,ch4_sto3g,PT partial sum,13,,0.0021568453689724265,,,
335,ch4_sto3g,PT partial sum,14,,-0.0008949925245360646,,,
335,ch4_sto3g,PT partial sum,15,,0.0004638920358956966,,,
335,ch4_sto3g,PT partial sum,16,,-0.00020049384374942747,,,
335,ch4_sto3g,PT partial sum,17,,0.00010479084266989958,,,
335,ch4_sto3g,PT partial sum,18,,-4.7265302782761864e-05,,,
335,ch4_sto3g,PT partial sum,19,,2.4996893444040325e-05,,,
335,ch4_sto3g,PT partial sum,20,,-1.1787903986260062e-05,,,
335,ch4_sto3g,PT partial sum,21,,6.30961949354969e-06,,,
335,ch4_sto3g,PT partial sum,22,,-3.112177182629239e-06,,,
335,ch4_sto3g,PT partial sum,23,,1.6768808563938364e-06,,,
335,ch4_sto3g,PT partial sum,24,,-8.668621376273222e-07,,,
335,ch4_sto3g,strict RR,3,2,16.874444689563006,0.007339890330629826,1.0,1.0
335,ch4_sto3g,order-matched RR,4,2,-1.9848994128324193,0.007339890330629826,1.0,1.0
335,ch4_sto3g,restarted RR+$r$PT2,4,2,-0.2760409287816401,0.007339890330629826,1.0,1.0
335,ch4_sto3g,strict RR,5,3,0.9020634905709812,0.0017012940386971604,0.967633667295912,0.7476409583243272
335,ch4_sto3g,order-matched RR,6,3,-0.21161695684668302,0.0017012940386971604,0.967633667295912,0.7476409583243272
335,ch4_sto3g,restarted RR+$r$PT2,6,3,0.05069639286148231,0.0017012940386971604,0.967633667295912,0.7476409583243272
335,ch4_sto3g,strict RR,7,4,0.042018001522592385,0.0003573998992346202,0.652033077096149,0.26544361185357235
335,ch4_sto3g,order-matched RR,8,4,-0.007857714479087008,0.0003573998992346202,0.652033077096149,0.26544361185357235
335,ch4_sto3g,restarted RR+$r$PT2,8,4,0.004951395737862185,0.0003573998992346202,0.652033077096149,0.26544361185357235
335,ch4_sto3g,strict RR,9,5,0.0027788473744294606,8.153195035990426e-05,0.3495854800205267,0.07060825650028475
335,ch4_sto3g,order-matched RR,10,5,-3.7630343285854906e-05,8.153195035990426e-05,0.3495854800205267,0.07060825650028475
335,ch4_sto3g,restarted RR+$r$PT2,10,5,0.0006264002649913891,8.153195035990426e-05,0.3495854800205267,0.07060825650028475
335,ch4_sto3g,strict RR,11,6,0.00025559643290762324,2.5865916841239675e-05,0.2035434240915219,0.021423052563502718
335,ch4_sto3g,order-matched RR,12,6,8.206768598029157e-06,2.5865916841239675e-05,0.2035434240915219,0.021423052563502718
335,ch4_sto3g,restarted RR+$r$PT2,12,6,3.211653165635653e-05,2.5865916841239675e-05,0.2035434240915219,0.021423052563502718
335,ch4_sto3g,strict RR,13,7,1.9696244635269977e-05,7.504683360614016e-06,0.140115845745172,0.007386466072022546
335,ch4_sto3g,order-matched RR,14,7,-5.329070518200751e-07,7.504683360614016e-06,0.140115845745172,0.007386466072022546
335,ch4_sto3g,restarted RR+$r$PT2,14,7,2.7711166694643907e-06,7.504683360614016e-06,0.140115845745172,0.007386466072022546
335,ch4_sto3g,strict RR,15,8,1.1368683772161603e-06,1.9019898349554239e-06,0.07884973832295891,0.001384609730417392
335,ch4_sto3g,order-matched RR,16,8,-6.394884621840902e-08,1.9019898349554239e-06,0.07884973832295891,0.001384609730417392
335,ch4_sto3g,restarted RR+$r$PT2,16,8,1.1368683772161603e-07,1.9019898349554239e-06,0.07884973832295891,0.001384609730417392
335,ch4_sto3g,strict RR,17,9,2.1316282072803006e-08,4.258954758930395e-07,0.03760892219936913,0.0002487631317778927
335,ch4_sto3g,order-matched RR,18,9,-2.8421709430404007e-08,4.258954758930395e-07,0.03760892219936913,0.0002487631317778927
335,ch4_sto3g,restarted RR+$r$PT2,18,9,-2.8421709430404007e-08,4.258954758930395e-07,0.03760892219936913,0.0002487631317778927
335,ch4_sto3g,strict RR,19,10,-4.263256414560601e-08,8.535214065323616e-08,0.01555010846222047,3.5779128851798525e-05
335,ch4_sto3g,order-matched RR,20,10,-4.973799150320701e-08,8.535214065323616e-08,0.01555010846222047,3.5779128851798525e-05
335,ch4_sto3g,restarted RR+$r$PT2,20,10,-4.263256414560601e-08,8.535214065323616e-08,0.01555010846222047,3.5779128851798525e-05
335,ch4_sto3g,strict RR,21,11,-4.263256414560601e-08,1.9145457142016274e-08,0.006165276320197113,5.105199677645957e-06
335,ch4_sto3g,order-matched RR,22,11,-4.263256414560601e-08,1.9145457142016274e-08,0.006165276320197113,5.105199677645957e-06
335,ch4_sto3g,restarted RR+$r$PT2,22,11,-4.263256414560601e-08,1.9145457142016274e-08,0.006165276320197113,5.105199677645957e-06
335,ch4_sto3g,strict RR,23,12,-5.6843418860808015e-08,4.377061455928813e-09,0.002647810466353914,8.546117406053525e-07
335,ch4_sto3g,order-matched RR,24,12,-5.6843418860808015e-08,4.377061455928813e-09,0.002647810466353914,8.546117406053525e-07
335,ch4_sto3g,restarted RR+$r$PT2,24,12,-5.6843418860808015e-08,4.377061455928813e-09,0.002647810466353914,8.546117406053525e-07
335,lif_sto3g,rPT2,2,,0.22402164745471964,,,
335,lif_sto3g,PT partial sum,2,,0.22394763732336287,,,
335,lif_sto3g,PT partial sum,3,,1.3260513895829718,,,
335,lif_sto3g,PT partial sum,4,,-0.5734935939472052,,,
335,lif_sto3g,PT partial sum,5,,0.9807828007524222,,,
335,lif_sto3g,PT partial sum,6,,-1.1381783480146623,,,
335,lif_sto3g,PT partial sum,7,,1.6708889916117187,,,
335,lif_sto3g,PT partial sum,8,,-2.3569733968997753,,,
335,lif_sto3g,PT partial sum,9,,3.474266165426343,,,
335,lif_sto3g,PT partial sum,10,,-5.12235085636803,,,
335,lif_sto3g,PT partial sum,11,,7.6458922393385365,,,
335,lif_sto3g,PT partial sum,12,,-11.464236507663372,,,
335,lif_sto3g,PT partial sum,13,,17.294145749247036,,,
335,lif_sto3g,PT partial sum,14,,-26.202805898378756,,,
335,lif_sto3g,PT partial sum,15,,39.872800343232484,,,
335,lif_sto3g,PT partial sum,16,,-60.902903541659725,,,
335,lif_sto3g,PT partial sum,17,,93.35185306724725,,,
335,lif_sto3g,PT partial sum,18,,-143.5452964955175,,,
335,lif_sto3g,PT partial sum,19,,221.37303236036132,,,
335,lif_sto3g,PT partial sum,20,,-342.3089457612605,,,
335,lif_sto3g,PT partial sum,21,,530.6015339954229,,,
335,lif_sto3g,PT partial sum,22,,-824.2887716534142,,,
335,lif_sto3g,PT partial sum,23,,1283.1038751102142,,,
335,lif_sto3g,PT partial sum,24,,-2000.9333199055845,,,
335,lif_sto3g,PT partial sum,25,,3125.4661329569444,,,
335,lif_sto3g,PT partial sum,26,,-4889.193922579693,,,
335,lif_sto3g,PT partial sum,27,,7658.341162596116,,,
335,lif_sto3g,PT partial sum,28,,-12010.120819468284,,,
335,lif_sto3g,PT partial sum,29,,18854.751349024922,,,
335,lif_sto3g,PT partial sum,30,,-29628.220369502855,,,
335,lif_sto3g,PT partial sum,31,,46596.88768946069,,,
335,lif_sto3g,PT partial sum,32,,-73338.91617624034,,,
335,lif_sto3g,strict RR,3,2,1.2499810821964275,0.0021075037639554776,1.0,0.9999999999999997
335,lif_sto3g,order-matched RR,4,2,-0.5678588763657899,0.0021075037639554776,1.0,0.9999999999999997
335,lif_sto3g,restarted RR+$r$PT2,4,2,-0.2287399212264063,0.0021075037639554776,1.0,0.9999999999999997
335,lif_sto3g,strict RR,5,3,0.2587872529602464,0.0009226663158674558,0.9401172100598841,0.6591486667926609
335,lif_sto3g,order-matched RR,6,3,-0.5184154616699743,0.0009226663158674558,0.9401172100598841,0.6591486667926609
335,lif_sto3g,restarted RR+$r$PT2,6,3,0.006146208875179582,0.0009226663158674558,0.9401172100598841,0.6591486667926609
335,lif_sto3g,strict RR,7,4,0.054898649182177905,0.00040457414190639505,0.4376668758057192,0.10631819312054103
335,lif_sto3g,order-matched RR,8,4,-0.176562480191933,0.00040457414190639505,0.4376668758057192,0.10631819312054103
335,lif_sto3g,restarted RR+$r$PT2,8,4,0.011229346341679047,0.00040457414190639505,0.4376668758057192,0.10631819312054103
335,lif_sto3g,strict RR,9,5,0.012975263530279335,0.00017753485585879974,0.19468119180334179,0.018473683452338737
335,lif_sto3g,order-matched RR,10,5,-0.05505916078618611,0.00017753485585879974,0.19468119180334179,0.018473683452338737
335,lif_sto3g,restarted RR+$r$PT2,10,5,0.0032862601528904634,0.00017753485585879974,0.19468119180334179,0.018473683452338737
335,lif_sto3g,strict RR,11,6,0.0039060523704392835,0.00010409861807186983,0.07036951676880988,0.0019391700977992104
335,lif_sto3g,order-matched RR,12,6,-0.0276762932571728,0.00010409861807186983,0.07036951676880988,0.0019391700977992104
335,lif_sto3g,restarted RR+$r$PT2,12,6,0.0008009664043129305,0.00010409861807186983,0.07036951676880988,0.0019391700977992104
335,lif_sto3g,strict RR,13,7,0.0009158611646853387,5.1987184264673495e-05,0.03183998559564806,0.0002864789713438865
335,lif_sto3g,order-matched RR,14,7,-0.008389250183427066,5.1987184264673495e-05,0.03183998559564806,0.0002864789713438865
335,lif_sto3g,restarted RR+$r$PT2,14,7,0.00024846258384059183,5.1987184264673495e-05,0.03183998559564806,0.0002864789713438865
335,lif_sto3g,strict RR,15,8,0.00020200729977659648,2.3708672894269385e-05,0.01088630007103389,2.4347295824330275e-05
335,lif_sto3g,order-matched RR,16,8,-0.0022477166794487857,2.3708672894269385e-05,0.01088630007103389,2.4347295824330275e-05
335,lif_sto3g,restarted RR+$r$PT2,16,8,4.172306944383308e-05,2.3708672894269385e-05,0.01088630007103389,2.4347295824330275e-05
335,lif_sto3g,strict RR,17,9,4.632738637155853e-05,1.1573982449288046e-05,0.0033981226587495696,1.884143787040954e-06
335,lif_sto3g,order-matched RR,18,9,-0.0006049987177902949,1.1573982449288046e-05,0.0033981226587495696,1.884143787040954e-06
335,lif_sto3g,restarted RR+$r$PT2,18,9,1.5134560271690134e-05,1.1573982449288046e-05,0.0033981226587495696,1.884143787040954e-06
335,lif_sto3g,strict RR,19,10,9.620748642191757e-06,5.447105589637413e-06,0.001162691819449262,1.6451632503103518e-07
335,lif_sto3g,order-matched RR,20,10,-0.00013247358765511308,5.447105589637413e-06,0.001162691819449262,1.6451632503103518e-07
335,lif_sto3g,restarted RR+$r$PT2,20,10,2.3732127374387346e-06,5.447105589637413e-06,0.001162691819449262,1.6451632503103518e-07
335,lif_sto3g,strict RR,21,11,1.8758328224066645e-06,2.665737625857027e-06,0.0003208651348666538,1.0981250349293062e-08
335,lif_sto3g,order-matched RR,22,11,-3.2173375075217336e-05,2.665737625857027e-06,0.0003208651348666538,1.0981250349293062e-08
335,lif_sto3g,restarted RR+$r$PT2,22,11,2.2737367544323206e-07,2.665737625857027e-06,0.0003208651348666538,1.0981250349293062e-08
335,lif_sto3g,strict RR,23,12,2.1316282072803006e-07,1.2180480929582092e-06,0.00010260623386580171,9.160091485481147e-10
335,lif_sto3g,order-matched RR,24,12,-8.142819751810748e-06,1.2180480929582092e-06,0.00010260623386580171,9.160091485481147e-10
335,lif_sto3g,restarted RR+$r$PT2,24,12,-1.2789769243681803e-07,1.2180480929582092e-06,0.00010260623386580171,9.160091485481147e-10
335,lif_sto3g,strict RR,25,13,-1.2789769243681803e-07,5.093414436936022e-07,3.1454693291203256e-05,6.669045391111414e-11
335,lif_sto3g,order-matched RR,26,13,-2.0747847884194925e-06,5.093414436936022e-07,3.1454693291203256e-05,6.669045391111414e-11
335,lif_sto3g,restarted RR+$r$PT2,26,13,-1.8474111129762605e-07,5.093414436936022e-07,3.1454693291203256e-05,6.669045391111414e-11
335,lif_sto3g,strict RR,27,14,-1.5631940186722204e-07,2.164103172367766e-07,9.19123631513608e-06,4.585117332340832e-12
335,lif_sto3g,order-matched RR,28,14,-7.531752999057062e-07,2.164103172367766e-07,9.19123631513608e-06,4.585117332340832e-12
335,lif_sto3g,restarted RR+$r$PT2,28,14,-1.7053025658242404e-07,2.164103172367766e-07,9.19123631513608e-06,4.585117332340832e-12
335,lif_sto3g,strict RR,29,15,-1.8474111129762605e-07,8.815641478144006e-08,2.456933252172648e-06,2.7826080262727853e-13
335,lif_sto3g,order-matched RR,30,15,-8.810729923425242e-07,8.815641478144006e-08,2.456933252172648e-06,2.7826080262727853e-13
335,lif_sto3g,restarted RR+$r$PT2,30,15,-1.8474111129762605e-07,8.815641478144006e-08,2.456933252172648e-06,2.7826080262727853e-13
335,lif_sto3g,strict RR,31,16,-2.1316282072803006e-07,3.700301665915748e-08,7.383013909335011e-07,2.0569172856070673e-14
335,lif_sto3g,order-matched RR,32,16,-1.8047785488306545e-06,3.700301665915748e-08,7.383013909335011e-07,2.0569172856070673e-14
335,lif_sto3g,restarted RR+$r$PT2,32,16,-2.1316282072803006e-07,3.700301665915748e-08,7.383013909335011e-07,2.0569172856070673e-14
